{"type": "FeatureCollection", "features": [{"type": "Feature", "id": 1, "geometry": {"type": "Point", "coordinates": [-70.9685537730479, 42.4988933805762]}, "properties": {"Line": 40, "Company": "Boston Gas", "Division": "Beverly", "Town": "Lynn", "Town_Code": "LNN", "State": "MA", "Description__street_segment_": "9-87 DEN QUARRY RD, LNN, & 7-21 CANNON VIEW CIR", "Diameter": 4, "Material": "Cast Iron", "Operating_Pressure": "LP to 60", "NPA_Opportunity": "Yes - Potential NPA", "LPP_Footage": 1210, "LPP_Mileage_": 0.23, "lat": 42.4988933805762, "lon": -70.9685537730479, "Mapped_address": "14 Cannon View Cir, Lynn, MA 01904, USA", "FID": 1}}, {"type": "Feature", "id": 2, "geometry": {"type": "Point", "coordinates": [-70.9685172, 42.4978736]}, "properties": {"Line": 40, "Company": "Boston Gas", "Division": "Beverly", "Town": "Lynn", "Town_Code": "LNN", "State": "MA", "Description__street_segment_": "9-87 DEN QUARRY RD, LNN, & 7-21 CANNON VIEW CIR", "Diameter": 4, "Material": "Cast Iron", "Operating_Pressure": "LP to 60", "NPA_Opportunity": "Yes - Potential NPA", "LPP_Footage": 1210, "LPP_Mileage_": 0.23, "lat": 42.4978736, "lon": -70.9685172, "Mapped_address": "48 Den Quarry Rd, Lynn, MA 01904, USA", "FID": 2}}, {"type": "Feature", "id": 3, "geometry": {"type": "Point", "coordinates": [-71.0292306130072, 42.5244787364944]}, "properties": {"Line": 41, "Company": "Boston Gas", "Division": "Beverly", "Town": "Lynnfield", "Town_Code": "LNF", "State": "MA", "Description__street_segment_": "14-23 THOMAS RD, LNF, & 16-21 WILLIAMS RD", "Diameter": 2, "Material": "Steel-WI", "Operating_Pressure": "60", "NPA_Opportunity": "Yes - Potential NPA, partial scope", "LPP_Footage": 595, "LPP_Mileage_": 0.11, "lat": 42.5244787364944, "lon": -71.0292306130072, "Mapped_address": "18 Thomas Rd, Lynnfield, MA 01940, USA", "FID": 3}}, {"type": "Feature", "id": 4, "geometry": {"type": "Point", "coordinates": [-71.0286545731826, 42.525535356704]}, "properties": {"Line": 41, "Company": "Boston Gas", "Division": "Beverly", "Town": "Lynnfield", "Town_Code": "LNF", "State": "MA", "Description__street_segment_": "14-23 THOMAS RD, LNF, & 16-21 WILLIAMS RD", "Diameter": 2, "Material": "Steel-WI", "Operating_Pressure": "60", "NPA_Opportunity": "Yes - Potential NPA, partial scope", "LPP_Footage": 595, "LPP_Mileage_": 0.11, "lat": 42.525535356704, "lon": -71.0286545731826, "Mapped_address": "18 Williams Rd, Lynnfield, MA 01940, USA", "FID": 4}}, {"type": "Feature", "id": 5, "geometry": {"type": "Point", "coordinates": [-70.8741675, 42.4830155]}, "properties": {"Line": 42, "Company": "Boston Gas", "Division": "Beverly", "Town": "Marblehead", "Town_Code": "MAR", "State": "MA", "Description__street_segment_": "1-11 ROLLESTON RD, MAR", "Diameter": 4, "Material": "Cast Iron", "Operating_Pressure": "LP", "NPA_Opportunity": "Yes - Potential NPA, entire scope", "LPP_Footage": 490, "LPP_Mileage_": 0.09, "lat": 42.4830155, "lon": -70.8741675, "Mapped_address": "6 Rolleston Rd, Marblehead, MA 01945, USA", "FID": 5}}, {"type": "Feature", "id": 6, "geometry": {"type": "Point", "coordinates": [-70.8484420955687, 42.5111374431412]}, "properties": {"Line": 43, "Company": "Boston Gas", "Division": "Beverly", "Town": "Marblehead", "Town_Code": "MAR", "State": "MA", "Description__street_segment_": "1-56 NORMAN ST, MAR, & POND ST, CALTHROPE RD", "Diameter": 6, "Material": "Cast Iron", "Operating_Pressure": "LP to 60", "NPA_Opportunity": "Yes - Potential NPA", "LPP_Footage": 5130, "LPP_Mileage_": 0.97, "lat": 42.5111374431412, "lon": -70.8484420955687, "Mapped_address": "28 Norman St, Marblehead, MA 01945, USA", "FID": 6}}, {"type": "Feature", "id": 7, "geometry": {"type": "Point", "coordinates": [-70.8498319, 42.5109016]}, "properties": {"Line": 43, "Company": "Boston Gas", "Division": "Beverly", "Town": "Marblehead", "Town_Code": "MAR", "State": "MA", "Description__street_segment_": "1-56 NORMAN ST, MAR, & POND ST, CALTHROPE RD", "Diameter": 6, "Material": "Cast Iron", "Operating_Pressure": "LP to 60", "NPA_Opportunity": "Yes - Potential NPA", "LPP_Footage": 5130, "LPP_Mileage_": 0.97, "lat": 42.5109016, "lon": -70.8498319, "Mapped_address": "Calthrope Rd, Marblehead, MA 01945, USA", "FID": 7}}, {"type": "Feature", "id": 8, "geometry": {"type": "Point", "coordinates": [-70.8495041, 42.5090087]}, "properties": {"Line": 43, "Company": "Boston Gas", "Division": "Beverly", "Town": "Marblehead", "Town_Code": "MAR", "State": "MA", "Description__street_segment_": "1-56 NORMAN ST, MAR, & POND ST, CALTHROPE RD", "Diameter": 6, "Material": "Cast Iron", "Operating_Pressure": "LP to 60", "NPA_Opportunity": "Yes - Potential NPA", "LPP_Footage": 5130, "LPP_Mileage_": 0.97, "lat": 42.5090087, "lon": -70.8495041, "Mapped_address": "Pond St, Marblehead, MA 01945, USA", "FID": 8}}, {"type": "Feature", "id": 9, "geometry": {"type": "Point", "coordinates": [-70.850939173799, 42.508274174964]}, "properties": {"Line": 44, "Company": "Boston Gas", "Division": "Beverly", "Town": "Marblehead", "Town_Code": "MAR", "State": "MA", "Description__street_segment_": "1-57 POND ST, MAR, & COWELL ST, RUSSELL ST", "Diameter": 6, "Material": "Cast Iron", "Operating_Pressure": "LP to 60", "NPA_Opportunity": "Yes - Potential NPA", "LPP_Footage": 5280, "LPP_Mileage_": 1, "lat": 42.508274174964, "lon": -70.850939173799, "Mapped_address": "29 Pond St, Marblehead, MA 01945, USA", "FID": 9}}, {"type": "Feature", "id": 10, "geometry": {"type": "Point", "coordinates": [-70.8495084494435, 42.5081268739726]}, "properties": {"Line": 44, "Company": "Boston Gas", "Division": "Beverly", "Town": "Marblehead", "Town_Code": "MAR", "State": "MA", "Description__street_segment_": "1-57 POND ST, MAR, & COWELL ST, RUSSELL ST", "Diameter": 6, "Material": "Cast Iron", "Operating_Pressure": "LP to 60", "NPA_Opportunity": "Yes - Potential NPA", "LPP_Footage": 5280, "LPP_Mileage_": 1, "lat": 42.5081268739726, "lon": -70.8495084494435, "Mapped_address": "Cowell St, Marblehead, MA 01945, USA", "FID": 10}}, {"type": "Feature", "id": 11, "geometry": {"type": "Point", "coordinates": [-70.8493473018024, 42.5084434873278]}, "properties": {"Line": 44, "Company": "Boston Gas", "Division": "Beverly", "Town": "Marblehead", "Town_Code": "MAR", "State": "MA", "Description__street_segment_": "1-57 POND ST, MAR, & COWELL ST, RUSSELL ST", "Diameter": 6, "Material": "Cast Iron", "Operating_Pressure": "LP to 60", "NPA_Opportunity": "Yes - Potential NPA", "LPP_Footage": 5280, "LPP_Mileage_": 1, "lat": 42.5084434873278, "lon": -70.8493473018024, "Mapped_address": "Russell St, Marblehead, MA 01945, USA", "FID": 11}}, {"type": "Feature", "id": 12, "geometry": {"type": "Point", "coordinates": [-70.8531213159971, 42.5002740039227]}, "properties": {"Line": 45, "Company": "Boston Gas", "Division": "Beverly", "Town": "Marblehead", "Town_Code": "MAR", "State": "MA", "Description__street_segment_": "2-28 WALDRON CT, MAR, & 1-33 WALDRON ST", "Diameter": 4, "Material": "Steel-WI", "Operating_Pressure": "LP", "NPA_Opportunity": "Yes - Potential NPA, partial scope", "LPP_Footage": 1265, "LPP_Mileage_": 0.24, "lat": 42.5002740039227, "lon": -70.8531213159971, "Mapped_address": "15 Waldron Ct, Marblehead, MA 01945, USA", "FID": 12}}, {"type": "Feature", "id": 13, "geometry": {"type": "Point", "coordinates": [-70.8526219864661, 42.500770554645]}, "properties": {"Line": 45, "Company": "Boston Gas", "Division": "Beverly", "Town": "Marblehead", "Town_Code": "MAR", "State": "MA", "Description__street_segment_": "2-28 WALDRON CT, MAR, & 1-33 WALDRON ST", "Diameter": 4, "Material": "Steel-WI", "Operating_Pressure": "LP", "NPA_Opportunity": "Yes - Potential NPA, partial scope", "LPP_Footage": 1265, "LPP_Mileage_": 0.24, "lat": 42.500770554645, "lon": -70.8526219864661, "Mapped_address": "17 Waldron St, Marblehead, MA 01945, USA", "FID": 13}}, {"type": "Feature", "id": 14, "geometry": {"type": "Point", "coordinates": [-70.8811832, 42.4917242]}, "properties": {"Line": 46, "Company": "Boston Gas", "Division": "Beverly", "Town": "Marblehead", "Town_Code": "MAR", "State": "MA", "Description__street_segment_": "24-44 MAPLE ST, MAR, & MAPLE CIRCLE", "Diameter": 6, "Material": "Steel-WI", "Operating_Pressure": "60 & LP to 60", "NPA_Opportunity": "No - Impact to System Integration", "LPP_Footage": 1045, "LPP_Mileage_": 0.2, "lat": 42.4917242, "lon": -70.8811832, "Mapped_address": "34 Maple St, Marblehead, MA 01945, USA", "FID": 14}}, {"type": "Feature", "id": 15, "geometry": {"type": "Point", "coordinates": [-70.8819672, 42.4914978]}, "properties": {"Line": 46, "Company": "Boston Gas", "Division": "Beverly", "Town": "Marblehead", "Town_Code": "MAR", "State": "MA", "Description__street_segment_": "24-44 MAPLE ST, MAR, & MAPLE CIRCLE", "Diameter": 6, "Material": "Steel-WI", "Operating_Pressure": "60 & LP to 60", "NPA_Opportunity": "No - Impact to System Integration", "LPP_Footage": 1045, "LPP_Mileage_": 0.2, "lat": 42.4914978, "lon": -70.8819672, "Mapped_address": "Maple Cir, Marblehead, MA 01945, USA", "FID": 15}}, {"type": "Feature", "id": 16, "geometry": {"type": "Point", "coordinates": [-70.8568261807217, 42.4980904507153]}, "properties": {"Line": 47, "Company": "Boston Gas", "Division": "Beverly", "Town": "Marblehead", "Town_Code": "MAR", "State": "MA", "Description__street_segment_": "31-80 ATLANTIC AV, MAR, & BARNARD ST", "Diameter": 8, "Material": "Cast Iron", "Operating_Pressure": "LP", "NPA_Opportunity": "No - Impact to System Integration", "LPP_Footage": 1465, "LPP_Mileage_": 0.28, "lat": 42.4980904507153, "lon": -70.8568261807217, "Mapped_address": "55 Atlantic Ave, Marblehead, MA 01945, USA", "FID": 16}}, {"type": "Feature", "id": 17, "geometry": {"type": "Point", "coordinates": [-70.855214349197, 42.4988209931525]}, "properties": {"Line": 47, "Company": "Boston Gas", "Division": "Beverly", "Town": "Marblehead", "Town_Code": "MAR", "State": "MA", "Description__street_segment_": "31-80 ATLANTIC AV, MAR, & BARNARD ST", "Diameter": 8, "Material": "Cast Iron", "Operating_Pressure": "LP", "NPA_Opportunity": "No - Impact to System Integration", "LPP_Footage": 1465, "LPP_Mileage_": 0.28, "lat": 42.4988209931525, "lon": -70.855214349197, "Mapped_address": "Barnard St, Marblehead, MA 01945, USA", "FID": 17}}, {"type": "Feature", "id": 18, "geometry": {"type": "Point", "coordinates": [-70.8601513325925, 42.4972317776292]}, "properties": {"Line": 48, "Company": "Boston Gas", "Division": "Beverly", "Town": "Marblehead", "Town_Code": "MAR", "State": "MA", "Description__street_segment_": "4-12 GERRY ST, MAR", "Diameter": 6, "Material": "Cast Iron", "Operating_Pressure": "LP", "NPA_Opportunity": "Yes - Potential NPA, entire scope", "LPP_Footage": 615, "LPP_Mileage_": 0.12, "lat": 42.4972317776292, "lon": -70.8601513325925, "Mapped_address": "8 Gerry St, Marblehead, MA 01945, USA", "FID": 18}}, {"type": "Feature", "id": 19, "geometry": {"type": "Point", "coordinates": [-70.852613841518, 42.4917127215326]}, "properties": {"Line": 49, "Company": "Boston Gas", "Division": "Beverly", "Town": "Marblehead", "Town_Code": "MAR", "State": "MA", "Description__street_segment_": "85-201 OCEAN AV, MAR, & 2-15 GILBERT HEIGHTS RD", "Diameter": 4, "Material": "Steel-WI", "Operating_Pressure": "60", "NPA_Opportunity": "No - Impact to System Integration", "LPP_Footage": 3410, "LPP_Mileage_": 0.65, "lat": 42.4917127215326, "lon": -70.852613841518, "Mapped_address": "143 Ocean Ave, Marblehead, MA 01945, USA", "FID": 19}}, {"type": "Feature", "id": 20, "geometry": {"type": "Point", "coordinates": [-70.8576105669341, 42.4927207415388]}, "properties": {"Line": 49, "Company": "Boston Gas", "Division": "Beverly", "Town": "Marblehead", "Town_Code": "MAR", "State": "MA", "Description__street_segment_": "85-201 OCEAN AV, MAR, & 2-15 GILBERT HEIGHTS RD", "Diameter": 4, "Material": "Steel-WI", "Operating_Pressure": "60", "NPA_Opportunity": "No - Impact to System Integration", "LPP_Footage": 3410, "LPP_Mileage_": 0.65, "lat": 42.4927207415388, "lon": -70.8576105669341, "Mapped_address": "8 Gilbert Heights Rd, Marblehead, MA 01945, USA", "FID": 20}}, {"type": "Feature", "id": 21, "geometry": {"type": "Point", "coordinates": [-70.9317564487732, 42.4197353683232]}, "properties": {"Line": 50, "Company": "Boston Gas", "Division": "Beverly", "Town": "Nahant", "Town_Code": "NAH", "State": "MA", "Description__street_segment_": "3-69 COLBY WY, NAH, BREEZY HILL TE&KENNEY AV", "Diameter": 4, "Material": "Cast Iron", "Operating_Pressure": "1.45", "NPA_Opportunity": "Yes - Potential NPA", "LPP_Footage": 825, "LPP_Mileage_": 0.16, "lat": 42.4197353683232, "lon": -70.9317564487732, "Mapped_address": "36 Colby Way, Nahant, MA 01908, USA", "FID": 21}}, {"type": "Feature", "id": 22, "geometry": {"type": "Point", "coordinates": [-70.9326419, 42.4199141]}, "properties": {"Line": 50, "Company": "Boston Gas", "Division": "Beverly", "Town": "Nahant", "Town_Code": "NAH", "State": "MA", "Description__street_segment_": "3-69 COLBY WY, NAH, BREEZY HILL TE&KENNEY AV", "Diameter": 4, "Material": "Cast Iron", "Operating_Pressure": "1.45", "NPA_Opportunity": "Yes - Potential NPA", "LPP_Footage": 825, "LPP_Mileage_": 0.16, "lat": 42.4199141, "lon": -70.9326419, "Mapped_address": "Breezy Hill Terrace, Nahant, MA 01908, USA", "FID": 22}}, {"type": "Feature", "id": 23, "geometry": {"type": "Point", "coordinates": [-70.932052, 42.4200161]}, "properties": {"Line": 50, "Company": "Boston Gas", "Division": "Beverly", "Town": "Nahant", "Town_Code": "NAH", "State": "MA", "Description__street_segment_": "3-69 COLBY WY, NAH, BREEZY HILL TE&KENNEY AV", "Diameter": 4, "Material": "Cast Iron", "Operating_Pressure": "1.45", "NPA_Opportunity": "Yes - Potential NPA", "LPP_Footage": 825, "LPP_Mileage_": 0.16, "lat": 42.4200161, "lon": -70.932052, "Mapped_address": "Kenney Ave, Nahant, MA 01908, USA", "FID": 23}}, {"type": "Feature", "id": 24, "geometry": {"type": "Point", "coordinates": [-70.9185101394838, 42.4278813408041]}, "properties": {"Line": 51, "Company": "Boston Gas", "Division": "Beverly", "Town": "Nahant", "Town_Code": "NAH", "State": "MA", "Description__street_segment_": "46-68 OCEAN ST, NAH, 31-71 MAOLIS RD &FENNO WY", "Diameter": 4, "Material": "Cast Iron", "Operating_Pressure": "1.45", "NPA_Opportunity": "Yes - Potential NPA", "LPP_Footage": 1880, "LPP_Mileage_": 0.36, "lat": 42.4278813408041, "lon": -70.9185101394838, "Mapped_address": "51 Maolis Rd, Nahant, MA 01908, USA", "FID": 24}}, {"type": "Feature", "id": 25, "geometry": {"type": "Point", "coordinates": [-70.9190147515566, 42.4278206983091]}, "properties": {"Line": 51, "Company": "Boston Gas", "Division": "Beverly", "Town": "Nahant", "Town_Code": "NAH", "State": "MA", "Description__street_segment_": "46-68 OCEAN ST, NAH, 31-71 MAOLIS RD &FENNO WY", "Diameter": 4, "Material": "Cast Iron", "Operating_Pressure": "1.45", "NPA_Opportunity": "Yes - Potential NPA", "LPP_Footage": 1880, "LPP_Mileage_": 0.36, "lat": 42.4278206983091, "lon": -70.9190147515566, "Mapped_address": "57 Ocean St, Nahant, MA 01908, USA", "FID": 25}}, {"type": "Feature", "id": 26, "geometry": {"type": "Point", "coordinates": [-70.9182771272579, 42.4270767628]}, "properties": {"Line": 51, "Company": "Boston Gas", "Division": "Beverly", "Town": "Nahant", "Town_Code": "NAH", "State": "MA", "Description__street_segment_": "46-68 OCEAN ST, NAH, 31-71 MAOLIS RD &FENNO WY", "Diameter": 4, "Material": "Cast Iron", "Operating_Pressure": "1.45", "NPA_Opportunity": "Yes - Potential NPA", "LPP_Footage": 1880, "LPP_Mileage_": 0.36, "lat": 42.4270767628, "lon": -70.9182771272579, "Mapped_address": "Fenno Way, Nahant, MA 01908, USA", "FID": 26}}, {"type": "Feature", "id": 27, "geometry": {"type": "Point", "coordinates": [-70.9361055, 42.4224384]}, "properties": {"Line": 52, "Company": "Boston Gas", "Division": "Beverly", "Town": "Nahant", "Town_Code": "NAH", "State": "MA", "Description__street_segment_": "6-46 MAPLE AV, NAH", "Diameter": 4, "Material": "Cast Iron", "Operating_Pressure": "1.45", "NPA_Opportunity": "Yes - Potential NPA", "LPP_Footage": 595, "LPP_Mileage_": 0.11, "lat": 42.4224384, "lon": -70.9361055, "Mapped_address": "26 Maple Ave, Nahant, MA 01908, USA", "FID": 27}}, {"type": "Feature", "id": 28, "geometry": {"type": "Point", "coordinates": [-71.0113588041507, 42.5596877606513]}, "properties": {"Line": 53, "Company": "Boston Gas", "Division": "Beverly", "Town": "Peabody", "Town_Code": "PEA", "State": "MA", "Description__street_segment_": "1-31 STYLES DR, PEA, & WHIPPLE RD, STONE DR", "Diameter": 4, "Material": "Steel-WI", "Operating_Pressure": "60", "NPA_Opportunity": "Yes - Potential NPA, entire scope", "LPP_Footage": 3335, "LPP_Mileage_": 0.63, "lat": 42.5596877606513, "lon": -71.0113588041507, "Mapped_address": "16 Styles Dr, Peabody, MA 01960, USA", "FID": 28}}, {"type": "Feature", "id": 29, "geometry": {"type": "Point", "coordinates": [-71.0131121877781, 42.5603854715712]}, "properties": {"Line": 53, "Company": "Boston Gas", "Division": "Beverly", "Town": "Peabody", "Town_Code": "PEA", "State": "MA", "Description__street_segment_": "1-31 STYLES DR, PEA, & WHIPPLE RD, STONE DR", "Diameter": 4, "Material": "Steel-WI", "Operating_Pressure": "60", "NPA_Opportunity": "Yes - Potential NPA, entire scope", "LPP_Footage": 3335, "LPP_Mileage_": 0.63, "lat": 42.5603854715712, "lon": -71.0131121877781, "Mapped_address": "Stone Dr, Peabody, MA 01960, USA", "FID": 29}}, {"type": "Feature", "id": 30, "geometry": {"type": "Point", "coordinates": [-71.0116888267407, 42.5594578494526]}, "properties": {"Line": 53, "Company": "Boston Gas", "Division": "Beverly", "Town": "Peabody", "Town_Code": "PEA", "State": "MA", "Description__street_segment_": "1-31 STYLES DR, PEA, & WHIPPLE RD, STONE DR", "Diameter": 4, "Material": "Steel-WI", "Operating_Pressure": "60", "NPA_Opportunity": "Yes - Potential NPA, entire scope", "LPP_Footage": 3335, "LPP_Mileage_": 0.63, "lat": 42.5594578494526, "lon": -71.0116888267407, "Mapped_address": "Whipple Rd, Peabody, MA 01960, USA", "FID": 30}}, {"type": "Feature", "id": 31, "geometry": {"type": "Point", "coordinates": [-70.9510991829033, 42.5107636131026]}, "properties": {"Line": 54, "Company": "Boston Gas", "Division": "Beverly", "Town": "Peabody", "Town_Code": "PEA", "State": "MA", "Description__street_segment_": "1-34 BAY STATE BLVD, PEA, BEACONBD,LEXINGTON,ABERD", "Diameter": 4, "Material": "Cast Iron", "Operating_Pressure": "LP to 60", "NPA_Opportunity": "Yes - Potential NPA", "LPP_Footage": 3780, "LPP_Mileage_": 0.72, "lat": 42.5107636131026, "lon": -70.9510991829033, "Mapped_address": "17 Bay State Blvd, Peabody, MA 01960, USA", "FID": 31}}, {"type": "Feature", "id": 32, "geometry": {"type": "Point", "coordinates": [-70.9291002991635, 42.53051418433]}, "properties": {"Line": 55, "Company": "Boston Gas", "Division": "Beverly", "Town": "Peabody", "Town_Code": "PEA", "State": "MA", "Description__street_segment_": "1-7 BUXTON ST, PEA, &BOWDITCH,WATER ST", "Diameter": 4, "Material": "Cast Iron", "Operating_Pressure": "LP", "NPA_Opportunity": "Yes - Potential NPA", "LPP_Footage": 1050, "LPP_Mileage_": 0.2, "lat": 42.53051418433, "lon": -70.9291002991635, "Mapped_address": "4 Buxton St, Peabody, MA 01960, USA", "FID": 32}}, {"type": "Feature", "id": 33, "geometry": {"type": "Point", "coordinates": [-70.9285449, 42.5315038]}, "properties": {"Line": 55, "Company": "Boston Gas", "Division": "Beverly", "Town": "Peabody", "Town_Code": "PEA", "State": "MA", "Description__street_segment_": "1-7 BUXTON ST, PEA, &BOWDITCH,WATER ST", "Diameter": 4, "Material": "Cast Iron", "Operating_Pressure": "LP", "NPA_Opportunity": "Yes - Potential NPA", "LPP_Footage": 1050, "LPP_Mileage_": 0.2, "lat": 42.5315038, "lon": -70.9285449, "Mapped_address": "Water St, Peabody, MA 01960, USA", "FID": 33}}, {"type": "Feature", "id": 34, "geometry": {"type": "Point", "coordinates": [-70.9421888582864, 42.5317476481426]}, "properties": {"Line": 56, "Company": "Boston Gas", "Division": "Beverly", "Town": "Peabody", "Town_Code": "PEA", "State": "MA", "Description__street_segment_": "173-245 LOWELL ST, PEA, & ORCHARD ST, COLUMBUS RD", "Diameter": 4, "Material": "Cast Iron", "Operating_Pressure": "LP to 60 & 60", "NPA_Opportunity": "Yes - Potential NPA, partial scope", "LPP_Footage": 4475, "LPP_Mileage_": 0.85, "lat": 42.5317476481426, "lon": -70.9421888582864, "Mapped_address": "209 Lowell St, Peabody, MA 01960, USA", "FID": 34}}, {"type": "Feature", "id": 35, "geometry": {"type": "Point", "coordinates": [-70.9406455, 42.5306292]}, "properties": {"Line": 56, "Company": "Boston Gas", "Division": "Beverly", "Town": "Peabody", "Town_Code": "PEA", "State": "MA", "Description__street_segment_": "173-245 LOWELL ST, PEA, & ORCHARD ST, COLUMBUS RD", "Diameter": 4, "Material": "Cast Iron", "Operating_Pressure": "LP to 60 & 60", "NPA_Opportunity": "Yes - Potential NPA, partial scope", "LPP_Footage": 4475, "LPP_Mileage_": 0.85, "lat": 42.5306292, "lon": -70.9406455, "Mapped_address": "Columbus Rd, Peabody, MA 01960, USA", "FID": 35}}, {"type": "Feature", "id": 36, "geometry": {"type": "Point", "coordinates": [-70.9387813798062, 42.5305757918071]}, "properties": {"Line": 56, "Company": "Boston Gas", "Division": "Beverly", "Town": "Peabody", "Town_Code": "PEA", "State": "MA", "Description__street_segment_": "173-245 LOWELL ST, PEA, & ORCHARD ST, COLUMBUS RD", "Diameter": 4, "Material": "Cast Iron", "Operating_Pressure": "LP to 60 & 60", "NPA_Opportunity": "Yes - Potential NPA, partial scope", "LPP_Footage": 4475, "LPP_Mileage_": 0.85, "lat": 42.5305757918071, "lon": -70.9387813798062, "Mapped_address": "Orchard St, Peabody, MA 01960, USA", "FID": 36}}, {"type": "Feature", "id": 37, "geometry": {"type": "Point", "coordinates": [-71.0300296788715, 42.551044155924]}, "properties": {"Line": 57, "Company": "Boston Gas", "Division": "Beverly", "Town": "Peabody", "Town_Code": "PEA", "State": "MA", "Description__street_segment_": "1-8 LIVINGSTON DR, PEA, & 45-62 PERLEY AV,ANTIGUA", "Diameter": 4, "Material": "Steel-WI", "Operating_Pressure": "60", "NPA_Opportunity": "Yes - Potential NPA, entire scope", "LPP_Footage": 1715, "LPP_Mileage_": 0.32, "lat": 42.551044155924, "lon": -71.0300296788715, "Mapped_address": "4 Livingston Dr, Peabody, MA 01960, USA", "FID": 37}}, {"type": "Feature", "id": 38, "geometry": {"type": "Point", "coordinates": [-71.0296322, 42.550369]}, "properties": {"Line": 57, "Company": "Boston Gas", "Division": "Beverly", "Town": "Peabody", "Town_Code": "PEA", "State": "MA", "Description__street_segment_": "1-8 LIVINGSTON DR, PEA, & 45-62 PERLEY AV,ANTIGUA", "Diameter": 4, "Material": "Steel-WI", "Operating_Pressure": "60", "NPA_Opportunity": "Yes - Potential NPA, entire scope", "LPP_Footage": 1715, "LPP_Mileage_": 0.32, "lat": 42.550369, "lon": -71.0296322, "Mapped_address": "53 Perley Ave, Peabody, MA 01960, USA", "FID": 38}}, {"type": "Feature", "id": 39, "geometry": {"type": "Point", "coordinates": [-71.031924026788, 42.564807219436]}, "properties": {"Line": 58, "Company": "Boston Gas", "Division": "Beverly", "Town": "Peabody", "Town_Code": "PEA", "State": "MA", "Description__street_segment_": "27-40 SURREY LN, PEA, & BROOKBRIDGE RD,VILLA LN", "Diameter": 4, "Material": "Steel-WI", "Operating_Pressure": "60", "NPA_Opportunity": "Yes - Potential NPA, partial scope", "LPP_Footage": 3385, "LPP_Mileage_": 0.64, "lat": 42.564807219436, "lon": -71.031924026788, "Mapped_address": "33 Surrey Ln, Peabody, MA 01960, USA", "FID": 39}}, {"type": "Feature", "id": 40, "geometry": {"type": "Point", "coordinates": [-71.0295245613091, 42.5646193501291]}, "properties": {"Line": 58, "Company": "Boston Gas", "Division": "Beverly", "Town": "Peabody", "Town_Code": "PEA", "State": "MA", "Description__street_segment_": "27-40 SURREY LN, PEA, & BROOKBRIDGE RD,VILLA LN", "Diameter": 4, "Material": "Steel-WI", "Operating_Pressure": "60", "NPA_Opportunity": "Yes - Potential NPA, partial scope", "LPP_Footage": 3385, "LPP_Mileage_": 0.64, "lat": 42.5646193501291, "lon": -71.0295245613091, "Mapped_address": "Brookbridge Rd, Peabody, MA 01960, USA", "FID": 40}}, {"type": "Feature", "id": 41, "geometry": {"type": "Point", "coordinates": [-71.027129488768, 42.5642719837075]}, "properties": {"Line": 58, "Company": "Boston Gas", "Division": "Beverly", "Town": "Peabody", "Town_Code": "PEA", "State": "MA", "Description__street_segment_": "27-40 SURREY LN, PEA, & BROOKBRIDGE RD,VILLA LN", "Diameter": 4, "Material": "Steel-WI", "Operating_Pressure": "60", "NPA_Opportunity": "Yes - Potential NPA, partial scope", "LPP_Footage": 3385, "LPP_Mileage_": 0.64, "lat": 42.5642719837075, "lon": -71.027129488768, "Mapped_address": "Villa Ln, Peabody, MA 01960, USA", "FID": 41}}, {"type": "Feature", "id": 42, "geometry": {"type": "Point", "coordinates": [-70.9221920880328, 42.5237061543426]}, "properties": {"Line": 59, "Company": "Boston Gas", "Division": "Beverly", "Town": "Peabody", "Town_Code": "PEA", "State": "MA", "Description__street_segment_": "3-24 CALLER ST, PEA", "Diameter": 3, "Material": "Cast Iron", "Operating_Pressure": "LP", "NPA_Opportunity": "No - Impact to System Integration", "LPP_Footage": 350, "LPP_Mileage_": 0.07, "lat": 42.5237061543426, "lon": -70.9221920880328, "Mapped_address": "13 Caller St, Peabody, MA 01960, USA", "FID": 42}}, {"type": "Feature", "id": 43, "geometry": {"type": "Point", "coordinates": [-70.9246084375539, 42.5178349247625]}, "properties": {"Line": 60, "Company": "Boston Gas", "Division": "Beverly", "Town": "Peabody", "Town_Code": "PEA", "State": "MA", "Description__street_segment_": "4-12 BERKELEY ST, PEA, &5-30 CALUMET ST", "Diameter": 4, "Material": "Cast Iron", "Operating_Pressure": "LP", "NPA_Opportunity": "No - Impact to System Integration", "LPP_Footage": 1475, "LPP_Mileage_": 0.28, "lat": 42.5178349247625, "lon": -70.9246084375539, "Mapped_address": "17 Calumet St, Peabody, MA 01960, USA", "FID": 43}}, {"type": "Feature", "id": 44, "geometry": {"type": "Point", "coordinates": [-70.9251654010674, 42.5167980049851]}, "properties": {"Line": 60, "Company": "Boston Gas", "Division": "Beverly", "Town": "Peabody", "Town_Code": "PEA", "State": "MA", "Description__street_segment_": "4-12 BERKELEY ST, PEA, &5-30 CALUMET ST", "Diameter": 4, "Material": "Cast Iron", "Operating_Pressure": "LP", "NPA_Opportunity": "No - Impact to System Integration", "LPP_Footage": 1475, "LPP_Mileage_": 0.28, "lat": 42.5167980049851, "lon": -70.9251654010674, "Mapped_address": "8 Berkley St, Peabody, MA 01960, USA", "FID": 44}}, {"type": "Feature", "id": 45, "geometry": {"type": "Point", "coordinates": [-70.8891144780463, 42.5284526005206]}, "properties": {"Line": 61, "Company": "Boston Gas", "Division": "Beverly", "Town": "Salem", "Town_Code": "SAL", "State": "MA", "Description__street_segment_": "1-36 ARBELLA ST, SAL, BARTON,WARNER,COLLINS ST", "Diameter": 3, "Material": "Cast Iron", "Operating_Pressure": "LP", "NPA_Opportunity": "Yes - Potential NPA", "LPP_Footage": 1875, "LPP_Mileage_": 0.36, "lat": 42.5284526005206, "lon": -70.8891144780463, "Mapped_address": "18 Arbella St, Salem, MA 01970, USA", "FID": 45}}, {"type": "Feature", "id": 46, "geometry": {"type": "Point", "coordinates": [-70.8881938, 42.5283126]}, "properties": {"Line": 61, "Company": "Boston Gas", "Division": "Beverly", "Town": "Salem", "Town_Code": "SAL", "State": "MA", "Description__street_segment_": "1-36 ARBELLA ST, SAL, BARTON,WARNER,COLLINS ST", "Diameter": 3, "Material": "Cast Iron", "Operating_Pressure": "LP", "NPA_Opportunity": "Yes - Potential NPA", "LPP_Footage": 1875, "LPP_Mileage_": 0.36, "lat": 42.5283126, "lon": -70.8881938, "Mapped_address": "Collins St, Salem, MA 01970, USA", "FID": 46}}, {"type": "Feature", "id": 47, "geometry": {"type": "Point", "coordinates": [-70.8864059673046, 42.5251974155924]}, "properties": {"Line": 62, "Company": "Boston Gas", "Division": "Beverly", "Town": "Salem", "Town_Code": "SAL", "State": "MA", "Description__street_segment_": "1-40 BOARDMAN ST, SAL", "Diameter": 3, "Material": "Cast Iron", "Operating_Pressure": "LP to 60", "NPA_Opportunity": "Yes - Potential NPA", "LPP_Footage": 1030, "LPP_Mileage_": 0.2, "lat": 42.5251974155924, "lon": -70.8864059673046, "Mapped_address": "20 Boardman St, Salem, MA 01970, USA", "FID": 47}}, {"type": "Feature", "id": 48, "geometry": {"type": "Point", "coordinates": [-70.8858668157799, 42.5211905999175]}, "properties": {"Line": 63, "Company": "Boston Gas", "Division": "Beverly", "Town": "Salem", "Town_Code": "SAL", "State": "MA", "Description__street_segment_": "1-45 DANIELS ST, SAL, & 8-20 KOSCIUSKO ST", "Diameter": 2, "Material": "Cast Iron", "Operating_Pressure": "LP", "NPA_Opportunity": "Yes - Potential NPA, partial scope", "LPP_Footage": 1630, "LPP_Mileage_": 0.31, "lat": 42.5211905999175, "lon": -70.8858668157799, "Mapped_address": "14 Kosciusko St, Salem, MA 01970, USA", "FID": 48}}, {"type": "Feature", "id": 49, "geometry": {"type": "Point", "coordinates": [-70.88571575454, 42.5217094192482]}, "properties": {"Line": 63, "Company": "Boston Gas", "Division": "Beverly", "Town": "Salem", "Town_Code": "SAL", "State": "MA", "Description__street_segment_": "1-45 DANIELS ST, SAL, & 8-20 KOSCIUSKO ST", "Diameter": 2, "Material": "Cast Iron", "Operating_Pressure": "LP", "NPA_Opportunity": "Yes - Potential NPA, partial scope", "LPP_Footage": 1630, "LPP_Mileage_": 0.31, "lat": 42.5217094192482, "lon": -70.88571575454, "Mapped_address": "23 Daniels St, Salem, MA 01970, USA", "FID": 49}}, {"type": "Feature", "id": 50, "geometry": {"type": "Point", "coordinates": [-70.8946623400816, 42.5130387647705]}, "properties": {"Line": 64, "Company": "Boston Gas", "Division": "Beverly", "Town": "Salem", "Town_Code": "SAL", "State": "MA", "Description__street_segment_": "21-30 CABOT ST, SAL", "Diameter": 4, "Material": "Cast Iron", "Operating_Pressure": "LP", "NPA_Opportunity": "No - Impact to System Integration", "LPP_Footage": 225, "LPP_Mileage_": 0.04, "lat": 42.5130387647705, "lon": -70.8946623400816, "Mapped_address": "25 Cabot St, Salem, MA 01970, USA", "FID": 50}}, {"type": "Feature", "id": 51, "geometry": {"type": "Point", "coordinates": [-70.8912525638044, 42.5289915318526]}, "properties": {"Line": 65, "Company": "Boston Gas", "Division": "Beverly", "Town": "Salem", "Town_Code": "SAL", "State": "MA", "Description__street_segment_": "2-16 SAUNDERS ST, SAL, CONANT, CROSS, PEARL ST", "Diameter": 3, "Material": "Cast Iron", "Operating_Pressure": "LP", "NPA_Opportunity": "Yes - Potential NPA", "LPP_Footage": 1990, "LPP_Mileage_": 0.38, "lat": 42.5289915318526, "lon": -70.8912525638044, "Mapped_address": "9 Saunders St, Salem, MA 01970, USA", "FID": 51}}, {"type": "Feature", "id": 52, "geometry": {"type": "Point", "coordinates": [-70.8908510878788, 42.5298660764256]}, "properties": {"Line": 65, "Company": "Boston Gas", "Division": "Beverly", "Town": "Salem", "Town_Code": "SAL", "State": "MA", "Description__street_segment_": "2-16 SAUNDERS ST, SAL, CONANT, CROSS, PEARL ST", "Diameter": 3, "Material": "Cast Iron", "Operating_Pressure": "LP", "NPA_Opportunity": "Yes - Potential NPA", "LPP_Footage": 1990, "LPP_Mileage_": 0.38, "lat": 42.5298660764256, "lon": -70.8908510878788, "Mapped_address": "Pearl St, Salem, MA 01970, USA", "FID": 52}}, {"type": "Feature", "id": 53, "geometry": {"type": "Point", "coordinates": [-70.8834047058273, 42.5245916416074]}, "properties": {"Line": 66, "Company": "Boston Gas", "Division": "Beverly", "Town": "Salem", "Town_Code": "SAL", "State": "MA", "Description__street_segment_": "4-48 ENGLISH ST, SAL, COUSINS,ALLEN,DERBY ST", "Diameter": 4, "Material": "Cast Iron", "Operating_Pressure": "LP", "NPA_Opportunity": "No - Impact to System Integration", "LPP_Footage": 2160, "LPP_Mileage_": 0.41, "lat": 42.5245916416074, "lon": -70.8834047058273, "Mapped_address": "26 English St, Salem, MA 01970, USA", "FID": 53}}, {"type": "Feature", "id": 54, "geometry": {"type": "Point", "coordinates": [-70.8858613, 42.5219224]}, "properties": {"Line": 66, "Company": "Boston Gas", "Division": "Beverly", "Town": "Salem", "Town_Code": "SAL", "State": "MA", "Description__street_segment_": "4-48 ENGLISH ST, SAL, COUSINS,ALLEN,DERBY ST", "Diameter": 4, "Material": "Cast Iron", "Operating_Pressure": "LP", "NPA_Opportunity": "No - Impact to System Integration", "LPP_Footage": 2160, "LPP_Mileage_": 0.41, "lat": 42.5219224, "lon": -70.8858613, "Mapped_address": "Derby St, Salem, MA 01970, USA", "FID": 54}}, {"type": "Feature", "id": 55, "geometry": {"type": "Point", "coordinates": [-70.909601573669, 42.5288950549442]}, "properties": {"Line": 67, "Company": "Boston Gas", "Division": "Beverly", "Town": "Salem", "Town_Code": "SAL", "State": "MA", "Description__street_segment_": "7-44 BALCOMB ST, SAL, GOODELL ST & NORTHEND AV", "Diameter": 4, "Material": "Cast Iron", "Operating_Pressure": "LP", "NPA_Opportunity": "Yes - Potential NPA", "LPP_Footage": 2290, "LPP_Mileage_": 0.43, "lat": 42.5288950549442, "lon": -70.909601573669, "Mapped_address": "25 Balcomb St, Salem, MA 01970, USA", "FID": 55}}, {"type": "Feature", "id": 56, "geometry": {"type": "Point", "coordinates": [-70.9116893797586, 42.5294558208872]}, "properties": {"Line": 67, "Company": "Boston Gas", "Division": "Beverly", "Town": "Salem", "Town_Code": "SAL", "State": "MA", "Description__street_segment_": "7-44 BALCOMB ST, SAL, GOODELL ST & NORTHEND AV", "Diameter": 4, "Material": "Cast Iron", "Operating_Pressure": "LP", "NPA_Opportunity": "Yes - Potential NPA", "LPP_Footage": 2290, "LPP_Mileage_": 0.43, "lat": 42.5294558208872, "lon": -70.9116893797586, "Mapped_address": "Goodell St, Salem, MA 01970, USA", "FID": 56}}, {"type": "Feature", "id": 57, "geometry": {"type": "Point", "coordinates": [-70.9080264341736, 42.5292417486964]}, "properties": {"Line": 67, "Company": "Boston Gas", "Division": "Beverly", "Town": "Salem", "Town_Code": "SAL", "State": "MA", "Description__street_segment_": "7-44 BALCOMB ST, SAL, GOODELL ST & NORTHEND AV", "Diameter": 4, "Material": "Cast Iron", "Operating_Pressure": "LP", "NPA_Opportunity": "Yes - Potential NPA", "LPP_Footage": 2290, "LPP_Mileage_": 0.43, "lat": 42.5292417486964, "lon": -70.9080264341736, "Mapped_address": "Northend Ave, Salem, MA 01970, USA", "FID": 57}}, {"type": "Feature", "id": 58, "geometry": {"type": "Point", "coordinates": [-71.0407325, 42.4717174]}, "properties": {"Line": 68, "Company": "Boston Gas", "Division": "Beverly", "Town": "Saugus", "Town_Code": "SAU", "State": "MA", "Description__street_segment_": "4-80 HOWARD ST, SAU, DIGHTON ST & GRANBY ST", "Diameter": 6, "Material": "Cast Iron", "Operating_Pressure": "2 to 60", "NPA_Opportunity": "Yes - Potential NPA", "LPP_Footage": 3990, "LPP_Mileage_": 0.76, "lat": 42.4717174, "lon": -71.0407325, "Mapped_address": "42 Howard St, Saugus, MA 01906, USA", "FID": 58}}, {"type": "Feature", "id": 59, "geometry": {"type": "Point", "coordinates": [-71.0367357, 42.4720895]}, "properties": {"Line": 68, "Company": "Boston Gas", "Division": "Beverly", "Town": "Saugus", "Town_Code": "SAU", "State": "MA", "Description__street_segment_": "4-80 HOWARD ST, SAU, DIGHTON ST & GRANBY ST", "Diameter": 6, "Material": "Cast Iron", "Operating_Pressure": "2 to 60", "NPA_Opportunity": "Yes - Potential NPA", "LPP_Footage": 3990, "LPP_Mileage_": 0.76, "lat": 42.4720895, "lon": -71.0367357, "Mapped_address": "Dighton St, Saugus, MA 01906, USA", "FID": 59}}, {"type": "Feature", "id": 60, "geometry": {"type": "Point", "coordinates": [-71.0393043419095, 42.4715712761143]}, "properties": {"Line": 68, "Company": "Boston Gas", "Division": "Beverly", "Town": "Saugus", "Town_Code": "SAU", "State": "MA", "Description__street_segment_": "4-80 HOWARD ST, SAU, DIGHTON ST & GRANBY ST", "Diameter": 6, "Material": "Cast Iron", "Operating_Pressure": "2 to 60", "NPA_Opportunity": "Yes - Potential NPA", "LPP_Footage": 3990, "LPP_Mileage_": 0.76, "lat": 42.4715712761143, "lon": -71.0393043419095, "Mapped_address": "Granby St, Saugus, MA 01906, USA", "FID": 60}}, {"type": "Feature", "id": 61, "geometry": {"type": "Point", "coordinates": [-71.0041636863538, 42.4524026720011]}, "properties": {"Line": 69, "Company": "Boston Gas", "Division": "Beverly", "Town": "Saugus", "Town_Code": "SAU", "State": "MA", "Description__street_segment_": "5-50 STONE ST, SAU, BIRCH, DREEME, INTERVALE", "Diameter": 6, "Material": "Cast Iron", "Operating_Pressure": "LP to 60", "NPA_Opportunity": "Yes - Potential NPA, partial scope", "LPP_Footage": 2450, "LPP_Mileage_": 0.46, "lat": 42.4524026720011, "lon": -71.0041636863538, "Mapped_address": "27 Stone St, Saugus, MA 01906, USA", "FID": 61}}, {"type": "Feature", "id": 62, "geometry": {"type": "Point", "coordinates": [-70.9949868357295, 42.4567124326483]}, "properties": {"Line": 70, "Company": "Boston Gas", "Division": "Beverly", "Town": "Saugus", "Town_Code": "SAU", "State": "MA", "Description__street_segment_": "8-63 WINTER ST, SAU, CHESTNUT,JOHNSON,SPRINGDA", "Diameter": 8, "Material": "Cast Iron", "Operating_Pressure": "LP", "NPA_Opportunity": "Yes - Potential NPA, partial scope", "LPP_Footage": 3515, "LPP_Mileage_": 0.67, "lat": 42.4567124326483, "lon": -70.9949868357295, "Mapped_address": "35 Winter St, Saugus, MA 01906, USA", "FID": 62}}, {"type": "Feature", "id": 63, "geometry": {"type": "Point", "coordinates": [-70.8944567908715, 42.47736640078]}, "properties": {"Line": 71, "Company": "Boston Gas", "Division": "Beverly", "Town": "Swampscott", "Town_Code": "SWA", "State": "MA", "Description__street_segment_": "1-67 SALEM ST, SWA", "Diameter": 4, "Material": "Cast Iron", "Operating_Pressure": "LP", "NPA_Opportunity": "Yes - Potential NPA", "LPP_Footage": 830, "LPP_Mileage_": 0.16, "lat": 42.47736640078, "lon": -70.8944567908715, "Mapped_address": "34 Salem St, Swampscott, MA 01907, USA", "FID": 63}}, {"type": "Feature", "id": 64, "geometry": {"type": "Point", "coordinates": [-70.9131911824305, 42.4826363331054]}, "properties": {"Line": 72, "Company": "Boston Gas", "Division": "Beverly", "Town": "Swampscott", "Town_Code": "SWA", "State": "MA", "Description__street_segment_": "324-443 ESSEX ST, SWA, &DUKE,EASTMAN,BRISTOL", "Diameter": 6, "Material": "Cast Iron", "Operating_Pressure": "LP to 60", "NPA_Opportunity": "Yes - Potential NPA", "LPP_Footage": 5805, "LPP_Mileage_": 1.1, "lat": 42.4826363331054, "lon": -70.9131911824305, "Mapped_address": "383 Essex St, Swampscott, MA 01907, USA", "FID": 64}}, {"type": "Feature", "id": 65, "geometry": {"type": "Point", "coordinates": [-71.0613209071954, 42.3534635797198]}, "properties": {"Line": 73, "Company": "Boston Gas", "Division": "Boston-Cpt", "Town": "Boston", "Town_Code": "BOS", "State": "MA", "Description__street_segment_": "0-10 HARRISON AV EXT, BOS, & 41-72 ESSEX ST", "Diameter": 6, "Material": "Cast Iron", "Operating_Pressure": "LP", "NPA_Opportunity": "Yes - Potential NPA", "LPP_Footage": 235, "LPP_Mileage_": 0.04, "lat": 42.3534635797198, "lon": -71.0613209071954, "Mapped_address": "5 Harrison Ave Ext, Boston, MA 02111, USA", "FID": 65}}, {"type": "Feature", "id": 66, "geometry": {"type": "Point", "coordinates": [-71.0610949961827, 42.3525265767369]}, "properties": {"Line": 73, "Company": "Boston Gas", "Division": "Boston-Cpt", "Town": "Boston", "Town_Code": "BOS", "State": "MA", "Description__street_segment_": "0-10 HARRISON AV EXT, BOS, & 41-72 ESSEX ST", "Diameter": 6, "Material": "Cast Iron", "Operating_Pressure": "LP", "NPA_Opportunity": "Yes - Potential NPA", "LPP_Footage": 235, "LPP_Mileage_": 0.04, "lat": 42.3525265767369, "lon": -71.0610949961827, "Mapped_address": "56 Essex St, Boston, MA 02111, USA", "FID": 66}}, {"type": "Feature", "id": 67, "geometry": {"type": "Point", "coordinates": [-71.0783976375331, 42.3507153714417]}, "properties": {"Line": 74, "Company": "Boston Gas", "Division": "Boston-Cpt", "Town": "Boston", "Town_Code": "BOS", "State": "MA", "Description__street_segment_": "103-200 NEWBURY ST, BOS, CLARENDON,DARTMOUTH,EXETE", "Diameter": 6, "Material": "Cast Iron", "Operating_Pressure": "LP", "NPA_Opportunity": "No - Impact to System Integration", "LPP_Footage": 4465, "LPP_Mileage_": 0.85, "lat": 42.3507153714417, "lon": -71.0783976375331, "Mapped_address": "151 Newbury St, Boston, MA 02116, USA", "FID": 67}}, {"type": "Feature", "id": 68, "geometry": {"type": "Point", "coordinates": [-71.0669475917403, 42.3607967163835]}, "properties": {"Line": 75, "Company": "Boston Gas", "Division": "Boston-Cpt", "Town": "Boston", "Town_Code": "BOS", "State": "MA", "Description__street_segment_": "106-242 CAMBRIDGE ST, BOS, & 1-30 GARDEN ST", "Diameter": 12, "Material": "Cast Iron", "Operating_Pressure": "LP", "NPA_Opportunity": "No - Critical Main", "LPP_Footage": 1375, "LPP_Mileage_": 0.26, "lat": 42.3607967163835, "lon": -71.0669475917403, "Mapped_address": "15 Garden St, Boston, MA 02114, USA", "FID": 68}}, {"type": "Feature", "id": 69, "geometry": {"type": "Point", "coordinates": [-71.0651483, 42.3611242]}, "properties": {"Line": 75, "Company": "Boston Gas", "Division": "Boston-Cpt", "Town": "Boston", "Town_Code": "BOS", "State": "MA", "Description__street_segment_": "106-242 CAMBRIDGE ST, BOS, & 1-30 GARDEN ST", "Diameter": 12, "Material": "Cast Iron", "Operating_Pressure": "LP", "NPA_Opportunity": "No - Critical Main", "LPP_Footage": 1375, "LPP_Mileage_": 0.26, "lat": 42.3611242, "lon": -71.0651483, "Mapped_address": "174 Cambridge St, Boston, MA 02114, USA", "FID": 69}}, {"type": "Feature", "id": 70, "geometry": {"type": "Point", "coordinates": [-71.0640036802269, 42.3504034764708]}, "properties": {"Line": 77, "Company": "Boston Gas", "Division": "Boston-Cpt", "Town": "Boston", "Town_Code": "BOS", "State": "MA", "Description__street_segment_": "11-77 STUART ST, BOS", "Diameter": 12, "Material": "Cast Iron", "Operating_Pressure": "LP", "NPA_Opportunity": "No - Impact to System Integration", "LPP_Footage": 435, "LPP_Mileage_": 0.08, "lat": 42.3504034764708, "lon": -71.0640036802269, "Mapped_address": "44 Stuart St, Boston, MA 02116, USA", "FID": 70}}, {"type": "Feature", "id": 71, "geometry": {"type": "Point", "coordinates": [-71.0722197993019, 42.3541843939468]}, "properties": {"Line": 78, "Company": "Boston Gas", "Division": "Boston-Cpt", "Town": "Boston", "Town_Code": "BOS", "State": "MA", "Description__street_segment_": "1-19 ARLINGTON ST, BOS", "Diameter": 10, "Material": "Cast Iron", "Operating_Pressure": "LP", "NPA_Opportunity": "No - Impact to System Integration", "LPP_Footage": 2600, "LPP_Mileage_": 0.49, "lat": 42.3541843939468, "lon": -71.0722197993019, "Mapped_address": "10 Arlington St, Boston, MA 02116, USA", "FID": 71}}, {"type": "Feature", "id": 72, "geometry": {"type": "Point", "coordinates": [-71.065798789903, 42.3619274155481]}, "properties": {"Line": 79, "Company": "Boston Gas", "Division": "Boston-Cpt", "Town": "Boston", "Town_Code": "BOS", "State": "MA", "Description__street_segment_": "121-261 CAMBRIDGE ST, BOS, & 2-16 LYNDE ST", "Diameter": 12, "Material": "Cast Iron", "Operating_Pressure": "LP", "NPA_Opportunity": "No - Impact to System Integration", "LPP_Footage": 1525, "LPP_Mileage_": 0.29, "lat": 42.3619274155481, "lon": -71.065798789903, "Mapped_address": "191 Cambridge St, Boston, MA 02114, USA", "FID": 72}}, {"type": "Feature", "id": 73, "geometry": {"type": "Point", "coordinates": [-71.0646414, 42.3726205]}, "properties": {"Line": 79, "Company": "Boston Gas", "Division": "Boston-Cpt", "Town": "Boston", "Town_Code": "BOS", "State": "MA", "Description__street_segment_": "121-261 CAMBRIDGE ST, BOS, & 2-16 LYNDE ST", "Diameter": 12, "Material": "Cast Iron", "Operating_Pressure": "LP", "NPA_Opportunity": "No - Impact to System Integration", "LPP_Footage": 1525, "LPP_Mileage_": 0.29, "lat": 42.3726205, "lon": -71.0646414, "Mapped_address": "9 Lynde St, Boston, MA 02129, USA", "FID": 73}}, {"type": "Feature", "id": 74, "geometry": {"type": "Point", "coordinates": [-71.0717853, 42.3486596]}, "properties": {"Line": 80, "Company": "Boston Gas", "Division": "Boston-Cpt", "Town": "Boston", "Town_Code": "BOS", "State": "MA", "Description__street_segment_": "130-221 COLUMBUS AV, BOS, & ISABELLA ST", "Diameter": 12, "Material": "Cast Iron", "Operating_Pressure": "LP", "NPA_Opportunity": "No - Critical Main", "LPP_Footage": 2280, "LPP_Mileage_": 0.43, "lat": 42.3486596, "lon": -71.0717853, "Mapped_address": "175 Columbus Ave, Boston, MA 02116, USA", "FID": 74}}, {"type": "Feature", "id": 75, "geometry": {"type": "Point", "coordinates": [-71.0707631960491, 42.3487420080171]}, "properties": {"Line": 80, "Company": "Boston Gas", "Division": "Boston-Cpt", "Town": "Boston", "Town_Code": "BOS", "State": "MA", "Description__street_segment_": "130-221 COLUMBUS AV, BOS, & ISABELLA ST", "Diameter": 12, "Material": "Cast Iron", "Operating_Pressure": "LP", "NPA_Opportunity": "No - Critical Main", "LPP_Footage": 2280, "LPP_Mileage_": 0.43, "lat": 42.3487420080171, "lon": -71.0707631960491, "Mapped_address": "Isabella St, Boston, MA 02116, USA", "FID": 75}}, {"type": "Feature", "id": 76, "geometry": {"type": "Point", "coordinates": [-71.0552527, 42.3595878]}, "properties": {"Line": 81, "Company": "Boston Gas", "Division": "Boston-Cpt", "Town": "Boston", "Town_Code": "BOS", "State": "MA", "Description__street_segment_": "1-47 CHATHAM ST, BOS, MERCHANTS & BUTLER ROW", "Diameter": 6, "Material": "Cast Iron", "Operating_Pressure": "LP", "NPA_Opportunity": "No - High Customer Concentration", "LPP_Footage": 985, "LPP_Mileage_": 0.19, "lat": 42.3595878, "lon": -71.0552527, "Mapped_address": "24 Chatham St, Boston, MA 02109, USA", "FID": 76}}, {"type": "Feature", "id": 77, "geometry": {"type": "Point", "coordinates": [-71.0557432368405, 42.3595545844363]}, "properties": {"Line": 81, "Company": "Boston Gas", "Division": "Boston-Cpt", "Town": "Boston", "Town_Code": "BOS", "State": "MA", "Description__street_segment_": "1-47 CHATHAM ST, BOS, MERCHANTS & BUTLER ROW", "Diameter": 6, "Material": "Cast Iron", "Operating_Pressure": "LP", "NPA_Opportunity": "No - High Customer Concentration", "LPP_Footage": 985, "LPP_Mileage_": 0.19, "lat": 42.3595545844363, "lon": -71.0557432368405, "Mapped_address": "Merchants Row, Boston, MA 02109, USA", "FID": 77}}, {"type": "Feature", "id": 78, "geometry": {"type": "Point", "coordinates": [-71.0643030410687, 42.3532221307584]}, "properties": {"Line": 82, "Company": "Boston Gas", "Division": "Boston-Cpt", "Town": "Boston", "Town_Code": "BOS", "State": "MA", "Description__street_segment_": "170-182 TREMONT ST, BOS", "Diameter": 10, "Material": "Cast Iron", "Operating_Pressure": "LP", "NPA_Opportunity": "No - Impact to System Integration", "LPP_Footage": 460, "LPP_Mileage_": 0.09, "lat": 42.3532221307584, "lon": -71.0643030410687, "Mapped_address": "176 Tremont St, Boston, MA 02111, USA", "FID": 78}}, {"type": "Feature", "id": 79, "geometry": {"type": "Point", "coordinates": [-71.0678819015811, 42.3497275954155]}, "properties": {"Line": 84, "Company": "Boston Gas", "Division": "Boston-Cpt", "Town": "Boston", "Town_Code": "BOS", "State": "MA", "Description__street_segment_": "2-21 WINCHESTER ST, BOS, BROADWAY ST & S CEDAR PL", "Diameter": 4, "Material": "Cast Iron", "Operating_Pressure": "LP", "NPA_Opportunity": "No - Impact to System Integration", "LPP_Footage": 585, "LPP_Mileage_": 0.11, "lat": 42.3497275954155, "lon": -71.0678819015811, "Mapped_address": "11 Winchester St, Boston, MA 02116, USA", "FID": 79}}, {"type": "Feature", "id": 80, "geometry": {"type": "Point", "coordinates": [-71.0678983, 42.3497242]}, "properties": {"Line": 84, "Company": "Boston Gas", "Division": "Boston-Cpt", "Town": "Boston", "Town_Code": "BOS", "State": "MA", "Description__street_segment_": "2-21 WINCHESTER ST, BOS, BROADWAY ST & S CEDAR PL", "Diameter": 4, "Material": "Cast Iron", "Operating_Pressure": "LP", "NPA_Opportunity": "No - Impact to System Integration", "LPP_Footage": 585, "LPP_Mileage_": 0.11, "lat": 42.3497242, "lon": -71.0678983, "Mapped_address": "S Cedar Pl, Boston, MA 02116, USA", "FID": 80}}, {"type": "Feature", "id": 81, "geometry": {"type": "Point", "coordinates": [-71.0734831803049, 42.3533583981559]}, "properties": {"Line": 85, "Company": "Boston Gas", "Division": "Boston-Cpt", "Town": "Boston", "Town_Code": "BOS", "State": "MA", "Description__street_segment_": "2-48 COMMONWEALTH AV, BOS", "Diameter": 6, "Material": "Cast Iron", "Operating_Pressure": "LP", "NPA_Opportunity": "No - Impact to System Integration", "LPP_Footage": 625, "LPP_Mileage_": 0.12, "lat": 42.3533583981559, "lon": -71.0734831803049, "Mapped_address": "25 Commonwealth Ave, Boston, MA 02116, USA", "FID": 81}}, {"type": "Feature", "id": 82, "geometry": {"type": "Point", "coordinates": [-71.0511255, 42.3653277]}, "properties": {"Line": 86, "Company": "Boston Gas", "Division": "Boston-Cpt", "Town": "Boston", "Town_Code": "BOS", "State": "MA", "Description__street_segment_": "266-376 COMMERCIAL ST, BOS", "Diameter": 8, "Material": "Cast Iron", "Operating_Pressure": "LP", "NPA_Opportunity": "No - Critical Main", "LPP_Footage": 1515, "LPP_Mileage_": 0.29, "lat": 42.3653277, "lon": -71.0511255, "Mapped_address": "321 Commercial St, Boston, MA 02109, USA", "FID": 82}}, {"type": "Feature", "id": 83, "geometry": {"type": "Point", "coordinates": [-71.0729095140187, 42.3512890912503]}, "properties": {"Line": 87, "Company": "Boston Gas", "Division": "Boston-Cpt", "Town": "Boston", "Town_Code": "BOS", "State": "MA", "Description__street_segment_": "334-472 BOYLSTON ST, BOS, & 216-234 BERKELEY ST", "Diameter": 12, "Material": "Cast Iron", "Operating_Pressure": "LP", "NPA_Opportunity": "No - Impact to System Integration", "LPP_Footage": 1370, "LPP_Mileage_": 0.26, "lat": 42.3512890912503, "lon": -71.0729095140187, "Mapped_address": "225 Berkeley St, Boston, MA 02116, USA", "FID": 83}}, {"type": "Feature", "id": 84, "geometry": {"type": "Point", "coordinates": [-71.0719277779118, 42.3515645570054]}, "properties": {"Line": 87, "Company": "Boston Gas", "Division": "Boston-Cpt", "Town": "Boston", "Town_Code": "BOS", "State": "MA", "Description__street_segment_": "334-472 BOYLSTON ST, BOS, & 216-234 BERKELEY ST", "Diameter": 12, "Material": "Cast Iron", "Operating_Pressure": "LP", "NPA_Opportunity": "No - Impact to System Integration", "LPP_Footage": 1370, "LPP_Mileage_": 0.26, "lat": 42.3515645570054, "lon": -71.0719277779118, "Mapped_address": "403 Boylston St, Boston, MA 02116, USA", "FID": 84}}, {"type": "Feature", "id": 85, "geometry": {"type": "Point", "coordinates": [-71.0999297114266, 42.3455034758098]}, "properties": {"Line": 88, "Company": "Boston Gas", "Division": "Boston-Cpt", "Town": "Boston", "Town_Code": "BOS", "State": "MA", "Description__street_segment_": "35-201 BROOKLINE AV, BOS, & FULLERTON ST", "Diameter": 12, "Material": "Cast Iron", "Operating_Pressure": "LP", "NPA_Opportunity": "No - Impact to System Integration", "LPP_Footage": 2355, "LPP_Mileage_": 0.45, "lat": 42.3455034758098, "lon": -71.0999297114266, "Mapped_address": "118 Brookline Ave, Boston, MA 02215, USA", "FID": 85}}, {"type": "Feature", "id": 86, "geometry": {"type": "Point", "coordinates": [-71.1014338, 42.3451507]}, "properties": {"Line": 88, "Company": "Boston Gas", "Division": "Boston-Cpt", "Town": "Boston", "Town_Code": "BOS", "State": "MA", "Description__street_segment_": "35-201 BROOKLINE AV, BOS, & FULLERTON ST", "Diameter": 12, "Material": "Cast Iron", "Operating_Pressure": "LP", "NPA_Opportunity": "No - Impact to System Integration", "LPP_Footage": 2355, "LPP_Mileage_": 0.45, "lat": 42.3451507, "lon": -71.1014338, "Mapped_address": "Fullerton St, Boston, MA 02215, USA", "FID": 86}}, {"type": "Feature", "id": 87, "geometry": {"type": "Point", "coordinates": [-71.0606568677676, 42.3625004909563]}, "properties": {"Line": 89, "Company": "Boston Gas", "Division": "Boston-Cpt", "Town": "Boston", "Town_Code": "BOS", "State": "MA", "Description__street_segment_": "40-43 HAWKINS ST, BOS", "Diameter": 6, "Material": "Steel-WI", "Operating_Pressure": "LP", "NPA_Opportunity": "No - High Customer Concentration", "LPP_Footage": 165, "LPP_Mileage_": 0.03, "lat": 42.3625004909563, "lon": -71.0606568677676, "Mapped_address": "41-43 Hawkins St, Boston, MA 02114, USA", "FID": 87}}, {"type": "Feature", "id": 88, "geometry": {"type": "Point", "coordinates": [-71.0605569493832, 42.3566524273385]}, "properties": {"Line": 90, "Company": "Boston Gas", "Division": "Boston-Cpt", "Town": "Boston", "Town_Code": "BOS", "State": "MA", "Description__street_segment_": "4-69 BROMFIELD ST, BOS", "Diameter": 6, "Material": "Cast Iron", "Operating_Pressure": "LP", "NPA_Opportunity": "No - Impact to System Integration", "LPP_Footage": 550, "LPP_Mileage_": 0.1, "lat": 42.3566524273385, "lon": -71.0605569493832, "Mapped_address": "36 Bromfield St, Boston, MA 02108, USA", "FID": 88}}, {"type": "Feature", "id": 89, "geometry": {"type": "Point", "coordinates": [-71.0904713236534, 42.3505630186521]}, "properties": {"Line": 91, "Company": "Boston Gas", "Division": "Boston-Cpt", "Town": "Boston", "Town_Code": "BOS", "State": "MA", "Description__street_segment_": "491-535 BEACON ST, BOS", "Diameter": 12, "Material": "Cast Iron", "Operating_Pressure": "LP", "NPA_Opportunity": "No - Impact to System Integration", "LPP_Footage": 1490, "LPP_Mileage_": 0.28, "lat": 42.3505630186521, "lon": -71.0904713236534, "Mapped_address": "513 Beacon St, Boston, MA 02215, USA", "FID": 89}}, {"type": "Feature", "id": 90, "geometry": {"type": "Point", "coordinates": [-71.0808164896429, 42.3372665529377]}, "properties": {"Line": 92, "Company": "Boston Gas", "Division": "Boston-Cpt", "Town": "Boston", "Town_Code": "BOS", "State": "MA", "Description__street_segment_": "50-134 CAMDEN ST, BOS, & NORTHFIELD ST", "Diameter": 12, "Material": "Cast Iron", "Operating_Pressure": "LP", "NPA_Opportunity": "No - Impact to System Integration", "LPP_Footage": 1390, "LPP_Mileage_": 0.26, "lat": 42.3372665529377, "lon": -71.0808164896429, "Mapped_address": "92 Camden St, Boston, MA 02118, USA", "FID": 90}}, {"type": "Feature", "id": 91, "geometry": {"type": "Point", "coordinates": [-71.0804759, 42.3369591]}, "properties": {"Line": 92, "Company": "Boston Gas", "Division": "Boston-Cpt", "Town": "Boston", "Town_Code": "BOS", "State": "MA", "Description__street_segment_": "50-134 CAMDEN ST, BOS, & NORTHFIELD ST", "Diameter": 12, "Material": "Cast Iron", "Operating_Pressure": "LP", "NPA_Opportunity": "No - Impact to System Integration", "LPP_Footage": 1390, "LPP_Mileage_": 0.26, "lat": 42.3369591, "lon": -71.0804759, "Mapped_address": "Northfield St, Boston, MA 02118, USA", "FID": 91}}, {"type": "Feature", "id": 92, "geometry": {"type": "Point", "coordinates": [-71.0996452533204, 42.350730249188]}, "properties": {"Line": 93, "Company": "Boston Gas", "Division": "Boston-Cpt", "Town": "Boston", "Town_Code": "BOS", "State": "MA", "Description__street_segment_": "52-226 BAY STATE RD, BOS, & SILBER WAY", "Diameter": 12, "Material": "Cast Iron", "Operating_Pressure": "LP", "NPA_Opportunity": "No - High Customer Concentration", "LPP_Footage": 2515, "LPP_Mileage_": 0.48, "lat": 42.350730249188, "lon": -71.0996452533204, "Mapped_address": "139 Bay State Rd, Boston, MA 02215, USA", "FID": 92}}, {"type": "Feature", "id": 93, "geometry": {"type": "Point", "coordinates": [-71.1004588, 42.3498996]}, "properties": {"Line": 93, "Company": "Boston Gas", "Division": "Boston-Cpt", "Town": "Boston", "Town_Code": "BOS", "State": "MA", "Description__street_segment_": "52-226 BAY STATE RD, BOS, & SILBER WAY", "Diameter": 12, "Material": "Cast Iron", "Operating_Pressure": "LP", "NPA_Opportunity": "No - High Customer Concentration", "LPP_Footage": 2515, "LPP_Mileage_": 0.48, "lat": 42.3498996, "lon": -71.1004588, "Mapped_address": "Silber Way, Boston, MA 02215, USA", "FID": 93}}, {"type": "Feature", "id": 94, "geometry": {"type": "Point", "coordinates": [-71.0692905396054, 42.360207049897]}, "properties": {"Line": 94, "Company": "Boston Gas", "Division": "Boston-Cpt", "Town": "Boston", "Town_Code": "BOS", "State": "MA", "Description__street_segment_": "59-89 PHILLIPS ST, BOS", "Diameter": 6, "Material": "Cast Iron", "Operating_Pressure": "LP", "NPA_Opportunity": "No - Impact to System Integration", "LPP_Footage": 780, "LPP_Mileage_": 0.15, "lat": 42.360207049897, "lon": -71.0692905396054, "Mapped_address": "74 Phillips St, Boston, MA 02114, USA", "FID": 94}}, {"type": "Feature", "id": 95, "geometry": {"type": "Point", "coordinates": [-71.0744799673426, 42.3448608277355]}, "properties": {"Line": 95, "Company": "Boston Gas", "Division": "Boston-Cpt", "Town": "Boston", "Town_Code": "BOS", "State": "MA", "Description__street_segment_": "61-82 DARTMOUTH ST, BOS", "Diameter": 10, "Material": "Cast Iron", "Operating_Pressure": "LP", "NPA_Opportunity": "No - Impact to System Integration", "LPP_Footage": 1720, "LPP_Mileage_": 0.33, "lat": 42.3448608277355, "lon": -71.0744799673426, "Mapped_address": "71 Dartmouth St, Boston, MA 02116, USA", "FID": 95}}, {"type": "Feature", "id": 96, "geometry": {"type": "Point", "coordinates": [-71.0823631859934, 42.3492081034824]}, "properties": {"Line": 96, "Company": "Boston Gas", "Division": "Boston-Cpt", "Town": "Boston", "Town_Code": "BOS", "State": "MA", "Description__street_segment_": "675-951 BOYLSTON ST, BOS", "Diameter": 8, "Material": "Cast Iron", "Operating_Pressure": "LP", "NPA_Opportunity": "No - Impact to System Integration", "LPP_Footage": 3090, "LPP_Mileage_": 0.59, "lat": 42.3492081034824, "lon": -71.0823631859934, "Mapped_address": "813 Boylston St, Boston, MA 02116, USA", "FID": 96}}, {"type": "Feature", "id": 97, "geometry": {"type": "Point", "coordinates": [-71.0688738, 42.3576026]}, "properties": {"Line": 97, "Company": "Boston Gas", "Division": "Boston-Cpt", "Town": "Boston", "Town_Code": "BOS", "State": "MA", "Description__street_segment_": "7-19 WILLOW ST, BOS, & ACORN ST", "Diameter": 4, "Material": "Cast Iron", "Operating_Pressure": "LP", "NPA_Opportunity": "Yes - Potential NPA", "LPP_Footage": 320, "LPP_Mileage_": 0.06, "lat": 42.3576026, "lon": -71.0688738, "Mapped_address": "Acorn St, Boston, MA 02108, USA", "FID": 97}}, {"type": "Feature", "id": 98, "geometry": {"type": "Point", "coordinates": [-71.0669292266774, 42.3605993228324]}, "properties": {"Line": 98, "Company": "Boston Gas", "Division": "Boston-Cpt", "Town": "Boston", "Town_Code": "BOS", "State": "MA", "Description__street_segment_": "9-42 GARDEN ST, BOS", "Diameter": 6, "Material": "Cast Iron", "Operating_Pressure": "LP", "NPA_Opportunity": "No - Impact to System Integration", "LPP_Footage": 330, "LPP_Mileage_": 0.06, "lat": 42.3605993228324, "lon": -71.0669292266774, "Mapped_address": "25 Garden St, Boston, MA 02114, USA", "FID": 98}}, {"type": "Feature", "id": 99, "geometry": {"type": "Point", "coordinates": [-71.058677778934, 42.3070239317475]}, "properties": {"Line": 102, "Company": "Boston Gas", "Division": "Boston-Cpt", "Town": "Dorchester", "Town_Code": "DOR", "State": "MA", "Description__street_segment_": "1261-1305 DORCHESTER AV, DOR", "Diameter": 10, "Material": "Cast Iron", "Operating_Pressure": "LP", "NPA_Opportunity": "No - Impact to System Integration", "LPP_Footage": 625, "LPP_Mileage_": 0.12, "lat": 42.3070239317475, "lon": -71.058677778934, "Mapped_address": "1283 Dorchester Ave, Dorchester, MA 02122, USA", "FID": 99}}, {"type": "Feature", "id": 100, "geometry": {"type": "Point", "coordinates": [-71.0628968187114, 42.3076237295552]}, "properties": {"Line": 103, "Company": "Boston Gas", "Division": "Boston-Cpt", "Town": "Dorchester", "Town_Code": "DOR", "State": "MA", "Description__street_segment_": "12-74 EAST ST, DOR, 5-53 ADAMS ST &BOWDOIN ST", "Diameter": 12, "Material": "Cast Iron", "Operating_Pressure": "LP", "NPA_Opportunity": "Yes - Potential NPA, partial scope", "LPP_Footage": 2430, "LPP_Mileage_": 0.46, "lat": 42.3076237295552, "lon": -71.0628968187114, "Mapped_address": "29 Adams St, Dorchester, MA 02122, USA", "FID": 100}}, {"type": "Feature", "id": 101, "geometry": {"type": "Point", "coordinates": [-71.0529284531419, 42.3169377657389]}, "properties": {"Line": 99, "Company": "Boston Gas", "Division": "Boston-Cpt", "Town": "Dorchester", "Town_Code": "DOR", "State": "MA", "Description__street_segment_": "101-216 SYDNEY ST, DOR", "Diameter": 6, "Material": "Cast Iron", "Operating_Pressure": "LP", "NPA_Opportunity": "No - Impact to System Integration", "LPP_Footage": 1370, "LPP_Mileage_": 0.26, "lat": 42.3169377657389, "lon": -71.0529284531419, "Mapped_address": "158 Sydney St, Boston, MA 02125, USA", "FID": 101}}, {"type": "Feature", "id": 102, "geometry": {"type": "Point", "coordinates": [-71.0904492932261, 42.2875858691746]}, "properties": {"Line": 100, "Company": "Boston Gas", "Division": "Boston-Cpt", "Town": "Dorchester", "Town_Code": "DOR", "State": "MA", "Description__street_segment_": "1026-1140 BLUE HILL AV, DOR", "Diameter": 4, "Material": "Cast Iron", "Operating_Pressure": "LP", "NPA_Opportunity": "No - Impact to System Integration", "LPP_Footage": 1510, "LPP_Mileage_": 0.29, "lat": 42.2875858691746, "lon": -71.0904492932261, "Mapped_address": "1083 Blue Hill Ave, Boston, MA 02124, USA", "FID": 102}}, {"type": "Feature", "id": 103, "geometry": {"type": "Point", "coordinates": [-71.091666557243, 42.2822658978607]}, "properties": {"Line": 101, "Company": "Boston Gas", "Division": "Boston-Cpt", "Town": "Dorchester", "Town_Code": "DOR", "State": "MA", "Description__street_segment_": "1194-1262 BLUE HILL AV, DOR", "Diameter": 4, "Material": "Cast Iron", "Operating_Pressure": "LP", "NPA_Opportunity": "No - Impact to System Integration", "LPP_Footage": 940, "LPP_Mileage_": 0.18, "lat": 42.2822658978607, "lon": -71.091666557243, "Mapped_address": "1228 Blue Hill Ave, Mattapan, MA 02126, USA", "FID": 103}}, {"type": "Feature", "id": 104, "geometry": {"type": "Point", "coordinates": [-71.0618844371854, 42.3079701790199]}, "properties": {"Line": 103, "Company": "Boston Gas", "Division": "Boston-Cpt", "Town": "Dorchester", "Town_Code": "DOR", "State": "MA", "Description__street_segment_": "12-74 EAST ST, DOR, 5-53 ADAMS ST &BOWDOIN ST", "Diameter": 12, "Material": "Cast Iron", "Operating_Pressure": "LP", "NPA_Opportunity": "Yes - Potential NPA, partial scope", "LPP_Footage": 2430, "LPP_Mileage_": 0.46, "lat": 42.3079701790199, "lon": -71.0618844371854, "Mapped_address": "43 East St, Boston, MA 02122, USA", "FID": 104}}, {"type": "Feature", "id": 105, "geometry": {"type": "Point", "coordinates": [-71.0683066, 42.3052283]}, "properties": {"Line": 103, "Company": "Boston Gas", "Division": "Boston-Cpt", "Town": "Dorchester", "Town_Code": "DOR", "State": "MA", "Description__street_segment_": "12-74 EAST ST, DOR, 5-53 ADAMS ST &BOWDOIN ST", "Diameter": 12, "Material": "Cast Iron", "Operating_Pressure": "LP", "NPA_Opportunity": "Yes - Potential NPA, partial scope", "LPP_Footage": 2430, "LPP_Mileage_": 0.46, "lat": 42.3052283, "lon": -71.0683066, "Mapped_address": "Bowdoin St, Boston, MA, USA", "FID": 105}}, {"type": "Feature", "id": 106, "geometry": {"type": "Point", "coordinates": [-71.0689290234268, 42.2915733048975]}, "properties": {"Line": 104, "Company": "Boston Gas", "Division": "Boston-Cpt", "Town": "Dorchester", "Town_Code": "DOR", "State": "MA", "Description__street_segment_": "1-47 MOULTRIE ST, DOR", "Diameter": 4, "Material": "Cast Iron", "Operating_Pressure": "LP", "NPA_Opportunity": "No - Impact to System Integration", "LPP_Footage": 1280, "LPP_Mileage_": 0.24, "lat": 42.2915733048975, "lon": -71.0689290234268, "Mapped_address": "24 Moultrie St, Boston, MA 02124, USA", "FID": 106}}, {"type": "Feature", "id": 107, "geometry": {"type": "Point", "coordinates": [-71.0847901335165, 42.3025582800004]}, "properties": {"Line": 105, "Company": "Boston Gas", "Division": "Boston-Cpt", "Town": "Dorchester", "Town_Code": "DOR", "State": "MA", "Description__street_segment_": "15-41 ELLINGTON ST, DOR, 14-20 OLD RD & GLENWAY ST", "Diameter": 4, "Material": "Cast Iron", "Operating_Pressure": "LP", "NPA_Opportunity": "No - Impact to System Integration", "LPP_Footage": 1205, "LPP_Mileage_": 0.23, "lat": 42.3025582800004, "lon": -71.0847901335165, "Mapped_address": "17 Old Rd, Boston, MA 02121, USA", "FID": 107}}, {"type": "Feature", "id": 108, "geometry": {"type": "Point", "coordinates": [-71.0820845, 42.2999938]}, "properties": {"Line": 105, "Company": "Boston Gas", "Division": "Boston-Cpt", "Town": "Dorchester", "Town_Code": "DOR", "State": "MA", "Description__street_segment_": "15-41 ELLINGTON ST, DOR, 14-20 OLD RD & GLENWAY ST", "Diameter": 4, "Material": "Cast Iron", "Operating_Pressure": "LP", "NPA_Opportunity": "No - Impact to System Integration", "LPP_Footage": 1205, "LPP_Mileage_": 0.23, "lat": 42.2999938, "lon": -71.0820845, "Mapped_address": "Glenway St, Boston, MA 02121, USA", "FID": 108}}, {"type": "Feature", "id": 109, "geometry": {"type": "Point", "coordinates": [-71.0649184803262, 42.2916887417367]}, "properties": {"Line": 106, "Company": "Boston Gas", "Division": "Boston-Cpt", "Town": "Dorchester", "Town_Code": "DOR", "State": "MA", "Description__street_segment_": "167-204 CENTRE ST, DOR, & 6-23 SAMOSET ST", "Diameter": 6, "Material": "Cast Iron", "Operating_Pressure": "LP", "NPA_Opportunity": "No - Impact to System Integration", "LPP_Footage": 2175, "LPP_Mileage_": 0.41, "lat": 42.2916887417367, "lon": -71.0649184803262, "Mapped_address": "14 Samoset St, Boston, MA 02124, USA", "FID": 109}}, {"type": "Feature", "id": 110, "geometry": {"type": "Point", "coordinates": [-71.06461353927, 42.2923421183628]}, "properties": {"Line": 106, "Company": "Boston Gas", "Division": "Boston-Cpt", "Town": "Dorchester", "Town_Code": "DOR", "State": "MA", "Description__street_segment_": "167-204 CENTRE ST, DOR, & 6-23 SAMOSET ST", "Diameter": 6, "Material": "Cast Iron", "Operating_Pressure": "LP", "NPA_Opportunity": "No - Impact to System Integration", "LPP_Footage": 2175, "LPP_Mileage_": 0.41, "lat": 42.2923421183628, "lon": -71.06461353927, "Mapped_address": "185 Centre St, Boston, MA 02124, USA", "FID": 110}}, {"type": "Feature", "id": 111, "geometry": {"type": "Point", "coordinates": [-71.0604596, 42.3201122]}, "properties": {"Line": 107, "Company": "Boston Gas", "Division": "Boston-Cpt", "Town": "Dorchester", "Town_Code": "DOR", "State": "MA", "Description__street_segment_": "187-226 E COTTAGE ST, DOR", "Diameter": 12, "Material": "Cast Iron", "Operating_Pressure": "LP", "NPA_Opportunity": "No - Impact to System Integration", "LPP_Footage": 780, "LPP_Mileage_": 0.15, "lat": 42.3201122, "lon": -71.0604596, "Mapped_address": "206 E Cottage St, Boston, MA 02125, USA", "FID": 111}}, {"type": "Feature", "id": 112, "geometry": {"type": "Point", "coordinates": [-71.0812857275854, 42.2942458959948]}, "properties": {"Line": 108, "Company": "Boston Gas", "Division": "Boston-Cpt", "Town": "Dorchester", "Town_Code": "DOR", "State": "MA", "Description__street_segment_": "1-96 BERNARD ST, DOR, & 2-38 BROWNING AV", "Diameter": 6, "Material": "Cast Iron", "Operating_Pressure": "LP", "NPA_Opportunity": "No - Impact to System Integration", "LPP_Footage": 2375, "LPP_Mileage_": 0.45, "lat": 42.2942458959948, "lon": -71.0812857275854, "Mapped_address": "20 Browning Ave, Boston, MA 02124, USA", "FID": 112}}, {"type": "Feature", "id": 113, "geometry": {"type": "Point", "coordinates": [-71.0802328962857, 42.2943659384793]}, "properties": {"Line": 108, "Company": "Boston Gas", "Division": "Boston-Cpt", "Town": "Dorchester", "Town_Code": "DOR", "State": "MA", "Description__street_segment_": "1-96 BERNARD ST, DOR, & 2-38 BROWNING AV", "Diameter": 6, "Material": "Cast Iron", "Operating_Pressure": "LP", "NPA_Opportunity": "No - Impact to System Integration", "LPP_Footage": 2375, "LPP_Mileage_": 0.45, "lat": 42.2943659384793, "lon": -71.0802328962857, "Mapped_address": "48 Bernard St, Boston, MA 02124, USA", "FID": 113}}, {"type": "Feature", "id": 114, "geometry": {"type": "Point", "coordinates": [-71.0720407526781, 42.3014295080934]}, "properties": {"Line": 109, "Company": "Boston Gas", "Division": "Boston-Cpt", "Town": "Dorchester", "Town_Code": "DOR", "State": "MA", "Description__street_segment_": "2-139 BOWDOIN ST, DOR, BULLARD,HOMES,ROSSETER,NO", "Diameter": 12, "Material": "Cast Iron", "Operating_Pressure": "LP", "NPA_Opportunity": "No - Impact to System Integration", "LPP_Footage": 2470, "LPP_Mileage_": 0.47, "lat": 42.3014295080934, "lon": -71.0720407526781, "Mapped_address": "70 Bowdoin St, Boston, MA 02121, USA", "FID": 114}}, {"type": "Feature", "id": 115, "geometry": {"type": "Point", "coordinates": [-71.072845048429, 42.3045736923469]}, "properties": {"Line": 110, "Company": "Boston Gas", "Division": "Boston-Cpt", "Town": "Dorchester", "Town_Code": "DOR", "State": "MA", "Description__street_segment_": "237-280 GENEVA AV, DOR, & 15-60 EVERTON ST", "Diameter": 6, "Material": "Cast Iron", "Operating_Pressure": "LP", "NPA_Opportunity": "No - Impact to System Integration", "LPP_Footage": 1345, "LPP_Mileage_": 0.25, "lat": 42.3045736923469, "lon": -71.072845048429, "Mapped_address": "258 Geneva Ave, Boston, MA 02121, USA", "FID": 115}}, {"type": "Feature", "id": 116, "geometry": {"type": "Point", "coordinates": [-71.0719102539575, 42.3045377417249]}, "properties": {"Line": 110, "Company": "Boston Gas", "Division": "Boston-Cpt", "Town": "Dorchester", "Town_Code": "DOR", "State": "MA", "Description__street_segment_": "237-280 GENEVA AV, DOR, & 15-60 EVERTON ST", "Diameter": 6, "Material": "Cast Iron", "Operating_Pressure": "LP", "NPA_Opportunity": "No - Impact to System Integration", "LPP_Footage": 1345, "LPP_Mileage_": 0.25, "lat": 42.3045377417249, "lon": -71.0719102539575, "Mapped_address": "37 Everton St, Boston, MA 02121, USA", "FID": 116}}, {"type": "Feature", "id": 117, "geometry": {"type": "Point", "coordinates": [-71.0583405323326, 42.2873174929415]}, "properties": {"Line": 111, "Company": "Boston Gas", "Division": "Boston-Cpt", "Town": "Dorchester", "Town_Code": "DOR", "State": "MA", "Description__street_segment_": "240-424 ASHMONT ST, DOR, ADANAC TER", "Diameter": 6, "Material": "Cast Iron", "Operating_Pressure": "LP", "NPA_Opportunity": "Yes - Potential NPA, partial scope", "LPP_Footage": 2175, "LPP_Mileage_": 0.41, "lat": 42.2873174929415, "lon": -71.0583405323326, "Mapped_address": "332 Ashmont St, Boston, MA 02124, USA", "FID": 117}}, {"type": "Feature", "id": 118, "geometry": {"type": "Point", "coordinates": [-71.0612782, 42.2872577]}, "properties": {"Line": 111, "Company": "Boston Gas", "Division": "Boston-Cpt", "Town": "Dorchester", "Town_Code": "DOR", "State": "MA", "Description__street_segment_": "240-424 ASHMONT ST, DOR, ADANAC TER", "Diameter": 6, "Material": "Cast Iron", "Operating_Pressure": "LP", "NPA_Opportunity": "Yes - Potential NPA, partial scope", "LPP_Footage": 2175, "LPP_Mileage_": 0.41, "lat": 42.2872577, "lon": -71.0612782, "Mapped_address": "Adanac Terrace, Boston, MA 02124, USA", "FID": 118}}, {"type": "Feature", "id": 119, "geometry": {"type": "Point", "coordinates": [-71.0760998841289, 42.2964056454483]}, "properties": {"Line": 112, "Company": "Boston Gas", "Division": "Boston-Cpt", "Town": "Dorchester", "Town_Code": "DOR", "State": "MA", "Description__street_segment_": "2-41 ATHELWOLD ST, DOR, & 4-15 MERLIN ST", "Diameter": 4, "Material": "Cast Iron", "Operating_Pressure": "LP", "NPA_Opportunity": "No - Impact to System Integration", "LPP_Footage": 1920, "LPP_Mileage_": 0.36, "lat": 42.2964056454483, "lon": -71.0760998841289, "Mapped_address": "21 Athelwold St, Boston, MA 02124, USA", "FID": 119}}, {"type": "Feature", "id": 120, "geometry": {"type": "Point", "coordinates": [-71.0750401287087, 42.2956822978396]}, "properties": {"Line": 112, "Company": "Boston Gas", "Division": "Boston-Cpt", "Town": "Dorchester", "Town_Code": "DOR", "State": "MA", "Description__street_segment_": "2-41 ATHELWOLD ST, DOR, & 4-15 MERLIN ST", "Diameter": 4, "Material": "Cast Iron", "Operating_Pressure": "LP", "NPA_Opportunity": "No - Impact to System Integration", "LPP_Footage": 1920, "LPP_Mileage_": 0.36, "lat": 42.2956822978396, "lon": -71.0750401287087, "Mapped_address": "9 Merlin St, Boston, MA 02124, USA", "FID": 120}}, {"type": "Feature", "id": 121, "geometry": {"type": "Point", "coordinates": [-71.0558408708632, 42.3201587997108]}, "properties": {"Line": 113, "Company": "Boston Gas", "Division": "Boston-Cpt", "Town": "Dorchester", "Town_Code": "DOR", "State": "MA", "Description__street_segment_": "2-51 BUTTONWOOD ST, DOR, & 3-7 GRAFTON ST", "Diameter": 4, "Material": "Cast Iron", "Operating_Pressure": "LP", "NPA_Opportunity": "Yes - Potential NPA, partial scope", "LPP_Footage": 950, "LPP_Mileage_": 0.18, "lat": 42.3201587997108, "lon": -71.0558408708632, "Mapped_address": "26 Buttonwood St, Boston, MA 02125, USA", "FID": 121}}, {"type": "Feature", "id": 122, "geometry": {"type": "Point", "coordinates": [-71.0561648555112, 42.3198726960723]}, "properties": {"Line": 113, "Company": "Boston Gas", "Division": "Boston-Cpt", "Town": "Dorchester", "Town_Code": "DOR", "State": "MA", "Description__street_segment_": "2-51 BUTTONWOOD ST, DOR, & 3-7 GRAFTON ST", "Diameter": 4, "Material": "Cast Iron", "Operating_Pressure": "LP", "NPA_Opportunity": "Yes - Potential NPA, partial scope", "LPP_Footage": 950, "LPP_Mileage_": 0.18, "lat": 42.3198726960723, "lon": -71.0561648555112, "Mapped_address": "5 Grafton St, Boston, MA 02125, USA", "FID": 122}}, {"type": "Feature", "id": 123, "geometry": {"type": "Point", "coordinates": [-71.0730714649362, 42.2914887221136]}, "properties": {"Line": 114, "Company": "Boston Gas", "Division": "Boston-Cpt", "Town": "Dorchester", "Town_Code": "DOR", "State": "MA", "Description__street_segment_": "259-310 TALBOT AV, DOR, 1-55 ASPINWALL RD,MILLETT", "Diameter": 6, "Material": "Cast Iron", "Operating_Pressure": "LP", "NPA_Opportunity": "No - Impact to System Integration", "LPP_Footage": 2610, "LPP_Mileage_": 0.49, "lat": 42.2914887221136, "lon": -71.0730714649362, "Mapped_address": "28 Aspinwall Rd, Boston, MA 02124, USA", "FID": 123}}, {"type": "Feature", "id": 124, "geometry": {"type": "Point", "coordinates": [-71.0747472177423, 42.2910268378221]}, "properties": {"Line": 114, "Company": "Boston Gas", "Division": "Boston-Cpt", "Town": "Dorchester", "Town_Code": "DOR", "State": "MA", "Description__street_segment_": "259-310 TALBOT AV, DOR, 1-55 ASPINWALL RD,MILLETT", "Diameter": 6, "Material": "Cast Iron", "Operating_Pressure": "LP", "NPA_Opportunity": "No - Impact to System Integration", "LPP_Footage": 2610, "LPP_Mileage_": 0.49, "lat": 42.2910268378221, "lon": -71.0747472177423, "Mapped_address": "284 Talbot Ave, Boston, MA 02124, USA", "FID": 124}}, {"type": "Feature", "id": 125, "geometry": {"type": "Point", "coordinates": [-71.048584425247, 42.3125036584741]}, "properties": {"Line": 115, "Company": "Boston Gas", "Division": "Boston-Cpt", "Town": "Dorchester", "Town_Code": "DOR", "State": "MA", "Description__street_segment_": "268-376 SAVIN HILL AV, DOR, WAVE AV,DAVITT ST,EVAN", "Diameter": 6, "Material": "Cast Iron", "Operating_Pressure": "LP", "NPA_Opportunity": "Yes - Potential NPA, partial scope", "LPP_Footage": 2145, "LPP_Mileage_": 0.41, "lat": 42.3125036584741, "lon": -71.048584425247, "Mapped_address": "322 Savin Hill Ave, Boston, MA 02125, USA", "FID": 125}}, {"type": "Feature", "id": 126, "geometry": {"type": "Point", "coordinates": [-71.0495611601948, 42.3129623230664]}, "properties": {"Line": 115, "Company": "Boston Gas", "Division": "Boston-Cpt", "Town": "Dorchester", "Town_Code": "DOR", "State": "MA", "Description__street_segment_": "268-376 SAVIN HILL AV, DOR, WAVE AV,DAVITT ST,EVAN", "Diameter": 6, "Material": "Cast Iron", "Operating_Pressure": "LP", "NPA_Opportunity": "Yes - Potential NPA, partial scope", "LPP_Footage": 2145, "LPP_Mileage_": 0.41, "lat": 42.3129623230664, "lon": -71.0495611601948, "Mapped_address": "Davitt St, Boston, MA 02125, USA", "FID": 126}}, {"type": "Feature", "id": 127, "geometry": {"type": "Point", "coordinates": [-71.0506256304068, 42.3129873637348]}, "properties": {"Line": 115, "Company": "Boston Gas", "Division": "Boston-Cpt", "Town": "Dorchester", "Town_Code": "DOR", "State": "MA", "Description__street_segment_": "268-376 SAVIN HILL AV, DOR, WAVE AV,DAVITT ST,EVAN", "Diameter": 6, "Material": "Cast Iron", "Operating_Pressure": "LP", "NPA_Opportunity": "Yes - Potential NPA, partial scope", "LPP_Footage": 2145, "LPP_Mileage_": 0.41, "lat": 42.3129873637348, "lon": -71.0506256304068, "Mapped_address": "Wave Ave, Boston, MA 02125, USA", "FID": 127}}, {"type": "Feature", "id": 128, "geometry": {"type": "Point", "coordinates": [-71.0660105736152, 42.3088773448025]}, "properties": {"Line": 116, "Company": "Boston Gas", "Division": "Boston-Cpt", "Town": "Dorchester", "Town_Code": "DOR", "State": "MA", "Description__street_segment_": "2-73 CLARKSON ST, DOR, & 457-491 QUINCY ST", "Diameter": 4, "Material": "Cast Iron", "Operating_Pressure": "LP", "NPA_Opportunity": "Yes - Potential NPA, partial scope", "LPP_Footage": 2320, "LPP_Mileage_": 0.44, "lat": 42.3088773448025, "lon": -71.0660105736152, "Mapped_address": "474 Quincy St, Boston, MA 02125, USA", "FID": 128}}, {"type": "Feature", "id": 129, "geometry": {"type": "Point", "coordinates": [-71.0739455, 42.2996426]}, "properties": {"Line": 117, "Company": "Boston Gas", "Division": "Boston-Cpt", "Town": "Dorchester", "Town_Code": "DOR", "State": "MA", "Description__street_segment_": "282-382 WASHINGTON ST, DOR", "Diameter": 12, "Material": "Cast Iron", "Operating_Pressure": "LP", "NPA_Opportunity": "No - Impact to System Integration", "LPP_Footage": 1535, "LPP_Mileage_": 0.29, "lat": 42.2996426, "lon": -71.0739455, "Mapped_address": "332 Washington St, Boston, MA 02121, USA", "FID": 129}}, {"type": "Feature", "id": 130, "geometry": {"type": "Point", "coordinates": [-71.0820046841068, 42.2886155210466]}, "properties": {"Line": 118, "Company": "Boston Gas", "Division": "Boston-Cpt", "Town": "Dorchester", "Town_Code": "DOR", "State": "MA", "Description__street_segment_": "29-127 CALLENDER ST, DOR, TUCKER,LAURIAT,BOYDEN,OA", "Diameter": 6, "Material": "Cast Iron", "Operating_Pressure": "LP", "NPA_Opportunity": "Yes - Potential NPA, partial scope", "LPP_Footage": 2755, "LPP_Mileage_": 0.52, "lat": 42.2886155210466, "lon": -71.0820046841068, "Mapped_address": "78 Callender St, Boston, MA 02124, USA", "FID": 130}}, {"type": "Feature", "id": 131, "geometry": {"type": "Point", "coordinates": [-71.0690330605902, 42.2852550595886]}, "properties": {"Line": 119, "Company": "Boston Gas", "Division": "Boston-Cpt", "Town": "Dorchester", "Town_Code": "DOR", "State": "MA", "Description__street_segment_": "3-101 ASHMONT ST, DOR, MONTAGUE ST & MELLEN ST", "Diameter": 6, "Material": "Cast Iron", "Operating_Pressure": "LP", "NPA_Opportunity": "No - Impact to System Integration", "LPP_Footage": 2255, "LPP_Mileage_": 0.43, "lat": 42.2852550595886, "lon": -71.0690330605902, "Mapped_address": "52 Ashmont St, Boston, MA 02124, USA", "FID": 131}}, {"type": "Feature", "id": 132, "geometry": {"type": "Point", "coordinates": [-71.0685035550924, 42.2859410180975]}, "properties": {"Line": 119, "Company": "Boston Gas", "Division": "Boston-Cpt", "Town": "Dorchester", "Town_Code": "DOR", "State": "MA", "Description__street_segment_": "3-101 ASHMONT ST, DOR, MONTAGUE ST & MELLEN ST", "Diameter": 6, "Material": "Cast Iron", "Operating_Pressure": "LP", "NPA_Opportunity": "No - Impact to System Integration", "LPP_Footage": 2255, "LPP_Mileage_": 0.43, "lat": 42.2859410180975, "lon": -71.0685035550924, "Mapped_address": "Mellen St, Boston, MA 02124, USA", "FID": 132}}, {"type": "Feature", "id": 133, "geometry": {"type": "Point", "coordinates": [-71.0700016, 42.2858038]}, "properties": {"Line": 119, "Company": "Boston Gas", "Division": "Boston-Cpt", "Town": "Dorchester", "Town_Code": "DOR", "State": "MA", "Description__street_segment_": "3-101 ASHMONT ST, DOR, MONTAGUE ST & MELLEN ST", "Diameter": 6, "Material": "Cast Iron", "Operating_Pressure": "LP", "NPA_Opportunity": "No - Impact to System Integration", "LPP_Footage": 2255, "LPP_Mileage_": 0.43, "lat": 42.2858038, "lon": -71.0700016, "Mapped_address": "Montague St, Boston, MA 02124, USA", "FID": 133}}, {"type": "Feature", "id": 134, "geometry": {"type": "Point", "coordinates": [-71.0487379122157, 42.2811615490977]}, "properties": {"Line": 120, "Company": "Boston Gas", "Division": "Boston-Cpt", "Town": "Dorchester", "Town_Code": "DOR", "State": "MA", "Description__street_segment_": "3-53 CEDAR ST, DOR", "Diameter": 6, "Material": "Cast Iron", "Operating_Pressure": "LP", "NPA_Opportunity": "Yes - Potential NPA, entire scope", "LPP_Footage": 725, "LPP_Mileage_": 0.14, "lat": 42.2811615490977, "lon": -71.0487379122157, "Mapped_address": "28 Cedar Grove St, Boston, MA 02124, USA", "FID": 134}}, {"type": "Feature", "id": 135, "geometry": {"type": "Point", "coordinates": [-71.082684358306, 42.3043730079129]}, "properties": {"Line": 121, "Company": "Boston Gas", "Division": "Boston-Cpt", "Town": "Dorchester", "Town_Code": "DOR", "State": "MA", "Description__street_segment_": "4-108 COLUMBIA RD, DOR, SEAVER ST & SUPPLE RD", "Diameter": 6, "Material": "Cast Iron", "Operating_Pressure": "LP", "NPA_Opportunity": "No - Impact to System Integration", "LPP_Footage": 2715, "LPP_Mileage_": 0.51, "lat": 42.3043730079129, "lon": -71.082684358306, "Mapped_address": "56 Columbia Rd, Boston, MA 02121, USA", "FID": 135}}, {"type": "Feature", "id": 136, "geometry": {"type": "Point", "coordinates": [-71.0883424, 42.3072361]}, "properties": {"Line": 121, "Company": "Boston Gas", "Division": "Boston-Cpt", "Town": "Dorchester", "Town_Code": "DOR", "State": "MA", "Description__street_segment_": "4-108 COLUMBIA RD, DOR, SEAVER ST & SUPPLE RD", "Diameter": 6, "Material": "Cast Iron", "Operating_Pressure": "LP", "NPA_Opportunity": "No - Impact to System Integration", "LPP_Footage": 2715, "LPP_Mileage_": 0.51, "lat": 42.3072361, "lon": -71.0883424, "Mapped_address": "Seaver St, Boston, MA, USA", "FID": 136}}, {"type": "Feature", "id": 137, "geometry": {"type": "Point", "coordinates": [-71.0827264, 42.3060883]}, "properties": {"Line": 121, "Company": "Boston Gas", "Division": "Boston-Cpt", "Town": "Dorchester", "Town_Code": "DOR", "State": "MA", "Description__street_segment_": "4-108 COLUMBIA RD, DOR, SEAVER ST & SUPPLE RD", "Diameter": 6, "Material": "Cast Iron", "Operating_Pressure": "LP", "NPA_Opportunity": "No - Impact to System Integration", "LPP_Footage": 2715, "LPP_Mileage_": 0.51, "lat": 42.3060883, "lon": -71.0827264, "Mapped_address": "Supple Rd, Boston, MA 02121, USA", "FID": 137}}, {"type": "Feature", "id": 138, "geometry": {"type": "Point", "coordinates": [-71.0482863313327, 42.2853746845662]}, "properties": {"Line": 122, "Company": "Boston Gas", "Division": "Boston-Cpt", "Town": "Dorchester", "Town_Code": "DOR", "State": "MA", "Description__street_segment_": "4-127 MINOT ST, DOR, SYLVESTER & WENLOCK RD", "Diameter": 12, "Material": "Cast Iron", "Operating_Pressure": "LP", "NPA_Opportunity": "No - Critical Main", "LPP_Footage": 4145, "LPP_Mileage_": 0.79, "lat": 42.2853746845662, "lon": -71.0482863313327, "Mapped_address": "65 Minot St, Boston, MA 02122, USA", "FID": 138}}, {"type": "Feature", "id": 139, "geometry": {"type": "Point", "coordinates": [-71.064835728557, 42.2995008149078]}, "properties": {"Line": 122, "Company": "Boston Gas", "Division": "Boston-Cpt", "Town": "Dorchester", "Town_Code": "DOR", "State": "MA", "Description__street_segment_": "4-127 MINOT ST, DOR, SYLVESTER & WENLOCK RD", "Diameter": 12, "Material": "Cast Iron", "Operating_Pressure": "LP", "NPA_Opportunity": "No - Critical Main", "LPP_Footage": 4145, "LPP_Mileage_": 0.79, "lat": 42.2995008149078, "lon": -71.064835728557, "Mapped_address": "Dorchester, Boston, MA, USA", "FID": 139}}, {"type": "Feature", "id": 140, "geometry": {"type": "Point", "coordinates": [-71.0483757273116, 42.2844173385989]}, "properties": {"Line": 122, "Company": "Boston Gas", "Division": "Boston-Cpt", "Town": "Dorchester", "Town_Code": "DOR", "State": "MA", "Description__street_segment_": "4-127 MINOT ST, DOR, SYLVESTER & WENLOCK RD", "Diameter": 12, "Material": "Cast Iron", "Operating_Pressure": "LP", "NPA_Opportunity": "No - Critical Main", "LPP_Footage": 4145, "LPP_Mileage_": 0.79, "lat": 42.2844173385989, "lon": -71.0483757273116, "Mapped_address": "Wenlock Rd, Boston, MA 02122, USA", "FID": 140}}, {"type": "Feature", "id": 141, "geometry": {"type": "Point", "coordinates": [-71.073192625325, 42.2943302191767]}, "properties": {"Line": 123, "Company": "Boston Gas", "Division": "Boston-Cpt", "Town": "Dorchester", "Town_Code": "DOR", "State": "MA", "Description__street_segment_": "461-527 WASHINGTON ST, DOR, & 9-37 W TREMLETT ST", "Diameter": 12, "Material": "Cast Iron", "Operating_Pressure": "LP", "NPA_Opportunity": "No - Impact to System Integration", "LPP_Footage": 2130, "LPP_Mileage_": 0.4, "lat": 42.2943302191767, "lon": -71.073192625325, "Mapped_address": "23 W Tremlett St, Boston, MA 02124, USA", "FID": 141}}, {"type": "Feature", "id": 142, "geometry": {"type": "Point", "coordinates": [-71.0717343932982, 42.2944760491695]}, "properties": {"Line": 123, "Company": "Boston Gas", "Division": "Boston-Cpt", "Town": "Dorchester", "Town_Code": "DOR", "State": "MA", "Description__street_segment_": "461-527 WASHINGTON ST, DOR, & 9-37 W TREMLETT ST", "Diameter": 12, "Material": "Cast Iron", "Operating_Pressure": "LP", "NPA_Opportunity": "No - Impact to System Integration", "LPP_Footage": 2130, "LPP_Mileage_": 0.4, "lat": 42.2944760491695, "lon": -71.0717343932982, "Mapped_address": "494 Washington St, Boston, MA 02124, USA", "FID": 142}}, {"type": "Feature", "id": 143, "geometry": {"type": "Point", "coordinates": [-71.0750089580268, 42.3122439215163]}, "properties": {"Line": 124, "Company": "Boston Gas", "Division": "Boston-Cpt", "Town": "Dorchester", "Town_Code": "DOR", "State": "MA", "Description__street_segment_": "5-21 MASCOMA ST, DOR, 37-89 FAYSTON ST,KINEO ST", "Diameter": 4, "Material": "Cast Iron", "Operating_Pressure": "LP", "NPA_Opportunity": "No - High Customer Concentration", "LPP_Footage": 1870, "LPP_Mileage_": 0.35, "lat": 42.3122439215163, "lon": -71.0750089580268, "Mapped_address": "13 Mascoma St, Boston, MA 02121, USA", "FID": 143}}, {"type": "Feature", "id": 144, "geometry": {"type": "Point", "coordinates": [-71.0739936, 42.3118114]}, "properties": {"Line": 124, "Company": "Boston Gas", "Division": "Boston-Cpt", "Town": "Dorchester", "Town_Code": "DOR", "State": "MA", "Description__street_segment_": "5-21 MASCOMA ST, DOR, 37-89 FAYSTON ST,KINEO ST", "Diameter": 4, "Material": "Cast Iron", "Operating_Pressure": "LP", "NPA_Opportunity": "No - High Customer Concentration", "LPP_Footage": 1870, "LPP_Mileage_": 0.35, "lat": 42.3118114, "lon": -71.0739936, "Mapped_address": "Kineo St, Boston, MA 02121, USA", "FID": 144}}, {"type": "Feature", "id": 145, "geometry": {"type": "Point", "coordinates": [-71.0696655594554, 42.3085796055301]}, "properties": {"Line": 125, "Company": "Boston Gas", "Division": "Boston-Cpt", "Town": "Dorchester", "Town_Code": "DOR", "State": "MA", "Description__street_segment_": "54-102 BELLEVUE ST, DOR, HAMILTON ST", "Diameter": 6, "Material": "Cast Iron", "Operating_Pressure": "LP", "NPA_Opportunity": "Yes - Potential NPA, partial scope", "LPP_Footage": 1910, "LPP_Mileage_": 0.36, "lat": 42.3085796055301, "lon": -71.0696655594554, "Mapped_address": "78 Bellevue St, Boston, MA 02125, USA", "FID": 145}}, {"type": "Feature", "id": 146, "geometry": {"type": "Point", "coordinates": [-71.0683874756689, 42.307249735104]}, "properties": {"Line": 125, "Company": "Boston Gas", "Division": "Boston-Cpt", "Town": "Dorchester", "Town_Code": "DOR", "State": "MA", "Description__street_segment_": "54-102 BELLEVUE ST, DOR, HAMILTON ST", "Diameter": 6, "Material": "Cast Iron", "Operating_Pressure": "LP", "NPA_Opportunity": "Yes - Potential NPA, partial scope", "LPP_Footage": 1910, "LPP_Mileage_": 0.36, "lat": 42.307249735104, "lon": -71.0683874756689, "Mapped_address": "Hamilton St, Boston, MA, USA", "FID": 146}}, {"type": "Feature", "id": 147, "geometry": {"type": "Point", "coordinates": [-71.0768673528054, 42.3173411709487]}, "properties": {"Line": 126, "Company": "Boston Gas", "Division": "Boston-Cpt", "Town": "Dorchester", "Town_Code": "DOR", "State": "MA", "Description__street_segment_": "54-126 DACIA ST, DOR", "Diameter": 6, "Material": "Cast Iron", "Operating_Pressure": "LP", "NPA_Opportunity": "No - Impact to System Integration", "LPP_Footage": 760, "LPP_Mileage_": 0.14, "lat": 42.3173411709487, "lon": -71.0768673528054, "Mapped_address": "90 Dacia St, Boston, MA 02125, USA", "FID": 147}}, {"type": "Feature", "id": 148, "geometry": {"type": "Point", "coordinates": [-71.0638911243534, 42.2814119273584]}, "properties": {"Line": 127, "Company": "Boston Gas", "Division": "Boston-Cpt", "Town": "Dorchester", "Town_Code": "DOR", "State": "MA", "Description__street_segment_": "5-45 MAGDALA ST, DOR", "Diameter": 4, "Material": "Cast Iron", "Operating_Pressure": "LP", "NPA_Opportunity": "No - Impact to System Integration", "LPP_Footage": 635, "LPP_Mileage_": 0.12, "lat": 42.2814119273584, "lon": -71.0638911243534, "Mapped_address": "25 Magdala St, Boston, MA 02124, USA", "FID": 148}}, {"type": "Feature", "id": 149, "geometry": {"type": "Point", "coordinates": [-71.0824384163843, 42.3027020645762]}, "properties": {"Line": 128, "Company": "Boston Gas", "Division": "Boston-Cpt", "Town": "Dorchester", "Town_Code": "DOR", "State": "MA", "Description__street_segment_": "5-48 WOLCOTT ST, DOR", "Diameter": 4, "Material": "Cast Iron", "Operating_Pressure": "LP", "NPA_Opportunity": "No - Impact to System Integration", "LPP_Footage": 670, "LPP_Mileage_": 0.13, "lat": 42.3027020645762, "lon": -71.0824384163843, "Mapped_address": "26 Wolcott St, Boston, MA 02121, USA", "FID": 149}}, {"type": "Feature", "id": 150, "geometry": {"type": "Point", "coordinates": [-71.0514037, 42.2913166]}, "properties": {"Line": 129, "Company": "Boston Gas", "Division": "Boston-Cpt", "Town": "Dorchester", "Town_Code": "DOR", "State": "MA", "Description__street_segment_": "55-95 WESTGLOW ST, DOR, TRAIN,BOUTWELL ST,FROST", "Diameter": 4, "Material": "Cast Iron", "Operating_Pressure": "LP", "NPA_Opportunity": "Yes - Potential NPA, partial scope", "LPP_Footage": 3245, "LPP_Mileage_": 0.61, "lat": 42.2913166, "lon": -71.0514037, "Mapped_address": "Boutwell St, Boston, MA 02122, USA", "FID": 150}}, {"type": "Feature", "id": 151, "geometry": {"type": "Point", "coordinates": [-71.0856516289285, 42.289710247977]}, "properties": {"Line": 130, "Company": "Boston Gas", "Division": "Boston-Cpt", "Town": "Dorchester", "Town_Code": "DOR", "State": "MA", "Description__street_segment_": "5-90 AMES ST, DOR", "Diameter": 6, "Material": "Steel-WI", "Operating_Pressure": "22", "NPA_Opportunity": "Yes - Potential NPA", "LPP_Footage": 1090, "LPP_Mileage_": 0.21, "lat": 42.289710247977, "lon": -71.0856516289285, "Mapped_address": "47 Ames St, Boston, MA 02124, USA", "FID": 151}}, {"type": "Feature", "id": 152, "geometry": {"type": "Point", "coordinates": [-71.077476873748, 42.2970190935517]}, "properties": {"Line": 132, "Company": "Boston Gas", "Division": "Boston-Cpt", "Town": "Dorchester", "Town_Code": "DOR", "State": "MA", "Description__street_segment_": "75-111 HARVARD ST, DOR", "Diameter": 12, "Material": "Cast Iron", "Operating_Pressure": "LP", "NPA_Opportunity": "No - Impact to System Integration", "LPP_Footage": 1415, "LPP_Mileage_": 0.27, "lat": 42.2970190935517, "lon": -71.077476873748, "Mapped_address": "93 Harvard St, Boston, MA 02121, USA", "FID": 152}}, {"type": "Feature", "id": 153, "geometry": {"type": "Point", "coordinates": [-71.0735617182586, 42.302234810771]}, "properties": {"Line": 133, "Company": "Boston Gas", "Division": "Boston-Cpt", "Town": "Dorchester", "Town_Code": "DOR", "State": "MA", "Description__street_segment_": "7-54 BULLARD ST, DOR, ROSSETER & NOTTINGHAM ST", "Diameter": 4, "Material": "Cast Iron", "Operating_Pressure": "LP", "NPA_Opportunity": "No - Impact to System Integration", "LPP_Footage": 2545, "LPP_Mileage_": 0.48, "lat": 42.302234810771, "lon": -71.0735617182586, "Mapped_address": "30 Bullard St, Boston, MA 02121, USA", "FID": 153}}, {"type": "Feature", "id": 154, "geometry": {"type": "Point", "coordinates": [-71.0735063433957, 42.3012005883852]}, "properties": {"Line": 133, "Company": "Boston Gas", "Division": "Boston-Cpt", "Town": "Dorchester", "Town_Code": "DOR", "State": "MA", "Description__street_segment_": "7-54 BULLARD ST, DOR, ROSSETER & NOTTINGHAM ST", "Diameter": 4, "Material": "Cast Iron", "Operating_Pressure": "LP", "NPA_Opportunity": "No - Impact to System Integration", "LPP_Footage": 2545, "LPP_Mileage_": 0.48, "lat": 42.3012005883852, "lon": -71.0735063433957, "Mapped_address": "Nottingham St, Boston, MA 02121, USA", "FID": 154}}, {"type": "Feature", "id": 155, "geometry": {"type": "Point", "coordinates": [-71.073864896602, 42.3031028258183]}, "properties": {"Line": 133, "Company": "Boston Gas", "Division": "Boston-Cpt", "Town": "Dorchester", "Town_Code": "DOR", "State": "MA", "Description__street_segment_": "7-54 BULLARD ST, DOR, ROSSETER & NOTTINGHAM ST", "Diameter": 4, "Material": "Cast Iron", "Operating_Pressure": "LP", "NPA_Opportunity": "No - Impact to System Integration", "LPP_Footage": 2545, "LPP_Mileage_": 0.48, "lat": 42.3031028258183, "lon": -71.073864896602, "Mapped_address": "Rosseter St, Boston, MA 02121, USA", "FID": 155}}, {"type": "Feature", "id": 156, "geometry": {"type": "Point", "coordinates": [-71.0532324376521, 42.2854888604835]}, "properties": {"Line": 134, "Company": "Boston Gas", "Division": "Boston-Cpt", "Town": "Dorchester", "Town_Code": "DOR", "State": "MA", "Description__street_segment_": "7-69 CHARLEMONT ST, DOR, & 5-67 FRANCONIA ST", "Diameter": 6, "Material": "Cast Iron", "Operating_Pressure": "LP", "NPA_Opportunity": "Yes - Potential NPA, partial scope", "LPP_Footage": 1575, "LPP_Mileage_": 0.3, "lat": 42.2854888604835, "lon": -71.0532324376521, "Mapped_address": "36 Franconia St, Boston, MA 02122, USA", "FID": 156}}, {"type": "Feature", "id": 157, "geometry": {"type": "Point", "coordinates": [-71.0523368658018, 42.2857222510663]}, "properties": {"Line": 134, "Company": "Boston Gas", "Division": "Boston-Cpt", "Town": "Dorchester", "Town_Code": "DOR", "State": "MA", "Description__street_segment_": "7-69 CHARLEMONT ST, DOR, & 5-67 FRANCONIA ST", "Diameter": 6, "Material": "Cast Iron", "Operating_Pressure": "LP", "NPA_Opportunity": "Yes - Potential NPA, partial scope", "LPP_Footage": 1575, "LPP_Mileage_": 0.3, "lat": 42.2857222510663, "lon": -71.0523368658018, "Mapped_address": "38 Charlemont St, Boston, MA 02122, USA", "FID": 157}}, {"type": "Feature", "id": 158, "geometry": {"type": "Point", "coordinates": [-71.0598279751581, 42.2917307475047]}, "properties": {"Line": 135, "Company": "Boston Gas", "Division": "Boston-Cpt", "Town": "Dorchester", "Town_Code": "DOR", "State": "MA", "Description__street_segment_": "7-90 LONSDALE ST, DOR, & 3-42 FLORIDA ST", "Diameter": 3, "Material": "Cast Iron", "Operating_Pressure": "LP", "NPA_Opportunity": "No - Impact to System Integration", "LPP_Footage": 1900, "LPP_Mileage_": 0.36, "lat": 42.2917307475047, "lon": -71.0598279751581, "Mapped_address": "22 Florida St, Boston, MA 02124, USA", "FID": 158}}, {"type": "Feature", "id": 159, "geometry": {"type": "Point", "coordinates": [-71.0608266334046, 42.2905258747767]}, "properties": {"Line": 135, "Company": "Boston Gas", "Division": "Boston-Cpt", "Town": "Dorchester", "Town_Code": "DOR", "State": "MA", "Description__street_segment_": "7-90 LONSDALE ST, DOR, & 3-42 FLORIDA ST", "Diameter": 3, "Material": "Cast Iron", "Operating_Pressure": "LP", "NPA_Opportunity": "No - Impact to System Integration", "LPP_Footage": 1900, "LPP_Mileage_": 0.36, "lat": 42.2905258747767, "lon": -71.0608266334046, "Mapped_address": "48 Lonsdale St, Boston, MA 02124, USA", "FID": 159}}, {"type": "Feature", "id": 160, "geometry": {"type": "Point", "coordinates": [-71.0596461696294, 42.3247877692398]}, "properties": {"Line": 137, "Company": "Boston Gas", "Division": "Boston-Cpt", "Town": "Dorchester", "Town_Code": "DOR", "State": "MA", "Description__street_segment_": "82-212 BOSTON ST, DOR", "Diameter": 6, "Material": "Cast Iron", "Operating_Pressure": "LP", "NPA_Opportunity": "Yes - Potential NPA", "LPP_Footage": 1800, "LPP_Mileage_": 0.34, "lat": 42.3247877692398, "lon": -71.0596461696294, "Mapped_address": "147 Boston St, Boston, MA 02125, USA", "FID": 160}}, {"type": "Feature", "id": 161, "geometry": {"type": "Point", "coordinates": [-71.0528838873643, 42.287848113484]}, "properties": {"Line": 138, "Company": "Boston Gas", "Division": "Boston-Cpt", "Town": "Dorchester", "Town_Code": "DOR", "State": "MA", "Description__street_segment_": "8-72 NAHANT AV, DOR, & NEWHALL PL", "Diameter": 4, "Material": "Cast Iron", "Operating_Pressure": "LP", "NPA_Opportunity": "Yes - Potential NPA", "LPP_Footage": 1150, "LPP_Mileage_": 0.22, "lat": 42.287848113484, "lon": -71.0528838873643, "Mapped_address": "40 Nahant Ave, Boston, MA 02122, USA", "FID": 161}}, {"type": "Feature", "id": 162, "geometry": {"type": "Point", "coordinates": [-71.0516609599472, 42.2882646807127]}, "properties": {"Line": 138, "Company": "Boston Gas", "Division": "Boston-Cpt", "Town": "Dorchester", "Town_Code": "DOR", "State": "MA", "Description__street_segment_": "8-72 NAHANT AV, DOR, & NEWHALL PL", "Diameter": 4, "Material": "Cast Iron", "Operating_Pressure": "LP", "NPA_Opportunity": "Yes - Potential NPA", "LPP_Footage": 1150, "LPP_Mileage_": 0.22, "lat": 42.2882646807127, "lon": -71.0516609599472, "Mapped_address": "Newhall Pl, Boston, MA 02122, USA", "FID": 162}}, {"type": "Feature", "id": 163, "geometry": {"type": "Point", "coordinates": [-71.0883187099769, 42.2933980698899]}, "properties": {"Line": 139, "Company": "Boston Gas", "Division": "Boston-Cpt", "Town": "Dorchester", "Town_Code": "DOR", "State": "MA", "Description__street_segment_": "879-978 BLUE HILL AV, DOR", "Diameter": 4, "Material": "Cast Iron", "Operating_Pressure": "LP", "NPA_Opportunity": "No - Critical Main", "LPP_Footage": 2010, "LPP_Mileage_": 0.38, "lat": 42.2933980698899, "lon": -71.0883187099769, "Mapped_address": "928 Blue Hill Ave, Boston, MA 02124, USA", "FID": 163}}, {"type": "Feature", "id": 164, "geometry": {"type": "Point", "coordinates": [-71.0777896684611, 42.2797203690443]}, "properties": {"Line": 140, "Company": "Boston Gas", "Division": "Boston-Cpt", "Town": "Dorchester", "Town_Code": "DOR", "State": "MA", "Description__street_segment_": "98-207 FAIRMOUNT ST, DOR", "Diameter": 6, "Material": "Cast Iron", "Operating_Pressure": "LP to 22 & 22", "NPA_Opportunity": "No - Critical Main", "LPP_Footage": 2450, "LPP_Mileage_": 0.46, "lat": 42.2797203690443, "lon": -71.0777896684611, "Mapped_address": "152 Fairmount St, Boston, MA 02124, USA", "FID": 164}}, {"type": "Feature", "id": 165, "geometry": {"type": "Point", "coordinates": [-71.0857886568405, 42.3088035185844]}, "properties": {"Line": 141, "Company": "Boston Gas", "Division": "Boston-Cpt", "Town": "Roxbury", "Town_Code": "ROX", "State": "MA", "Description__street_segment_": "1-108 MAPLE ST, ROX, GEORGIA,SCHUYLER,WAYNE ST", "Diameter": 3, "Material": "Cast Iron", "Operating_Pressure": "LP", "NPA_Opportunity": "Yes - Potential NPA, partial scope", "LPP_Footage": 5245, "LPP_Mileage_": 0.99, "lat": 42.3088035185844, "lon": -71.0857886568405, "Mapped_address": "54 Maple St, Boston, MA 02121, USA", "FID": 165}}, {"type": "Feature", "id": 166, "geometry": {"type": "Point", "coordinates": [-71.0854003825288, 42.307198123202]}, "properties": {"Line": 141, "Company": "Boston Gas", "Division": "Boston-Cpt", "Town": "Roxbury", "Town_Code": "ROX", "State": "MA", "Description__street_segment_": "1-108 MAPLE ST, ROX, GEORGIA,SCHUYLER,WAYNE ST", "Diameter": 3, "Material": "Cast Iron", "Operating_Pressure": "LP", "NPA_Opportunity": "Yes - Potential NPA, partial scope", "LPP_Footage": 5245, "LPP_Mileage_": 0.99, "lat": 42.307198123202, "lon": -71.0854003825288, "Mapped_address": "Wayne St, Boston, MA 02121, USA", "FID": 166}}, {"type": "Feature", "id": 167, "geometry": {"type": "Point", "coordinates": [-71.1040376700692, 42.3314829583808]}, "properties": {"Line": 142, "Company": "Boston Gas", "Division": "Boston-Cpt", "Town": "Roxbury", "Town_Code": "ROX", "State": "MA", "Description__street_segment_": "1-12 OSWALD ST, ROX", "Diameter": 6, "Material": "Cast Iron", "Operating_Pressure": "LP", "NPA_Opportunity": "No - Impact to System Integration", "LPP_Footage": 270, "LPP_Mileage_": 0.05, "lat": 42.3314829583808, "lon": -71.1040376700692, "Mapped_address": "6 Oswald St, Boston, MA 02120, USA", "FID": 167}}, {"type": "Feature", "id": 168, "geometry": {"type": "Point", "coordinates": [-71.1085961913129, 42.3313552103596]}, "properties": {"Line": 143, "Company": "Boston Gas", "Division": "Boston-Cpt", "Town": "Roxbury", "Town_Code": "ROX", "State": "MA", "Description__street_segment_": "1-18 ELDORA ST, ROX, & 5-24 SUNSET ST", "Diameter": 4, "Material": "Cast Iron", "Operating_Pressure": "LP", "NPA_Opportunity": "No - Impact to System Integration", "LPP_Footage": 1130, "LPP_Mileage_": 0.21, "lat": 42.3313552103596, "lon": -71.1085961913129, "Mapped_address": "14 Sunset St, Boston, MA 02120, USA", "FID": 168}}, {"type": "Feature", "id": 169, "geometry": {"type": "Point", "coordinates": [-71.1075981635431, 42.3312636828821]}, "properties": {"Line": 143, "Company": "Boston Gas", "Division": "Boston-Cpt", "Town": "Roxbury", "Town_Code": "ROX", "State": "MA", "Description__street_segment_": "1-18 ELDORA ST, ROX, & 5-24 SUNSET ST", "Diameter": 4, "Material": "Cast Iron", "Operating_Pressure": "LP", "NPA_Opportunity": "No - Impact to System Integration", "LPP_Footage": 1130, "LPP_Mileage_": 0.21, "lat": 42.3312636828821, "lon": -71.1075981635431, "Mapped_address": "9 Eldora St, Boston, MA 02120, USA", "FID": 169}}, {"type": "Feature", "id": 170, "geometry": {"type": "Point", "coordinates": [-71.1074777982795, 42.3285287415644]}, "properties": {"Line": 144, "Company": "Boston Gas", "Division": "Boston-Cpt", "Town": "Roxbury", "Town_Code": "ROX", "State": "MA", "Description__street_segment_": "134-210 FISHER AV, ROX, ESTEY,LAWN,HAYDEN,BUCKNAM", "Diameter": 4, "Material": "Cast Iron", "Operating_Pressure": "LP & LP to 22", "NPA_Opportunity": "No - Impact to System Integration", "LPP_Footage": 3460, "LPP_Mileage_": 0.66, "lat": 42.3285287415644, "lon": -71.1074777982795, "Mapped_address": "172 Fisher Ave, Boston, MA 02120, USA", "FID": 170}}, {"type": "Feature", "id": 171, "geometry": {"type": "Point", "coordinates": [-71.0995966210592, 42.3318140597739]}, "properties": {"Line": 145, "Company": "Boston Gas", "Division": "Boston-Cpt", "Town": "Roxbury", "Town_Code": "ROX", "State": "MA", "Description__street_segment_": "1432-1559 TREMONT ST, ROX, & 2-19 BURNEY ST", "Diameter": 8, "Material": "Cast Iron", "Operating_Pressure": "LP", "NPA_Opportunity": "No - Impact to System Integration", "LPP_Footage": 1795, "LPP_Mileage_": 0.34, "lat": 42.3318140597739, "lon": -71.0995966210592, "Mapped_address": "10 Burney St, Boston, MA 02120, USA", "FID": 171}}, {"type": "Feature", "id": 172, "geometry": {"type": "Point", "coordinates": [-71.0986019, 42.3328341]}, "properties": {"Line": 145, "Company": "Boston Gas", "Division": "Boston-Cpt", "Town": "Roxbury", "Town_Code": "ROX", "State": "MA", "Description__street_segment_": "1432-1559 TREMONT ST, ROX, & 2-19 BURNEY ST", "Diameter": 8, "Material": "Cast Iron", "Operating_Pressure": "LP", "NPA_Opportunity": "No - Impact to System Integration", "LPP_Footage": 1795, "LPP_Mileage_": 0.34, "lat": 42.3328341, "lon": -71.0986019, "Mapped_address": "1495 Tremont St, Boston, MA 02120, USA", "FID": 172}}, {"type": "Feature", "id": 173, "geometry": {"type": "Point", "coordinates": [-71.0984413371477, 42.3202877436638]}, "properties": {"Line": 146, "Company": "Boston Gas", "Division": "Boston-Cpt", "Town": "Roxbury", "Town_Code": "ROX", "State": "MA", "Description__street_segment_": "1578-1845 COLUMBUS AV, ROX, & 30-56 DIMOCK ST", "Diameter": 6, "Material": "Cast Iron", "Operating_Pressure": "LP", "NPA_Opportunity": "No - Impact to System Integration", "LPP_Footage": 2675, "LPP_Mileage_": 0.51, "lat": 42.3202877436638, "lon": -71.0984413371477, "Mapped_address": "1711 Columbus Ave, Boston, MA 02119, USA", "FID": 173}}, {"type": "Feature", "id": 174, "geometry": {"type": "Point", "coordinates": [-71.0972215980887, 42.3194995627183]}, "properties": {"Line": 146, "Company": "Boston Gas", "Division": "Boston-Cpt", "Town": "Roxbury", "Town_Code": "ROX", "State": "MA", "Description__street_segment_": "1578-1845 COLUMBUS AV, ROX, & 30-56 DIMOCK ST", "Diameter": 6, "Material": "Cast Iron", "Operating_Pressure": "LP", "NPA_Opportunity": "No - Impact to System Integration", "LPP_Footage": 2675, "LPP_Mileage_": 0.51, "lat": 42.3194995627183, "lon": -71.0972215980887, "Mapped_address": "43 Dimock St, Boston, MA 02119, USA", "FID": 174}}, {"type": "Feature", "id": 175, "geometry": {"type": "Point", "coordinates": [-71.0986213888263, 42.3170943699775]}, "properties": {"Line": 147, "Company": "Boston Gas", "Division": "Boston-Cpt", "Town": "Roxbury", "Town_Code": "ROX", "State": "MA", "Description__street_segment_": "2-50 W WALNUT PK, ROX", "Diameter": 6, "Material": "Cast Iron", "Operating_Pressure": "LP", "NPA_Opportunity": "No - Impact to System Integration", "LPP_Footage": 1610, "LPP_Mileage_": 0.3, "lat": 42.3170943699775, "lon": -71.0986213888263, "Mapped_address": "26 W Walnut Park, Boston, MA 02119, USA", "FID": 175}}, {"type": "Feature", "id": 176, "geometry": {"type": "Point", "coordinates": [-71.0934110854101, 42.3179088800198]}, "properties": {"Line": 148, "Company": "Boston Gas", "Division": "Boston-Cpt", "Town": "Roxbury", "Town_Code": "ROX", "State": "MA", "Description__street_segment_": "4-38 DENNISON ST, ROX, 1-8 HALEY ST & HARRISHOF", "Diameter": 4, "Material": "Cast Iron", "Operating_Pressure": "LP", "NPA_Opportunity": "Yes - Potential NPA", "LPP_Footage": 640, "LPP_Mileage_": 0.12, "lat": 42.3179088800198, "lon": -71.0934110854101, "Mapped_address": "21 Dennison St, Boston, MA 02119, USA", "FID": 176}}, {"type": "Feature", "id": 177, "geometry": {"type": "Point", "coordinates": [-71.0923256276292, 42.3178319003684]}, "properties": {"Line": 148, "Company": "Boston Gas", "Division": "Boston-Cpt", "Town": "Roxbury", "Town_Code": "ROX", "State": "MA", "Description__street_segment_": "4-38 DENNISON ST, ROX, 1-8 HALEY ST & HARRISHOF", "Diameter": 4, "Material": "Cast Iron", "Operating_Pressure": "LP", "NPA_Opportunity": "Yes - Potential NPA", "LPP_Footage": 640, "LPP_Mileage_": 0.12, "lat": 42.3178319003684, "lon": -71.0923256276292, "Mapped_address": "4 Haley St, Boston, MA 02119, USA", "FID": 177}}, {"type": "Feature", "id": 178, "geometry": {"type": "Point", "coordinates": [-71.0837142, 42.313909]}, "properties": {"Line": 149, "Company": "Boston Gas", "Division": "Boston-Cpt", "Town": "Roxbury", "Town_Code": "ROX", "State": "MA", "Description__street_segment_": "466-575 WARREN ST, ROX", "Diameter": 12, "Material": "Cast Iron", "Operating_Pressure": "LP", "NPA_Opportunity": "Yes - Potential NPA, partial scope", "LPP_Footage": 2595, "LPP_Mileage_": 0.49, "lat": 42.313909, "lon": -71.0837142, "Mapped_address": "520 Warren St, Boston, MA 02121, USA", "FID": 178}}, {"type": "Feature", "id": 179, "geometry": {"type": "Point", "coordinates": [-71.0860935748967, 42.3188048258942]}, "properties": {"Line": 150, "Company": "Boston Gas", "Division": "Boston-Cpt", "Town": "Roxbury", "Town_Code": "ROX", "State": "MA", "Description__street_segment_": "4-94 HUMBOLDT AV, ROX, & CHARLAME ST", "Diameter": 10, "Material": "Cast Iron", "Operating_Pressure": "LP", "NPA_Opportunity": "Yes - Potential NPA, partial scope", "LPP_Footage": 2825, "LPP_Mileage_": 0.54, "lat": 42.3188048258942, "lon": -71.0860935748967, "Mapped_address": "49 Humboldt Ave, Boston, MA 02119, USA", "FID": 179}}, {"type": "Feature", "id": 180, "geometry": {"type": "Point", "coordinates": [-71.0846684, 42.3194555]}, "properties": {"Line": 150, "Company": "Boston Gas", "Division": "Boston-Cpt", "Town": "Roxbury", "Town_Code": "ROX", "State": "MA", "Description__street_segment_": "4-94 HUMBOLDT AV, ROX, & CHARLAME ST", "Diameter": 10, "Material": "Cast Iron", "Operating_Pressure": "LP", "NPA_Opportunity": "Yes - Potential NPA, partial scope", "LPP_Footage": 2825, "LPP_Mileage_": 0.54, "lat": 42.3194555, "lon": -71.0846684, "Mapped_address": "Charlame St, Boston, MA 02119, USA", "FID": 180}}, {"type": "Feature", "id": 181, "geometry": {"type": "Point", "coordinates": [-71.0809998057862, 42.314592844061]}, "properties": {"Line": 151, "Company": "Boston Gas", "Division": "Boston-Cpt", "Town": "Roxbury", "Town_Code": "ROX", "State": "MA", "Description__street_segment_": "5-51 HOLBORN ST, ROX, GANNETT ST, MAYBURY ST", "Diameter": 6, "Material": "Cast Iron", "Operating_Pressure": "LP", "NPA_Opportunity": "No - Impact to System Integration", "LPP_Footage": 2220, "LPP_Mileage_": 0.42, "lat": 42.314592844061, "lon": -71.0809998057862, "Mapped_address": "28 Holborn St, Boston, MA 02121, USA", "FID": 181}}, {"type": "Feature", "id": 182, "geometry": {"type": "Point", "coordinates": [-71.0816776330695, 42.3143475671513]}, "properties": {"Line": 151, "Company": "Boston Gas", "Division": "Boston-Cpt", "Town": "Roxbury", "Town_Code": "ROX", "State": "MA", "Description__street_segment_": "5-51 HOLBORN ST, ROX, GANNETT ST, MAYBURY ST", "Diameter": 6, "Material": "Cast Iron", "Operating_Pressure": "LP", "NPA_Opportunity": "No - Impact to System Integration", "LPP_Footage": 2220, "LPP_Mileage_": 0.42, "lat": 42.3143475671513, "lon": -71.0816776330695, "Mapped_address": "Gannett St, Boston, MA 02121, USA", "FID": 182}}, {"type": "Feature", "id": 183, "geometry": {"type": "Point", "coordinates": [-71.0812628835538, 42.315465449034]}, "properties": {"Line": 151, "Company": "Boston Gas", "Division": "Boston-Cpt", "Town": "Roxbury", "Town_Code": "ROX", "State": "MA", "Description__street_segment_": "5-51 HOLBORN ST, ROX, GANNETT ST, MAYBURY ST", "Diameter": 6, "Material": "Cast Iron", "Operating_Pressure": "LP", "NPA_Opportunity": "No - Impact to System Integration", "LPP_Footage": 2220, "LPP_Mileage_": 0.42, "lat": 42.315465449034, "lon": -71.0812628835538, "Mapped_address": "Maybury St, Boston, MA, USA", "FID": 183}}, {"type": "Feature", "id": 184, "geometry": {"type": "Point", "coordinates": [-71.0746566071308, 42.3298419404367]}, "properties": {"Line": 152, "Company": "Boston Gas", "Division": "Boston-Cpt", "Town": "Roxbury", "Town_Code": "ROX", "State": "MA", "Description__street_segment_": "59-134 HAMPDEN ST, ROX", "Diameter": 12, "Material": "Cast Iron", "Operating_Pressure": "LP", "NPA_Opportunity": "No - Impact to System Integration", "LPP_Footage": 925, "LPP_Mileage_": 0.18, "lat": 42.3298419404367, "lon": -71.0746566071308, "Mapped_address": "96 Hampden St, Boston, MA 02119, USA", "FID": 184}}, {"type": "Feature", "id": 185, "geometry": {"type": "Point", "coordinates": [-71.0864681174565, 42.3079109243919]}, "properties": {"Line": 153, "Company": "Boston Gas", "Division": "Boston-Cpt", "Town": "Roxbury", "Town_Code": "ROX", "State": "MA", "Description__street_segment_": "77-108 MAPLE ST, ROX, SONOMA & NAZING ST", "Diameter": 6, "Material": "Cast Iron", "Operating_Pressure": "LP", "NPA_Opportunity": "No - Impact to System Integration", "LPP_Footage": 1930, "LPP_Mileage_": 0.37, "lat": 42.3079109243919, "lon": -71.0864681174565, "Mapped_address": "92 Maple St, Boston, MA 02121, USA", "FID": 185}}, {"type": "Feature", "id": 186, "geometry": {"type": "Point", "coordinates": [-71.0859987725812, 42.3067083340317]}, "properties": {"Line": 153, "Company": "Boston Gas", "Division": "Boston-Cpt", "Town": "Roxbury", "Town_Code": "ROX", "State": "MA", "Description__street_segment_": "77-108 MAPLE ST, ROX, SONOMA & NAZING ST", "Diameter": 6, "Material": "Cast Iron", "Operating_Pressure": "LP", "NPA_Opportunity": "No - Impact to System Integration", "LPP_Footage": 1930, "LPP_Mileage_": 0.37, "lat": 42.3067083340317, "lon": -71.0859987725812, "Mapped_address": "Nazing St, Boston, MA 02121, USA", "FID": 186}}, {"type": "Feature", "id": 187, "geometry": {"type": "Point", "coordinates": [-71.0872100010234, 42.30846908835]}, "properties": {"Line": 153, "Company": "Boston Gas", "Division": "Boston-Cpt", "Town": "Roxbury", "Town_Code": "ROX", "State": "MA", "Description__street_segment_": "77-108 MAPLE ST, ROX, SONOMA & NAZING ST", "Diameter": 6, "Material": "Cast Iron", "Operating_Pressure": "LP", "NPA_Opportunity": "No - Impact to System Integration", "LPP_Footage": 1930, "LPP_Mileage_": 0.37, "lat": 42.30846908835, "lon": -71.0872100010234, "Mapped_address": "Sonoma St, Boston, MA 02121, USA", "FID": 187}}, {"type": "Feature", "id": 188, "geometry": {"type": "Point", "coordinates": [-71.0712097, 42.3265017]}, "properties": {"Line": 154, "Company": "Boston Gas", "Division": "Boston-Cpt", "Town": "Roxbury", "Town_Code": "ROX", "State": "MA", "Description__street_segment_": "81-202 NORFOLK AV, ROX", "Diameter": 4, "Material": "Cast Iron", "Operating_Pressure": "LP", "NPA_Opportunity": "No - Impact to System Integration", "LPP_Footage": 1705, "LPP_Mileage_": 0.32, "lat": 42.3265017, "lon": -71.0712097, "Mapped_address": "141 Norfolk Ave, Boston, MA 02119, USA", "FID": 188}}, {"type": "Feature", "id": 189, "geometry": {"type": "Point", "coordinates": [-71.0978729539956, 42.3290441528374]}, "properties": {"Line": 155, "Company": "Boston Gas", "Division": "Boston-Cpt", "Town": "Roxbury", "Town_Code": "ROX", "State": "MA", "Description__street_segment_": "8-166 TERRACE ST, ROX, & OSCAR ST", "Diameter": 12, "Material": "Cast Iron", "Operating_Pressure": "LP", "NPA_Opportunity": "Yes - Potential NPA", "LPP_Footage": 1975, "LPP_Mileage_": 0.37, "lat": 42.3290441528374, "lon": -71.0978729539956, "Mapped_address": "87 Terrace St, Boston, MA 02120, USA", "FID": 189}}, {"type": "Feature", "id": 190, "geometry": {"type": "Point", "coordinates": [-71.0975616, 42.3303324]}, "properties": {"Line": 155, "Company": "Boston Gas", "Division": "Boston-Cpt", "Town": "Roxbury", "Town_Code": "ROX", "State": "MA", "Description__street_segment_": "8-166 TERRACE ST, ROX, & OSCAR ST", "Diameter": 12, "Material": "Cast Iron", "Operating_Pressure": "LP", "NPA_Opportunity": "Yes - Potential NPA", "LPP_Footage": 1975, "LPP_Mileage_": 0.37, "lat": 42.3303324, "lon": -71.0975616, "Mapped_address": "Oscar St, Boston, MA 02120, USA", "FID": 190}}, {"type": "Feature", "id": 191, "geometry": {"type": "Point", "coordinates": [-71.097053102903, 42.3130218388388]}, "properties": {"Line": 156, "Company": "Boston Gas", "Division": "Boston-Cpt", "Town": "Roxbury", "Town_Code": "ROX", "State": "MA", "Description__street_segment_": "8-38 SCHOOL ST, ROX", "Diameter": 4, "Material": "Cast Iron", "Operating_Pressure": "LP", "NPA_Opportunity": "No - Impact to System Integration", "LPP_Footage": 2025, "LPP_Mileage_": 0.38, "lat": 42.3130218388388, "lon": -71.097053102903, "Mapped_address": "23 School St, Boston, MA 02119, USA", "FID": 191}}, {"type": "Feature", "id": 192, "geometry": {"type": "Point", "coordinates": [-71.0704297062275, 42.3310233054777]}, "properties": {"Line": 157, "Company": "Boston Gas", "Division": "Boston-Cpt", "Town": "Roxbury", "Town_Code": "ROX", "State": "MA", "Description__street_segment_": "865-895 MASSACHUSETTS AV, ROX", "Diameter": 6, "Material": "Cast Iron", "Operating_Pressure": "LP", "NPA_Opportunity": "No - Impact to System Integration", "LPP_Footage": 255, "LPP_Mileage_": 0.05, "lat": 42.3310233054777, "lon": -71.0704297062275, "Mapped_address": "880 Massachusetts Ave, Boston, MA 02118, USA", "FID": 192}}, {"type": "Feature", "id": 193, "geometry": {"type": "Point", "coordinates": [-71.0312716939534, 42.3308055929061]}, "properties": {"Line": 158, "Company": "Boston Gas", "Division": "Boston-Cpt", "Town": "South Boston", "Town_Code": "SBO", "State": "MA", "Description__street_segment_": "1650-1756 COLUMBIA RD, SBO", "Diameter": 6, "Material": "Cast Iron", "Operating_Pressure": "LP", "NPA_Opportunity": "No - Impact to System Integration", "LPP_Footage": 1175, "LPP_Mileage_": 0.22, "lat": 42.3308055929061, "lon": -71.0312716939534, "Mapped_address": "1703 Columbia Rd, Boston, MA 02127, USA", "FID": 193}}, {"type": "Feature", "id": 194, "geometry": {"type": "Point", "coordinates": [-71.053269833831, 42.3297488144661]}, "properties": {"Line": 159, "Company": "Boston Gas", "Division": "Boston-Cpt", "Town": "South Boston", "Town_Code": "SBO", "State": "MA", "Description__street_segment_": "267-345 OLD COLONY AV, SBO, & 17-42 VINTON ST", "Diameter": 6, "Material": "Cast Iron", "Operating_Pressure": "LP", "NPA_Opportunity": "No - Impact to System Integration", "LPP_Footage": 1770, "LPP_Mileage_": 0.34, "lat": 42.3297488144661, "lon": -71.053269833831, "Mapped_address": "29 Vinton St, Boston, MA 02127, USA", "FID": 194}}, {"type": "Feature", "id": 195, "geometry": {"type": "Point", "coordinates": [-71.052435781419, 42.3297001157022]}, "properties": {"Line": 159, "Company": "Boston Gas", "Division": "Boston-Cpt", "Town": "South Boston", "Town_Code": "SBO", "State": "MA", "Description__street_segment_": "267-345 OLD COLONY AV, SBO, & 17-42 VINTON ST", "Diameter": 6, "Material": "Cast Iron", "Operating_Pressure": "LP", "NPA_Opportunity": "No - Impact to System Integration", "LPP_Footage": 1770, "LPP_Mileage_": 0.34, "lat": 42.3297001157022, "lon": -71.052435781419, "Mapped_address": "306 Old Colony Ave, Boston, MA 02127, USA", "FID": 195}}, {"type": "Feature", "id": 196, "geometry": {"type": "Point", "coordinates": [-71.0455660534036, 42.3341120528615]}, "properties": {"Line": 160, "Company": "Boston Gas", "Division": "Boston-Cpt", "Town": "South Boston", "Town_Code": "SBO", "State": "MA", "Description__street_segment_": "469-595 E FOURTH ST, SBO, & 1-16 PACIFIC ST", "Diameter": 6, "Material": "Steel-WI", "Operating_Pressure": "LP", "NPA_Opportunity": "Yes - Potential NPA, partial scope", "LPP_Footage": 1815, "LPP_Mileage_": 0.34, "lat": 42.3341120528615, "lon": -71.0455660534036, "Mapped_address": "8 Pacific St, Boston, MA 02127, USA", "FID": 196}}, {"type": "Feature", "id": 197, "geometry": {"type": "Point", "coordinates": [-71.0351959234951, 42.334777752448]}, "properties": {"Line": 162, "Company": "Boston Gas", "Division": "Boston-Cpt", "Town": "South Boston", "Town_Code": "SBO", "State": "MA", "Description__street_segment_": "68-96 L ST, SBO", "Diameter": 12, "Material": "Cast Iron", "Operating_Pressure": "LP", "NPA_Opportunity": "No - Critical Main", "LPP_Footage": 375, "LPP_Mileage_": 0.07, "lat": 42.334777752448, "lon": -71.0351959234951, "Mapped_address": "82 L St, Boston, MA 02127, USA", "FID": 197}}, {"type": "Feature", "id": 198, "geometry": {"type": "Point", "coordinates": [-71.1457985811722, 42.35353452806]}, "properties": {"Line": 163, "Company": "Boston Gas", "Division": "Boston-Rvm", "Town": "Brighton", "Town_Code": "BRI", "State": "MA", "Description__street_segment_": "102-125 MURDOCK ST, BRI, & CUSHMAN RD", "Diameter": 4, "Material": "Cast Iron", "Operating_Pressure": "LP & LP to 22", "NPA_Opportunity": "No - Impact to System Integration", "LPP_Footage": 695, "LPP_Mileage_": 0.13, "lat": 42.35353452806, "lon": -71.1457985811722, "Mapped_address": "113 Murdock St, Boston, MA 02135, USA", "FID": 198}}, {"type": "Feature", "id": 199, "geometry": {"type": "Point", "coordinates": [-71.1468914891857, 42.3538126943775]}, "properties": {"Line": 163, "Company": "Boston Gas", "Division": "Boston-Rvm", "Town": "Brighton", "Town_Code": "BRI", "State": "MA", "Description__street_segment_": "102-125 MURDOCK ST, BRI, & CUSHMAN RD", "Diameter": 4, "Material": "Cast Iron", "Operating_Pressure": "LP & LP to 22", "NPA_Opportunity": "No - Impact to System Integration", "LPP_Footage": 695, "LPP_Mileage_": 0.13, "lat": 42.3538126943775, "lon": -71.1468914891857, "Mapped_address": "Cushman Rd, Boston, MA 02135, USA", "FID": 199}}, {"type": "Feature", "id": 200, "geometry": {"type": "Point", "coordinates": [-71.1402034327218, 42.3425867945606]}, "properties": {"Line": 164, "Company": "Boston Gas", "Division": "Boston-Rvm", "Town": "Brighton", "Town_Code": "BRI", "State": "MA", "Description__street_segment_": "10-40 MT HOOD RD, BRI, EGREMONT RD & COREY RD", "Diameter": 6, "Material": "Cast Iron", "Operating_Pressure": "LP", "NPA_Opportunity": "No - Impact to System Integration", "LPP_Footage": 2230, "LPP_Mileage_": 0.42, "lat": 42.3425867945606, "lon": -71.1402034327218, "Mapped_address": "Corey Rd, Boston, MA, USA", "FID": 200}}, {"type": "Feature", "id": 201, "geometry": {"type": "Point", "coordinates": [-71.1924413, 42.1950839]}, "properties": {"Line": 199, "Company": "Boston Gas", "Division": "Boston-Rvm", "Town": "Norwood", "Town_Code": "NOR", "State": "MA", "Description__street_segment_": "4-74 ADAMS ST, NOR, GRANT AV,EMONROE,LENOX ST", "Diameter": 4, "Material": "Cast Iron", "Operating_Pressure": "LP to 60", "NPA_Opportunity": "No - Impact to System Integration", "LPP_Footage": 2010, "LPP_Mileage_": 0.38, "lat": 42.1950839, "lon": -71.1924413, "Mapped_address": "E Monroe St, Norwood, MA 02062, USA", "FID": 201}}, {"type": "Feature", "id": 202, "geometry": {"type": "Point", "coordinates": [-71.0540384736762, 42.2506907827394]}, "properties": {"Line": 239, "Company": "Boston Gas", "Division": "Braintree", "Town": "Milton", "Town_Code": "MIL", "State": "MA", "Description__street_segment_": "1-134 EDGE HILL RD, MIL, 3-69 CENTURY LN &LAWRENCE", "Diameter": 6, "Material": "Cast Iron", "Operating_Pressure": "LP", "NPA_Opportunity": "No - Impact to System Integration", "LPP_Footage": 3015, "LPP_Mileage_": 0.57, "lat": 42.2506907827394, "lon": -71.0540384736762, "Mapped_address": "Lawrence Rd, Milton, MA 02186, USA", "FID": 202}}, {"type": "Feature", "id": 203, "geometry": {"type": "Point", "coordinates": [-71.0460896, 42.2727286]}, "properties": {"Line": 244, "Company": "Boston Gas", "Division": "Braintree", "Town": "Milton", "Town_Code": "MIL", "State": "MA", "Description__street_segment_": "8-54 THISTLE AV, MIL, & RIVERSIDE AV, WHITMAN", "Diameter": 4, "Material": "Steel-WI", "Operating_Pressure": "22", "NPA_Opportunity": "Yes - Potential NPA, entire scope", "LPP_Footage": 1475, "LPP_Mileage_": 0.28, "lat": 42.2727286, "lon": -71.0460896, "Mapped_address": "Whitman Rd, Milton, MA 02186, USA", "FID": 203}}, {"type": "Feature", "id": 204, "geometry": {"type": "Point", "coordinates": [-70.9403796, 42.2342841]}, "properties": {"Line": 300, "Company": "Boston Gas", "Division": "Braintree", "Town": "Weymouth", "Town_Code": "WEY", "State": "MA", "Description__street_segment_": "14-134 MORELAND RD, WEY, & DONNELLAN CIR, RINALDO", "Diameter": 2, "Material": "Steel-WI", "Operating_Pressure": "60", "NPA_Opportunity": "Yes - Potential NPA, partial scope", "LPP_Footage": 5015, "LPP_Mileage_": 0.95, "lat": 42.2342841, "lon": -70.9403796, "Mapped_address": "Rinaldo Rd, Weymouth, MA 02191, USA", "FID": 204}}, {"type": "Feature", "id": 205, "geometry": {"type": "Point", "coordinates": [-70.9505761, 42.2452602]}, "properties": {"Line": 306, "Company": "Boston Gas", "Division": "Braintree", "Town": "Weymouth", "Town_Code": "WEY", "State": "MA", "Description__street_segment_": "5-46 SAGAMORE RD, WEY, 8-44 HOBAMACK RD, MANOMET", "Diameter": 2, "Material": "Steel-WI", "Operating_Pressure": "60", "NPA_Opportunity": "No - Impact to System Integration", "LPP_Footage": 1880, "LPP_Mileage_": 0.36, "lat": 42.2452602, "lon": -70.9505761, "Mapped_address": "Manomet Rd, Weymouth, MA 02191, USA", "FID": 205}}, {"type": "Feature", "id": 206, "geometry": {"type": "Point", "coordinates": [-71.083774, 42.7805053]}, "properties": {"Line": 312, "Company": "Boston Gas", "Division": "Essex", "Town": "Haverhill", "Town_Code": "HAV", "State": "MA", "Description__street_segment_": "2-56 NORTH ST, HAV, &NORTH ST,FRANKLIN,JOHN", "Diameter": 4, "Material": "Cast Iron", "Operating_Pressure": "LP to 60", "NPA_Opportunity": "No - Impact to System Integration", "LPP_Footage": 7455, "LPP_Mileage_": 1.41, "lat": 42.7805053, "lon": -71.083774, "Mapped_address": "John St, Haverhill, MA 01830, USA", "FID": 206}}, {"type": "Feature", "id": 207, "geometry": {"type": "Point", "coordinates": [-71.104540313754, 42.7748501326501]}, "properties": {"Line": 315, "Company": "Boston Gas", "Division": "Essex", "Town": "Haverhill", "Town_Code": "HAV", "State": "MA", "Description__street_segment_": "3-65 ADELE AV, HAV, LOWELL,LEYLAND,WASHINGTON", "Diameter": 6, "Material": "Cast Iron", "Operating_Pressure": "LP to 60", "NPA_Opportunity": "No - Critical Main", "LPP_Footage": 2615, "LPP_Mileage_": 0.5, "lat": 42.7748501326501, "lon": -71.104540313754, "Mapped_address": "Leyland Ave, Haverhill, MA 01832, USA", "FID": 207}}, {"type": "Feature", "id": 208, "geometry": {"type": "Point", "coordinates": [-71.0947475, 42.7699444]}, "properties": {"Line": 315, "Company": "Boston Gas", "Division": "Essex", "Town": "Haverhill", "Town_Code": "HAV", "State": "MA", "Description__street_segment_": "3-65 ADELE AV, HAV, LOWELL,LEYLAND,WASHINGTON", "Diameter": 6, "Material": "Cast Iron", "Operating_Pressure": "LP to 60", "NPA_Opportunity": "No - Critical Main", "LPP_Footage": 2615, "LPP_Mileage_": 0.5, "lat": 42.7699444, "lon": -71.0947475, "Mapped_address": "Washington St, Haverhill, MA 01832, USA", "FID": 208}}, {"type": "Feature", "id": 209, "geometry": {"type": "Point", "coordinates": [-71.5860619, 42.5602446]}, "properties": {"Line": 322, "Company": "Boston Gas", "Division": "Leominster", "Town": "Ayer", "Town_Code": "AYE", "State": "MA", "Description__street_segment_": "1-70 MAIN ST, AYE, COLUMBIA,NEWTON,WASHINGTON", "Diameter": 4, "Material": "Steel-WI", "Operating_Pressure": "60", "NPA_Opportunity": "No - Impact to System Integration", "LPP_Footage": 2015, "LPP_Mileage_": 0.38, "lat": 42.5602446, "lon": -71.5860619, "Mapped_address": "Columbia St, Ayer, MA 01432, USA", "FID": 209}}, {"type": "Feature", "id": 210, "geometry": {"type": "Point", "coordinates": [-71.5869333, 42.5600634]}, "properties": {"Line": 322, "Company": "Boston Gas", "Division": "Leominster", "Town": "Ayer", "Town_Code": "AYE", "State": "MA", "Description__street_segment_": "1-70 MAIN ST, AYE, COLUMBIA,NEWTON,WASHINGTON", "Diameter": 4, "Material": "Steel-WI", "Operating_Pressure": "60", "NPA_Opportunity": "No - Impact to System Integration", "LPP_Footage": 2015, "LPP_Mileage_": 0.38, "lat": 42.5600634, "lon": -71.5869333, "Mapped_address": "Newton St, Ayer, MA 01432, USA", "FID": 210}}, {"type": "Feature", "id": 211, "geometry": {"type": "Point", "coordinates": [-71.5799817, 42.5667001]}, "properties": {"Line": 322, "Company": "Boston Gas", "Division": "Leominster", "Town": "Ayer", "Town_Code": "AYE", "State": "MA", "Description__street_segment_": "1-70 MAIN ST, AYE, COLUMBIA,NEWTON,WASHINGTON", "Diameter": 4, "Material": "Steel-WI", "Operating_Pressure": "60", "NPA_Opportunity": "No - Impact to System Integration", "LPP_Footage": 2015, "LPP_Mileage_": 0.38, "lat": 42.5667001, "lon": -71.5799817, "Mapped_address": "Washington St, Ayer, MA 01432, USA", "FID": 211}}, {"type": "Feature", "id": 212, "geometry": {"type": "Point", "coordinates": [-71.0571571, 42.410488]}, "properties": {"Line": 355, "Company": "Boston Gas", "Division": "Malden", "Town": "Everett", "Town_Code": "EVE", "State": "MA", "Description__street_segment_": "120-213 LINDEN ST, EVE, WARREN,CHURCH ST,MAPLE AV", "Diameter": 12, "Material": "Cast Iron", "Operating_Pressure": "LP", "NPA_Opportunity": "Yes - Potential NPA, partial scope", "LPP_Footage": 2870, "LPP_Mileage_": 0.54, "lat": 42.410488, "lon": -71.0571571, "Mapped_address": "Warren St, Everett, MA 02149, USA", "FID": 212}}, {"type": "Feature", "id": 213, "geometry": {"type": "Point", "coordinates": [-71.083648, 42.4253806]}, "properties": {"Line": 374, "Company": "Boston Gas", "Division": "Malden", "Town": "Malden", "Town_Code": "MAL", "State": "MA", "Description__street_segment_": "7-86 WEST ST, MAL, ESTEY,WELSH ST,HIGHLND CT", "Diameter": 8, "Material": "Cast Iron", "Operating_Pressure": "LP", "NPA_Opportunity": "No - Impact to System Integration", "LPP_Footage": 2010, "LPP_Mileage_": 0.38, "lat": 42.4253806, "lon": -71.083648, "Mapped_address": "Estey St, Malden, MA 02148, USA", "FID": 213}}, {"type": "Feature", "id": 214, "geometry": {"type": "Point", "coordinates": [-71.1121732872219, 42.4128162373395]}, "properties": {"Line": 398, "Company": "Boston Gas", "Division": "Malden", "Town": "Medford", "Town_Code": "MED", "State": "MA", "Description__street_segment_": "4-66 COLLEGE AV, MED, ROYALL,FLORENCE ST", "Diameter": 6, "Material": "Cast Iron", "Operating_Pressure": "LP", "NPA_Opportunity": "No - Impact to System Integration", "LPP_Footage": 2225, "LPP_Mileage_": 0.42, "lat": 42.4128162373395, "lon": -71.1121732872219, "Mapped_address": "Royall St, Medford, MA 02155, USA", "FID": 214}}, {"type": "Feature", "id": 215, "geometry": {"type": "Point", "coordinates": [-71.1338175446684, 42.4247519721894]}, "properties": {"Line": 402, "Company": "Boston Gas", "Division": "Malden", "Town": "Medford", "Town_Code": "MED", "State": "MA", "Description__street_segment_": "67-144 WARREN ST, MED, CLEWLEY,CHARDON,GORHAM RD", "Diameter": 6, "Material": "Cast Iron", "Operating_Pressure": "LP to 25", "NPA_Opportunity": "No - Impact to System Integration", "LPP_Footage": 3570, "LPP_Mileage_": 0.68, "lat": 42.4247519721894, "lon": -71.1338175446684, "Mapped_address": "Chardon Rd, Medford, MA 02155, USA", "FID": 215}}, {"type": "Feature", "id": 216, "geometry": {"type": "Point", "coordinates": [-71.1328114976201, 42.4263352530236]}, "properties": {"Line": 402, "Company": "Boston Gas", "Division": "Malden", "Town": "Medford", "Town_Code": "MED", "State": "MA", "Description__street_segment_": "67-144 WARREN ST, MED, CLEWLEY,CHARDON,GORHAM RD", "Diameter": 6, "Material": "Cast Iron", "Operating_Pressure": "LP to 25", "NPA_Opportunity": "No - Impact to System Integration", "LPP_Footage": 3570, "LPP_Mileage_": 0.68, "lat": 42.4263352530236, "lon": -71.1328114976201, "Mapped_address": "Clewley Rd, Medford, MA 02155, USA", "FID": 216}}, {"type": "Feature", "id": 217, "geometry": {"type": "Point", "coordinates": [-71.1169292042745, 42.5252986308942]}, "properties": {"Line": 421, "Company": "Boston Gas", "Division": "Malden", "Town": "Reading", "Town_Code": "RDG", "State": "MA", "Description__street_segment_": "52-149 SUMMER AV, RDG, HANCOCK,MINERAL,GRANT ST", "Diameter": 6, "Material": "Cast Iron", "Operating_Pressure": "LP to 60", "NPA_Opportunity": "Yes - Potential NPA, partial scope", "LPP_Footage": 3770, "LPP_Mileage_": 0.71, "lat": 42.5252986308942, "lon": -71.1169292042745, "Mapped_address": "Mineral St, Reading, MA 01867, USA", "FID": 217}}, {"type": "Feature", "id": 218, "geometry": {"type": "Point", "coordinates": [-70.9942256, 42.4028857]}, "properties": {"Line": 431, "Company": "Boston Gas", "Division": "Malden", "Town": "Revere", "Town_Code": "REV", "State": "MA", "Description__street_segment_": "3-59 CLARK RD, REV, WOLCOTT, CURTIS RD", "Diameter": 6, "Material": "Cast Iron", "Operating_Pressure": "LP", "NPA_Opportunity": "No - Impact to System Integration", "LPP_Footage": 1000, "LPP_Mileage_": 0.19, "lat": 42.4028857, "lon": -70.9942256, "Mapped_address": "Wolcott Rd, Revere, MA 02151, USA", "FID": 218}}, {"type": "Feature", "id": 219, "geometry": {"type": "Point", "coordinates": [-70.9849731, 42.3992844]}, "properties": {"Line": 433, "Company": "Boston Gas", "Division": "Malden", "Town": "Revere", "Town_Code": "REV", "State": "MA", "Description__street_segment_": "78-181 WINTHROP PKWY, REV, BROADSOUND,OCEANVIEW AV", "Diameter": 6, "Material": "Cast Iron", "Operating_Pressure": "2", "NPA_Opportunity": "No - Impact to System Integration", "LPP_Footage": 2555, "LPP_Mileage_": 0.48, "lat": 42.3992844, "lon": -70.9849731, "Mapped_address": "Broadsound Ave, Revere, MA 02151, USA", "FID": 219}}, {"type": "Feature", "id": 220, "geometry": {"type": "Point", "coordinates": [-71.1014360608303, 42.4837007160674]}, "properties": {"Line": 446, "Company": "Boston Gas", "Division": "Malden", "Town": "Stoneham", "Town_Code": "STO", "State": "MA", "Description__street_segment_": "8-52 LINDENWOOD RD, STO, ROWE,WEST ST,RICHARDSN RD", "Diameter": 6, "Material": "Cast Iron", "Operating_Pressure": "LP to 25", "NPA_Opportunity": "Yes - Potential NPA, partial scope", "LPP_Footage": 2275, "LPP_Mileage_": 0.43, "lat": 42.4837007160674, "lon": -71.1014360608303, "Mapped_address": "Rowe St, Stoneham, MA 02180, USA", "FID": 220}}, {"type": "Feature", "id": 221, "geometry": {"type": "Point", "coordinates": [-71.1236740346138, 42.4599578222778]}, "properties": {"Line": 447, "Company": "Boston Gas", "Division": "Malden", "Town": "Winchester", "Town_Code": "WNC", "State": "MA", "Description__street_segment_": "111-149 HIGHLAND AV, WNC, PRINCE,EUCLID,STONE AV", "Diameter": 4, "Material": "Cast Iron", "Operating_Pressure": "LP", "NPA_Opportunity": "No - Impact to System Integration", "LPP_Footage": 4130, "LPP_Mileage_": 0.78, "lat": 42.4599578222778, "lon": -71.1236740346138, "Mapped_address": "Euclid Ave, Winchester, MA 01890, USA", "FID": 221}}, {"type": "Feature", "id": 222, "geometry": {"type": "Point", "coordinates": [-71.1585626, 42.445399]}, "properties": {"Line": 449, "Company": "Boston Gas", "Division": "Malden", "Town": "Winchester", "Town_Code": "WNC", "State": "MA", "Description__street_segment_": "1-25 INDIAN HILL RD, WNC, SACHEM,EMERSON,SQUANTO", "Diameter": 6, "Material": "Cast Iron", "Operating_Pressure": "LP to 25", "NPA_Opportunity": "Yes - Potential NPA, entire scope", "LPP_Footage": 2860, "LPP_Mileage_": 0.54, "lat": 42.445399, "lon": -71.1585626, "Mapped_address": "Sachem Rd, Winchester, MA 01890, USA", "FID": 222}}, {"type": "Feature", "id": 223, "geometry": {"type": "Point", "coordinates": [-71.1606197, 42.4442385]}, "properties": {"Line": 449, "Company": "Boston Gas", "Division": "Malden", "Town": "Winchester", "Town_Code": "WNC", "State": "MA", "Description__street_segment_": "1-25 INDIAN HILL RD, WNC, SACHEM,EMERSON,SQUANTO", "Diameter": 6, "Material": "Cast Iron", "Operating_Pressure": "LP to 25", "NPA_Opportunity": "Yes - Potential NPA, entire scope", "LPP_Footage": 2860, "LPP_Mileage_": 0.54, "lat": 42.4442385, "lon": -71.1606197, "Mapped_address": "Squanto Rd, Winchester, MA 01890, USA", "FID": 223}}, {"type": "Feature", "id": 224, "geometry": {"type": "Point", "coordinates": [-71.1292381462575, 42.4582073105005]}, "properties": {"Line": 450, "Company": "Boston Gas", "Division": "Malden", "Town": "Winchester", "Town_Code": "WNC", "State": "MA", "Description__street_segment_": "154-203 HIGHLAND AV, WNC, HANCOCK ST,PARK,GOVNRS A", "Diameter": 4, "Material": "Cast Iron", "Operating_Pressure": "LP", "NPA_Opportunity": "No - Impact to System Integration", "LPP_Footage": 3610, "LPP_Mileage_": 0.68, "lat": 42.4582073105005, "lon": -71.1292381462575, "Mapped_address": "Park Rd, Winchester, MA 01890, USA", "FID": 224}}, {"type": "Feature", "id": 225, "geometry": {"type": "Point", "coordinates": [-71.1488114, 42.4517446]}, "properties": {"Line": 451, "Company": "Boston Gas", "Division": "Malden", "Town": "Winchester", "Town_Code": "WNC", "State": "MA", "Description__street_segment_": "2-26 CABOT ST, WNC, CALUMET RD,OXFORD,WARREN", "Diameter": 3, "Material": "Cast Iron", "Operating_Pressure": "LP to 25", "NPA_Opportunity": "No - Impact to System Integration", "LPP_Footage": 5175, "LPP_Mileage_": 0.98, "lat": 42.4517446, "lon": -71.1488114, "Mapped_address": "Warren St, Winchester, MA 01890, USA", "FID": 225}}, {"type": "Feature", "id": 226, "geometry": {"type": "Point", "coordinates": [-70.973897, 42.3816899]}, "properties": {"Line": 461, "Company": "Boston Gas", "Division": "Malden", "Town": "Winthrop", "Town_Code": "WNT", "State": "MA", "Description__street_segment_": "2-110 BEACH RD, WNT, MYRTLE,HAWTHORNE,LOCUST", "Diameter": 4, "Material": "Cast Iron", "Operating_Pressure": "LP to 60", "NPA_Opportunity": "Yes - Potential NPA, partial scope", "LPP_Footage": 2500, "LPP_Mileage_": 0.47, "lat": 42.3816899, "lon": -70.973897, "Mapped_address": "Myrtle Ave, Winthrop, MA 02152, USA", "FID": 226}}, {"type": "Feature", "id": 227, "geometry": {"type": "Point", "coordinates": [-71.1919290043867, 42.3169256209819]}, "properties": {"Line": 559, "Company": "Boston Gas", "Division": "Waltham", "Town": "Newton", "Town_Code": "NEW", "State": "MA", "Description__street_segment_": "5-100 OLDE FIELD RD, NEW, HAGEN,PHILBRICK,SHELDON", "Diameter": 4, "Material": "Steel-WI", "Operating_Pressure": "22", "NPA_Opportunity": "Yes - Potential NPA, partial scope", "LPP_Footage": 4280, "LPP_Mileage_": 0.81, "lat": 42.3169256209819, "lon": -71.1919290043867, "Mapped_address": "Hagen Rd, Newton, MA 02459, USA", "FID": 227}}, {"type": "Feature", "id": 228, "geometry": {"type": "Point", "coordinates": [-71.1935618, 42.3177116]}, "properties": {"Line": 559, "Company": "Boston Gas", "Division": "Waltham", "Town": "Newton", "Town_Code": "NEW", "State": "MA", "Description__street_segment_": "5-100 OLDE FIELD RD, NEW, HAGEN,PHILBRICK,SHELDON", "Diameter": 4, "Material": "Steel-WI", "Operating_Pressure": "22", "NPA_Opportunity": "Yes - Potential NPA, partial scope", "LPP_Footage": 4280, "LPP_Mileage_": 0.81, "lat": 42.3177116, "lon": -71.1935618, "Mapped_address": "Philbrick Rd, Newton, MA 02459, USA", "FID": 228}}, {"type": "Feature", "id": 229, "geometry": {"type": "Point", "coordinates": [-71.2223365, 42.3499984]}, "properties": {"Line": 561, "Company": "Boston Gas", "Division": "Waltham", "Town": "Newton", "Town_Code": "NEW", "State": "MA", "Description__street_segment_": "821-1251 WASHINGTON ST, NEW, DUNSTAN,KEMPTON,ARMOR", "Diameter": 10, "Material": "Cast Iron", "Operating_Pressure": "LP", "NPA_Opportunity": "Yes - Potential NPA, partial scope", "LPP_Footage": 6685, "LPP_Mileage_": 1.27, "lat": 42.3499984, "lon": -71.2223365, "Mapped_address": "Dunstan St, Newton, MA 02465, USA", "FID": 229}}, {"type": "Feature", "id": 230, "geometry": {"type": "Point", "coordinates": [-71.2211614, 42.3497889]}, "properties": {"Line": 561, "Company": "Boston Gas", "Division": "Waltham", "Town": "Newton", "Town_Code": "NEW", "State": "MA", "Description__street_segment_": "821-1251 WASHINGTON ST, NEW, DUNSTAN,KEMPTON,ARMOR", "Diameter": 10, "Material": "Cast Iron", "Operating_Pressure": "LP", "NPA_Opportunity": "Yes - Potential NPA, partial scope", "LPP_Footage": 6685, "LPP_Mileage_": 1.27, "lat": 42.3497889, "lon": -71.2211614, "Mapped_address": "Kempton Pl, Newton, MA 02465, USA", "FID": 230}}, {"type": "Feature", "id": 231, "geometry": {"type": "Point", "coordinates": [-71.2770873, 42.3019764]}, "properties": {"Line": 613, "Company": "Boston Gas", "Division": "Waltham", "Town": "Wellesley", "Town_Code": "WEL", "State": "MA", "Description__street_segment_": "17-85 SEAVER ST, WEL, PECK, PARK AV & FRAMAR RD", "Diameter": 8, "Material": "Cast Iron", "Operating_Pressure": "2", "NPA_Opportunity": "Yes - Potential NPA, partial scope", "LPP_Footage": 3530, "LPP_Mileage_": 0.67, "lat": 42.3019764, "lon": -71.2770873, "Mapped_address": "Peck Ave, Wellesley, MA 02481, USA", "FID": 231}}, {"type": "Feature", "id": 232, "geometry": {"type": "Point", "coordinates": [-71.0708610529161, 42.3025484346468]}, "properties": {"Line": 109, "Company": "Boston Gas", "Division": "Boston-Cpt", "Town": "Dorchester", "Town_Code": "DOR", "State": "MA", "Description__street_segment_": "2-139 BOWDOIN ST, DOR, BULLARD,HOMES,ROSSETER,NO", "Diameter": 12, "Material": "Cast Iron", "Operating_Pressure": "LP", "NPA_Opportunity": "No - Impact to System Integration", "LPP_Footage": 2470, "LPP_Mileage_": 0.47, "lat": 42.3025484346468, "lon": -71.0708610529161, "Mapped_address": "Homes Ave, Boston, MA, USA", "FID": 232}}, {"type": "Feature", "id": 233, "geometry": {"type": "Point", "coordinates": [-71.073532533059, 42.3012391362265]}, "properties": {"Line": 109, "Company": "Boston Gas", "Division": "Boston-Cpt", "Town": "Dorchester", "Town_Code": "DOR", "State": "MA", "Description__street_segment_": "2-139 BOWDOIN ST, DOR, BULLARD,HOMES,ROSSETER,NO", "Diameter": 12, "Material": "Cast Iron", "Operating_Pressure": "LP", "NPA_Opportunity": "No - Impact to System Integration", "LPP_Footage": 2470, "LPP_Mileage_": 0.47, "lat": 42.3012391362265, "lon": -71.073532533059, "Mapped_address": "Nottingham St, Boston, MA, USA", "FID": 233}}, {"type": "Feature", "id": 234, "geometry": {"type": "Point", "coordinates": [-71.073864896602, 42.3031028258183]}, "properties": {"Line": 109, "Company": "Boston Gas", "Division": "Boston-Cpt", "Town": "Dorchester", "Town_Code": "DOR", "State": "MA", "Description__street_segment_": "2-139 BOWDOIN ST, DOR, BULLARD,HOMES,ROSSETER,NO", "Diameter": 12, "Material": "Cast Iron", "Operating_Pressure": "LP", "NPA_Opportunity": "No - Impact to System Integration", "LPP_Footage": 2470, "LPP_Mileage_": 0.47, "lat": 42.3031028258183, "lon": -71.073864896602, "Mapped_address": "Rosseter St, Boston, MA 02121, USA", "FID": 234}}, {"type": "Feature", "id": 235, "geometry": {"type": "Point", "coordinates": [-71.076384434404, 42.2921864850769]}, "properties": {"Line": 114, "Company": "Boston Gas", "Division": "Boston-Cpt", "Town": "Dorchester", "Town_Code": "DOR", "State": "MA", "Description__street_segment_": "259-310 TALBOT AV, DOR, 1-55 ASPINWALL RD,MILLETT", "Diameter": 6, "Material": "Cast Iron", "Operating_Pressure": "LP", "NPA_Opportunity": "No - Impact to System Integration", "LPP_Footage": 2610, "LPP_Mileage_": 0.49, "lat": 42.2921864850769, "lon": -71.076384434404, "Mapped_address": "Millet St, Boston, MA, USA", "FID": 235}}, {"type": "Feature", "id": 236, "geometry": {"type": "Point", "coordinates": [-71.0466257657735, 42.3111060189971]}, "properties": {"Line": 115, "Company": "Boston Gas", "Division": "Boston-Cpt", "Town": "Dorchester", "Town_Code": "DOR", "State": "MA", "Description__street_segment_": "268-376 SAVIN HILL AV, DOR, WAVE AV,DAVITT ST,EVAN", "Diameter": 6, "Material": "Cast Iron", "Operating_Pressure": "LP", "NPA_Opportunity": "Yes - Potential NPA, partial scope", "LPP_Footage": 2145, "LPP_Mileage_": 0.41, "lat": 42.3111060189971, "lon": -71.0466257657735, "Mapped_address": "Evandale Terr, Boston, MA, USA", "FID": 236}}, {"type": "Feature", "id": 237, "geometry": {"type": "Point", "coordinates": [-71.0813937267996, 42.2884656543987]}, "properties": {"Line": 118, "Company": "Boston Gas", "Division": "Boston-Cpt", "Town": "Dorchester", "Town_Code": "DOR", "State": "MA", "Description__street_segment_": "29-127 CALLENDER ST, DOR, TUCKER,LAURIAT,BOYDEN,OA", "Diameter": 6, "Material": "Cast Iron", "Operating_Pressure": "LP", "NPA_Opportunity": "Yes - Potential NPA, partial scope", "LPP_Footage": 2755, "LPP_Mileage_": 0.52, "lat": 42.2884656543987, "lon": -71.0813937267996, "Mapped_address": "Boyden St, Boston, MA 02124, USA", "FID": 237}}, {"type": "Feature", "id": 238, "geometry": {"type": "Point", "coordinates": [-71.0804419768466, 42.2884163051504]}, "properties": {"Line": 118, "Company": "Boston Gas", "Division": "Boston-Cpt", "Town": "Dorchester", "Town_Code": "DOR", "State": "MA", "Description__street_segment_": "29-127 CALLENDER ST, DOR, TUCKER,LAURIAT,BOYDEN,OA", "Diameter": 6, "Material": "Cast Iron", "Operating_Pressure": "LP", "NPA_Opportunity": "Yes - Potential NPA, partial scope", "LPP_Footage": 2755, "LPP_Mileage_": 0.52, "lat": 42.2884163051504, "lon": -71.0804419768466, "Mapped_address": "Lauriat St, Boston, MA 02124, USA", "FID": 238}}, {"type": "Feature", "id": 239, "geometry": {"type": "Point", "coordinates": [-71.0824235513873, 42.2880578048049]}, "properties": {"Line": 118, "Company": "Boston Gas", "Division": "Boston-Cpt", "Town": "Dorchester", "Town_Code": "DOR", "State": "MA", "Description__street_segment_": "29-127 CALLENDER ST, DOR, TUCKER,LAURIAT,BOYDEN,OA", "Diameter": 6, "Material": "Cast Iron", "Operating_Pressure": "LP", "NPA_Opportunity": "Yes - Potential NPA, partial scope", "LPP_Footage": 2755, "LPP_Mileage_": 0.52, "lat": 42.2880578048049, "lon": -71.0824235513873, "Mapped_address": "Oakhurst St, Boston, MA, USA", "FID": 239}}, {"type": "Feature", "id": 240, "geometry": {"type": "Point", "coordinates": [-71.0504474885961, 42.2910664476398]}, "properties": {"Line": 129, "Company": "Boston Gas", "Division": "Boston-Cpt", "Town": "Dorchester", "Town_Code": "DOR", "State": "MA", "Description__street_segment_": "55-95 WESTGLOW ST, DOR, TRAIN,BOUTWELL ST,FROST", "Diameter": 4, "Material": "Cast Iron", "Operating_Pressure": "LP", "NPA_Opportunity": "Yes - Potential NPA, partial scope", "LPP_Footage": 3245, "LPP_Mileage_": 0.61, "lat": 42.2910664476398, "lon": -71.0504474885961, "Mapped_address": "Frost Ave, Boston, MA, USA", "FID": 240}}, {"type": "Feature", "id": 241, "geometry": {"type": "Point", "coordinates": [-71.0540883, 42.2925832]}, "properties": {"Line": 129, "Company": "Boston Gas", "Division": "Boston-Cpt", "Town": "Dorchester", "Town_Code": "DOR", "State": "MA", "Description__street_segment_": "55-95 WESTGLOW ST, DOR, TRAIN,BOUTWELL ST,FROST", "Diameter": 4, "Material": "Cast Iron", "Operating_Pressure": "LP", "NPA_Opportunity": "Yes - Potential NPA, partial scope", "LPP_Footage": 3245, "LPP_Mileage_": 0.61, "lat": 42.2925832, "lon": -71.0540883, "Mapped_address": "Train St, Boston, MA 02122, USA", "FID": 241}}, {"type": "Feature", "id": 242, "geometry": {"type": "Point", "coordinates": [-71.0859191, 42.3086313]}, "properties": {"Line": 141, "Company": "Boston Gas", "Division": "Boston-Cpt", "Town": "Roxbury", "Town_Code": "ROX", "State": "MA", "Description__street_segment_": "1-108 MAPLE ST, ROX, GEORGIA,SCHUYLER,WAYNE ST", "Diameter": 3, "Material": "Cast Iron", "Operating_Pressure": "LP", "NPA_Opportunity": "Yes - Potential NPA, partial scope", "LPP_Footage": 5245, "LPP_Mileage_": 0.99, "lat": 42.3086313, "lon": -71.0859191, "Mapped_address": "Schuyler St, Boston, MA 02121, USA", "FID": 242}}, {"type": "Feature", "id": 243, "geometry": {"type": "Point", "coordinates": [-71.1075796751015, 42.3282416033324]}, "properties": {"Line": 144, "Company": "Boston Gas", "Division": "Boston-Cpt", "Town": "Roxbury", "Town_Code": "ROX", "State": "MA", "Description__street_segment_": "134-210 FISHER AV, ROX, ESTEY,LAWN,HAYDEN,BUCKNAM", "Diameter": 4, "Material": "Cast Iron", "Operating_Pressure": "LP & LP to 22", "NPA_Opportunity": "No - Impact to System Integration", "LPP_Footage": 3460, "LPP_Mileage_": 0.66, "lat": 42.3282416033324, "lon": -71.1075796751015, "Mapped_address": "Estey St, Boston, MA, USA", "FID": 243}}, {"type": "Feature", "id": 244, "geometry": {"type": "Point", "coordinates": [-71.1067320970642, 42.3277736241806]}, "properties": {"Line": 144, "Company": "Boston Gas", "Division": "Boston-Cpt", "Town": "Roxbury", "Town_Code": "ROX", "State": "MA", "Description__street_segment_": "134-210 FISHER AV, ROX, ESTEY,LAWN,HAYDEN,BUCKNAM", "Diameter": 4, "Material": "Cast Iron", "Operating_Pressure": "LP & LP to 22", "NPA_Opportunity": "No - Impact to System Integration", "LPP_Footage": 3460, "LPP_Mileage_": 0.66, "lat": 42.3277736241806, "lon": -71.1067320970642, "Mapped_address": "Hayden St, Boston, MA, USA", "FID": 244}}, {"type": "Feature", "id": 245, "geometry": {"type": "Point", "coordinates": [-71.1073758272191, 42.3275753268797]}, "properties": {"Line": 144, "Company": "Boston Gas", "Division": "Boston-Cpt", "Town": "Roxbury", "Town_Code": "ROX", "State": "MA", "Description__street_segment_": "134-210 FISHER AV, ROX, ESTEY,LAWN,HAYDEN,BUCKNAM", "Diameter": 4, "Material": "Cast Iron", "Operating_Pressure": "LP & LP to 22", "NPA_Opportunity": "No - Impact to System Integration", "LPP_Footage": 3460, "LPP_Mileage_": 0.66, "lat": 42.3275753268797, "lon": -71.1073758272191, "Mapped_address": "Lawn St, Boston, MA, USA", "FID": 245}}, {"type": "Feature", "id": 246, "geometry": {"type": "Point", "coordinates": [-71.0897934049977, 42.3171836901521]}, "properties": {"Line": 148, "Company": "Boston Gas", "Division": "Boston-Cpt", "Town": "Roxbury", "Town_Code": "ROX", "State": "MA", "Description__street_segment_": "4-38 DENNISON ST, ROX, 1-8 HALEY ST & HARRISHOF", "Diameter": 4, "Material": "Cast Iron", "Operating_Pressure": "LP", "NPA_Opportunity": "Yes - Potential NPA", "LPP_Footage": 640, "LPP_Mileage_": 0.12, "lat": 42.3171836901521, "lon": -71.0897934049977, "Mapped_address": "Harrishof St, Boston, MA, USA", "FID": 246}}, {"type": "Feature", "id": 247, "geometry": {"type": "Point", "coordinates": [-71.1140019751031, 42.3032259108635]}, "properties": {"Line": 192, "Company": "Boston Gas", "Division": "Boston-Rvm", "Town": "Jamaica Plain", "Town_Code": "JPL", "State": "MA", "Description__street_segment_": "5-235 SOUTH ST, JPL, CHILD,ANSON,SPAULDING ST", "Diameter": 12, "Material": "Cast Iron", "Operating_Pressure": "LP", "NPA_Opportunity": "Yes - Potential NPA, partial scope", "LPP_Footage": 4150, "LPP_Mileage_": 0.79, "lat": 42.3032259108635, "lon": -71.1140019751031, "Mapped_address": "Anson St, Boston, MA, USA", "FID": 247}}, {"type": "Feature", "id": 248, "geometry": {"type": "Point", "coordinates": [-71.1128924, 42.3068869]}, "properties": {"Line": 192, "Company": "Boston Gas", "Division": "Boston-Rvm", "Town": "Jamaica Plain", "Town_Code": "JPL", "State": "MA", "Description__street_segment_": "5-235 SOUTH ST, JPL, CHILD,ANSON,SPAULDING ST", "Diameter": 12, "Material": "Cast Iron", "Operating_Pressure": "LP", "NPA_Opportunity": "Yes - Potential NPA, partial scope", "LPP_Footage": 4150, "LPP_Mileage_": 0.79, "lat": 42.3068869, "lon": -71.1128924, "Mapped_address": "Child St, Boston, MA 02130, USA", "FID": 248}}, {"type": "Feature", "id": 249, "geometry": {"type": "Point", "coordinates": [-71.1310356, 42.2805914]}, "properties": {"Line": 206, "Company": "Boston Gas", "Division": "Boston-Rvm", "Town": "Roslindale", "Town_Code": "ROS", "State": "MA", "Description__street_segment_": "6-20 ALBANO ST, ROS, KITTREDGE,WHITFORD,LILAC", "Diameter": 4, "Material": "Cast Iron", "Operating_Pressure": "LP", "NPA_Opportunity": "Yes - Potential NPA", "LPP_Footage": 1335, "LPP_Mileage_": 0.25, "lat": 42.2805914, "lon": -71.1310356, "Mapped_address": "Kittredge St, Boston, MA 02131, USA", "FID": 249}}, {"type": "Feature", "id": 250, "geometry": {"type": "Point", "coordinates": [-71.1304181309249, 42.2818347509443]}, "properties": {"Line": 206, "Company": "Boston Gas", "Division": "Boston-Rvm", "Town": "Roslindale", "Town_Code": "ROS", "State": "MA", "Description__street_segment_": "6-20 ALBANO ST, ROS, KITTREDGE,WHITFORD,LILAC", "Diameter": 4, "Material": "Cast Iron", "Operating_Pressure": "LP", "NPA_Opportunity": "Yes - Potential NPA", "LPP_Footage": 1335, "LPP_Mileage_": 0.25, "lat": 42.2818347509443, "lon": -71.1304181309249, "Mapped_address": "Lilac Ter, Boston, MA, USA", "FID": 250}}, {"type": "Feature", "id": 251, "geometry": {"type": "Point", "coordinates": [-71.12728584136, 42.2795892857738]}, "properties": {"Line": 206, "Company": "Boston Gas", "Division": "Boston-Rvm", "Town": "Roslindale", "Town_Code": "ROS", "State": "MA", "Description__street_segment_": "6-20 ALBANO ST, ROS, KITTREDGE,WHITFORD,LILAC", "Diameter": 4, "Material": "Cast Iron", "Operating_Pressure": "LP", "NPA_Opportunity": "Yes - Potential NPA", "LPP_Footage": 1335, "LPP_Mileage_": 0.25, "lat": 42.2795892857738, "lon": -71.12728584136, "Mapped_address": "Whitford St, Boston, MA 02131, USA", "FID": 251}}, {"type": "Feature", "id": 252, "geometry": {"type": "Point", "coordinates": [-71.1646444, 42.2663334]}, "properties": {"Line": 209, "Company": "Boston Gas", "Division": "Boston-Rvm", "Town": "West Roxbury", "Town_Code": "WRO", "State": "MA", "Description__street_segment_": "2-62 NEW HAVEN ST, WRO, KEYSTONE,SALMAN,FAIRLANE", "Diameter": 6, "Material": "Cast Iron", "Operating_Pressure": "LP to 22", "NPA_Opportunity": "Yes - Potential NPA, partial scope", "LPP_Footage": 2640, "LPP_Mileage_": 0.5, "lat": 42.2663334, "lon": -71.1646444, "Mapped_address": "Fairlane Rd, Boston, MA 02132, USA", "FID": 252}}, {"type": "Feature", "id": 253, "geometry": {"type": "Point", "coordinates": [-71.1655056, 42.2641493]}, "properties": {"Line": 209, "Company": "Boston Gas", "Division": "Boston-Rvm", "Town": "West Roxbury", "Town_Code": "WRO", "State": "MA", "Description__street_segment_": "2-62 NEW HAVEN ST, WRO, KEYSTONE,SALMAN,FAIRLANE", "Diameter": 6, "Material": "Cast Iron", "Operating_Pressure": "LP to 22", "NPA_Opportunity": "Yes - Potential NPA, partial scope", "LPP_Footage": 2640, "LPP_Mileage_": 0.5, "lat": 42.2641493, "lon": -71.1655056, "Mapped_address": "Salman St, Boston, MA 02132, USA", "FID": 253}}, {"type": "Feature", "id": 254, "geometry": {"type": "Point", "coordinates": [-71.1626312403185, 42.2840986625873]}, "properties": {"Line": 212, "Company": "Boston Gas", "Division": "Boston-Rvm", "Town": "West Roxbury", "Town_Code": "WRO", "State": "MA", "Description__street_segment_": "458-644 LAGRANGE ST, WRO, BERTSON, BURARD, BARCLAY", "Diameter": 10, "Material": "Cast Iron", "Operating_Pressure": "LP", "NPA_Opportunity": "No - Impact to System Integration", "LPP_Footage": 5290, "LPP_Mileage_": 1, "lat": 42.2840986625873, "lon": -71.1626312403185, "Mapped_address": "Barclay Rd, Boston, MA 02132, USA", "FID": 254}}, {"type": "Feature", "id": 255, "geometry": {"type": "Point", "coordinates": [-71.1657119308606, 42.2864695406971]}, "properties": {"Line": 212, "Company": "Boston Gas", "Division": "Boston-Rvm", "Town": "West Roxbury", "Town_Code": "WRO", "State": "MA", "Description__street_segment_": "458-644 LAGRANGE ST, WRO, BERTSON, BURARD, BARCLAY", "Diameter": 10, "Material": "Cast Iron", "Operating_Pressure": "LP", "NPA_Opportunity": "No - Impact to System Integration", "LPP_Footage": 5290, "LPP_Mileage_": 1, "lat": 42.2864695406971, "lon": -71.1657119308606, "Mapped_address": "Bertson Ave, Boston, MA 02132, USA", "FID": 255}}, {"type": "Feature", "id": 256, "geometry": {"type": "Point", "coordinates": [-71.164738066452, 42.2855610187067]}, "properties": {"Line": 212, "Company": "Boston Gas", "Division": "Boston-Rvm", "Town": "West Roxbury", "Town_Code": "WRO", "State": "MA", "Description__street_segment_": "458-644 LAGRANGE ST, WRO, BERTSON, BURARD, BARCLAY", "Diameter": 10, "Material": "Cast Iron", "Operating_Pressure": "LP", "NPA_Opportunity": "No - Impact to System Integration", "LPP_Footage": 5290, "LPP_Mileage_": 1, "lat": 42.2855610187067, "lon": -71.164738066452, "Mapped_address": "Burard St, Boston, MA 02132, USA", "FID": 256}}, {"type": "Feature", "id": 257, "geometry": {"type": "Point", "coordinates": [-71.1646408, 42.2820711]}, "properties": {"Line": 215, "Company": "Boston Gas", "Division": "Boston-Rvm", "Town": "West Roxbury", "Town_Code": "WRO", "State": "MA", "Description__street_segment_": "7-137 SANBORN AV, WRO, 5-29 VARRICK RD& WELLAND", "Diameter": 6, "Material": "Cast Iron", "Operating_Pressure": "LP to 22", "NPA_Opportunity": "No - Critical Main", "LPP_Footage": 5035, "LPP_Mileage_": 0.95, "lat": 42.2820711, "lon": -71.1646408, "Mapped_address": "Welland Rd, Boston, MA 02132, USA", "FID": 257}}, {"type": "Feature", "id": 258, "geometry": {"type": "Point", "coordinates": [-71.1511474, 42.2776272]}, "properties": {"Line": 216, "Company": "Boston Gas", "Division": "Boston-Rvm", "Town": "West Roxbury", "Town_Code": "WRO", "State": "MA", "Description__street_segment_": "8-50 HOWITT RD, WRO, EMMONSDALE,REDGATE,TENNYS", "Diameter": 6, "Material": "Cast Iron", "Operating_Pressure": "LP", "NPA_Opportunity": "No - Impact to System Integration", "LPP_Footage": 3750, "LPP_Mileage_": 0.71, "lat": 42.2776272, "lon": -71.1511474, "Mapped_address": "Emmonsdale Rd, Boston, MA 02132, USA", "FID": 258}}, {"type": "Feature", "id": 259, "geometry": {"type": "Point", "coordinates": [-71.1537193, 42.2775365]}, "properties": {"Line": 216, "Company": "Boston Gas", "Division": "Boston-Rvm", "Town": "West Roxbury", "Town_Code": "WRO", "State": "MA", "Description__street_segment_": "8-50 HOWITT RD, WRO, EMMONSDALE,REDGATE,TENNYS", "Diameter": 6, "Material": "Cast Iron", "Operating_Pressure": "LP", "NPA_Opportunity": "No - Impact to System Integration", "LPP_Footage": 3750, "LPP_Mileage_": 0.71, "lat": 42.2775365, "lon": -71.1537193, "Mapped_address": "Redgate Rd, Boston, MA 02132, USA", "FID": 259}}, {"type": "Feature", "id": 260, "geometry": {"type": "Point", "coordinates": [-71.1493108136094, 42.2771713709059]}, "properties": {"Line": 216, "Company": "Boston Gas", "Division": "Boston-Rvm", "Town": "West Roxbury", "Town_Code": "WRO", "State": "MA", "Description__street_segment_": "8-50 HOWITT RD, WRO, EMMONSDALE,REDGATE,TENNYS", "Diameter": 6, "Material": "Cast Iron", "Operating_Pressure": "LP", "NPA_Opportunity": "No - Impact to System Integration", "LPP_Footage": 3750, "LPP_Mileage_": 0.71, "lat": 42.2771713709059, "lon": -71.1493108136094, "Mapped_address": "Tennyson St, Boston, MA 02132, USA", "FID": 260}}, {"type": "Feature", "id": 261, "geometry": {"type": "Point", "coordinates": [-71.021224, 42.3830835]}, "properties": {"Line": 353, "Company": "Boston Gas", "Division": "Malden", "Town": "East Boston", "Town_Code": "EBO", "State": "MA", "Description__street_segment_": "490-669 BENNINGTON ST, EBO, CURTIS,WORDSWORTH ST", "Diameter": 10, "Material": "Cast Iron", "Operating_Pressure": "LP", "NPA_Opportunity": "No - Critical Main", "LPP_Footage": 2820, "LPP_Mileage_": 0.53, "lat": 42.3830835, "lon": -71.021224, "Mapped_address": "Curtis St, Boston, MA 02128, USA", "FID": 261}}, {"type": "Feature", "id": 262, "geometry": {"type": "Point", "coordinates": [-71.0736015885954, 42.3023659081499]}, "properties": {"Line": 109, "Company": "Boston Gas", "Division": "Boston-Cpt", "Town": "Dorchester", "Town_Code": "DOR", "State": "MA", "Description__street_segment_": "2-139 BOWDOIN ST, DOR, BULLARD,HOMES,ROSSETER,NO", "Diameter": 12, "Material": "Cast Iron", "Operating_Pressure": "LP", "NPA_Opportunity": "No - Impact to System Integration", "LPP_Footage": 2470, "LPP_Mileage_": 0.47, "lat": 42.3023659081499, "lon": -71.0736015885954, "Mapped_address": "Bullard St, Boston, MA, USA", "FID": 262}}, {"type": "Feature", "id": 263, "geometry": {"type": "Point", "coordinates": [-71.0795437039399, 42.2887607232652]}, "properties": {"Line": 118, "Company": "Boston Gas", "Division": "Boston-Cpt", "Town": "Dorchester", "Town_Code": "DOR", "State": "MA", "Description__street_segment_": "29-127 CALLENDER ST, DOR, TUCKER,LAURIAT,BOYDEN,OA", "Diameter": 6, "Material": "Cast Iron", "Operating_Pressure": "LP", "NPA_Opportunity": "Yes - Potential NPA, partial scope", "LPP_Footage": 2755, "LPP_Mileage_": 0.52, "lat": 42.2887607232652, "lon": -71.0795437039399, "Mapped_address": "Tucker St, Boston, MA, USA", "FID": 263}}, {"type": "Feature", "id": 264, "geometry": {"type": "Point", "coordinates": [-71.1618017363808, 42.4464966808414]}, "properties": {"Line": 449, "Company": "Boston Gas", "Division": "Malden", "Town": "Winchester", "Town_Code": "WNC", "State": "MA", "Description__street_segment_": "1-25 INDIAN HILL RD, WNC, SACHEM,EMERSON,SQUANTO", "Diameter": 6, "Material": "Cast Iron", "Operating_Pressure": "LP to 25", "NPA_Opportunity": "Yes - Potential NPA, entire scope", "LPP_Footage": 2860, "LPP_Mileage_": 0.54, "lat": 42.4464966808414, "lon": -71.1618017363808, "Mapped_address": "Emerson Rd, Winchester, MA 01890, USA", "FID": 264}}, {"type": "Feature", "id": 265, "geometry": {"type": "Point", "coordinates": [-71.0830610462373, 42.7816205782005]}, "properties": {"Line": 312, "Company": "Boston Gas", "Division": "Essex", "Town": "Haverhill", "Town_Code": "HAV", "State": "MA", "Description__street_segment_": "2-56 NORTH ST, HAV, &NORTH ST,FRANKLIN,JOHN", "Diameter": 4, "Material": "Cast Iron", "Operating_Pressure": "LP to 60", "NPA_Opportunity": "No - Impact to System Integration", "LPP_Footage": 7455, "LPP_Mileage_": 1.41, "lat": 42.7816205782005, "lon": -71.0830610462373, "Mapped_address": "Franklin St, Haverhill, MA, USA", "FID": 265}}, {"type": "Feature", "id": 266, "geometry": {"type": "Point", "coordinates": [-71.084441159759, 42.3102219214696]}, "properties": {"Line": 141, "Company": "Boston Gas", "Division": "Boston-Cpt", "Town": "Roxbury", "Town_Code": "ROX", "State": "MA", "Description__street_segment_": "1-108 MAPLE ST, ROX, GEORGIA,SCHUYLER,WAYNE ST", "Diameter": 3, "Material": "Cast Iron", "Operating_Pressure": "LP", "NPA_Opportunity": "Yes - Potential NPA, partial scope", "LPP_Footage": 5245, "LPP_Mileage_": 0.99, "lat": 42.3102219214696, "lon": -71.084441159759, "Mapped_address": "Georgia St, Boston, MA, USA", "FID": 266}}, {"type": "Feature", "id": 267, "geometry": {"type": "Point", "coordinates": [-71.1173218597456, 42.5260993421148]}, "properties": {"Line": 421, "Company": "Boston Gas", "Division": "Malden", "Town": "Reading", "Town_Code": "RDG", "State": "MA", "Description__street_segment_": "52-149 SUMMER AV, RDG, HANCOCK,MINERAL,GRANT ST", "Diameter": 6, "Material": "Cast Iron", "Operating_Pressure": "LP to 60", "NPA_Opportunity": "Yes - Potential NPA, partial scope", "LPP_Footage": 3770, "LPP_Mileage_": 0.71, "lat": 42.5260993421148, "lon": -71.1173218597456, "Mapped_address": "Hancock St, Reading, MA, USA", "FID": 267}}, {"type": "Feature", "id": 268, "geometry": {"type": "Point", "coordinates": [-70.9737345462624, 42.3812661997819]}, "properties": {"Line": 461, "Company": "Boston Gas", "Division": "Malden", "Town": "Winthrop", "Town_Code": "WNT", "State": "MA", "Description__street_segment_": "2-110 BEACH RD, WNT, MYRTLE,HAWTHORNE,LOCUST", "Diameter": 4, "Material": "Cast Iron", "Operating_Pressure": "LP to 60", "NPA_Opportunity": "Yes - Potential NPA, partial scope", "LPP_Footage": 2500, "LPP_Mileage_": 0.47, "lat": 42.3812661997819, "lon": -70.9737345462624, "Mapped_address": "Hawthorne Ave, Winthrop, MA, USA", "FID": 268}}, {"type": "Feature", "id": 269, "geometry": {"type": "Point", "coordinates": [-70.9524026174184, 42.5105519177616]}, "properties": {"Line": 54, "Company": "Boston Gas", "Division": "Beverly", "Town": "Peabody", "Town_Code": "PEA", "State": "MA", "Description__street_segment_": "1-34 BAY STATE BLVD, PEA, BEACONBD,LEXINGTON,ABERD", "Diameter": 4, "Material": "Cast Iron", "Operating_Pressure": "LP to 60", "NPA_Opportunity": "Yes - Potential NPA", "LPP_Footage": 3780, "LPP_Mileage_": 0.72, "lat": 42.5105519177616, "lon": -70.9524026174184, "Mapped_address": "Lexington Ave, Peabody, MA, USA", "FID": 269}}, {"type": "Feature", "id": 270, "geometry": {"type": "Point", "coordinates": [-71.1509010616016, 42.4510994976023]}, "properties": {"Line": 451, "Company": "Boston Gas", "Division": "Malden", "Town": "Winchester", "Town_Code": "WNC", "State": "MA", "Description__street_segment_": "2-26 CABOT ST, WNC, CALUMET RD,OXFORD,WARREN", "Diameter": 3, "Material": "Cast Iron", "Operating_Pressure": "LP to 25", "NPA_Opportunity": "No - Impact to System Integration", "LPP_Footage": 5175, "LPP_Mileage_": 0.98, "lat": 42.4510994976023, "lon": -71.1509010616016, "Mapped_address": "Oxford St, Winchester, MA, USA", "FID": 270}}, {"type": "Feature", "id": 271, "geometry": {"type": "Point", "coordinates": [-71.1042134499058, 42.3273639123145]}, "properties": {"Line": 144, "Company": "Boston Gas", "Division": "Boston-Cpt", "Town": "Roxbury", "Town_Code": "ROX", "State": "MA", "Description__street_segment_": "134-210 FISHER AV, ROX, ESTEY,LAWN,HAYDEN,BUCKNAM", "Diameter": 4, "Material": "Cast Iron", "Operating_Pressure": "LP & LP to 22", "NPA_Opportunity": "No - Impact to System Integration", "LPP_Footage": 3460, "LPP_Mileage_": 0.66, "lat": 42.3273639123145, "lon": -71.1042134499058, "Mapped_address": "Bucknam St, Boston, MA, USA", "FID": 271}}, {"type": "Feature", "id": 272, "geometry": {"type": "Point", "coordinates": [-70.882374790433, 42.5246423537599]}, "properties": {"Line": 66, "Company": "Boston Gas", "Division": "Beverly", "Town": "Salem", "Town_Code": "SAL", "State": "MA", "Description__street_segment_": "4-48 ENGLISH ST, SAL, COUSINS,ALLEN,DERBY ST", "Diameter": 4, "Material": "Cast Iron", "Operating_Pressure": "LP", "NPA_Opportunity": "No - Impact to System Integration", "LPP_Footage": 2160, "LPP_Mileage_": 0.41, "lat": 42.5246423537599, "lon": -70.882374790433, "Mapped_address": "Allen St, Salem, MA, USA", "FID": 272}}, {"type": "Feature", "id": 273, "geometry": {"type": "Point", "coordinates": [-70.8888625769404, 42.5296907987853]}, "properties": {"Line": 61, "Company": "Boston Gas", "Division": "Beverly", "Town": "Salem", "Town_Code": "SAL", "State": "MA", "Description__street_segment_": "1-36 ARBELLA ST, SAL, BARTON,WARNER,COLLINS ST", "Diameter": 3, "Material": "Cast Iron", "Operating_Pressure": "LP", "NPA_Opportunity": "Yes - Potential NPA", "LPP_Footage": 1875, "LPP_Mileage_": 0.36, "lat": 42.5296907987853, "lon": -70.8888625769404, "Mapped_address": "Barton St, Salem, MA, USA", "FID": 273}}, {"type": "Feature", "id": 274, "geometry": {"type": "Point", "coordinates": [-70.9982117, 42.4553539]}, "properties": {"Line": 70, "Company": "Boston Gas", "Division": "Beverly", "Town": "Saugus", "Town_Code": "SAU", "State": "MA", "Description__street_segment_": "8-63 WINTER ST, SAU, CHESTNUT,JOHNSON,SPRINGDA", "Diameter": 8, "Material": "Cast Iron", "Operating_Pressure": "LP", "NPA_Opportunity": "Yes - Potential NPA, partial scope", "LPP_Footage": 3515, "LPP_Mileage_": 0.67, "lat": 42.4553539, "lon": -70.9982117, "Mapped_address": "Springdale Ave, Saugus, MA 01906, USA", "FID": 274}}, {"type": "Feature", "id": 275, "geometry": {"type": "Point", "coordinates": [-71.4466861616061, 42.3798578775691]}, "properties": {"Line": 625, "Company": "Boston Gas", "Division": "Waltham-Concord", "Town": "Sudbury", "Town_Code": "SUD", "State": "MA", "Description__street_segment_": "6-46 POPLAR ST, SUD, HEMLOCK,LINDEN,MAGNOLIA", "Diameter": 2, "Material": "Steel-WI", "Operating_Pressure": "60", "NPA_Opportunity": "Yes - Potential NPA, partial scope", "LPP_Footage": 5660, "LPP_Mileage_": 1.07, "lat": 42.3798578775691, "lon": -71.4466861616061, "Mapped_address": "Hemlock Rd, Sudbury, MA, USA", "FID": 275}}, {"type": "Feature", "id": 276, "geometry": {"type": "Point", "coordinates": [-71.4469865690106, 42.3823305253227]}, "properties": {"Line": 625, "Company": "Boston Gas", "Division": "Waltham-Concord", "Town": "Sudbury", "Town_Code": "SUD", "State": "MA", "Description__street_segment_": "6-46 POPLAR ST, SUD, HEMLOCK,LINDEN,MAGNOLIA", "Diameter": 2, "Material": "Steel-WI", "Operating_Pressure": "60", "NPA_Opportunity": "Yes - Potential NPA, partial scope", "LPP_Footage": 5660, "LPP_Mileage_": 1.07, "lat": 42.3823305253227, "lon": -71.4469865690106, "Mapped_address": "Linden Rd, Sudbury, MA, USA", "FID": 276}}, {"type": "Feature", "id": 277, "geometry": {"type": "Point", "coordinates": [-71.4475015531345, 42.383543038125]}, "properties": {"Line": 625, "Company": "Boston Gas", "Division": "Waltham-Concord", "Town": "Sudbury", "Town_Code": "SUD", "State": "MA", "Description__street_segment_": "6-46 POPLAR ST, SUD, HEMLOCK,LINDEN,MAGNOLIA", "Diameter": 2, "Material": "Steel-WI", "Operating_Pressure": "60", "NPA_Opportunity": "Yes - Potential NPA, partial scope", "LPP_Footage": 5660, "LPP_Mileage_": 1.07, "lat": 42.383543038125, "lon": -71.4475015531345, "Mapped_address": "Magnolia Rd, Sudbury, MA, USA", "FID": 277}}, {"type": "Feature", "id": 278, "geometry": {"type": "Point", "coordinates": [-70.9113388615999, 42.4809049724955]}, "properties": {"Line": 72, "Company": "Boston Gas", "Division": "Beverly", "Town": "Swampscott", "Town_Code": "SWA", "State": "MA", "Description__street_segment_": "324-443 ESSEX ST, SWA, &DUKE,EASTMAN,BRISTOL", "Diameter": 6, "Material": "Cast Iron", "Operating_Pressure": "LP to 60", "NPA_Opportunity": "Yes - Potential NPA", "LPP_Footage": 5805, "LPP_Mileage_": 1.1, "lat": 42.4809049724955, "lon": -70.9113388615999, "Mapped_address": "Eastman Ave, Swampscott, MA, USA", "FID": 278}}, {"type": "Feature", "id": 279, "geometry": {"type": "Point", "coordinates": [-71.164789510754, 42.2693678237967]}, "properties": {"Line": 209, "Company": "Boston Gas", "Division": "Boston-Rvm", "Town": "West Roxbury", "Town_Code": "WRO", "State": "MA", "Description__street_segment_": "2-62 NEW HAVEN ST, WRO, KEYSTONE,SALMAN,FAIRLANE", "Diameter": 6, "Material": "Cast Iron", "Operating_Pressure": "LP to 22", "NPA_Opportunity": "Yes - Potential NPA, partial scope", "LPP_Footage": 2640, "LPP_Mileage_": 0.5, "lat": 42.2693678237967, "lon": -71.164789510754, "Mapped_address": "Keystone St, Boston, MA, USA", "FID": 279}}, {"type": "Feature", "id": 280, "geometry": {"type": "Point", "coordinates": [-70.9755373616058, 42.3833093439631]}, "properties": {"Line": 461, "Company": "Boston Gas", "Division": "Malden", "Town": "Winthrop", "Town_Code": "WNT", "State": "MA", "Description__street_segment_": "2-110 BEACH RD, WNT, MYRTLE,HAWTHORNE,LOCUST", "Diameter": 4, "Material": "Cast Iron", "Operating_Pressure": "LP to 60", "NPA_Opportunity": "Yes - Potential NPA, partial scope", "LPP_Footage": 2500, "LPP_Mileage_": 0.47, "lat": 42.3833093439631, "lon": -70.9755373616058, "Mapped_address": "Locust St, Winthrop, MA, USA", "FID": 280}}, {"type": "Feature", "id": 281, "geometry": {"type": "Point", "coordinates": [-70.8907773057764, 42.5294822314099]}, "properties": {"Line": 65, "Company": "Boston Gas", "Division": "Beverly", "Town": "Salem", "Town_Code": "SAL", "State": "MA", "Description__street_segment_": "2-16 SAUNDERS ST, SAL, CONANT, CROSS, PEARL ST", "Diameter": 3, "Material": "Cast Iron", "Operating_Pressure": "LP", "NPA_Opportunity": "Yes - Potential NPA", "LPP_Footage": 1990, "LPP_Mileage_": 0.38, "lat": 42.5294822314099, "lon": -70.8907773057764, "Mapped_address": "Cross St, Salem, MA, USA", "FID": 281}}, {"type": "Feature", "id": 282, "geometry": {"type": "Point", "coordinates": [-70.883062461597, 42.5250331245383]}, "properties": {"Line": 66, "Company": "Boston Gas", "Division": "Beverly", "Town": "Salem", "Town_Code": "SAL", "State": "MA", "Description__street_segment_": "4-48 ENGLISH ST, SAL, COUSINS,ALLEN,DERBY ST", "Diameter": 4, "Material": "Cast Iron", "Operating_Pressure": "LP", "NPA_Opportunity": "No - Impact to System Integration", "LPP_Footage": 2160, "LPP_Mileage_": 0.41, "lat": 42.5250331245383, "lon": -70.883062461597, "Mapped_address": "Cousins St, Salem, MA, USA", "FID": 282}}, {"type": "Feature", "id": 283, "geometry": {"type": "Point", "coordinates": [-70.9911658057809, 42.4574855280338]}, "properties": {"Line": 70, "Company": "Boston Gas", "Division": "Beverly", "Town": "Saugus", "Town_Code": "SAU", "State": "MA", "Description__street_segment_": "8-63 WINTER ST, SAU, CHESTNUT,JOHNSON,SPRINGDA", "Diameter": 8, "Material": "Cast Iron", "Operating_Pressure": "LP", "NPA_Opportunity": "Yes - Potential NPA, partial scope", "LPP_Footage": 3515, "LPP_Mileage_": 0.67, "lat": 42.4574855280338, "lon": -70.9911658057809, "Mapped_address": "Chestnut St, Saugus, MA, USA", "FID": 283}}, {"type": "Feature", "id": 284, "geometry": {"type": "Point", "coordinates": [-71.14572258663, 42.3267300106601]}, "properties": {"Line": 186, "Company": "Boston Gas", "Division": "Boston-Rvm", "Town": "Brookline", "Town_Code": "BRO", "State": "MA", "Description__street_segment_": "6-55 ELIOT CR, BRO,ELIOT AV,WHITE,TIMON AV doa rev", "Diameter": 6, "Material": "Cast Iron", "Operating_Pressure": "LP to 22", "NPA_Opportunity": "No - Impact to System Integration", "LPP_Footage": 1385, "LPP_Mileage_": 0.26, "lat": 42.3267300106601, "lon": -71.14572258663, "Mapped_address": "White Ave, Brookline, MA, USA", "FID": 284}}, {"type": "Feature", "id": 285, "geometry": {"type": "Point", "coordinates": [-71.1993529886018, 42.1996841678599]}, "properties": {"Line": 197, "Company": "Boston Gas", "Division": "Boston-Rvm", "Town": "Norwood", "Town_Code": "NOR", "State": "MA", "Description__street_segment_": "311-480 WASHINGTON ST, NOR, GEORGE,GRANITE,PHILBRE", "Diameter": 6, "Material": "Steel-WI", "Operating_Pressure": "LP to 60", "NPA_Opportunity": "Yes - Potential NPA, partial scope", "LPP_Footage": 3375, "LPP_Mileage_": 0.64, "lat": 42.1996841678599, "lon": -71.1993529886018, "Mapped_address": "George St, Norwood, MA, USA", "FID": 285}}, {"type": "Feature", "id": 286, "geometry": {"type": "Point", "coordinates": [-71.1980714904532, 42.1995782643234]}, "properties": {"Line": 197, "Company": "Boston Gas", "Division": "Boston-Rvm", "Town": "Norwood", "Town_Code": "NOR", "State": "MA", "Description__street_segment_": "311-480 WASHINGTON ST, NOR, GEORGE,GRANITE,PHILBRE", "Diameter": 6, "Material": "Steel-WI", "Operating_Pressure": "LP to 60", "NPA_Opportunity": "Yes - Potential NPA, partial scope", "LPP_Footage": 3375, "LPP_Mileage_": 0.64, "lat": 42.1995782643234, "lon": -71.1980714904532, "Mapped_address": "Granite St, Norwood, MA, USA", "FID": 286}}, {"type": "Feature", "id": 287, "geometry": {"type": "Point", "coordinates": [-71.1970065960636, 42.2006380337001]}, "properties": {"Line": 197, "Company": "Boston Gas", "Division": "Boston-Rvm", "Town": "Norwood", "Town_Code": "NOR", "State": "MA", "Description__street_segment_": "311-480 WASHINGTON ST, NOR, GEORGE,GRANITE,PHILBRE", "Diameter": 6, "Material": "Steel-WI", "Operating_Pressure": "LP to 60", "NPA_Opportunity": "Yes - Potential NPA, partial scope", "LPP_Footage": 3375, "LPP_Mileage_": 0.64, "lat": 42.2006380337001, "lon": -71.1970065960636, "Mapped_address": "Philbrick St, Norwood, MA, USA", "FID": 287}}, {"type": "Feature", "id": 288, "geometry": {"type": "Point", "coordinates": [-71.0980579051318, 42.3995137708015]}, "properties": {"Line": 389, "Company": "Boston Gas", "Division": "Malden", "Town": "Medford", "Town_Code": "MED", "State": "MA", "Description__street_segment_": "20-44 JOSEPH ST, MED, HENRY ST,LEYDEN ST, AV", "Diameter": 4, "Material": "Cast Iron", "Operating_Pressure": "LP", "NPA_Opportunity": "Yes - Potential NPA, partial scope", "LPP_Footage": 1840, "LPP_Mileage_": 0.35, "lat": 42.3995137708015, "lon": -71.0980579051318, "Mapped_address": "Leyden Ave, Medford, MA, USA", "FID": 288}}, {"type": "Feature", "id": 289, "geometry": {"type": "Point", "coordinates": [-70.9860235010172, 42.3924634335759]}, "properties": {"Line": 425, "Company": "Boston Gas", "Division": "Malden", "Town": "Revere", "Town_Code": "REV", "State": "MA", "Description__street_segment_": "12-309 CRESCENT AV, REV, SUMMER,WEBSTER ST,CRYSTAL", "Diameter": 4, "Material": "Cast Iron", "Operating_Pressure": "LP to 60", "NPA_Opportunity": "Yes - Potential NPA, partial scope", "LPP_Footage": 4690, "LPP_Mileage_": 0.89, "lat": 42.3924634335759, "lon": -70.9860235010172, "Mapped_address": "Crystal Ave, Revere, MA, USA", "FID": 289}}, {"type": "Feature", "id": 290, "geometry": {"type": "Point", "coordinates": [-70.9850149904411, 42.393414272494]}, "properties": {"Line": 425, "Company": "Boston Gas", "Division": "Malden", "Town": "Revere", "Town_Code": "REV", "State": "MA", "Description__street_segment_": "12-309 CRESCENT AV, REV, SUMMER,WEBSTER ST,CRYSTAL", "Diameter": 4, "Material": "Cast Iron", "Operating_Pressure": "LP to 60", "NPA_Opportunity": "Yes - Potential NPA, partial scope", "LPP_Footage": 4690, "LPP_Mileage_": 0.89, "lat": 42.393414272494, "lon": -70.9850149904411, "Mapped_address": "Summer St, Revere, MA, USA", "FID": 290}}, {"type": "Feature", "id": 291, "geometry": {"type": "Point", "coordinates": [-71.1265600607904, 42.4607177249271]}, "properties": {"Line": 447, "Company": "Boston Gas", "Division": "Malden", "Town": "Winchester", "Town_Code": "WNC", "State": "MA", "Description__street_segment_": "111-149 HIGHLAND AV, WNC, PRINCE,EUCLID,STONE AV", "Diameter": 4, "Material": "Cast Iron", "Operating_Pressure": "LP", "NPA_Opportunity": "No - Impact to System Integration", "LPP_Footage": 4130, "LPP_Mileage_": 0.78, "lat": 42.4607177249271, "lon": -71.1265600607904, "Mapped_address": "Prince Ave, Winchester, MA, USA", "FID": 291}}, {"type": "Feature", "id": 292, "geometry": {"type": "Point", "coordinates": [-71.1927589751022, 42.3183023983509]}, "properties": {"Line": 559, "Company": "Boston Gas", "Division": "Waltham", "Town": "Newton", "Town_Code": "NEW", "State": "MA", "Description__street_segment_": "5-100 OLDE FIELD RD, NEW, HAGEN,PHILBRICK,SHELDON", "Diameter": 4, "Material": "Steel-WI", "Operating_Pressure": "22", "NPA_Opportunity": "Yes - Potential NPA, partial scope", "LPP_Footage": 4280, "LPP_Mileage_": 0.81, "lat": 42.3183023983509, "lon": -71.1927589751022, "Mapped_address": "Sheldon Rd, Newton, MA, USA", "FID": 292}}, {"type": "Feature", "id": 293, "geometry": {"type": "Point", "coordinates": [-71.2199853021082, 42.3500440938991]}, "properties": {"Line": 561, "Company": "Boston Gas", "Division": "Waltham", "Town": "Newton", "Town_Code": "NEW", "State": "MA", "Description__street_segment_": "821-1251 WASHINGTON ST, NEW, DUNSTAN,KEMPTON,ARMOR", "Diameter": 10, "Material": "Cast Iron", "Operating_Pressure": "LP", "NPA_Opportunity": "Yes - Potential NPA, partial scope", "LPP_Footage": 6685, "LPP_Mileage_": 1.27, "lat": 42.3500440938991, "lon": -71.2199853021082, "Mapped_address": "Armory St, Newton, MA, USA", "FID": 293}}, {"type": "Feature", "id": 294, "geometry": {"type": "Point", "coordinates": [-71.2948900616118, 42.288787707269]}, "properties": {"Line": 620, "Company": "Boston Gas", "Division": "Waltham", "Town": "Wellesley", "Town_Code": "WEL", "State": "MA", "Description__street_segment_": "5-25 BELAIR RD, WEL, 8-72 DOVER RD, BIRCH, ROA", "Diameter": 4, "Material": "Cast Iron", "Operating_Pressure": "2", "NPA_Opportunity": "No - Impact to System Integration", "LPP_Footage": 4105, "LPP_Mileage_": 0.78, "lat": 42.288787707269, "lon": -71.2948900616118, "Mapped_address": "Birch Rd, Wellesley, MA, USA", "FID": 294}}, {"type": "Feature", "id": 295, "geometry": {"type": "Point", "coordinates": [-71.2951883682307, 42.2878918770442]}, "properties": {"Line": 620, "Company": "Boston Gas", "Division": "Waltham", "Town": "Wellesley", "Town_Code": "WEL", "State": "MA", "Description__street_segment_": "5-25 BELAIR RD, WEL, 8-72 DOVER RD, BIRCH, ROA", "Diameter": 4, "Material": "Cast Iron", "Operating_Pressure": "2", "NPA_Opportunity": "No - Impact to System Integration", "LPP_Footage": 4105, "LPP_Mileage_": 0.78, "lat": 42.2878918770442, "lon": -71.2951883682307, "Mapped_address": "Roanoke Rd, Wellesley, MA, USA", "FID": 295}}, {"type": "Feature", "id": 296, "geometry": {"type": "Point", "coordinates": [-71.3452701192816, 42.3211591548258]}, "properties": {"Line": 627, "Company": "Boston Gas", "Division": "Waltham-Concord", "Town": "Wayland", "Town_Code": "WAY", "State": "MA", "Description__street_segment_": "3-66 DEAN RD, WAY, TIMBER, HAVEN LN &EDEN RD", "Diameter": 2, "Material": "Steel-WI", "Operating_Pressure": "60", "NPA_Opportunity": "Yes - Potential NPA", "LPP_Footage": 5610, "LPP_Mileage_": 1.06, "lat": 42.3211591548258, "lon": -71.3452701192816, "Mapped_address": "Timber Ln, Wayland, MA, USA", "FID": 296}}, {"type": "Feature", "id": 297, "geometry": {"type": "Point", "coordinates": [-71.1054261757612, 42.7755926225417]}, "properties": {"Line": 315, "Company": "Boston Gas", "Division": "Essex", "Town": "Haverhill", "Town_Code": "HAV", "State": "MA", "Description__street_segment_": "3-65 ADELE AV, HAV, LOWELL,LEYLAND,WASHINGTON", "Diameter": 6, "Material": "Cast Iron", "Operating_Pressure": "LP to 60", "NPA_Opportunity": "No - Critical Main", "LPP_Footage": 2615, "LPP_Mileage_": 0.5, "lat": 42.7755926225417, "lon": -71.1054261757612, "Mapped_address": "Lowell Ave, Haverhill, MA, USA", "FID": 297}}, {"type": "Feature", "id": 298, "geometry": {"type": "Point", "coordinates": [-71.0777490758962, 42.3509114705885]}, "properties": {"Line": 74, "Company": "Boston Gas", "Division": "Boston-Cpt", "Town": "Boston", "Town_Code": "BOS", "State": "MA", "Description__street_segment_": "103-200 NEWBURY ST, BOS, CLARENDON,DARTMOUTH,EXETE", "Diameter": 6, "Material": "Cast Iron", "Operating_Pressure": "LP", "NPA_Opportunity": "No - Impact to System Integration", "LPP_Footage": 4465, "LPP_Mileage_": 0.85, "lat": 42.3509114705885, "lon": -71.0777490758962, "Mapped_address": "Dartmouth St, Boston, MA, USA", "FID": 298}}, {"type": "Feature", "id": 299, "geometry": {"type": "Point", "coordinates": [-71.0699949077619, 42.3578432851899]}, "properties": {"Line": 83, "Company": "Boston Gas", "Division": "Boston-Cpt", "Town": "Boston", "Town_Code": "BOS", "State": "MA", "Description__street_segment_": "1-77 CHARLES ST, BOS, & 105-125 MT VERNON ST", "Diameter": 12, "Material": "Cast Iron", "Operating_Pressure": "LP", "NPA_Opportunity": "No - Impact to System Integration", "LPP_Footage": 2455, "LPP_Mileage_": 0.46, "lat": 42.3578432851899, "lon": -71.0699949077619, "Mapped_address": "115 Mt Vernon St, Boston, MA 02108, USA", "FID": 299}}, {"type": "Feature", "id": 300, "geometry": {"type": "Point", "coordinates": [-71.0684189007998, 42.3578248459513]}, "properties": {"Line": 97, "Company": "Boston Gas", "Division": "Boston-Cpt", "Town": "Boston", "Town_Code": "BOS", "State": "MA", "Description__street_segment_": "7-19 WILLOW ST, BOS, & ACORN ST", "Diameter": 4, "Material": "Cast Iron", "Operating_Pressure": "LP", "NPA_Opportunity": "Yes - Potential NPA", "LPP_Footage": 320, "LPP_Mileage_": 0.06, "lat": 42.3578248459513, "lon": -71.0684189007998, "Mapped_address": "13 Willow St, Boston, MA 02108, USA", "FID": 300}}, {"type": "Feature", "id": 301, "geometry": {"type": "Point", "coordinates": [-71.0397562540711, 42.4344909075009]}, "properties": {"Line": 357, "Company": "Boston Gas", "Division": "Malden", "Town": "Everett", "Town_Code": "EVE", "State": "MA", "Description__street_segment_": "250 BROADWAY, EVE", "Diameter": 12, "Material": "Steel-WI", "Operating_Pressure": "LP", "NPA_Opportunity": "No - Impact to System Integration", "LPP_Footage": 215, "LPP_Mileage_": 0.04, "lat": 42.4344909075009, "lon": -71.0397562540711, "Mapped_address": "250 Broadway, Malden, MA, USA", "FID": 301}}, {"type": "Feature", "id": 302, "geometry": {"type": "Point", "coordinates": [-71.0981258606077, 42.2644496942592]}, "properties": {"Line": 131, "Company": "Boston Gas", "Division": "Boston-Cpt", "Town": "Dorchester", "Town_Code": "DOR", "State": "MA", "Description__street_segment_": "69-99 EDGEWATER DR, DOR, & 20-37 BURMAH ST", "Diameter": 4, "Material": "Cast Iron", "Operating_Pressure": "LP", "NPA_Opportunity": "Yes - Potential NPA, entire scope", "LPP_Footage": 965, "LPP_Mileage_": 0.18, "lat": 42.2644496942592, "lon": -71.0981258606077, "Mapped_address": "28 Burmah St, Mattapan, MA 02126, USA", "FID": 302}}, {"type": "Feature", "id": 303, "geometry": {"type": "Point", "coordinates": [-71.5818444123146, 42.594538003438]}, "properties": {"Line": 324, "Company": "Boston Gas", "Division": "Leominster", "Town": "Groton", "Town_Code": "GRO", "State": "MA", "Description__street_segment_": "282 FARMERS ROW, GRO", "Diameter": 2, "Material": "Plastic", "Operating_Pressure": "60", "NPA_Opportunity": "Yes - Potential NPA, entire scope", "LPP_Footage": 275, "LPP_Mileage_": 0.05, "lat": 42.594538003438, "lon": -71.5818444123146, "Mapped_address": "282 Farmers Row, Groton, MA 01450, USA", "FID": 303}}, {"type": "Feature", "id": 304, "geometry": {"type": "Point", "coordinates": [-71.0696135151833, 42.3574192974171]}, "properties": {"Line": 83, "Company": "Boston Gas", "Division": "Boston-Cpt", "Town": "Boston", "Town_Code": "BOS", "State": "MA", "Description__street_segment_": "1-77 CHARLES ST, BOS, & 105-125 MT VERNON ST", "Diameter": 12, "Material": "Cast Iron", "Operating_Pressure": "LP", "NPA_Opportunity": "No - Impact to System Integration", "LPP_Footage": 2455, "LPP_Mileage_": 0.46, "lat": 42.3574192974171, "lon": -71.0696135151833, "Mapped_address": "39 Charles St, Boston, MA 02114, USA", "FID": 304}}, {"type": "Feature", "id": 305, "geometry": {"type": "Point", "coordinates": [-71.0659744984861, 42.3521504513172]}, "properties": {"Line": 76, "Company": "Boston Gas", "Division": "Boston-Cpt", "Town": "Boston", "Town_Code": "BOS", "State": "MA", "Description__street_segment_": "1-10 BOYLSTON PL, BOS, 17-20 ALLENS AL", "Diameter": 4, "Material": "Steel-WI", "Operating_Pressure": "LP", "NPA_Opportunity": "Yes - Potential NPA, entire scope", "LPP_Footage": 245, "LPP_Mileage_": 0.05, "lat": 42.3521504513172, "lon": -71.0659744984861, "Mapped_address": "5 Boylston Pl, Boston, MA 02116, USA", "FID": 305}}, {"type": "Feature", "id": 306, "geometry": {"type": "Point", "coordinates": [-71.0973745468274, 42.2640240875903]}, "properties": {"Line": 131, "Company": "Boston Gas", "Division": "Boston-Cpt", "Town": "Dorchester", "Town_Code": "DOR", "State": "MA", "Description__street_segment_": "69-99 EDGEWATER DR, DOR, & 20-37 BURMAH ST", "Diameter": 4, "Material": "Cast Iron", "Operating_Pressure": "LP", "NPA_Opportunity": "Yes - Potential NPA, entire scope", "LPP_Footage": 965, "LPP_Mileage_": 0.18, "lat": 42.2640240875903, "lon": -71.0973745468274, "Mapped_address": "84 Edgewater Dr, Boston, MA, USA", "FID": 306}}, {"type": "Feature", "id": 307, "geometry": {"type": "Point", "coordinates": [-71.0650912308018, 42.3517190395522]}, "properties": {"Line": 76, "Company": "Boston Gas", "Division": "Boston-Cpt", "Town": "Boston", "Town_Code": "BOS", "State": "MA", "Description__street_segment_": "1-10 BOYLSTON PL, BOS, 17-20 ALLENS AL", "Diameter": 4, "Material": "Steel-WI", "Operating_Pressure": "LP", "NPA_Opportunity": "Yes - Potential NPA, entire scope", "LPP_Footage": 245, "LPP_Mileage_": 0.05, "lat": 42.3517190395522, "lon": -71.0650912308018, "Mapped_address": "18 Allens Alley, Boston, MA, USA", "FID": 307}}, {"type": "Feature", "id": 308, "geometry": {"type": "Point", "coordinates": [-71.0546444416771, 42.3594648138134]}, "properties": {"Line": 81, "Company": "Boston Gas", "Division": "Boston-Cpt", "Town": "Boston", "Town_Code": "BOS", "State": "MA", "Description__street_segment_": "1-47 CHATHAM ST, BOS, MERCHANTS & BUTLER ROW", "Diameter": 6, "Material": "Cast Iron", "Operating_Pressure": "LP", "NPA_Opportunity": "No - High Customer Concentration", "LPP_Footage": 985, "LPP_Mileage_": 0.19, "lat": 42.3594648138134, "lon": -71.0546444416771, "Mapped_address": "Butler Sq, Boston, MA, USA", "FID": 308}}, {"type": "Feature", "id": 309, "geometry": {"type": "Point", "coordinates": [-71.0690350911638, 42.7757919420768]}, "properties": {"Line": 310, "Company": "Boston Gas", "Division": "Essex", "Town": "Haverhill", "Town_Code": "HAV", "State": "MA", "Description__street_segment_": "184-234 SUMMER ST, HAV, 22-28 MILL ST & CANE ST", "Diameter": 10, "Material": "Cast Iron", "Operating_Pressure": "LP", "NPA_Opportunity": "Yes - Potential NPA", "LPP_Footage": 1570, "LPP_Mileage_": 0.3, "lat": 42.7757919420768, "lon": -71.0690350911638, "Mapped_address": "Came Ave, Haverhill, MA, USA", "FID": 309}}, {"type": "Feature", "id": 310, "geometry": {"type": "Point", "coordinates": [-71.0645611539562, 42.4106056566361]}, "properties": {"Line": 364, "Company": "Boston Gas", "Division": "Malden", "Town": "Everett", "Town_Code": "EVE", "State": "MA", "Description__street_segment_": "7-81 PRESCOTT ST, EVE, PRESCOTT TER,EVELYN CT", "Diameter": 6, "Material": "Cast Iron", "Operating_Pressure": "LP to 60", "NPA_Opportunity": "Yes - Potential NPA, partial scope", "LPP_Footage": 1470, "LPP_Mileage_": 0.28, "lat": 42.4106056566361, "lon": -71.0645611539562, "Mapped_address": "44 Prescott St, Everett, MA 02149, USA", "FID": 310}}, {"type": "Feature", "id": 311, "geometry": {"type": "Point", "coordinates": [-71.0653417261456, 42.4104268972284]}, "properties": {"Line": 364, "Company": "Boston Gas", "Division": "Malden", "Town": "Everett", "Town_Code": "EVE", "State": "MA", "Description__street_segment_": "7-81 PRESCOTT ST, EVE, PRESCOTT TER,EVELYN CT", "Diameter": 6, "Material": "Cast Iron", "Operating_Pressure": "LP to 60", "NPA_Opportunity": "Yes - Potential NPA, partial scope", "LPP_Footage": 1470, "LPP_Mileage_": 0.28, "lat": 42.4104268972284, "lon": -71.0653417261456, "Mapped_address": "Prescott Ter, Everett, MA 02149, USA", "FID": 311}}, {"type": "Feature", "id": 312, "geometry": {"type": "Point", "coordinates": [-71.0645603733614, 42.4106251657122]}, "properties": {"Line": 364, "Company": "Boston Gas", "Division": "Malden", "Town": "Everett", "Town_Code": "EVE", "State": "MA", "Description__street_segment_": "7-81 PRESCOTT ST, EVE, PRESCOTT TER,EVELYN CT", "Diameter": 6, "Material": "Cast Iron", "Operating_Pressure": "LP to 60", "NPA_Opportunity": "Yes - Potential NPA, partial scope", "LPP_Footage": 1470, "LPP_Mileage_": 0.28, "lat": 42.4106251657122, "lon": -71.0645603733614, "Mapped_address": "Evelyn Ct, Everett, MA 02149, USA", "FID": 312}}, {"type": "Feature", "id": 313, "geometry": {"type": "Point", "coordinates": [-70.9675605007996, 42.4670641209613]}, "properties": {"Line": 27, "Company": "Boston Gas", "Division": "Beverly", "Town": "Lynn", "Town_Code": "LNN", "State": "MA", "Description__street_segment_": "6-69 N FEDERAL ST, LNN, & OLEARY PL, DEXTER TER", "Diameter": 6, "Material": "Steel-WI", "Operating_Pressure": "LP to 60", "NPA_Opportunity": "Yes - Potential NPA, entire scope", "LPP_Footage": 1425, "LPP_Mileage_": 0.27, "lat": 42.4670641209613, "lon": -70.9675605007996, "Mapped_address": "Drexel Ter, Lynn, MA, USA", "FID": 313}}, {"type": "Feature", "id": 314, "geometry": {"type": "Point", "coordinates": [-71.0486881327667, 42.4356668914559]}, "properties": {"Line": 376, "Company": "Boston Gas", "Division": "Malden", "Town": "Malden", "Town_Code": "MAL", "State": "MA", "Description__street_segment_": "9-99 COLUMBIA ST, MAL, 9-81 ORCHARD ST,HEMNWY CT", "Diameter": 4, "Material": "Cast Iron", "Operating_Pressure": "LP", "NPA_Opportunity": "No - Impact to System Integration", "LPP_Footage": 2275, "LPP_Mileage_": 0.43, "lat": 42.4356668914559, "lon": -71.0486881327667, "Mapped_address": "Hemenway Ct, Malden, MA, USA", "FID": 314}}, {"type": "Feature", "id": 315, "geometry": {"type": "Point", "coordinates": [-71.1278852751011, 42.335786774129]}, "properties": {"Line": 183, "Company": "Boston Gas", "Division": "Boston-Rvm", "Town": "Brookline", "Town_Code": "BRO", "State": "MA", "Description__street_segment_": "4-103 WELLAND RD, BRO, SOMERSET & STANTON RD", "Diameter": 4, "Material": "Cast Iron", "Operating_Pressure": "LP", "NPA_Opportunity": "No - Impact to System Integration", "LPP_Footage": 2135, "LPP_Mileage_": 0.4, "lat": 42.335786774129, "lon": -71.1278852751011, "Mapped_address": "Somerset Rd, Brookline, MA, USA", "FID": 315}}, {"type": "Feature", "id": 316, "geometry": {"type": "Point", "coordinates": [-70.8059332327786, 42.2451194981278]}, "properties": {"Line": 232, "Company": "Boston Gas", "Division": "Braintree", "Town": "Cohasset", "Town_Code": "COH", "State": "MA", "Description__street_segment_": "3-123 N MAIN ST, COH, 1-10 SOHEIR ST", "Diameter": 4, "Material": "Steel-WI", "Operating_Pressure": "60", "NPA_Opportunity": "No - Impact to System Integration", "LPP_Footage": 2495, "LPP_Mileage_": 0.47, "lat": 42.2451194981278, "lon": -70.8059332327786, "Mapped_address": "5 Sohier St, Cohasset, MA, USA", "FID": 316}}, {"type": "Feature", "id": 317, "geometry": {"type": "Point", "coordinates": [-71.7433610870726, 42.5246083688608]}, "properties": {"Line": 329, "Company": "Boston Gas", "Division": "Leominster-350", "Town": "Leominster", "Town_Code": "LEO", "State": "MA", "Description__street_segment_": "148-177 NINTH ST, LEO, & TENTH ST, GORDON AV", "Diameter": 4, "Material": "Cast Iron", "Operating_Pressure": "LP", "NPA_Opportunity": "Yes - Potential NPA", "LPP_Footage": 1195, "LPP_Mileage_": 0.23, "lat": 42.5246083688608, "lon": -71.7433610870726, "Mapped_address": "10th St, Leominster, MA 01453, USA", "FID": 317}}, {"type": "Feature", "id": 318, "geometry": {"type": "Point", "coordinates": [-71.748316, 42.5229395]}, "properties": {"Line": 330, "Company": "Boston Gas", "Division": "Leominster-350", "Town": "Leominster", "Town_Code": "LEO", "State": "MA", "Description__street_segment_": "207-248 FIFTH ST, LEO, & CARTER ST, SIXTH ST", "Diameter": 4, "Material": "Cast Iron", "Operating_Pressure": "LP", "NPA_Opportunity": "Yes - Potential NPA", "LPP_Footage": 2025, "LPP_Mileage_": 0.38, "lat": 42.5229395, "lon": -71.748316, "Mapped_address": "6th St, Leominster, MA 01453, USA", "FID": 318}}, {"type": "Feature", "id": 319, "geometry": {"type": "Point", "coordinates": [-71.0392696, 42.3947232]}, "properties": {"Line": 339, "Company": "Boston Gas", "Division": "Malden", "Town": "Chelsea", "Town_Code": "CHE", "State": "MA", "Description__street_segment_": "115-180 WALNUT ST, CHE, & FOURTH ST", "Diameter": 6, "Material": "Cast Iron", "Operating_Pressure": "LP", "NPA_Opportunity": "Yes - Potential NPA, partial scope", "LPP_Footage": 1475, "LPP_Mileage_": 0.28, "lat": 42.3947232, "lon": -71.0392696, "Mapped_address": "4th St, Chelsea, MA 02150, USA", "FID": 319}}, {"type": "Feature", "id": 320, "geometry": {"type": "Point", "coordinates": [-70.8790391243727, 42.5528133248016]}, "properties": {"Line": 1, "Company": "Boston Gas", "Division": "Beverly", "Town": "Beverly", "Town_Code": "BEV", "State": "MA", "Description__street_segment_": "272-356 CABOT ST, BEV, & W DANE ST", "Diameter": 6, "Material": "Cast Iron", "Operating_Pressure": "LP", "NPA_Opportunity": "No - Impact to System Integration", "LPP_Footage": 2110, "LPP_Mileage_": 0.4, "lat": 42.5528133248016, "lon": -70.8790391243727, "Mapped_address": "314 Cabot St, Beverly, MA 01915, USA", "FID": 320}}, {"type": "Feature", "id": 321, "geometry": {"type": "Point", "coordinates": [-70.881772, 42.5521486]}, "properties": {"Line": 1, "Company": "Boston Gas", "Division": "Beverly", "Town": "Beverly", "Town_Code": "BEV", "State": "MA", "Description__street_segment_": "272-356 CABOT ST, BEV, & W DANE ST", "Diameter": 6, "Material": "Cast Iron", "Operating_Pressure": "LP", "NPA_Opportunity": "No - Impact to System Integration", "LPP_Footage": 2110, "LPP_Mileage_": 0.4, "lat": 42.5521486, "lon": -70.881772, "Mapped_address": "W Dane St, Beverly, MA 01915, USA", "FID": 321}}, {"type": "Feature", "id": 322, "geometry": {"type": "Point", "coordinates": [-70.8882880666177, 42.5410083329076]}, "properties": {"Line": 2, "Company": "Boston Gas", "Division": "Beverly", "Town": "Beverly", "Town_Code": "BEV", "State": "MA", "Description__street_segment_": "3-19 CONGRESS ST, BEV", "Diameter": 4, "Material": "Cast Iron", "Operating_Pressure": "LP to 60", "NPA_Opportunity": "Yes - Potential NPA", "LPP_Footage": 635, "LPP_Mileage_": 0.12, "lat": 42.5410083329076, "lon": -70.8882880666177, "Mapped_address": "11 Congress St, Beverly, MA 01915, USA", "FID": 322}}, {"type": "Feature", "id": 323, "geometry": {"type": "Point", "coordinates": [-70.8877537255256, 42.5704466127678]}, "properties": {"Line": 3, "Company": "Boston Gas", "Division": "Beverly", "Town": "Beverly", "Town_Code": "BEV", "State": "MA", "Description__street_segment_": "3-40 LEXINGTON DR, BEV, MEDFORD ST & CONCORD TER", "Diameter": 6, "Material": "Cast Iron", "Operating_Pressure": "2", "NPA_Opportunity": "Yes - Potential NPA", "LPP_Footage": 1945, "LPP_Mileage_": 0.37, "lat": 42.5704466127678, "lon": -70.8877537255256, "Mapped_address": "21 Lexington Dr, Beverly, MA 01915, USA", "FID": 323}}, {"type": "Feature", "id": 324, "geometry": {"type": "Point", "coordinates": [-70.8878384, 42.5700766]}, "properties": {"Line": 3, "Company": "Boston Gas", "Division": "Beverly", "Town": "Beverly", "Town_Code": "BEV", "State": "MA", "Description__street_segment_": "3-40 LEXINGTON DR, BEV, MEDFORD ST & CONCORD TER", "Diameter": 6, "Material": "Cast Iron", "Operating_Pressure": "2", "NPA_Opportunity": "Yes - Potential NPA", "LPP_Footage": 1945, "LPP_Mileage_": 0.37, "lat": 42.5700766, "lon": -70.8878384, "Mapped_address": "Concord Terrace, Beverly, MA 01915, USA", "FID": 324}}, {"type": "Feature", "id": 325, "geometry": {"type": "Point", "coordinates": [-70.8891144, 42.5701174]}, "properties": {"Line": 3, "Company": "Boston Gas", "Division": "Beverly", "Town": "Beverly", "Town_Code": "BEV", "State": "MA", "Description__street_segment_": "3-40 LEXINGTON DR, BEV, MEDFORD ST & CONCORD TER", "Diameter": 6, "Material": "Cast Iron", "Operating_Pressure": "2", "NPA_Opportunity": "Yes - Potential NPA", "LPP_Footage": 1945, "LPP_Mileage_": 0.37, "lat": 42.5701174, "lon": -70.8891144, "Mapped_address": "Medford St, Beverly, MA 01915, USA", "FID": 325}}, {"type": "Feature", "id": 326, "geometry": {"type": "Point", "coordinates": [-70.8795633862847, 42.5562808070435]}, "properties": {"Line": 4, "Company": "Boston Gas", "Division": "Beverly", "Town": "Beverly", "Town_Code": "BEV", "State": "MA", "Description__street_segment_": "4-24 MYRTLE ST, BEV", "Diameter": 2, "Material": "Steel-WI", "Operating_Pressure": "LP", "NPA_Opportunity": "Yes - Potential NPA, entire scope", "LPP_Footage": 565, "LPP_Mileage_": 0.11, "lat": 42.5562808070435, "lon": -70.8795633862847, "Mapped_address": "14 Myrtle St, Beverly, MA 01915, USA", "FID": 326}}, {"type": "Feature", "id": 327, "geometry": {"type": "Point", "coordinates": [-70.9484286, 42.5760169]}, "properties": {"Line": 5, "Company": "Boston Gas", "Division": "Beverly", "Town": "Danvers", "Town_Code": "DAN", "State": "MA", "Description__street_segment_": "11-64 SUMMER ST, DAN, & ROCKLAND RD, INNIS DR", "Diameter": 4, "Material": "Cast Iron", "Operating_Pressure": "LP to 60", "NPA_Opportunity": "Yes - Potential NPA, entire scope", "LPP_Footage": 4985, "LPP_Mileage_": 0.94, "lat": 42.5760169, "lon": -70.9484286, "Mapped_address": "37 Summer St, Danvers, MA 01923, USA", "FID": 327}}, {"type": "Feature", "id": 328, "geometry": {"type": "Point", "coordinates": [-70.947267, 42.5759925]}, "properties": {"Line": 5, "Company": "Boston Gas", "Division": "Beverly", "Town": "Danvers", "Town_Code": "DAN", "State": "MA", "Description__street_segment_": "11-64 SUMMER ST, DAN, & ROCKLAND RD, INNIS DR", "Diameter": 4, "Material": "Cast Iron", "Operating_Pressure": "LP to 60", "NPA_Opportunity": "Yes - Potential NPA, entire scope", "LPP_Footage": 4985, "LPP_Mileage_": 0.94, "lat": 42.5759925, "lon": -70.947267, "Mapped_address": "Innis Dr, Danvers, MA 01923, USA", "FID": 328}}, {"type": "Feature", "id": 329, "geometry": {"type": "Point", "coordinates": [-70.9481099, 42.5796664]}, "properties": {"Line": 5, "Company": "Boston Gas", "Division": "Beverly", "Town": "Danvers", "Town_Code": "DAN", "State": "MA", "Description__street_segment_": "11-64 SUMMER ST, DAN, & ROCKLAND RD, INNIS DR", "Diameter": 4, "Material": "Cast Iron", "Operating_Pressure": "LP to 60", "NPA_Opportunity": "Yes - Potential NPA, entire scope", "LPP_Footage": 4985, "LPP_Mileage_": 0.94, "lat": 42.5796664, "lon": -70.9481099, "Mapped_address": "Rockland Rd, Danvers, MA 01923, USA", "FID": 329}}, {"type": "Feature", "id": 330, "geometry": {"type": "Point", "coordinates": [-70.9197435679187, 42.5445248039761]}, "properties": {"Line": 6, "Company": "Boston Gas", "Division": "Beverly", "Town": "Danvers", "Town_Code": "DAN", "State": "MA", "Description__street_segment_": "152-176 WATER ST, DAN, & N SHORE AV, JACOBS AV", "Diameter": 4, "Material": "Cast Iron", "Operating_Pressure": "LP", "NPA_Opportunity": "Yes - Potential NPA, partial scope", "LPP_Footage": 2725, "LPP_Mileage_": 0.52, "lat": 42.5445248039761, "lon": -70.9197435679187, "Mapped_address": "164 Water St, Danvers, MA 01923, USA", "FID": 330}}, {"type": "Feature", "id": 331, "geometry": {"type": "Point", "coordinates": [-70.9170805266039, 42.5432941739293]}, "properties": {"Line": 6, "Company": "Boston Gas", "Division": "Beverly", "Town": "Danvers", "Town_Code": "DAN", "State": "MA", "Description__street_segment_": "152-176 WATER ST, DAN, & N SHORE AV, JACOBS AV", "Diameter": 4, "Material": "Cast Iron", "Operating_Pressure": "LP", "NPA_Opportunity": "Yes - Potential NPA, partial scope", "LPP_Footage": 2725, "LPP_Mileage_": 0.52, "lat": 42.5432941739293, "lon": -70.9170805266039, "Mapped_address": "Jacobs Ave, Danvers, MA 01923, USA", "FID": 331}}, {"type": "Feature", "id": 332, "geometry": {"type": "Point", "coordinates": [-70.9154934, 42.5430918]}, "properties": {"Line": 6, "Company": "Boston Gas", "Division": "Beverly", "Town": "Danvers", "Town_Code": "DAN", "State": "MA", "Description__street_segment_": "152-176 WATER ST, DAN, & N SHORE AV, JACOBS AV", "Diameter": 4, "Material": "Cast Iron", "Operating_Pressure": "LP", "NPA_Opportunity": "Yes - Potential NPA, partial scope", "LPP_Footage": 2725, "LPP_Mileage_": 0.52, "lat": 42.5430918, "lon": -70.9154934, "Mapped_address": "N Shore Ave, Danvers, MA, USA", "FID": 332}}, {"type": "Feature", "id": 333, "geometry": {"type": "Point", "coordinates": [-70.9379609811475, 42.5601649296696]}, "properties": {"Line": 7, "Company": "Boston Gas", "Division": "Beverly", "Town": "Danvers", "Town_Code": "DAN", "State": "MA", "Description__street_segment_": "2-60 ASH ST, DAN, LAWRENCE ST & PURCHASE ST", "Diameter": 3, "Material": "Cast Iron", "Operating_Pressure": "LP to 60", "NPA_Opportunity": "Yes - Potential NPA", "LPP_Footage": 10190, "LPP_Mileage_": 1.93, "lat": 42.5601649296696, "lon": -70.9379609811475, "Mapped_address": "31 Ash St, Danvers, MA 01923, USA", "FID": 333}}, {"type": "Feature", "id": 334, "geometry": {"type": "Point", "coordinates": [-70.9353347, 42.5601925]}, "properties": {"Line": 7, "Company": "Boston Gas", "Division": "Beverly", "Town": "Danvers", "Town_Code": "DAN", "State": "MA", "Description__street_segment_": "2-60 ASH ST, DAN, LAWRENCE ST & PURCHASE ST", "Diameter": 3, "Material": "Cast Iron", "Operating_Pressure": "LP to 60", "NPA_Opportunity": "Yes - Potential NPA", "LPP_Footage": 10190, "LPP_Mileage_": 1.93, "lat": 42.5601925, "lon": -70.9353347, "Mapped_address": "Lawrence St, Danvers, MA 01923, USA", "FID": 334}}, {"type": "Feature", "id": 335, "geometry": {"type": "Point", "coordinates": [-70.9336717, 42.557853]}, "properties": {"Line": 7, "Company": "Boston Gas", "Division": "Beverly", "Town": "Danvers", "Town_Code": "DAN", "State": "MA", "Description__street_segment_": "2-60 ASH ST, DAN, LAWRENCE ST & PURCHASE ST", "Diameter": 3, "Material": "Cast Iron", "Operating_Pressure": "LP to 60", "NPA_Opportunity": "Yes - Potential NPA", "LPP_Footage": 10190, "LPP_Mileage_": 1.93, "lat": 42.557853, "lon": -70.9336717, "Mapped_address": "Purchase St, Danvers, MA 01923, USA", "FID": 335}}, {"type": "Feature", "id": 336, "geometry": {"type": "Point", "coordinates": [-70.9360259665674, 42.5754527418694]}, "properties": {"Line": 8, "Company": "Boston Gas", "Division": "Beverly", "Town": "Danvers", "Town_Code": "DAN", "State": "MA", "Description__street_segment_": "3-18 COOLIDGE RD, DAN, & 89-93 LOCUST ST", "Diameter": 4, "Material": "Cast Iron", "Operating_Pressure": "LP to 60", "NPA_Opportunity": "Yes - Potential NPA", "LPP_Footage": 680, "LPP_Mileage_": 0.13, "lat": 42.5754527418694, "lon": -70.9360259665674, "Mapped_address": "10 Coolidge Rd, Danvers, MA 01923, USA", "FID": 336}}, {"type": "Feature", "id": 337, "geometry": {"type": "Point", "coordinates": [-70.9370856, 42.5753715]}, "properties": {"Line": 8, "Company": "Boston Gas", "Division": "Beverly", "Town": "Danvers", "Town_Code": "DAN", "State": "MA", "Description__street_segment_": "3-18 COOLIDGE RD, DAN, & 89-93 LOCUST ST", "Diameter": 4, "Material": "Cast Iron", "Operating_Pressure": "LP to 60", "NPA_Opportunity": "Yes - Potential NPA", "LPP_Footage": 680, "LPP_Mileage_": 0.13, "lat": 42.5753715, "lon": -70.9370856, "Mapped_address": "91 Locust St, Danvers, MA 01923, USA", "FID": 337}}, {"type": "Feature", "id": 338, "geometry": {"type": "Point", "coordinates": [-70.6861263998904, 42.6240300798721]}, "properties": {"Line": 9, "Company": "Boston Gas", "Division": "Beverly", "Town": "Gloucester", "Town_Code": "GLO", "State": "MA", "Description__street_segment_": "3-12 TRENEL COVE RD, GLO, FERRY LN & WOLF HILL RD", "Diameter": 4, "Material": "Steel-WI", "Operating_Pressure": "2 & 2 to 60", "NPA_Opportunity": "Yes - Potential NPA, partial scope", "LPP_Footage": 3125, "LPP_Mileage_": 0.59, "lat": 42.6240300798721, "lon": -70.6861263998904, "Mapped_address": "7 Trenel Cove Rd, Gloucester, MA 01930, USA", "FID": 338}}, {"type": "Feature", "id": 339, "geometry": {"type": "Point", "coordinates": [-70.6817204, 42.6255563]}, "properties": {"Line": 9, "Company": "Boston Gas", "Division": "Beverly", "Town": "Gloucester", "Town_Code": "GLO", "State": "MA", "Description__street_segment_": "3-12 TRENEL COVE RD, GLO, FERRY LN & WOLF HILL RD", "Diameter": 4, "Material": "Steel-WI", "Operating_Pressure": "2 & 2 to 60", "NPA_Opportunity": "Yes - Potential NPA, partial scope", "LPP_Footage": 3125, "LPP_Mileage_": 0.59, "lat": 42.6255563, "lon": -70.6817204, "Mapped_address": "Ferry Ln, Gloucester, MA 01930, USA", "FID": 339}}, {"type": "Feature", "id": 340, "geometry": {"type": "Point", "coordinates": [-70.6847516, 42.6229417]}, "properties": {"Line": 9, "Company": "Boston Gas", "Division": "Beverly", "Town": "Gloucester", "Town_Code": "GLO", "State": "MA", "Description__street_segment_": "3-12 TRENEL COVE RD, GLO, FERRY LN & WOLF HILL RD", "Diameter": 4, "Material": "Steel-WI", "Operating_Pressure": "2 & 2 to 60", "NPA_Opportunity": "Yes - Potential NPA, partial scope", "LPP_Footage": 3125, "LPP_Mileage_": 0.59, "lat": 42.6229417, "lon": -70.6847516, "Mapped_address": "Wolf Hill Rd, Gloucester, MA 01930, USA", "FID": 340}}, {"type": "Feature", "id": 341, "geometry": {"type": "Point", "coordinates": [-70.9455756509145, 42.4731084682748]}, "properties": {"Line": 10, "Company": "Boston Gas", "Division": "Beverly", "Town": "Lynn", "Town_Code": "LNN", "State": "MA", "Description__street_segment_": "11-63 COOK ST, LNN, WILSON & HOLLINGSWORTH ST", "Diameter": 4, "Material": "Cast Iron", "Operating_Pressure": "LP & LP to 60", "NPA_Opportunity": "Yes - Potential NPA", "LPP_Footage": 1915, "LPP_Mileage_": 0.36, "lat": 42.4731084682748, "lon": -70.9455756509145, "Mapped_address": "37 Cook St, Lynn, MA 01902, USA", "FID": 341}}, {"type": "Feature", "id": 342, "geometry": {"type": "Point", "coordinates": [-70.9469616, 42.4707764]}, "properties": {"Line": 10, "Company": "Boston Gas", "Division": "Beverly", "Town": "Lynn", "Town_Code": "LNN", "State": "MA", "Description__street_segment_": "11-63 COOK ST, LNN, WILSON & HOLLINGSWORTH ST", "Diameter": 4, "Material": "Cast Iron", "Operating_Pressure": "LP & LP to 60", "NPA_Opportunity": "Yes - Potential NPA", "LPP_Footage": 1915, "LPP_Mileage_": 0.36, "lat": 42.4707764, "lon": -70.9469616, "Mapped_address": "Hollingsworth St, Lynn, MA 01902, USA", "FID": 342}}, {"type": "Feature", "id": 343, "geometry": {"type": "Point", "coordinates": [-70.9457806757714, 42.4725330230022]}, "properties": {"Line": 10, "Company": "Boston Gas", "Division": "Beverly", "Town": "Lynn", "Town_Code": "LNN", "State": "MA", "Description__street_segment_": "11-63 COOK ST, LNN, WILSON & HOLLINGSWORTH ST", "Diameter": 4, "Material": "Cast Iron", "Operating_Pressure": "LP & LP to 60", "NPA_Opportunity": "Yes - Potential NPA", "LPP_Footage": 1915, "LPP_Mileage_": 0.36, "lat": 42.4725330230022, "lon": -70.9457806757714, "Mapped_address": "Wilson St, Lynn, MA 01902, USA", "FID": 343}}, {"type": "Feature", "id": 344, "geometry": {"type": "Point", "coordinates": [-70.941457085443, 42.4705027998985]}, "properties": {"Line": 11, "Company": "Boston Gas", "Division": "Beverly", "Town": "Lynn", "Town_Code": "LNN", "State": "MA", "Description__street_segment_": "1-18 ROCKLAND ST, LNN, BROWNVILLE AV, RIDGEWAY", "Diameter": 4, "Material": "Cast Iron", "Operating_Pressure": "LP", "NPA_Opportunity": "No - Impact to System Integration", "LPP_Footage": 900, "LPP_Mileage_": 0.17, "lat": 42.4705027998985, "lon": -70.941457085443, "Mapped_address": "9 Rockland St, Lynn, MA 01902, USA", "FID": 344}}, {"type": "Feature", "id": 345, "geometry": {"type": "Point", "coordinates": [-70.9427751, 42.4695252]}, "properties": {"Line": 11, "Company": "Boston Gas", "Division": "Beverly", "Town": "Lynn", "Town_Code": "LNN", "State": "MA", "Description__street_segment_": "1-18 ROCKLAND ST, LNN, BROWNVILLE AV, RIDGEWAY", "Diameter": 4, "Material": "Cast Iron", "Operating_Pressure": "LP", "NPA_Opportunity": "No - Impact to System Integration", "LPP_Footage": 900, "LPP_Mileage_": 0.17, "lat": 42.4695252, "lon": -70.9427751, "Mapped_address": "Brownville Ave, Lynn, MA 01902, USA", "FID": 345}}, {"type": "Feature", "id": 346, "geometry": {"type": "Point", "coordinates": [-70.9759513732485, 42.4697603327016]}, "properties": {"Line": 12, "Company": "Boston Gas", "Division": "Beverly", "Town": "Lynn", "Town_Code": "LNN", "State": "MA", "Description__street_segment_": "132-182 MYRTLE ST, LNN, & 4-16 POPLAR ST", "Diameter": 6, "Material": "Cast Iron", "Operating_Pressure": "LP", "NPA_Opportunity": "No - Impact to System Integration", "LPP_Footage": 1375, "LPP_Mileage_": 0.26, "lat": 42.4697603327016, "lon": -70.9759513732485, "Mapped_address": "10 Poplar St, Lynn, MA 01905, USA", "FID": 346}}, {"type": "Feature", "id": 347, "geometry": {"type": "Point", "coordinates": [-70.9771448431856, 42.4698968986967]}, "properties": {"Line": 12, "Company": "Boston Gas", "Division": "Beverly", "Town": "Lynn", "Town_Code": "LNN", "State": "MA", "Description__street_segment_": "132-182 MYRTLE ST, LNN, & 4-16 POPLAR ST", "Diameter": 6, "Material": "Cast Iron", "Operating_Pressure": "LP", "NPA_Opportunity": "No - Impact to System Integration", "LPP_Footage": 1375, "LPP_Mileage_": 0.26, "lat": 42.4698968986967, "lon": -70.9771448431856, "Mapped_address": "157 Myrtle St, Lynn, MA 01905, USA", "FID": 347}}, {"type": "Feature", "id": 348, "geometry": {"type": "Point", "coordinates": [-70.9754227124399, 42.5018064914285]}, "properties": {"Line": 13, "Company": "Boston Gas", "Division": "Beverly", "Town": "Lynn", "Town_Code": "LNN", "State": "MA", "Description__street_segment_": "2-124 HARRIS RD, LNN, & CEDAR BROOK RD, COLMER", "Diameter": 2, "Material": "Steel-WI", "Operating_Pressure": "60", "NPA_Opportunity": "No - Impact to System Integration", "LPP_Footage": 4705, "LPP_Mileage_": 0.89, "lat": 42.5018064914285, "lon": -70.9754227124399, "Mapped_address": "63 Harris Rd, Lynn, MA 01904, USA", "FID": 348}}, {"type": "Feature", "id": 349, "geometry": {"type": "Point", "coordinates": [-70.9761637, 42.503461]}, "properties": {"Line": 13, "Company": "Boston Gas", "Division": "Beverly", "Town": "Lynn", "Town_Code": "LNN", "State": "MA", "Description__street_segment_": "2-124 HARRIS RD, LNN, & CEDAR BROOK RD, COLMER", "Diameter": 2, "Material": "Steel-WI", "Operating_Pressure": "60", "NPA_Opportunity": "No - Impact to System Integration", "LPP_Footage": 4705, "LPP_Mileage_": 0.89, "lat": 42.503461, "lon": -70.9761637, "Mapped_address": "Cedar Brook Rd, Lynn, MA 01904, USA", "FID": 349}}, {"type": "Feature", "id": 350, "geometry": {"type": "Point", "coordinates": [-70.9619814569086, 42.4678756801608]}, "properties": {"Line": 14, "Company": "Boston Gas", "Division": "Beverly", "Town": "Lynn", "Town_Code": "LNN", "State": "MA", "Description__street_segment_": "255-354 BOSTON ST, LNN, & RHODES AV", "Diameter": 12, "Material": "Cast Iron", "Operating_Pressure": "LP", "NPA_Opportunity": "Yes - Potential NPA", "LPP_Footage": 2715, "LPP_Mileage_": 0.51, "lat": 42.4678756801608, "lon": -70.9619814569086, "Mapped_address": "304 Boston St, Lynn, MA 01904, USA", "FID": 350}}, {"type": "Feature", "id": 351, "geometry": {"type": "Point", "coordinates": [-70.9624447, 42.4686621]}, "properties": {"Line": 14, "Company": "Boston Gas", "Division": "Beverly", "Town": "Lynn", "Town_Code": "LNN", "State": "MA", "Description__street_segment_": "255-354 BOSTON ST, LNN, & RHODES AV", "Diameter": 12, "Material": "Cast Iron", "Operating_Pressure": "LP", "NPA_Opportunity": "Yes - Potential NPA", "LPP_Footage": 2715, "LPP_Mileage_": 0.51, "lat": 42.4686621, "lon": -70.9624447, "Mapped_address": "Rhodes Ave, Lynn, MA 01904, USA", "FID": 351}}, {"type": "Feature", "id": 352, "geometry": {"type": "Point", "coordinates": [-70.954991, 42.4698574]}, "properties": {"Line": 15, "Company": "Boston Gas", "Division": "Beverly", "Town": "Lynn", "Town_Code": "LNN", "State": "MA", "Description__street_segment_": "30-68 LAIGHTON ST, LNN, BEAUERY TER", "Diameter": 8, "Material": "Cast Iron", "Operating_Pressure": "LP to 60", "NPA_Opportunity": "Yes - Potential NPA", "LPP_Footage": 1165, "LPP_Mileage_": 0.22, "lat": 42.4698574, "lon": -70.954991, "Mapped_address": "49 Laighton St, Lynn, MA 01902, USA", "FID": 352}}, {"type": "Feature", "id": 353, "geometry": {"type": "Point", "coordinates": [-70.9549751, 42.4703091]}, "properties": {"Line": 15, "Company": "Boston Gas", "Division": "Beverly", "Town": "Lynn", "Town_Code": "LNN", "State": "MA", "Description__street_segment_": "30-68 LAIGHTON ST, LNN, BEAUERY TER", "Diameter": 8, "Material": "Cast Iron", "Operating_Pressure": "LP to 60", "NPA_Opportunity": "Yes - Potential NPA", "LPP_Footage": 1165, "LPP_Mileage_": 0.22, "lat": 42.4703091, "lon": -70.9549751, "Mapped_address": "Beaudry Terrace, Lynn, MA 01902, USA", "FID": 353}}, {"type": "Feature", "id": 354, "geometry": {"type": "Point", "coordinates": [-70.9759984824678, 42.4664622981624]}, "properties": {"Line": 16, "Company": "Boston Gas", "Division": "Beverly", "Town": "Lynn", "Town_Code": "LNN", "State": "MA", "Description__street_segment_": "3-131 MYRTLE ST, LNN, & WILFRED ST, FLORENCE ST", "Diameter": 4, "Material": "Cast Iron", "Operating_Pressure": "LP to 60", "NPA_Opportunity": "Yes - Potential NPA", "LPP_Footage": 2170, "LPP_Mileage_": 0.41, "lat": 42.4664622981624, "lon": -70.9759984824678, "Mapped_address": "67 Myrtle St, Lynn, MA 01905, USA", "FID": 354}}, {"type": "Feature", "id": 355, "geometry": {"type": "Point", "coordinates": [-70.9774031, 42.4658895]}, "properties": {"Line": 16, "Company": "Boston Gas", "Division": "Beverly", "Town": "Lynn", "Town_Code": "LNN", "State": "MA", "Description__street_segment_": "3-131 MYRTLE ST, LNN, & WILFRED ST, FLORENCE ST", "Diameter": 4, "Material": "Cast Iron", "Operating_Pressure": "LP to 60", "NPA_Opportunity": "Yes - Potential NPA", "LPP_Footage": 2170, "LPP_Mileage_": 0.41, "lat": 42.4658895, "lon": -70.9774031, "Mapped_address": "Florence St, Lynn, MA 01905, USA", "FID": 355}}, {"type": "Feature", "id": 356, "geometry": {"type": "Point", "coordinates": [-70.9751119, 42.4655845]}, "properties": {"Line": 16, "Company": "Boston Gas", "Division": "Beverly", "Town": "Lynn", "Town_Code": "LNN", "State": "MA", "Description__street_segment_": "3-131 MYRTLE ST, LNN, & WILFRED ST, FLORENCE ST", "Diameter": 4, "Material": "Cast Iron", "Operating_Pressure": "LP to 60", "NPA_Opportunity": "Yes - Potential NPA", "LPP_Footage": 2170, "LPP_Mileage_": 0.41, "lat": 42.4655845, "lon": -70.9751119, "Mapped_address": "Wilfred St, Lynn, MA 01905, USA", "FID": 356}}, {"type": "Feature", "id": 357, "geometry": {"type": "Point", "coordinates": [-70.9367075094292, 42.4581034167084]}, "properties": {"Line": 17, "Company": "Boston Gas", "Division": "Beverly", "Town": "Lynn", "Town_Code": "LNN", "State": "MA", "Description__street_segment_": "31-35 BEACH RD, LNN, & 2-36 SURFSIDE RD", "Diameter": 6, "Material": "Cast Iron", "Operating_Pressure": "LP", "NPA_Opportunity": "No - Impact to System Integration", "LPP_Footage": 825, "LPP_Mileage_": 0.16, "lat": 42.4581034167084, "lon": -70.9367075094292, "Mapped_address": "19 Surfside Rd, Lynn, MA 01902, USA", "FID": 357}}, {"type": "Feature", "id": 358, "geometry": {"type": "Point", "coordinates": [-70.9358865120654, 42.4580072223931]}, "properties": {"Line": 17, "Company": "Boston Gas", "Division": "Beverly", "Town": "Lynn", "Town_Code": "LNN", "State": "MA", "Description__street_segment_": "31-35 BEACH RD, LNN, & 2-36 SURFSIDE RD", "Diameter": 6, "Material": "Cast Iron", "Operating_Pressure": "LP", "NPA_Opportunity": "No - Impact to System Integration", "LPP_Footage": 825, "LPP_Mileage_": 0.16, "lat": 42.4580072223931, "lon": -70.9358865120654, "Mapped_address": "33 Beach Rd, Lynn, MA 01902, USA", "FID": 358}}, {"type": "Feature", "id": 359, "geometry": {"type": "Point", "coordinates": [-70.937631655248, 42.4803667942051]}, "properties": {"Line": 18, "Company": "Boston Gas", "Division": "Beverly", "Town": "Lynn", "Town_Code": "LNN", "State": "MA", "Description__street_segment_": "3-20 MILTON ST, LNN, & 3-12 MILTON PL", "Diameter": 2, "Material": "Steel-WI", "Operating_Pressure": "LP", "NPA_Opportunity": "Yes - Potential NPA", "LPP_Footage": 295, "LPP_Mileage_": 0.06, "lat": 42.4803667942051, "lon": -70.937631655248, "Mapped_address": "11 Milton St, Lynn, MA 01902, USA", "FID": 359}}, {"type": "Feature", "id": 360, "geometry": {"type": "Point", "coordinates": [-70.9376191527899, 42.4799630741301]}, "properties": {"Line": 18, "Company": "Boston Gas", "Division": "Beverly", "Town": "Lynn", "Town_Code": "LNN", "State": "MA", "Description__street_segment_": "3-20 MILTON ST, LNN, & 3-12 MILTON PL", "Diameter": 2, "Material": "Steel-WI", "Operating_Pressure": "LP", "NPA_Opportunity": "Yes - Potential NPA", "LPP_Footage": 295, "LPP_Mileage_": 0.06, "lat": 42.4799630741301, "lon": -70.9376191527899, "Mapped_address": "7 Milton Pl, Lynn, MA 01902, USA", "FID": 360}}, {"type": "Feature", "id": 361, "geometry": {"type": "Point", "coordinates": [-70.9859566358624, 42.4732141955141]}, "properties": {"Line": 19, "Company": "Boston Gas", "Division": "Beverly", "Town": "Lynn", "Town_Code": "LNN", "State": "MA", "Description__street_segment_": "407-555 WALNUT ST, LNN", "Diameter": 6, "Material": "Cast Iron", "Operating_Pressure": "LP", "NPA_Opportunity": "No - Impact to System Integration", "LPP_Footage": 1855, "LPP_Mileage_": 0.35, "lat": 42.4732141955141, "lon": -70.9859566358624, "Mapped_address": "481 Walnut St, Lynn, MA 01905, USA", "FID": 361}}, {"type": "Feature", "id": 362, "geometry": {"type": "Point", "coordinates": [-70.9713205634299, 42.4804107680407]}, "properties": {"Line": 20, "Company": "Boston Gas", "Division": "Beverly", "Town": "Lynn", "Town_Code": "LNN", "State": "MA", "Description__street_segment_": "4-18 CRESTWOOD CIR, LNN, & 28-55 B ST", "Diameter": 2, "Material": "Steel-WI", "Operating_Pressure": "LP", "NPA_Opportunity": "Yes - Potential NPA", "LPP_Footage": 630, "LPP_Mileage_": 0.12, "lat": 42.4804107680407, "lon": -70.9713205634299, "Mapped_address": "11 Crestwood Cir, Lynn, MA 01905, USA", "FID": 362}}, {"type": "Feature", "id": 363, "geometry": {"type": "Point", "coordinates": [-70.971174032228, 42.4803716348208]}, "properties": {"Line": 20, "Company": "Boston Gas", "Division": "Beverly", "Town": "Lynn", "Town_Code": "LNN", "State": "MA", "Description__street_segment_": "4-18 CRESTWOOD CIR, LNN, & 28-55 B ST", "Diameter": 2, "Material": "Steel-WI", "Operating_Pressure": "LP", "NPA_Opportunity": "Yes - Potential NPA", "LPP_Footage": 630, "LPP_Mileage_": 0.12, "lat": 42.4803716348208, "lon": -70.971174032228, "Mapped_address": "41 B St, Lynn, MA 01905, USA", "FID": 363}}, {"type": "Feature", "id": 364, "geometry": {"type": "Point", "coordinates": [-70.9292086390543, 42.4658979629084]}, "properties": {"Line": 21, "Company": "Boston Gas", "Division": "Beverly", "Town": "Lynn", "Town_Code": "LNN", "State": "MA", "Description__street_segment_": "4-19 AUBREY TER, LNN", "Diameter": 2, "Material": "Steel-WI", "Operating_Pressure": "LP", "NPA_Opportunity": "Yes - Potential NPA, entire scope", "LPP_Footage": 235, "LPP_Mileage_": 0.04, "lat": 42.4658979629084, "lon": -70.9292086390543, "Mapped_address": "11 Aubrey Terrace, Lynn, MA 01902, USA", "FID": 364}}, {"type": "Feature", "id": 365, "geometry": {"type": "Point", "coordinates": [-70.9373507, 42.4593408]}, "properties": {"Line": 22, "Company": "Boston Gas", "Division": "Beverly", "Town": "Lynn", "Town_Code": "LNN", "State": "MA", "Description__street_segment_": "4-70 TUDOR ST, LNN", "Diameter": 6, "Material": "Steel-WI", "Operating_Pressure": "LP", "NPA_Opportunity": "No - Impact to System Integration", "LPP_Footage": 980, "LPP_Mileage_": 0.19, "lat": 42.4593408, "lon": -70.9373507, "Mapped_address": "37 Tudor St, Lynn, MA 01902, USA", "FID": 365}}, {"type": "Feature", "id": 366, "geometry": {"type": "Point", "coordinates": [-70.9442783769073, 42.475698517805]}, "properties": {"Line": 23, "Company": "Boston Gas", "Division": "Beverly", "Town": "Lynn", "Town_Code": "LNN", "State": "MA", "Description__street_segment_": "47-109 MEMORIAL PARK AV, LNN", "Diameter": 6, "Material": "Cast Iron", "Operating_Pressure": "LP to 60", "NPA_Opportunity": "Yes - Potential NPA", "LPP_Footage": 970, "LPP_Mileage_": 0.18, "lat": 42.475698517805, "lon": -70.9442783769073, "Mapped_address": "78 Memorial Park Ave, Lynn, MA 01902, USA", "FID": 366}}, {"type": "Feature", "id": 367, "geometry": {"type": "Point", "coordinates": [-70.9486893599288, 42.4644348464625]}, "properties": {"Line": 24, "Company": "Boston Gas", "Division": "Beverly", "Town": "Lynn", "Town_Code": "LNN", "State": "MA", "Description__street_segment_": "50-169 CENTRAL AV, LNN, & SUTTON ST", "Diameter": 8, "Material": "Cast Iron", "Operating_Pressure": "LP", "NPA_Opportunity": "No - High Customer Concentration", "LPP_Footage": 1650, "LPP_Mileage_": 0.31, "lat": 42.4644348464625, "lon": -70.9486893599288, "Mapped_address": "109 Central Ave, Lynn, MA 01901, USA", "FID": 367}}, {"type": "Feature", "id": 368, "geometry": {"type": "Point", "coordinates": [-70.9497595, 42.4645213]}, "properties": {"Line": 24, "Company": "Boston Gas", "Division": "Beverly", "Town": "Lynn", "Town_Code": "LNN", "State": "MA", "Description__street_segment_": "50-169 CENTRAL AV, LNN, & SUTTON ST", "Diameter": 8, "Material": "Cast Iron", "Operating_Pressure": "LP", "NPA_Opportunity": "No - High Customer Concentration", "LPP_Footage": 1650, "LPP_Mileage_": 0.31, "lat": 42.4645213, "lon": -70.9497595, "Mapped_address": "Sutton St, Lynn, MA, USA", "FID": 368}}, {"type": "Feature", "id": 369, "geometry": {"type": "Point", "coordinates": [-70.9524890809643, 42.4665027130137]}, "properties": {"Line": 25, "Company": "Boston Gas", "Division": "Beverly", "Town": "Lynn", "Town_Code": "LNN", "State": "MA", "Description__street_segment_": "5-46 WHITTIER ST, LNN, & HANOVER ST, LLOYD ST", "Diameter": 6, "Material": "Cast Iron", "Operating_Pressure": "LP", "NPA_Opportunity": "Yes - Potential NPA", "LPP_Footage": 1585, "LPP_Mileage_": 0.3, "lat": 42.4665027130137, "lon": -70.9524890809643, "Mapped_address": "25 Whittier St, Lynn, MA 01902, USA", "FID": 369}}, {"type": "Feature", "id": 370, "geometry": {"type": "Point", "coordinates": [-70.9550278, 42.4660405]}, "properties": {"Line": 25, "Company": "Boston Gas", "Division": "Beverly", "Town": "Lynn", "Town_Code": "LNN", "State": "MA", "Description__street_segment_": "5-46 WHITTIER ST, LNN, & HANOVER ST, LLOYD ST", "Diameter": 6, "Material": "Cast Iron", "Operating_Pressure": "LP", "NPA_Opportunity": "Yes - Potential NPA", "LPP_Footage": 1585, "LPP_Mileage_": 0.3, "lat": 42.4660405, "lon": -70.9550278, "Mapped_address": "Hanover St, Lynn, MA 01902, USA", "FID": 370}}, {"type": "Feature", "id": 371, "geometry": {"type": "Point", "coordinates": [-70.9514594, 42.4659688]}, "properties": {"Line": 25, "Company": "Boston Gas", "Division": "Beverly", "Town": "Lynn", "Town_Code": "LNN", "State": "MA", "Description__street_segment_": "5-46 WHITTIER ST, LNN, & HANOVER ST, LLOYD ST", "Diameter": 6, "Material": "Cast Iron", "Operating_Pressure": "LP", "NPA_Opportunity": "Yes - Potential NPA", "LPP_Footage": 1585, "LPP_Mileage_": 0.3, "lat": 42.4659688, "lon": -70.9514594, "Mapped_address": "Lloyd St, Lynn, MA 01902, USA", "FID": 371}}, {"type": "Feature", "id": 372, "geometry": {"type": "Point", "coordinates": [-70.9813631, 42.4633994]}, "properties": {"Line": 26, "Company": "Boston Gas", "Division": "Beverly", "Town": "Lynn", "Town_Code": "LNN", "State": "MA", "Description__street_segment_": "5-56 KESLAR AV, LNN", "Diameter": 6, "Material": "Cast Iron", "Operating_Pressure": "LP", "NPA_Opportunity": "No - Impact to System Integration", "LPP_Footage": 720, "LPP_Mileage_": 0.14, "lat": 42.4633994, "lon": -70.9813631, "Mapped_address": "30 Keslar Ave, Lynn, MA 01905, USA", "FID": 372}}, {"type": "Feature", "id": 373, "geometry": {"type": "Point", "coordinates": [-70.9677932642144, 42.4677549563151]}, "properties": {"Line": 27, "Company": "Boston Gas", "Division": "Beverly", "Town": "Lynn", "Town_Code": "LNN", "State": "MA", "Description__street_segment_": "6-69 N FEDERAL ST, LNN, & OLEARY PL, DEXTER TER", "Diameter": 6, "Material": "Steel-WI", "Operating_Pressure": "LP to 60", "NPA_Opportunity": "Yes - Potential NPA, entire scope", "LPP_Footage": 1425, "LPP_Mileage_": 0.27, "lat": 42.4677549563151, "lon": -70.9677932642144, "Mapped_address": "37 N Federal St, Lynn, MA 01905, USA", "FID": 373}}, {"type": "Feature", "id": 374, "geometry": {"type": "Point", "coordinates": [-70.9682595010908, 42.4681289777784]}, "properties": {"Line": 27, "Company": "Boston Gas", "Division": "Beverly", "Town": "Lynn", "Town_Code": "LNN", "State": "MA", "Description__street_segment_": "6-69 N FEDERAL ST, LNN, & OLEARY PL, DEXTER TER", "Diameter": 6, "Material": "Steel-WI", "Operating_Pressure": "LP to 60", "NPA_Opportunity": "Yes - Potential NPA, entire scope", "LPP_Footage": 1425, "LPP_Mileage_": 0.27, "lat": 42.4681289777784, "lon": -70.9682595010908, "Mapped_address": "Oleary Pl, Lynn, MA 01905, USA", "FID": 374}}, {"type": "Feature", "id": 375, "geometry": {"type": "Point", "coordinates": [-70.9862294190343, 42.461327264909]}, "properties": {"Line": 28, "Company": "Boston Gas", "Division": "Beverly", "Town": "Lynn", "Town_Code": "LNN", "State": "MA", "Description__street_segment_": "7-24 BROWNS AV, LNN", "Diameter": null, "Material": "Steel-WI", "Operating_Pressure": "LP to 60", "NPA_Opportunity": "Yes - Potential NPA, entire scope", "LPP_Footage": 340, "LPP_Mileage_": 0.06, "lat": 42.461327264909, "lon": -70.9862294190343, "Mapped_address": "15 Browns Ave, Lynn, MA 01905, USA", "FID": 375}}, {"type": "Feature", "id": 376, "geometry": {"type": "Point", "coordinates": [-70.9557976226511, 42.4654535984749]}, "properties": {"Line": 29, "Company": "Boston Gas", "Division": "Beverly", "Town": "Lynn", "Town_Code": "LNN", "State": "MA", "Description__street_segment_": "7-79 HANOVER ST, LNN, & HANOVER CIR, CHASE ST", "Diameter": 8, "Material": "Steel-WI", "Operating_Pressure": "LP to 60 & 60", "NPA_Opportunity": "Yes - Potential NPA, partial scope", "LPP_Footage": 3120, "LPP_Mileage_": 0.59, "lat": 42.4654535984749, "lon": -70.9557976226511, "Mapped_address": "43 Hanover St, Lynn, MA 01902, USA", "FID": 376}}, {"type": "Feature", "id": 377, "geometry": {"type": "Point", "coordinates": [-70.956488, 42.4658673]}, "properties": {"Line": 29, "Company": "Boston Gas", "Division": "Beverly", "Town": "Lynn", "Town_Code": "LNN", "State": "MA", "Description__street_segment_": "7-79 HANOVER ST, LNN, & HANOVER CIR, CHASE ST", "Diameter": 8, "Material": "Steel-WI", "Operating_Pressure": "LP to 60 & 60", "NPA_Opportunity": "Yes - Potential NPA, partial scope", "LPP_Footage": 3120, "LPP_Mileage_": 0.59, "lat": 42.4658673, "lon": -70.956488, "Mapped_address": "Chase St, Lynn, MA 01902, USA", "FID": 377}}, {"type": "Feature", "id": 378, "geometry": {"type": "Point", "coordinates": [-70.9561750927516, 42.4647921469682]}, "properties": {"Line": 29, "Company": "Boston Gas", "Division": "Beverly", "Town": "Lynn", "Town_Code": "LNN", "State": "MA", "Description__street_segment_": "7-79 HANOVER ST, LNN, & HANOVER CIR, CHASE ST", "Diameter": 8, "Material": "Steel-WI", "Operating_Pressure": "LP to 60 & 60", "NPA_Opportunity": "Yes - Potential NPA, partial scope", "LPP_Footage": 3120, "LPP_Mileage_": 0.59, "lat": 42.4647921469682, "lon": -70.9561750927516, "Mapped_address": "Hanover Cir, Lynn, MA 01902, USA", "FID": 378}}, {"type": "Feature", "id": 379, "geometry": {"type": "Point", "coordinates": [-70.9348698466941, 42.4660022697432]}, "properties": {"Line": 30, "Company": "Boston Gas", "Division": "Beverly", "Town": "Lynn", "Town_Code": "LNN", "State": "MA", "Description__street_segment_": "7-87 CHESTNUT ST, LNN, LANDER ST & LANDER AV", "Diameter": 4, "Material": "Cast Iron", "Operating_Pressure": "LP", "NPA_Opportunity": "Yes - Potential NPA", "LPP_Footage": 2875, "LPP_Mileage_": 0.54, "lat": 42.4660022697432, "lon": -70.9348698466941, "Mapped_address": "47 Chestnut St, Lynn, MA 01902, USA", "FID": 379}}, {"type": "Feature", "id": 380, "geometry": {"type": "Point", "coordinates": [-70.9359091, 42.4656788]}, "properties": {"Line": 30, "Company": "Boston Gas", "Division": "Beverly", "Town": "Lynn", "Town_Code": "LNN", "State": "MA", "Description__street_segment_": "7-87 CHESTNUT ST, LNN, LANDER ST & LANDER AV", "Diameter": 4, "Material": "Cast Iron", "Operating_Pressure": "LP", "NPA_Opportunity": "Yes - Potential NPA", "LPP_Footage": 2875, "LPP_Mileage_": 0.54, "lat": 42.4656788, "lon": -70.9359091, "Mapped_address": "Lander Ave, Lynn, MA 01902, USA", "FID": 380}}, {"type": "Feature", "id": 381, "geometry": {"type": "Point", "coordinates": [-70.9354239, 42.4660077]}, "properties": {"Line": 30, "Company": "Boston Gas", "Division": "Beverly", "Town": "Lynn", "Town_Code": "LNN", "State": "MA", "Description__street_segment_": "7-87 CHESTNUT ST, LNN, LANDER ST & LANDER AV", "Diameter": 4, "Material": "Cast Iron", "Operating_Pressure": "LP", "NPA_Opportunity": "Yes - Potential NPA", "LPP_Footage": 2875, "LPP_Mileage_": 0.54, "lat": 42.4660077, "lon": -70.9354239, "Mapped_address": "Lander St, Lynn, MA 01902, USA", "FID": 381}}, {"type": "Feature", "id": 382, "geometry": {"type": "Point", "coordinates": [-70.9598678958827, 42.4613705373554]}, "properties": {"Line": 31, "Company": "Boston Gas", "Division": "Beverly", "Town": "Lynn", "Town_Code": "LNN", "State": "MA", "Description__street_segment_": "8-103 WARREN ST, LNN, COMMERCIAL,GEORGE,VINE ST", "Diameter": 4, "Material": "Cast Iron", "Operating_Pressure": "LP", "NPA_Opportunity": "Yes - Potential NPA", "LPP_Footage": 4415, "LPP_Mileage_": 0.84, "lat": 42.4613705373554, "lon": -70.9598678958827, "Mapped_address": "55 Warren St, Lynn, MA 01905, USA", "FID": 382}}, {"type": "Feature", "id": 383, "geometry": {"type": "Point", "coordinates": [-70.9586869, 42.4606355]}, "properties": {"Line": 31, "Company": "Boston Gas", "Division": "Beverly", "Town": "Lynn", "Town_Code": "LNN", "State": "MA", "Description__street_segment_": "8-103 WARREN ST, LNN, COMMERCIAL,GEORGE,VINE ST", "Diameter": 4, "Material": "Cast Iron", "Operating_Pressure": "LP", "NPA_Opportunity": "Yes - Potential NPA", "LPP_Footage": 4415, "LPP_Mileage_": 0.84, "lat": 42.4606355, "lon": -70.9586869, "Mapped_address": "Vine St, Lynn, MA, USA", "FID": 383}}, {"type": "Feature", "id": 384, "geometry": {"type": "Point", "coordinates": [-70.9630298807781, 42.4694953000393]}, "properties": {"Line": 32, "Company": "Boston Gas", "Division": "Beverly", "Town": "Lynn", "Town_Code": "LNN", "State": "MA", "Description__street_segment_": "8-119 NEW PARK ST, LNN", "Diameter": 4, "Material": "Cast Iron", "Operating_Pressure": "LP", "NPA_Opportunity": "No - Impact to System Integration", "LPP_Footage": 1510, "LPP_Mileage_": 0.29, "lat": 42.4694953000393, "lon": -70.9630298807781, "Mapped_address": "63 New Park St, Lynn, MA 01905, USA", "FID": 384}}, {"type": "Feature", "id": 385, "geometry": {"type": "Point", "coordinates": [-70.9709487659674, 42.4583928669233]}, "properties": {"Line": 33, "Company": "Boston Gas", "Division": "Beverly", "Town": "Lynn", "Town_Code": "LNN", "State": "MA", "Description__street_segment_": "834-949 WESTERN AV, LNN, & BELIVDERE PL", "Diameter": 12, "Material": "Cast Iron", "Operating_Pressure": "LP", "NPA_Opportunity": "No - Impact to System Integration", "LPP_Footage": 670, "LPP_Mileage_": 0.13, "lat": 42.4583928669233, "lon": -70.9709487659674, "Mapped_address": "891 Western Ave, Lynn, MA 01905, USA", "FID": 385}}, {"type": "Feature", "id": 386, "geometry": {"type": "Point", "coordinates": [-70.9706315, 42.4582082]}, "properties": {"Line": 33, "Company": "Boston Gas", "Division": "Beverly", "Town": "Lynn", "Town_Code": "LNN", "State": "MA", "Description__street_segment_": "834-949 WESTERN AV, LNN, & BELIVDERE PL", "Diameter": 12, "Material": "Cast Iron", "Operating_Pressure": "LP", "NPA_Opportunity": "No - Impact to System Integration", "LPP_Footage": 670, "LPP_Mileage_": 0.13, "lat": 42.4582082, "lon": -70.9706315, "Mapped_address": "Belvidere Pl, Lynn, MA 01905, USA", "FID": 386}}, {"type": "Feature", "id": 387, "geometry": {"type": "Point", "coordinates": [-70.9406516019994, 42.4612161136354]}, "properties": {"Line": 34, "Company": "Boston Gas", "Division": "Beverly", "Town": "Lynn", "Town_Code": "LNN", "State": "MA", "Description__street_segment_": "8-50 SUFFOLK ST, LNN, & 8-16 SUFFOLK CT", "Diameter": 4, "Material": "Cast Iron", "Operating_Pressure": "LP", "NPA_Opportunity": "Yes - Potential NPA", "LPP_Footage": 840, "LPP_Mileage_": 0.16, "lat": 42.4612161136354, "lon": -70.9406516019994, "Mapped_address": "12 Suffolk Ct, Lynn, MA 01902, USA", "FID": 387}}, {"type": "Feature", "id": 388, "geometry": {"type": "Point", "coordinates": [-70.9409099586306, 42.4617845541172]}, "properties": {"Line": 34, "Company": "Boston Gas", "Division": "Beverly", "Town": "Lynn", "Town_Code": "LNN", "State": "MA", "Description__street_segment_": "8-50 SUFFOLK ST, LNN, & 8-16 SUFFOLK CT", "Diameter": 4, "Material": "Cast Iron", "Operating_Pressure": "LP", "NPA_Opportunity": "Yes - Potential NPA", "LPP_Footage": 840, "LPP_Mileage_": 0.16, "lat": 42.4617845541172, "lon": -70.9409099586306, "Mapped_address": "29 Suffolk St, Lynn, MA 01901, USA", "FID": 388}}, {"type": "Feature", "id": 389, "geometry": {"type": "Point", "coordinates": [-70.9650885265347, 42.4704479655723]}, "properties": {"Line": 35, "Company": "Boston Gas", "Division": "Beverly", "Town": "Lynn", "Town_Code": "LNN", "State": "MA", "Description__street_segment_": "8-63 LINWOOD RD, LNN, MOULTON,AMORY,SALEM ST", "Diameter": 4, "Material": "Cast Iron", "Operating_Pressure": "LP to 60", "NPA_Opportunity": "Yes - Potential NPA", "LPP_Footage": 2315, "LPP_Mileage_": 0.44, "lat": 42.4704479655723, "lon": -70.9650885265347, "Mapped_address": "35 Linwood Rd, Lynn, MA 01905, USA", "FID": 389}}, {"type": "Feature", "id": 390, "geometry": {"type": "Point", "coordinates": [-70.9646024, 42.4693477]}, "properties": {"Line": 35, "Company": "Boston Gas", "Division": "Beverly", "Town": "Lynn", "Town_Code": "LNN", "State": "MA", "Description__street_segment_": "8-63 LINWOOD RD, LNN, MOULTON,AMORY,SALEM ST", "Diameter": 4, "Material": "Cast Iron", "Operating_Pressure": "LP to 60", "NPA_Opportunity": "Yes - Potential NPA", "LPP_Footage": 2315, "LPP_Mileage_": 0.44, "lat": 42.4693477, "lon": -70.9646024, "Mapped_address": "Salem St, Lynn, MA 01905, USA", "FID": 390}}, {"type": "Feature", "id": 391, "geometry": {"type": "Point", "coordinates": [-70.9723513118952, 42.4662157380798]}, "properties": {"Line": 36, "Company": "Boston Gas", "Division": "Beverly", "Town": "Lynn", "Town_Code": "LNN", "State": "MA", "Description__street_segment_": "8-88 FLINT ST, LNN, & WYMAN ST, BOWLEY AV", "Diameter": 6, "Material": "Cast Iron", "Operating_Pressure": "LP to 60", "NPA_Opportunity": "Yes - Potential NPA", "LPP_Footage": 3215, "LPP_Mileage_": 0.61, "lat": 42.4662157380798, "lon": -70.9723513118952, "Mapped_address": "48 Flint St, Lynn, MA 01905, USA", "FID": 391}}, {"type": "Feature", "id": 392, "geometry": {"type": "Point", "coordinates": [-70.9723784, 42.4666257]}, "properties": {"Line": 36, "Company": "Boston Gas", "Division": "Beverly", "Town": "Lynn", "Town_Code": "LNN", "State": "MA", "Description__street_segment_": "8-88 FLINT ST, LNN, & WYMAN ST, BOWLEY AV", "Diameter": 6, "Material": "Cast Iron", "Operating_Pressure": "LP to 60", "NPA_Opportunity": "Yes - Potential NPA", "LPP_Footage": 3215, "LPP_Mileage_": 0.61, "lat": 42.4666257, "lon": -70.9723784, "Mapped_address": "Bowley Ave, Lynn, MA 01905, USA", "FID": 392}}, {"type": "Feature", "id": 393, "geometry": {"type": "Point", "coordinates": [-70.9733229, 42.4668992]}, "properties": {"Line": 36, "Company": "Boston Gas", "Division": "Beverly", "Town": "Lynn", "Town_Code": "LNN", "State": "MA", "Description__street_segment_": "8-88 FLINT ST, LNN, & WYMAN ST, BOWLEY AV", "Diameter": 6, "Material": "Cast Iron", "Operating_Pressure": "LP to 60", "NPA_Opportunity": "Yes - Potential NPA", "LPP_Footage": 3215, "LPP_Mileage_": 0.61, "lat": 42.4668992, "lon": -70.9733229, "Mapped_address": "Wyman St, Lynn, MA 01905, USA", "FID": 393}}, {"type": "Feature", "id": 394, "geometry": {"type": "Point", "coordinates": [-70.9647264104576, 42.4747140139748]}, "properties": {"Line": 37, "Company": "Boston Gas", "Division": "Beverly", "Town": "Lynn", "Town_Code": "LNN", "State": "MA", "Description__street_segment_": "93-146 PINE GROVE AVE, LNN,HILL CREST AV & TAPLEY", "Diameter": 6, "Material": "Cast Iron", "Operating_Pressure": "LP", "NPA_Opportunity": "Yes - Potential NPA", "LPP_Footage": 1230, "LPP_Mileage_": 0.23, "lat": 42.4747140139748, "lon": -70.9647264104576, "Mapped_address": "119 Pine Grove Ave, Lynn, MA 01904, USA", "FID": 394}}, {"type": "Feature", "id": 395, "geometry": {"type": "Point", "coordinates": [-70.9645705, 42.4744919]}, "properties": {"Line": 37, "Company": "Boston Gas", "Division": "Beverly", "Town": "Lynn", "Town_Code": "LNN", "State": "MA", "Description__street_segment_": "93-146 PINE GROVE AVE, LNN,HILL CREST AV & TAPLEY", "Diameter": 6, "Material": "Cast Iron", "Operating_Pressure": "LP", "NPA_Opportunity": "Yes - Potential NPA", "LPP_Footage": 1230, "LPP_Mileage_": 0.23, "lat": 42.4744919, "lon": -70.9645705, "Mapped_address": "Hillcrest Ave, Lynn, MA 01904, USA", "FID": 395}}, {"type": "Feature", "id": 396, "geometry": {"type": "Point", "coordinates": [-70.929254047756, 42.4650256148439]}, "properties": {"Line": 38, "Company": "Boston Gas", "Division": "Beverly", "Town": "Lynn", "Town_Code": "LNN", "State": "MA", "Description__street_segment_": "9-66 BASSETT ST, LNN, GARLAND ST & RED ROCK ST", "Diameter": 4, "Material": "Cast Iron", "Operating_Pressure": "LP", "NPA_Opportunity": "No - Impact to System Integration", "LPP_Footage": 1815, "LPP_Mileage_": 0.34, "lat": 42.4650256148439, "lon": -70.929254047756, "Mapped_address": "37 Basset St, Lynn, MA 01902, USA", "FID": 396}}, {"type": "Feature", "id": 397, "geometry": {"type": "Point", "coordinates": [-70.9304259, 42.4647908]}, "properties": {"Line": 38, "Company": "Boston Gas", "Division": "Beverly", "Town": "Lynn", "Town_Code": "LNN", "State": "MA", "Description__street_segment_": "9-66 BASSETT ST, LNN, GARLAND ST & RED ROCK ST", "Diameter": 4, "Material": "Cast Iron", "Operating_Pressure": "LP", "NPA_Opportunity": "No - Impact to System Integration", "LPP_Footage": 1815, "LPP_Mileage_": 0.34, "lat": 42.4647908, "lon": -70.9304259, "Mapped_address": "Garland St, Lynn, MA 01902, USA", "FID": 397}}, {"type": "Feature", "id": 398, "geometry": {"type": "Point", "coordinates": [-70.9298341604147, 42.4644622387971]}, "properties": {"Line": 38, "Company": "Boston Gas", "Division": "Beverly", "Town": "Lynn", "Town_Code": "LNN", "State": "MA", "Description__street_segment_": "9-66 BASSETT ST, LNN, GARLAND ST & RED ROCK ST", "Diameter": 4, "Material": "Cast Iron", "Operating_Pressure": "LP", "NPA_Opportunity": "No - Impact to System Integration", "LPP_Footage": 1815, "LPP_Mileage_": 0.34, "lat": 42.4644622387971, "lon": -70.9298341604147, "Mapped_address": "Red Rock St, Lynn, MA 01902, USA", "FID": 398}}, {"type": "Feature", "id": 399, "geometry": {"type": "Point", "coordinates": [-70.9576135464913, 42.4807685159845]}, "properties": {"Line": 39, "Company": "Boston Gas", "Division": "Beverly", "Town": "Lynn", "Town_Code": "LNN", "State": "MA", "Description__street_segment_": "9-72 MANSFIELD ST, LNN, & HUDSON ST, BOYNTON ST", "Diameter": 4, "Material": "Cast Iron", "Operating_Pressure": "LP to 60", "NPA_Opportunity": "Yes - Potential NPA, entire scope", "LPP_Footage": 2070, "LPP_Mileage_": 0.39, "lat": 42.4807685159845, "lon": -70.9576135464913, "Mapped_address": "40 Mansfield St, Lynn, MA 01904, USA", "FID": 399}}, {"type": "Feature", "id": 400, "geometry": {"type": "Point", "coordinates": [-70.9572900607691, 42.4815149822203]}, "properties": {"Line": 39, "Company": "Boston Gas", "Division": "Beverly", "Town": "Lynn", "Town_Code": "LNN", "State": "MA", "Description__street_segment_": "9-72 MANSFIELD ST, LNN, & HUDSON ST, BOYNTON ST", "Diameter": 4, "Material": "Cast Iron", "Operating_Pressure": "LP to 60", "NPA_Opportunity": "Yes - Potential NPA, entire scope", "LPP_Footage": 2070, "LPP_Mileage_": 0.39, "lat": 42.4815149822203, "lon": -70.9572900607691, "Mapped_address": "Boynton St, Lynn, MA 01904, USA", "FID": 400}}, {"type": "Feature", "id": 401, "geometry": {"type": "Point", "coordinates": [-70.9582633629701, 42.4819341698642]}, "properties": {"Line": 39, "Company": "Boston Gas", "Division": "Beverly", "Town": "Lynn", "Town_Code": "LNN", "State": "MA", "Description__street_segment_": "9-72 MANSFIELD ST, LNN, & HUDSON ST, BOYNTON ST", "Diameter": 4, "Material": "Cast Iron", "Operating_Pressure": "LP to 60", "NPA_Opportunity": "Yes - Potential NPA, entire scope", "LPP_Footage": 2070, "LPP_Mileage_": 0.39, "lat": 42.4819341698642, "lon": -70.9582633629701, "Mapped_address": "Hudson St, Lynn, MA 01904, USA", "FID": 401}}, {"type": "Feature", "id": 402, "geometry": {"type": "Point", "coordinates": [-71.030764419993, 42.4311453322614]}, "properties": {"Line": 365, "Company": "Boston Gas", "Division": "Malden", "Town": "Malden", "Town_Code": "MAL", "State": "MA", "Description__street_segment_": "1236-1556 EASTERN AV, MAL, 7-21 PRENTISS ST", "Diameter": 6, "Material": "Steel-WI", "Operating_Pressure": "LP to 60, 60", "NPA_Opportunity": "No - Impact to System Integration", "LPP_Footage": 3945, "LPP_Mileage_": 0.75, "lat": 42.4311453322614, "lon": -71.030764419993, "Mapped_address": "1396 Eastern Ave, Malden, MA 02148, USA", "FID": 402}}, {"type": "Feature", "id": 403, "geometry": {"type": "Point", "coordinates": [-71.0323515595211, 42.4305402228277]}, "properties": {"Line": 365, "Company": "Boston Gas", "Division": "Malden", "Town": "Malden", "Town_Code": "MAL", "State": "MA", "Description__street_segment_": "1236-1556 EASTERN AV, MAL, 7-21 PRENTISS ST", "Diameter": 6, "Material": "Steel-WI", "Operating_Pressure": "LP to 60, 60", "NPA_Opportunity": "No - Impact to System Integration", "LPP_Footage": 3945, "LPP_Mileage_": 0.75, "lat": 42.4305402228277, "lon": -71.0323515595211, "Mapped_address": "14 Prentiss St, Malden, MA 02148, USA", "FID": 403}}, {"type": "Feature", "id": 404, "geometry": {"type": "Point", "coordinates": [-71.0615399615315, 42.4323495708665]}, "properties": {"Line": 366, "Company": "Boston Gas", "Division": "Malden", "Town": "Malden", "Town_Code": "MAL", "State": "MA", "Description__street_segment_": "15-43 STARBIRD ST, MAL, WOLCOTT ST & BALDWIN ST", "Diameter": 4, "Material": "Cast Iron", "Operating_Pressure": "LP", "NPA_Opportunity": "Yes - Potential NPA, partial scope", "LPP_Footage": 980, "LPP_Mileage_": 0.19, "lat": 42.4323495708665, "lon": -71.0615399615315, "Mapped_address": "29 Starbird St, Malden, MA 02148, USA", "FID": 404}}, {"type": "Feature", "id": 405, "geometry": {"type": "Point", "coordinates": [-71.0619853076681, 42.4317776319613]}, "properties": {"Line": 366, "Company": "Boston Gas", "Division": "Malden", "Town": "Malden", "Town_Code": "MAL", "State": "MA", "Description__street_segment_": "15-43 STARBIRD ST, MAL, WOLCOTT ST & BALDWIN ST", "Diameter": 4, "Material": "Cast Iron", "Operating_Pressure": "LP", "NPA_Opportunity": "Yes - Potential NPA, partial scope", "LPP_Footage": 980, "LPP_Mileage_": 0.19, "lat": 42.4317776319613, "lon": -71.0619853076681, "Mapped_address": "Baldwin St, Malden, MA 02148, USA", "FID": 405}}, {"type": "Feature", "id": 406, "geometry": {"type": "Point", "coordinates": [-71.0613704, 42.4310212]}, "properties": {"Line": 366, "Company": "Boston Gas", "Division": "Malden", "Town": "Malden", "Town_Code": "MAL", "State": "MA", "Description__street_segment_": "15-43 STARBIRD ST, MAL, WOLCOTT ST & BALDWIN ST", "Diameter": 4, "Material": "Cast Iron", "Operating_Pressure": "LP", "NPA_Opportunity": "Yes - Potential NPA, partial scope", "LPP_Footage": 980, "LPP_Mileage_": 0.19, "lat": 42.4310212, "lon": -71.0613704, "Mapped_address": "Wolcott St, Malden, MA 02148, USA", "FID": 406}}, {"type": "Feature", "id": 407, "geometry": {"type": "Point", "coordinates": [-71.0836336, 42.4329583]}, "properties": {"Line": 367, "Company": "Boston Gas", "Division": "Malden", "Town": "Malden", "Town_Code": "MAL", "State": "MA", "Description__street_segment_": "15-64 WILEY ST, MAL, AUBURN CT, FELLSWAY E", "Diameter": 4, "Material": "Cast Iron", "Operating_Pressure": "LP", "NPA_Opportunity": "Yes - Potential NPA, entire scope", "LPP_Footage": 875, "LPP_Mileage_": 0.17, "lat": 42.4329583, "lon": -71.0836336, "Mapped_address": "39 Wiley St, Malden, MA 02148, USA", "FID": 407}}, {"type": "Feature", "id": 408, "geometry": {"type": "Point", "coordinates": [-71.0826854, 42.4324505]}, "properties": {"Line": 367, "Company": "Boston Gas", "Division": "Malden", "Town": "Malden", "Town_Code": "MAL", "State": "MA", "Description__street_segment_": "15-64 WILEY ST, MAL, AUBURN CT, FELLSWAY E", "Diameter": 4, "Material": "Cast Iron", "Operating_Pressure": "LP", "NPA_Opportunity": "Yes - Potential NPA, entire scope", "LPP_Footage": 875, "LPP_Mileage_": 0.17, "lat": 42.4324505, "lon": -71.0826854, "Mapped_address": "Auburn Ct, Malden, MA 02148, USA", "FID": 408}}, {"type": "Feature", "id": 409, "geometry": {"type": "Point", "coordinates": [-71.0834385, 42.4340803]}, "properties": {"Line": 367, "Company": "Boston Gas", "Division": "Malden", "Town": "Malden", "Town_Code": "MAL", "State": "MA", "Description__street_segment_": "15-64 WILEY ST, MAL, AUBURN CT, FELLSWAY E", "Diameter": 4, "Material": "Cast Iron", "Operating_Pressure": "LP", "NPA_Opportunity": "Yes - Potential NPA, entire scope", "LPP_Footage": 875, "LPP_Mileage_": 0.17, "lat": 42.4340803, "lon": -71.0834385, "Mapped_address": "Fellsway E, Malden, MA, USA", "FID": 409}}, {"type": "Feature", "id": 410, "geometry": {"type": "Point", "coordinates": [-71.0562878312312, 42.4311743625111]}, "properties": {"Line": 368, "Company": "Boston Gas", "Division": "Malden", "Town": "Malden", "Town_Code": "MAL", "State": "MA", "Description__street_segment_": "1-93 BOWERS AV, MAL, & 285-375 SALEM ST", "Diameter": 6, "Material": "Cast Iron", "Operating_Pressure": "LP", "NPA_Opportunity": "No - Impact to System Integration", "LPP_Footage": 1755, "LPP_Mileage_": 0.33, "lat": 42.4311743625111, "lon": -71.0562878312312, "Mapped_address": "330 Salem St, Malden, MA 02148, USA", "FID": 410}}, {"type": "Feature", "id": 411, "geometry": {"type": "Point", "coordinates": [-71.0561829, 42.4320953]}, "properties": {"Line": 368, "Company": "Boston Gas", "Division": "Malden", "Town": "Malden", "Town_Code": "MAL", "State": "MA", "Description__street_segment_": "1-93 BOWERS AV, MAL, & 285-375 SALEM ST", "Diameter": 6, "Material": "Cast Iron", "Operating_Pressure": "LP", "NPA_Opportunity": "No - Impact to System Integration", "LPP_Footage": 1755, "LPP_Mileage_": 0.33, "lat": 42.4320953, "lon": -71.0561829, "Mapped_address": "47 Bowers Ave, Malden, MA 02148, USA", "FID": 411}}, {"type": "Feature", "id": 412, "geometry": {"type": "Point", "coordinates": [-71.0827240972786, 42.429163054505]}, "properties": {"Line": 369, "Company": "Boston Gas", "Division": "Malden", "Town": "Malden", "Town_Code": "MAL", "State": "MA", "Description__street_segment_": "233-299 FELLSWAY E, MAL", "Diameter": 6, "Material": "Cast Iron", "Operating_Pressure": "LP", "NPA_Opportunity": "No - Impact to System Integration", "LPP_Footage": 890, "LPP_Mileage_": 0.17, "lat": 42.429163054505, "lon": -71.0827240972786, "Mapped_address": "266 Fellsway E, Malden, MA 02148, USA", "FID": 412}}, {"type": "Feature", "id": 413, "geometry": {"type": "Point", "coordinates": [-71.0824040313437, 42.4226170676786]}, "properties": {"Line": 370, "Company": "Boston Gas", "Division": "Malden", "Town": "Malden", "Town_Code": "MAL", "State": "MA", "Description__street_segment_": "378-446 CHARLES ST, MAL, 89-133 WEST ST, WATTS ST", "Diameter": 6, "Material": "Cast Iron", "Operating_Pressure": "LP", "NPA_Opportunity": "Yes - Potential NPA, partial scope", "LPP_Footage": 3325, "LPP_Mileage_": 0.63, "lat": 42.4226170676786, "lon": -71.0824040313437, "Mapped_address": "111 West St, Malden, MA 02148, USA", "FID": 413}}, {"type": "Feature", "id": 414, "geometry": {"type": "Point", "coordinates": [-71.0844284666335, 42.423073722976]}, "properties": {"Line": 370, "Company": "Boston Gas", "Division": "Malden", "Town": "Malden", "Town_Code": "MAL", "State": "MA", "Description__street_segment_": "378-446 CHARLES ST, MAL, 89-133 WEST ST, WATTS ST", "Diameter": 6, "Material": "Cast Iron", "Operating_Pressure": "LP", "NPA_Opportunity": "Yes - Potential NPA, partial scope", "LPP_Footage": 3325, "LPP_Mileage_": 0.63, "lat": 42.423073722976, "lon": -71.0844284666335, "Mapped_address": "412 Charles St, Malden, MA 02148, USA", "FID": 414}}, {"type": "Feature", "id": 415, "geometry": {"type": "Point", "coordinates": [-71.0848702004917, 42.4223999000925]}, "properties": {"Line": 370, "Company": "Boston Gas", "Division": "Malden", "Town": "Malden", "Town_Code": "MAL", "State": "MA", "Description__street_segment_": "378-446 CHARLES ST, MAL, 89-133 WEST ST, WATTS ST", "Diameter": 6, "Material": "Cast Iron", "Operating_Pressure": "LP", "NPA_Opportunity": "Yes - Potential NPA, partial scope", "LPP_Footage": 3325, "LPP_Mileage_": 0.63, "lat": 42.4223999000925, "lon": -71.0848702004917, "Mapped_address": "Watts St, Malden, MA 02148, USA", "FID": 415}}, {"type": "Feature", "id": 416, "geometry": {"type": "Point", "coordinates": [-71.0691052, 42.4155313]}, "properties": {"Line": 371, "Company": "Boston Gas", "Division": "Malden", "Town": "Malden", "Town_Code": "MAL", "State": "MA", "Description__street_segment_": "5-63 NEWMAN RD, MAL, GREEN ST", "Diameter": 4, "Material": "Cast Iron", "Operating_Pressure": "LP to 60", "NPA_Opportunity": "Yes - Potential NPA, partial scope", "LPP_Footage": 730, "LPP_Mileage_": 0.14, "lat": 42.4155313, "lon": -71.0691052, "Mapped_address": "34 Newman Rd, Malden, MA 02148, USA", "FID": 416}}, {"type": "Feature", "id": 417, "geometry": {"type": "Point", "coordinates": [-71.0706808, 42.4187426]}, "properties": {"Line": 371, "Company": "Boston Gas", "Division": "Malden", "Town": "Malden", "Town_Code": "MAL", "State": "MA", "Description__street_segment_": "5-63 NEWMAN RD, MAL, GREEN ST", "Diameter": 4, "Material": "Cast Iron", "Operating_Pressure": "LP to 60", "NPA_Opportunity": "Yes - Potential NPA, partial scope", "LPP_Footage": 730, "LPP_Mileage_": 0.14, "lat": 42.4187426, "lon": -71.0706808, "Mapped_address": "Green St, Malden, MA 02148, USA", "FID": 417}}, {"type": "Feature", "id": 418, "geometry": {"type": "Point", "coordinates": [-71.0317776340144, 42.4438099136846]}, "properties": {"Line": 372, "Company": "Boston Gas", "Division": "Malden", "Town": "Malden", "Town_Code": "MAL", "State": "MA", "Description__street_segment_": "61-125 BAINBRIDGE ST, MAL, & 100-123 BAYRD TER", "Diameter": 6, "Material": "Cast Iron", "Operating_Pressure": "LP", "NPA_Opportunity": "No - Impact to System Integration", "LPP_Footage": 730, "LPP_Mileage_": 0.14, "lat": 42.4438099136846, "lon": -71.0317776340144, "Mapped_address": "111 Bayrd St, Malden, MA 02148, USA", "FID": 418}}, {"type": "Feature", "id": 419, "geometry": {"type": "Point", "coordinates": [-71.0527957488206, 42.4354872459868]}, "properties": {"Line": 372, "Company": "Boston Gas", "Division": "Malden", "Town": "Malden", "Town_Code": "MAL", "State": "MA", "Description__street_segment_": "61-125 BAINBRIDGE ST, MAL, & 100-123 BAYRD TER", "Diameter": 6, "Material": "Cast Iron", "Operating_Pressure": "LP", "NPA_Opportunity": "No - Impact to System Integration", "LPP_Footage": 730, "LPP_Mileage_": 0.14, "lat": 42.4354872459868, "lon": -71.0527957488206, "Mapped_address": "93 Bainbridge St, Malden, MA 02148, USA", "FID": 419}}, {"type": "Feature", "id": 420, "geometry": {"type": "Point", "coordinates": [-71.0567816396973, 42.4341138653406]}, "properties": {"Line": 373, "Company": "Boston Gas", "Division": "Malden", "Town": "Malden", "Town_Code": "MAL", "State": "MA", "Description__street_segment_": "7-35 BAINCROFT RD, MAL, LILLIAN RD & BAYRD TER", "Diameter": 6, "Material": "Cast Iron", "Operating_Pressure": "LP", "NPA_Opportunity": "Yes - Potential NPA, entire scope", "LPP_Footage": 875, "LPP_Mileage_": 0.17, "lat": 42.4341138653406, "lon": -71.0567816396973, "Mapped_address": "21 Baincroft Rd, Malden, MA 02148, USA", "FID": 420}}, {"type": "Feature", "id": 421, "geometry": {"type": "Point", "coordinates": [-71.0560958, 42.4337962]}, "properties": {"Line": 373, "Company": "Boston Gas", "Division": "Malden", "Town": "Malden", "Town_Code": "MAL", "State": "MA", "Description__street_segment_": "7-35 BAINCROFT RD, MAL, LILLIAN RD & BAYRD TER", "Diameter": 6, "Material": "Cast Iron", "Operating_Pressure": "LP", "NPA_Opportunity": "Yes - Potential NPA, entire scope", "LPP_Footage": 875, "LPP_Mileage_": 0.17, "lat": 42.4337962, "lon": -71.0560958, "Mapped_address": "Bayrd Terrace, Malden, MA 02148, USA", "FID": 421}}, {"type": "Feature", "id": 422, "geometry": {"type": "Point", "coordinates": [-71.0561183, 42.4341847]}, "properties": {"Line": 373, "Company": "Boston Gas", "Division": "Malden", "Town": "Malden", "Town_Code": "MAL", "State": "MA", "Description__street_segment_": "7-35 BAINCROFT RD, MAL, LILLIAN RD & BAYRD TER", "Diameter": 6, "Material": "Cast Iron", "Operating_Pressure": "LP", "NPA_Opportunity": "Yes - Potential NPA, entire scope", "LPP_Footage": 875, "LPP_Mileage_": 0.17, "lat": 42.4341847, "lon": -71.0561183, "Mapped_address": "Lillian Rd, Malden, MA 02148, USA", "FID": 422}}, {"type": "Feature", "id": 423, "geometry": {"type": "Point", "coordinates": [-71.0835651, 42.424471]}, "properties": {"Line": 374, "Company": "Boston Gas", "Division": "Malden", "Town": "Malden", "Town_Code": "MAL", "State": "MA", "Description__street_segment_": "7-86 WEST ST, MAL, ESTEY,WELSH ST,HIGHLND CT", "Diameter": 8, "Material": "Cast Iron", "Operating_Pressure": "LP", "NPA_Opportunity": "No - Impact to System Integration", "LPP_Footage": 2010, "LPP_Mileage_": 0.38, "lat": 42.424471, "lon": -71.0835651, "Mapped_address": "46 West St, Malden, MA 02148, USA", "FID": 423}}, {"type": "Feature", "id": 424, "geometry": {"type": "Point", "coordinates": [-71.081623, 42.4240175]}, "properties": {"Line": 374, "Company": "Boston Gas", "Division": "Malden", "Town": "Malden", "Town_Code": "MAL", "State": "MA", "Description__street_segment_": "7-86 WEST ST, MAL, ESTEY,WELSH ST,HIGHLND CT", "Diameter": 8, "Material": "Cast Iron", "Operating_Pressure": "LP", "NPA_Opportunity": "No - Impact to System Integration", "LPP_Footage": 2010, "LPP_Mileage_": 0.38, "lat": 42.4240175, "lon": -71.081623, "Mapped_address": "Highland Ct, Malden, MA 02148, USA", "FID": 424}}, {"type": "Feature", "id": 425, "geometry": {"type": "Point", "coordinates": [-71.084201536819, 42.4240591225918]}, "properties": {"Line": 374, "Company": "Boston Gas", "Division": "Malden", "Town": "Malden", "Town_Code": "MAL", "State": "MA", "Description__street_segment_": "7-86 WEST ST, MAL, ESTEY,WELSH ST,HIGHLND CT", "Diameter": 8, "Material": "Cast Iron", "Operating_Pressure": "LP", "NPA_Opportunity": "No - Impact to System Integration", "LPP_Footage": 2010, "LPP_Mileage_": 0.38, "lat": 42.4240591225918, "lon": -71.084201536819, "Mapped_address": "Welsh St, Malden, MA 02148, USA", "FID": 425}}, {"type": "Feature", "id": 426, "geometry": {"type": "Point", "coordinates": [-71.0794888, 42.4250403]}, "properties": {"Line": 375, "Company": "Boston Gas", "Division": "Malden", "Town": "Malden", "Town_Code": "MAL", "State": "MA", "Description__street_segment_": "9-94 RUSSELL ST, MAL, STERLING ST", "Diameter": 6, "Material": "Cast Iron", "Operating_Pressure": "LP", "NPA_Opportunity": "Yes - Potential NPA, partial scope", "LPP_Footage": 1815, "LPP_Mileage_": 0.34, "lat": 42.4250403, "lon": -71.0794888, "Mapped_address": "51 Russell St, Malden, MA 02148, USA", "FID": 426}}, {"type": "Feature", "id": 427, "geometry": {"type": "Point", "coordinates": [-71.0781745, 42.4251415]}, "properties": {"Line": 375, "Company": "Boston Gas", "Division": "Malden", "Town": "Malden", "Town_Code": "MAL", "State": "MA", "Description__street_segment_": "9-94 RUSSELL ST, MAL, STERLING ST", "Diameter": 6, "Material": "Cast Iron", "Operating_Pressure": "LP", "NPA_Opportunity": "Yes - Potential NPA, partial scope", "LPP_Footage": 1815, "LPP_Mileage_": 0.34, "lat": 42.4251415, "lon": -71.0781745, "Mapped_address": "Sterling St, Malden, MA 02148, USA", "FID": 427}}, {"type": "Feature", "id": 428, "geometry": {"type": "Point", "coordinates": [-71.0475587405301, 42.4350957612965]}, "properties": {"Line": 376, "Company": "Boston Gas", "Division": "Malden", "Town": "Malden", "Town_Code": "MAL", "State": "MA", "Description__street_segment_": "9-99 COLUMBIA ST, MAL, 9-81 ORCHARD ST,HEMNWY CT", "Diameter": 4, "Material": "Cast Iron", "Operating_Pressure": "LP", "NPA_Opportunity": "No - Impact to System Integration", "LPP_Footage": 2275, "LPP_Mileage_": 0.43, "lat": 42.4350957612965, "lon": -71.0475587405301, "Mapped_address": "45 Orchard St, Malden, MA 02148, USA", "FID": 428}}, {"type": "Feature", "id": 429, "geometry": {"type": "Point", "coordinates": [-71.0481126885013, 42.4350780775903]}, "properties": {"Line": 376, "Company": "Boston Gas", "Division": "Malden", "Town": "Malden", "Town_Code": "MAL", "State": "MA", "Description__street_segment_": "9-99 COLUMBIA ST, MAL, 9-81 ORCHARD ST,HEMNWY CT", "Diameter": 4, "Material": "Cast Iron", "Operating_Pressure": "LP", "NPA_Opportunity": "No - Impact to System Integration", "LPP_Footage": 2275, "LPP_Mileage_": 0.43, "lat": 42.4350780775903, "lon": -71.0481126885013, "Mapped_address": "54 Columbia St, Malden, MA 02148, USA", "FID": 429}}, {"type": "Feature", "id": 430, "geometry": {"type": "Point", "coordinates": [-71.0898034721236, 42.4188016688972]}, "properties": {"Line": 377, "Company": "Boston Gas", "Division": "Malden", "Town": "Medford", "Town_Code": "MED", "State": "MA", "Description__street_segment_": "117-220 CENTRAL AV, MED, CHIPMAN ST, POOLE ST", "Diameter": 6, "Material": "Cast Iron", "Operating_Pressure": "LP", "NPA_Opportunity": "Yes - Potential NPA, partial scope", "LPP_Footage": 3200, "LPP_Mileage_": 0.61, "lat": 42.4188016688972, "lon": -71.0898034721236, "Mapped_address": "168 Central Ave, Medford, MA 02155, USA", "FID": 430}}, {"type": "Feature", "id": 431, "geometry": {"type": "Point", "coordinates": [-71.0905631963189, 42.4175488994548]}, "properties": {"Line": 377, "Company": "Boston Gas", "Division": "Malden", "Town": "Medford", "Town_Code": "MED", "State": "MA", "Description__street_segment_": "117-220 CENTRAL AV, MED, CHIPMAN ST, POOLE ST", "Diameter": 6, "Material": "Cast Iron", "Operating_Pressure": "LP", "NPA_Opportunity": "Yes - Potential NPA, partial scope", "LPP_Footage": 3200, "LPP_Mileage_": 0.61, "lat": 42.4175488994548, "lon": -71.0905631963189, "Mapped_address": "Chipman St, Medford, MA 02155, USA", "FID": 431}}, {"type": "Feature", "id": 432, "geometry": {"type": "Point", "coordinates": [-71.0896265982162, 42.4176599997363]}, "properties": {"Line": 377, "Company": "Boston Gas", "Division": "Malden", "Town": "Medford", "Town_Code": "MED", "State": "MA", "Description__street_segment_": "117-220 CENTRAL AV, MED, CHIPMAN ST, POOLE ST", "Diameter": 6, "Material": "Cast Iron", "Operating_Pressure": "LP", "NPA_Opportunity": "Yes - Potential NPA, partial scope", "LPP_Footage": 3200, "LPP_Mileage_": 0.61, "lat": 42.4176599997363, "lon": -71.0896265982162, "Mapped_address": "Poole St, Medford, MA 02155, USA", "FID": 432}}, {"type": "Feature", "id": 433, "geometry": {"type": "Point", "coordinates": [-71.0970147856139, 42.4402200026225]}, "properties": {"Line": 378, "Company": "Boston Gas", "Division": "Malden", "Town": "Medford", "Town_Code": "MED", "State": "MA", "Description__street_segment_": "119-263 ELM ST, MED, STURGES ST", "Diameter": 6, "Material": "Cast Iron", "Operating_Pressure": "LP", "NPA_Opportunity": "Yes - Potential NPA, entire scope", "LPP_Footage": 1695, "LPP_Mileage_": 0.32, "lat": 42.4402200026225, "lon": -71.0970147856139, "Mapped_address": "191 Elm St, Medford, MA 02155, USA", "FID": 433}}, {"type": "Feature", "id": 434, "geometry": {"type": "Point", "coordinates": [-71.0936029535872, 42.4394850989943]}, "properties": {"Line": 378, "Company": "Boston Gas", "Division": "Malden", "Town": "Medford", "Town_Code": "MED", "State": "MA", "Description__street_segment_": "119-263 ELM ST, MED, STURGES ST", "Diameter": 6, "Material": "Cast Iron", "Operating_Pressure": "LP", "NPA_Opportunity": "Yes - Potential NPA, entire scope", "LPP_Footage": 1695, "LPP_Mileage_": 0.32, "lat": 42.4394850989943, "lon": -71.0936029535872, "Mapped_address": "Sturges St, Medford, MA 02155, USA", "FID": 434}}, {"type": "Feature", "id": 435, "geometry": {"type": "Point", "coordinates": [-71.1146643225186, 42.4162677339509]}, "properties": {"Line": 379, "Company": "Boston Gas", "Division": "Malden", "Town": "Medford", "Town_Code": "MED", "State": "MA", "Description__street_segment_": "12-152 SUMMER ST, MED, 2-47 MANNING ST", "Diameter": 4, "Material": "Cast Iron", "Operating_Pressure": "LP", "NPA_Opportunity": "No - Impact to System Integration", "LPP_Footage": 3010, "LPP_Mileage_": 0.57, "lat": 42.4162677339509, "lon": -71.1146643225186, "Mapped_address": "24 Manning St, Medford, MA 02155, USA", "FID": 435}}, {"type": "Feature", "id": 436, "geometry": {"type": "Point", "coordinates": [-71.1148102405129, 42.4151805429926]}, "properties": {"Line": 379, "Company": "Boston Gas", "Division": "Malden", "Town": "Medford", "Town_Code": "MED", "State": "MA", "Description__street_segment_": "12-152 SUMMER ST, MED, 2-47 MANNING ST", "Diameter": 4, "Material": "Cast Iron", "Operating_Pressure": "LP", "NPA_Opportunity": "No - Impact to System Integration", "LPP_Footage": 3010, "LPP_Mileage_": 0.57, "lat": 42.4151805429926, "lon": -71.1148102405129, "Mapped_address": "82 Summer St, Medford, MA 02155, USA", "FID": 436}}, {"type": "Feature", "id": 437, "geometry": {"type": "Point", "coordinates": [-71.1254373289533, 42.4190131219044]}, "properties": {"Line": 380, "Company": "Boston Gas", "Division": "Malden", "Town": "Medford", "Town_Code": "MED", "State": "MA", "Description__street_segment_": "12-63 MYSTIC ST, MED, 2204-2268 MYSTC VALLY PKW", "Diameter": 6, "Material": "Cast Iron", "Operating_Pressure": "LP", "NPA_Opportunity": "Yes - Potential NPA, partial scope", "LPP_Footage": 2655, "LPP_Mileage_": 0.5, "lat": 42.4190131219044, "lon": -71.1254373289533, "Mapped_address": "2236 Mystic Valley Pkwy, Medford, MA 02155, USA", "FID": 437}}, {"type": "Feature", "id": 438, "geometry": {"type": "Point", "coordinates": [-71.126081308966, 42.4202443168297]}, "properties": {"Line": 380, "Company": "Boston Gas", "Division": "Malden", "Town": "Medford", "Town_Code": "MED", "State": "MA", "Description__street_segment_": "12-63 MYSTIC ST, MED, 2204-2268 MYSTC VALLY PKW", "Diameter": 6, "Material": "Cast Iron", "Operating_Pressure": "LP", "NPA_Opportunity": "Yes - Potential NPA, partial scope", "LPP_Footage": 2655, "LPP_Mileage_": 0.5, "lat": 42.4202443168297, "lon": -71.126081308966, "Mapped_address": "37 Mystic St, Medford, MA 02155, USA", "FID": 438}}, {"type": "Feature", "id": 439, "geometry": {"type": "Point", "coordinates": [-71.1001130785608, 42.3988168665833]}, "properties": {"Line": 381, "Company": "Boston Gas", "Division": "Malden", "Town": "Medford", "Town_Code": "MED", "State": "MA", "Description__street_segment_": "1-41 EDWARD ST, MED, 2-14 JOSEPH,SANGER ST", "Diameter": 4, "Material": "Cast Iron", "Operating_Pressure": "LP", "NPA_Opportunity": "No - Impact to System Integration", "LPP_Footage": 1515, "LPP_Mileage_": 0.29, "lat": 42.3988168665833, "lon": -71.1001130785608, "Mapped_address": "21 Edward St, Medford, MA 02155, USA", "FID": 439}}, {"type": "Feature", "id": 440, "geometry": {"type": "Point", "coordinates": [-71.0998589123596, 42.3999968411979]}, "properties": {"Line": 381, "Company": "Boston Gas", "Division": "Malden", "Town": "Medford", "Town_Code": "MED", "State": "MA", "Description__street_segment_": "1-41 EDWARD ST, MED, 2-14 JOSEPH,SANGER ST", "Diameter": 4, "Material": "Cast Iron", "Operating_Pressure": "LP", "NPA_Opportunity": "No - Impact to System Integration", "LPP_Footage": 1515, "LPP_Mileage_": 0.29, "lat": 42.3999968411979, "lon": -71.0998589123596, "Mapped_address": "8 Joseph St, Medford, MA 02155, USA", "FID": 440}}, {"type": "Feature", "id": 441, "geometry": {"type": "Point", "coordinates": [-71.0997469002074, 42.3996700000225]}, "properties": {"Line": 381, "Company": "Boston Gas", "Division": "Malden", "Town": "Medford", "Town_Code": "MED", "State": "MA", "Description__street_segment_": "1-41 EDWARD ST, MED, 2-14 JOSEPH,SANGER ST", "Diameter": 4, "Material": "Cast Iron", "Operating_Pressure": "LP", "NPA_Opportunity": "No - Impact to System Integration", "LPP_Footage": 1515, "LPP_Mileage_": 0.29, "lat": 42.3996700000225, "lon": -71.0997469002074, "Mapped_address": "Sanger St, Medford, MA 02155, USA", "FID": 441}}, {"type": "Feature", "id": 442, "geometry": {"type": "Point", "coordinates": [-71.0989880679031, 42.4269290873591]}, "properties": {"Line": 382, "Company": "Boston Gas", "Division": "Malden", "Town": "Medford", "Town_Code": "MED", "State": "MA", "Description__street_segment_": "14-45 EARL AV, MED", "Diameter": 6, "Material": "Cast Iron", "Operating_Pressure": "LP", "NPA_Opportunity": "Yes - Potential NPA, partial scope", "LPP_Footage": 465, "LPP_Mileage_": 0.09, "lat": 42.4269290873591, "lon": -71.0989880679031, "Mapped_address": "29 Earl Ave, Medford, MA 02155, USA", "FID": 442}}, {"type": "Feature", "id": 443, "geometry": {"type": "Point", "coordinates": [-71.1010586893552, 42.4139029601769]}, "properties": {"Line": 383, "Company": "Boston Gas", "Division": "Malden", "Town": "Medford", "Town_Code": "MED", "State": "MA", "Description__street_segment_": "14-75 SHIP AV, MED, MARINE ST, MAVERICK ST", "Diameter": 6, "Material": "Cast Iron", "Operating_Pressure": "LP to 25", "NPA_Opportunity": "Yes - Potential NPA, partial scope", "LPP_Footage": 1465, "LPP_Mileage_": 0.28, "lat": 42.4139029601769, "lon": -71.1010586893552, "Mapped_address": "44 Ship Ave, Medford, MA 02155, USA", "FID": 443}}, {"type": "Feature", "id": 444, "geometry": {"type": "Point", "coordinates": [-71.1009793, 42.4147807]}, "properties": {"Line": 383, "Company": "Boston Gas", "Division": "Malden", "Town": "Medford", "Town_Code": "MED", "State": "MA", "Description__street_segment_": "14-75 SHIP AV, MED, MARINE ST, MAVERICK ST", "Diameter": 6, "Material": "Cast Iron", "Operating_Pressure": "LP to 25", "NPA_Opportunity": "Yes - Potential NPA, partial scope", "LPP_Footage": 1465, "LPP_Mileage_": 0.28, "lat": 42.4147807, "lon": -71.1009793, "Mapped_address": "Marine St, Medford, MA 02155, USA", "FID": 444}}, {"type": "Feature", "id": 445, "geometry": {"type": "Point", "coordinates": [-71.0990957, 42.4131395]}, "properties": {"Line": 383, "Company": "Boston Gas", "Division": "Malden", "Town": "Medford", "Town_Code": "MED", "State": "MA", "Description__street_segment_": "14-75 SHIP AV, MED, MARINE ST, MAVERICK ST", "Diameter": 6, "Material": "Cast Iron", "Operating_Pressure": "LP to 25", "NPA_Opportunity": "Yes - Potential NPA, partial scope", "LPP_Footage": 1465, "LPP_Mileage_": 0.28, "lat": 42.4131395, "lon": -71.0990957, "Mapped_address": "Maverick St, Medford, MA 02155, USA", "FID": 445}}, {"type": "Feature", "id": 446, "geometry": {"type": "Point", "coordinates": [-71.1105577, 42.411817]}, "properties": {"Line": 384, "Company": "Boston Gas", "Division": "Malden", "Town": "Medford", "Town_Code": "MED", "State": "MA", "Description__street_segment_": "150-277 MAIN ST, MED, GOLDEN CT, 2-8 SUMMER ST", "Diameter": 12, "Material": "Cast Iron", "Operating_Pressure": "LP", "NPA_Opportunity": "No - Critical Main", "LPP_Footage": 3140, "LPP_Mileage_": 0.59, "lat": 42.411817, "lon": -71.1105577, "Mapped_address": "213 Main St, Medford, MA 02155, USA", "FID": 446}}, {"type": "Feature", "id": 447, "geometry": {"type": "Point", "coordinates": [-71.1110781, 42.4137379]}, "properties": {"Line": 384, "Company": "Boston Gas", "Division": "Malden", "Town": "Medford", "Town_Code": "MED", "State": "MA", "Description__street_segment_": "150-277 MAIN ST, MED, GOLDEN CT, 2-8 SUMMER ST", "Diameter": 12, "Material": "Cast Iron", "Operating_Pressure": "LP", "NPA_Opportunity": "No - Critical Main", "LPP_Footage": 3140, "LPP_Mileage_": 0.59, "lat": 42.4137379, "lon": -71.1110781, "Mapped_address": "5 Summer St, Medford, MA 02155, USA", "FID": 447}}, {"type": "Feature", "id": 448, "geometry": {"type": "Point", "coordinates": [-71.1104939, 42.4134117]}, "properties": {"Line": 384, "Company": "Boston Gas", "Division": "Malden", "Town": "Medford", "Town_Code": "MED", "State": "MA", "Description__street_segment_": "150-277 MAIN ST, MED, GOLDEN CT, 2-8 SUMMER ST", "Diameter": 12, "Material": "Cast Iron", "Operating_Pressure": "LP", "NPA_Opportunity": "No - Critical Main", "LPP_Footage": 3140, "LPP_Mileage_": 0.59, "lat": 42.4134117, "lon": -71.1104939, "Mapped_address": "Golden Ct, Medford, MA 02155, USA", "FID": 448}}, {"type": "Feature", "id": 449, "geometry": {"type": "Point", "coordinates": [-71.1017141982865, 42.419521151965]}, "properties": {"Line": 385, "Company": "Boston Gas", "Division": "Malden", "Town": "Medford", "Town_Code": "MED", "State": "MA", "Description__street_segment_": "161-368 SALEM ST, MED, 6-20 HADLEY PL", "Diameter": 10, "Material": "Cast Iron", "Operating_Pressure": "LP", "NPA_Opportunity": "No - Critical Main", "LPP_Footage": 3105, "LPP_Mileage_": 0.59, "lat": 42.419521151965, "lon": -71.1017141982865, "Mapped_address": "13 Hadley Pl, Medford, MA 02155, USA", "FID": 449}}, {"type": "Feature", "id": 450, "geometry": {"type": "Point", "coordinates": [-71.0990549911602, 42.4207318348761]}, "properties": {"Line": 385, "Company": "Boston Gas", "Division": "Malden", "Town": "Medford", "Town_Code": "MED", "State": "MA", "Description__street_segment_": "161-368 SALEM ST, MED, 6-20 HADLEY PL", "Diameter": 10, "Material": "Cast Iron", "Operating_Pressure": "LP", "NPA_Opportunity": "No - Critical Main", "LPP_Footage": 3105, "LPP_Mileage_": 0.59, "lat": 42.4207318348761, "lon": -71.0990549911602, "Mapped_address": "264 Salem St, Medford, MA 02155, USA", "FID": 450}}, {"type": "Feature", "id": 451, "geometry": {"type": "Point", "coordinates": [-71.110161219625, 42.4177093854375]}, "properties": {"Line": 386, "Company": "Boston Gas", "Division": "Malden", "Town": "Medford", "Town_Code": "MED", "State": "MA", "Description__street_segment_": "1-72 SALEM ST, MED, 5-61 HIGH,9-29 MAIN ST", "Diameter": 12, "Material": "Cast Iron", "Operating_Pressure": "LP", "NPA_Opportunity": "No - Critical Main", "LPP_Footage": 1855, "LPP_Mileage_": 0.35, "lat": 42.4177093854375, "lon": -71.110161219625, "Mapped_address": "19 Main St, Medford, MA 02155, USA", "FID": 451}}, {"type": "Feature", "id": 452, "geometry": {"type": "Point", "coordinates": [-71.1107315037027, 42.4186417306828]}, "properties": {"Line": 386, "Company": "Boston Gas", "Division": "Malden", "Town": "Medford", "Town_Code": "MED", "State": "MA", "Description__street_segment_": "1-72 SALEM ST, MED, 5-61 HIGH,9-29 MAIN ST", "Diameter": 12, "Material": "Cast Iron", "Operating_Pressure": "LP", "NPA_Opportunity": "No - Critical Main", "LPP_Footage": 1855, "LPP_Mileage_": 0.35, "lat": 42.4186417306828, "lon": -71.1107315037027, "Mapped_address": "33 High St, Medford, MA 02155, USA", "FID": 452}}, {"type": "Feature", "id": 453, "geometry": {"type": "Point", "coordinates": [-71.1083475372719, 42.4186379867095]}, "properties": {"Line": 386, "Company": "Boston Gas", "Division": "Malden", "Town": "Medford", "Town_Code": "MED", "State": "MA", "Description__street_segment_": "1-72 SALEM ST, MED, 5-61 HIGH,9-29 MAIN ST", "Diameter": 12, "Material": "Cast Iron", "Operating_Pressure": "LP", "NPA_Opportunity": "No - Critical Main", "LPP_Footage": 1855, "LPP_Mileage_": 0.35, "lat": 42.4186379867095, "lon": -71.1083475372719, "Mapped_address": "36 Salem St, Medford, MA 02155, USA", "FID": 453}}, {"type": "Feature", "id": 454, "geometry": {"type": "Point", "coordinates": [-71.1043560896421, 42.4267076831129]}, "properties": {"Line": 387, "Company": "Boston Gas", "Division": "Malden", "Town": "Medford", "Town_Code": "MED", "State": "MA", "Description__street_segment_": "176-259 FOREST ST, MED, 9-23 CYPRESS RD", "Diameter": 8, "Material": "Cast Iron", "Operating_Pressure": "LP", "NPA_Opportunity": "No - Impact to System Integration", "LPP_Footage": 1685, "LPP_Mileage_": 0.32, "lat": 42.4267076831129, "lon": -71.1043560896421, "Mapped_address": "16 Cypress Rd, Medford, MA 02155, USA", "FID": 454}}, {"type": "Feature", "id": 455, "geometry": {"type": "Point", "coordinates": [-71.1048625624701, 42.4267545701527]}, "properties": {"Line": 387, "Company": "Boston Gas", "Division": "Malden", "Town": "Medford", "Town_Code": "MED", "State": "MA", "Description__street_segment_": "176-259 FOREST ST, MED, 9-23 CYPRESS RD", "Diameter": 8, "Material": "Cast Iron", "Operating_Pressure": "LP", "NPA_Opportunity": "No - Impact to System Integration", "LPP_Footage": 1685, "LPP_Mileage_": 0.32, "lat": 42.4267545701527, "lon": -71.1048625624701, "Mapped_address": "217 Forest St, Medford, MA 02155, USA", "FID": 455}}, {"type": "Feature", "id": 456, "geometry": {"type": "Point", "coordinates": [-71.1046090308095, 42.4297600522049]}, "properties": {"Line": 388, "Company": "Boston Gas", "Division": "Malden", "Town": "Medford", "Town_Code": "MED", "State": "MA", "Description__street_segment_": "18-61 WESTWOOD RD, MED, S BORDER RD,ROOSEVELT CIR", "Diameter": 8, "Material": "Steel-WI", "Operating_Pressure": "LP", "NPA_Opportunity": "No - Impact to System Integration", "LPP_Footage": 1530, "LPP_Mileage_": 0.29, "lat": 42.4297600522049, "lon": -71.1046090308095, "Mapped_address": "39 Westwood Rd, Medford, MA 02155, USA", "FID": 456}}, {"type": "Feature", "id": 457, "geometry": {"type": "Point", "coordinates": [-71.1059645760715, 42.4273475468313]}, "properties": {"Line": 388, "Company": "Boston Gas", "Division": "Malden", "Town": "Medford", "Town_Code": "MED", "State": "MA", "Description__street_segment_": "18-61 WESTWOOD RD, MED, S BORDER RD,ROOSEVELT CIR", "Diameter": 8, "Material": "Steel-WI", "Operating_Pressure": "LP", "NPA_Opportunity": "No - Impact to System Integration", "LPP_Footage": 1530, "LPP_Mileage_": 0.29, "lat": 42.4273475468313, "lon": -71.1059645760715, "Mapped_address": "Roosevelt Rd, Medford, MA 02155, USA", "FID": 457}}, {"type": "Feature", "id": 458, "geometry": {"type": "Point", "coordinates": [-71.1192514, 42.4380351]}, "properties": {"Line": 388, "Company": "Boston Gas", "Division": "Malden", "Town": "Medford", "Town_Code": "MED", "State": "MA", "Description__street_segment_": "18-61 WESTWOOD RD, MED, S BORDER RD,ROOSEVELT CIR", "Diameter": 8, "Material": "Steel-WI", "Operating_Pressure": "LP", "NPA_Opportunity": "No - Impact to System Integration", "LPP_Footage": 1530, "LPP_Mileage_": 0.29, "lat": 42.4380351, "lon": -71.1192514, "Mapped_address": "S Border Rd, Medford, MA, USA", "FID": 458}}, {"type": "Feature", "id": 459, "geometry": {"type": "Point", "coordinates": [-71.0987472456135, 42.3991571141265]}, "properties": {"Line": 389, "Company": "Boston Gas", "Division": "Malden", "Town": "Medford", "Town_Code": "MED", "State": "MA", "Description__street_segment_": "20-44 JOSEPH ST, MED, HENRY ST,LEYDEN ST, AV", "Diameter": 4, "Material": "Cast Iron", "Operating_Pressure": "LP", "NPA_Opportunity": "Yes - Potential NPA, partial scope", "LPP_Footage": 1840, "LPP_Mileage_": 0.35, "lat": 42.3991571141265, "lon": -71.0987472456135, "Mapped_address": "32 Joseph St, Medford, MA 02155, USA", "FID": 459}}, {"type": "Feature", "id": 460, "geometry": {"type": "Point", "coordinates": [-71.0992164, 42.3981442]}, "properties": {"Line": 389, "Company": "Boston Gas", "Division": "Malden", "Town": "Medford", "Town_Code": "MED", "State": "MA", "Description__street_segment_": "20-44 JOSEPH ST, MED, HENRY ST,LEYDEN ST, AV", "Diameter": 4, "Material": "Cast Iron", "Operating_Pressure": "LP", "NPA_Opportunity": "Yes - Potential NPA, partial scope", "LPP_Footage": 1840, "LPP_Mileage_": 0.35, "lat": 42.3981442, "lon": -71.0992164, "Mapped_address": "Henry St, Medford, MA 02155, USA", "FID": 460}}, {"type": "Feature", "id": 461, "geometry": {"type": "Point", "coordinates": [-71.0989415, 42.3993054]}, "properties": {"Line": 389, "Company": "Boston Gas", "Division": "Malden", "Town": "Medford", "Town_Code": "MED", "State": "MA", "Description__street_segment_": "20-44 JOSEPH ST, MED, HENRY ST,LEYDEN ST, AV", "Diameter": 4, "Material": "Cast Iron", "Operating_Pressure": "LP", "NPA_Opportunity": "Yes - Potential NPA, partial scope", "LPP_Footage": 1840, "LPP_Mileage_": 0.35, "lat": 42.3993054, "lon": -71.0989415, "Mapped_address": "Leyden St, Medford, MA 02155, USA", "FID": 461}}, {"type": "Feature", "id": 462, "geometry": {"type": "Point", "coordinates": [-71.1190334559344, 42.4201256454652]}, "properties": {"Line": 390, "Company": "Boston Gas", "Division": "Malden", "Town": "Medford", "Town_Code": "MED", "State": "MA", "Description__street_segment_": "206-273 HIGH ST, MED, 6-22 SCHOOLHOUSE RD", "Diameter": 6, "Material": "Cast Iron", "Operating_Pressure": "LP", "NPA_Opportunity": "Yes - Potential NPA, partial scope", "LPP_Footage": 1460, "LPP_Mileage_": 0.28, "lat": 42.4201256454652, "lon": -71.1190334559344, "Mapped_address": "14 Schoolhouse Rd, Medford, MA 02155, USA", "FID": 462}}, {"type": "Feature", "id": 463, "geometry": {"type": "Point", "coordinates": [-71.1202248632342, 42.4208614485322]}, "properties": {"Line": 390, "Company": "Boston Gas", "Division": "Malden", "Town": "Medford", "Town_Code": "MED", "State": "MA", "Description__street_segment_": "206-273 HIGH ST, MED, 6-22 SCHOOLHOUSE RD", "Diameter": 6, "Material": "Cast Iron", "Operating_Pressure": "LP", "NPA_Opportunity": "Yes - Potential NPA, partial scope", "LPP_Footage": 1460, "LPP_Mileage_": 0.28, "lat": 42.4208614485322, "lon": -71.1202248632342, "Mapped_address": "239 High St, Medford, MA 02155, USA", "FID": 463}}, {"type": "Feature", "id": 464, "geometry": {"type": "Point", "coordinates": [-71.1245998954882, 42.4208433768775]}, "properties": {"Line": 391, "Company": "Boston Gas", "Division": "Malden", "Town": "Medford", "Town_Code": "MED", "State": "MA", "Description__street_segment_": "2-36 WOLCOTT ST, MED, AUSTIN RD, WOLCOTT PK", "Diameter": 6, "Material": "Cast Iron", "Operating_Pressure": "LP", "NPA_Opportunity": "Yes - Potential NPA, entire scope", "LPP_Footage": 1300, "LPP_Mileage_": 0.25, "lat": 42.4208433768775, "lon": -71.1245998954882, "Mapped_address": "19 Wolcott St, Medford, MA 02155, USA", "FID": 464}}, {"type": "Feature", "id": 465, "geometry": {"type": "Point", "coordinates": [-71.1239527, 42.4211485]}, "properties": {"Line": 391, "Company": "Boston Gas", "Division": "Malden", "Town": "Medford", "Town_Code": "MED", "State": "MA", "Description__street_segment_": "2-36 WOLCOTT ST, MED, AUSTIN RD, WOLCOTT PK", "Diameter": 6, "Material": "Cast Iron", "Operating_Pressure": "LP", "NPA_Opportunity": "Yes - Potential NPA, entire scope", "LPP_Footage": 1300, "LPP_Mileage_": 0.25, "lat": 42.4211485, "lon": -71.1239527, "Mapped_address": "Austin Rd, Medford, MA 02155, USA", "FID": 465}}, {"type": "Feature", "id": 466, "geometry": {"type": "Point", "coordinates": [-71.1234371, 42.4200459]}, "properties": {"Line": 391, "Company": "Boston Gas", "Division": "Malden", "Town": "Medford", "Town_Code": "MED", "State": "MA", "Description__street_segment_": "2-36 WOLCOTT ST, MED, AUSTIN RD, WOLCOTT PK", "Diameter": 6, "Material": "Cast Iron", "Operating_Pressure": "LP", "NPA_Opportunity": "Yes - Potential NPA, entire scope", "LPP_Footage": 1300, "LPP_Mileage_": 0.25, "lat": 42.4200459, "lon": -71.1234371, "Mapped_address": "Wolcott Park, Medford, MA 02155, USA", "FID": 466}}, {"type": "Feature", "id": 467, "geometry": {"type": "Point", "coordinates": [-71.1193320337925, 42.4120412680247]}, "properties": {"Line": 392, "Company": "Boston Gas", "Division": "Malden", "Town": "Medford", "Town_Code": "MED", "State": "MA", "Description__street_segment_": "2-85 GREENLEAF AV, MED, CHARNWOOD RD,BROOKINGS ST", "Diameter": 6, "Material": "Cast Iron", "Operating_Pressure": "LP to 25", "NPA_Opportunity": "No - Impact to System Integration", "LPP_Footage": 2985, "LPP_Mileage_": 0.57, "lat": 42.4120412680247, "lon": -71.1193320337925, "Mapped_address": "43 Greenleaf Ave, Medford, MA 02155, USA", "FID": 467}}, {"type": "Feature", "id": 468, "geometry": {"type": "Point", "coordinates": [-71.117262436577, 42.4129786539402]}, "properties": {"Line": 392, "Company": "Boston Gas", "Division": "Malden", "Town": "Medford", "Town_Code": "MED", "State": "MA", "Description__street_segment_": "2-85 GREENLEAF AV, MED, CHARNWOOD RD,BROOKINGS ST", "Diameter": 6, "Material": "Cast Iron", "Operating_Pressure": "LP to 25", "NPA_Opportunity": "No - Impact to System Integration", "LPP_Footage": 2985, "LPP_Mileage_": 0.57, "lat": 42.4129786539402, "lon": -71.117262436577, "Mapped_address": "Brookings St, Medford, MA 02155, USA", "FID": 468}}, {"type": "Feature", "id": 469, "geometry": {"type": "Point", "coordinates": [-71.1203134, 42.4118145]}, "properties": {"Line": 392, "Company": "Boston Gas", "Division": "Malden", "Town": "Medford", "Town_Code": "MED", "State": "MA", "Description__street_segment_": "2-85 GREENLEAF AV, MED, CHARNWOOD RD,BROOKINGS ST", "Diameter": 6, "Material": "Cast Iron", "Operating_Pressure": "LP to 25", "NPA_Opportunity": "No - Impact to System Integration", "LPP_Footage": 2985, "LPP_Mileage_": 0.57, "lat": 42.4118145, "lon": -71.1203134, "Mapped_address": "Charnwood Rd, Medford, MA 02155, USA", "FID": 469}}, {"type": "Feature", "id": 470, "geometry": {"type": "Point", "coordinates": [-71.1322162980318, 42.4238201764354]}, "properties": {"Line": 393, "Company": "Boston Gas", "Division": "Malden", "Town": "Medford", "Town_Code": "MED", "State": "MA", "Description__street_segment_": "28-57 MADISON ST, MED, 32-62 WARREN ST, USHER RD", "Diameter": 4, "Material": "Cast Iron", "Operating_Pressure": "LP to 25", "NPA_Opportunity": "No - Impact to System Integration", "LPP_Footage": 2900, "LPP_Mileage_": 0.55, "lat": 42.4238201764354, "lon": -71.1322162980318, "Mapped_address": "42 Madison St, Medford, MA 02155, USA", "FID": 470}}, {"type": "Feature", "id": 471, "geometry": {"type": "Point", "coordinates": [-71.1321849855333, 42.4231475016448]}, "properties": {"Line": 393, "Company": "Boston Gas", "Division": "Malden", "Town": "Medford", "Town_Code": "MED", "State": "MA", "Description__street_segment_": "28-57 MADISON ST, MED, 32-62 WARREN ST, USHER RD", "Diameter": 4, "Material": "Cast Iron", "Operating_Pressure": "LP to 25", "NPA_Opportunity": "No - Impact to System Integration", "LPP_Footage": 2900, "LPP_Mileage_": 0.55, "lat": 42.4231475016448, "lon": -71.1321849855333, "Mapped_address": "47 Warren St, Medford, MA 02155, USA", "FID": 471}}, {"type": "Feature", "id": 472, "geometry": {"type": "Point", "coordinates": [-71.1329781, 42.422794]}, "properties": {"Line": 393, "Company": "Boston Gas", "Division": "Malden", "Town": "Medford", "Town_Code": "MED", "State": "MA", "Description__street_segment_": "28-57 MADISON ST, MED, 32-62 WARREN ST, USHER RD", "Diameter": 4, "Material": "Cast Iron", "Operating_Pressure": "LP to 25", "NPA_Opportunity": "No - Impact to System Integration", "LPP_Footage": 2900, "LPP_Mileage_": 0.55, "lat": 42.422794, "lon": -71.1329781, "Mapped_address": "Usher Rd, Medford, MA 02155, USA", "FID": 472}}, {"type": "Feature", "id": 473, "geometry": {"type": "Point", "coordinates": [-71.1118173580549, 42.4249126915275]}, "properties": {"Line": 394, "Company": "Boston Gas", "Division": "Malden", "Town": "Medford", "Town_Code": "MED", "State": "MA", "Description__street_segment_": "30-266 LAWRENCE RD, MED", "Diameter": 6, "Material": "Cast Iron", "Operating_Pressure": "LP", "NPA_Opportunity": "No - Impact to System Integration", "LPP_Footage": 2405, "LPP_Mileage_": 0.46, "lat": 42.4249126915275, "lon": -71.1118173580549, "Mapped_address": "148 Lawrence Rd, Medford, MA 02155, USA", "FID": 473}}, {"type": "Feature", "id": 474, "geometry": {"type": "Point", "coordinates": [-71.0816882675752, 42.4115148472189]}, "properties": {"Line": 395, "Company": "Boston Gas", "Division": "Malden", "Town": "Medford", "Town_Code": "MED", "State": "MA", "Description__street_segment_": "32-141 FIRST ST, MED, 39-124 2ND ST,BRADBURY AV", "Diameter": 6, "Material": "Cast Iron", "Operating_Pressure": "LP to 25", "NPA_Opportunity": "Yes - Potential NPA, partial scope", "LPP_Footage": 2920, "LPP_Mileage_": 0.55, "lat": 42.4115148472189, "lon": -71.0816882675752, "Mapped_address": "81 2nd St, Medford, MA 02155, USA", "FID": 474}}, {"type": "Feature", "id": 475, "geometry": {"type": "Point", "coordinates": [-71.0817922645447, 42.4121685491488]}, "properties": {"Line": 395, "Company": "Boston Gas", "Division": "Malden", "Town": "Medford", "Town_Code": "MED", "State": "MA", "Description__street_segment_": "32-141 FIRST ST, MED, 39-124 2ND ST,BRADBURY AV", "Diameter": 6, "Material": "Cast Iron", "Operating_Pressure": "LP to 25", "NPA_Opportunity": "Yes - Potential NPA, partial scope", "LPP_Footage": 2920, "LPP_Mileage_": 0.55, "lat": 42.4121685491488, "lon": -71.0817922645447, "Mapped_address": "86 1st St, Medford, MA 02155, USA", "FID": 475}}, {"type": "Feature", "id": 476, "geometry": {"type": "Point", "coordinates": [-71.081933, 42.4099737]}, "properties": {"Line": 395, "Company": "Boston Gas", "Division": "Malden", "Town": "Medford", "Town_Code": "MED", "State": "MA", "Description__street_segment_": "32-141 FIRST ST, MED, 39-124 2ND ST,BRADBURY AV", "Diameter": 6, "Material": "Cast Iron", "Operating_Pressure": "LP to 25", "NPA_Opportunity": "Yes - Potential NPA, partial scope", "LPP_Footage": 2920, "LPP_Mileage_": 0.55, "lat": 42.4099737, "lon": -71.081933, "Mapped_address": "Bradbury Ave, Medford, MA 02155, USA", "FID": 476}}, {"type": "Feature", "id": 477, "geometry": {"type": "Point", "coordinates": [-71.0942074238954, 42.4098517523983]}, "properties": {"Line": 396, "Company": "Boston Gas", "Division": "Malden", "Town": "Medford", "Town_Code": "MED", "State": "MA", "Description__street_segment_": "336-425 RIVERSIDE AV, MED, 6-71 ROCKWELL AV", "Diameter": 6, "Material": "Cast Iron", "Operating_Pressure": "LP", "NPA_Opportunity": "Yes - Potential NPA, partial scope", "LPP_Footage": 1820, "LPP_Mileage_": 0.34, "lat": 42.4098517523983, "lon": -71.0942074238954, "Mapped_address": "38 Rockwell Ave, Medford, MA 02155, USA", "FID": 477}}, {"type": "Feature", "id": 478, "geometry": {"type": "Point", "coordinates": [-71.0922701, 42.4110626]}, "properties": {"Line": 396, "Company": "Boston Gas", "Division": "Malden", "Town": "Medford", "Town_Code": "MED", "State": "MA", "Description__street_segment_": "336-425 RIVERSIDE AV, MED, 6-71 ROCKWELL AV", "Diameter": 6, "Material": "Cast Iron", "Operating_Pressure": "LP", "NPA_Opportunity": "Yes - Potential NPA, partial scope", "LPP_Footage": 1820, "LPP_Mileage_": 0.34, "lat": 42.4110626, "lon": -71.0922701, "Mapped_address": "380 Riverside Ave, Medford, MA 02155, USA", "FID": 478}}, {"type": "Feature", "id": 479, "geometry": {"type": "Point", "coordinates": [-71.1358094747631, 42.4205285102619]}, "properties": {"Line": 397, "Company": "Boston Gas", "Division": "Malden", "Town": "Medford", "Town_Code": "MED", "State": "MA", "Description__street_segment_": "3-52 BOSTON AV, MED", "Diameter": 12, "Material": "Cast Iron", "Operating_Pressure": "25", "NPA_Opportunity": "No - Critical Main", "LPP_Footage": 905, "LPP_Mileage_": 0.17, "lat": 42.4205285102619, "lon": -71.1358094747631, "Mapped_address": "27 Boston Ave, Medford, MA 02155, USA", "FID": 479}}, {"type": "Feature", "id": 480, "geometry": {"type": "Point", "coordinates": [-71.1134576883773, 42.413052390466]}, "properties": {"Line": 398, "Company": "Boston Gas", "Division": "Malden", "Town": "Medford", "Town_Code": "MED", "State": "MA", "Description__street_segment_": "4-66 COLLEGE AV, MED, ROYALL,FLORENCE ST", "Diameter": 6, "Material": "Cast Iron", "Operating_Pressure": "LP", "NPA_Opportunity": "No - Impact to System Integration", "LPP_Footage": 2225, "LPP_Mileage_": 0.42, "lat": 42.413052390466, "lon": -71.1134576883773, "Mapped_address": "35 College Ave, Medford, MA 02155, USA", "FID": 480}}, {"type": "Feature", "id": 481, "geometry": {"type": "Point", "coordinates": [-71.1130889, 42.4134999]}, "properties": {"Line": 398, "Company": "Boston Gas", "Division": "Malden", "Town": "Medford", "Town_Code": "MED", "State": "MA", "Description__street_segment_": "4-66 COLLEGE AV, MED, ROYALL,FLORENCE ST", "Diameter": 6, "Material": "Cast Iron", "Operating_Pressure": "LP", "NPA_Opportunity": "No - Impact to System Integration", "LPP_Footage": 2225, "LPP_Mileage_": 0.42, "lat": 42.4134999, "lon": -71.1130889, "Mapped_address": "Florence St, Medford, MA 02155, USA", "FID": 481}}, {"type": "Feature", "id": 482, "geometry": {"type": "Point", "coordinates": [-71.1377002453457, 42.4169078981572]}, "properties": {"Line": 399, "Company": "Boston Gas", "Division": "Malden", "Town": "Medford", "Town_Code": "MED", "State": "MA", "Description__street_segment_": "50-188 ARLINGTON ST, MED, 122-144 HARVARD AV", "Diameter": 6, "Material": "Cast Iron", "Operating_Pressure": "LP", "NPA_Opportunity": "Yes - Potential NPA, entire scope", "LPP_Footage": 2700, "LPP_Mileage_": 0.51, "lat": 42.4169078981572, "lon": -71.1377002453457, "Mapped_address": "119 Arlington St, Medford, MA 02155, USA", "FID": 482}}, {"type": "Feature", "id": 483, "geometry": {"type": "Point", "coordinates": [-71.137451623645, 42.4165470791752]}, "properties": {"Line": 399, "Company": "Boston Gas", "Division": "Malden", "Town": "Medford", "Town_Code": "MED", "State": "MA", "Description__street_segment_": "50-188 ARLINGTON ST, MED, 122-144 HARVARD AV", "Diameter": 6, "Material": "Cast Iron", "Operating_Pressure": "LP", "NPA_Opportunity": "Yes - Potential NPA, entire scope", "LPP_Footage": 2700, "LPP_Mileage_": 0.51, "lat": 42.4165470791752, "lon": -71.137451623645, "Mapped_address": "133 Harvard Ave, Medford, MA 02155, USA", "FID": 483}}, {"type": "Feature", "id": 484, "geometry": {"type": "Point", "coordinates": [-71.0914353579671, 42.4176763175984]}, "properties": {"Line": 400, "Company": "Boston Gas", "Division": "Malden", "Town": "Medford", "Town_Code": "MED", "State": "MA", "Description__street_segment_": "5-68 BURNSIDE ST, MED", "Diameter": 6, "Material": "Cast Iron", "Operating_Pressure": "LP", "NPA_Opportunity": "No - Impact to System Integration", "LPP_Footage": 1070, "LPP_Mileage_": 0.2, "lat": 42.4176763175984, "lon": -71.0914353579671, "Mapped_address": "36 Burnside St, Medford, MA 02155, USA", "FID": 484}}, {"type": "Feature", "id": 485, "geometry": {"type": "Point", "coordinates": [-71.1014747355039, 42.4352253453876]}, "properties": {"Line": 401, "Company": "Boston Gas", "Division": "Malden", "Town": "Medford", "Town_Code": "MED", "State": "MA", "Description__street_segment_": "581-789 FELLSWAY W, MED, 3-7 TAFT ST", "Diameter": 6, "Material": "Cast Iron", "Operating_Pressure": "LP", "NPA_Opportunity": "No - Impact to System Integration", "LPP_Footage": 2040, "LPP_Mileage_": 0.39, "lat": 42.4352253453876, "lon": -71.1014747355039, "Mapped_address": "5 Taft St, Medford, MA 02155, USA", "FID": 485}}, {"type": "Feature", "id": 486, "geometry": {"type": "Point", "coordinates": [-71.1009203342733, 42.4330955324978]}, "properties": {"Line": 401, "Company": "Boston Gas", "Division": "Malden", "Town": "Medford", "Town_Code": "MED", "State": "MA", "Description__street_segment_": "581-789 FELLSWAY W, MED, 3-7 TAFT ST", "Diameter": 6, "Material": "Cast Iron", "Operating_Pressure": "LP", "NPA_Opportunity": "No - Impact to System Integration", "LPP_Footage": 2040, "LPP_Mileage_": 0.39, "lat": 42.4330955324978, "lon": -71.1009203342733, "Mapped_address": "685 Fellsway W, Medford, MA 02155, USA", "FID": 486}}, {"type": "Feature", "id": 487, "geometry": {"type": "Point", "coordinates": [-71.1330942553957, 42.4254065579191]}, "properties": {"Line": 402, "Company": "Boston Gas", "Division": "Malden", "Town": "Medford", "Town_Code": "MED", "State": "MA", "Description__street_segment_": "67-144 WARREN ST, MED, CLEWLEY,CHARDON,GORHAM RD", "Diameter": 6, "Material": "Cast Iron", "Operating_Pressure": "LP to 25", "NPA_Opportunity": "No - Impact to System Integration", "LPP_Footage": 3570, "LPP_Mileage_": 0.68, "lat": 42.4254065579191, "lon": -71.1330942553957, "Mapped_address": "105 Warren St, Medford, MA 02155, USA", "FID": 487}}, {"type": "Feature", "id": 488, "geometry": {"type": "Point", "coordinates": [-71.1336702763009, 42.4240966955186]}, "properties": {"Line": 402, "Company": "Boston Gas", "Division": "Malden", "Town": "Medford", "Town_Code": "MED", "State": "MA", "Description__street_segment_": "67-144 WARREN ST, MED, CLEWLEY,CHARDON,GORHAM RD", "Diameter": 6, "Material": "Cast Iron", "Operating_Pressure": "LP to 25", "NPA_Opportunity": "No - Impact to System Integration", "LPP_Footage": 3570, "LPP_Mileage_": 0.68, "lat": 42.4240966955186, "lon": -71.1336702763009, "Mapped_address": "Gorham Rd, Medford, MA 02155, USA", "FID": 488}}, {"type": "Feature", "id": 489, "geometry": {"type": "Point", "coordinates": [-71.1056775395656, 42.4225557854566]}, "properties": {"Line": 403, "Company": "Boston Gas", "Division": "Malden", "Town": "Medford", "Town_Code": "MED", "State": "MA", "Description__street_segment_": "7-52 WEBSTER ST, MED, BROOKSIDE PKWY,EARLY AV", "Diameter": 6, "Material": "Cast Iron", "Operating_Pressure": "LP", "NPA_Opportunity": "No - Impact to System Integration", "LPP_Footage": 3420, "LPP_Mileage_": 0.65, "lat": 42.4225557854566, "lon": -71.1056775395656, "Mapped_address": "29 Webster St, Medford, MA 02155, USA", "FID": 489}}, {"type": "Feature", "id": 490, "geometry": {"type": "Point", "coordinates": [-71.1043831, 42.4232199]}, "properties": {"Line": 403, "Company": "Boston Gas", "Division": "Malden", "Town": "Medford", "Town_Code": "MED", "State": "MA", "Description__street_segment_": "7-52 WEBSTER ST, MED, BROOKSIDE PKWY,EARLY AV", "Diameter": 6, "Material": "Cast Iron", "Operating_Pressure": "LP", "NPA_Opportunity": "No - Impact to System Integration", "LPP_Footage": 3420, "LPP_Mileage_": 0.65, "lat": 42.4232199, "lon": -71.1043831, "Mapped_address": "Brookside Pkwy, Medford, MA 02155, USA", "FID": 490}}, {"type": "Feature", "id": 491, "geometry": {"type": "Point", "coordinates": [-71.1047363, 42.4254288]}, "properties": {"Line": 403, "Company": "Boston Gas", "Division": "Malden", "Town": "Medford", "Town_Code": "MED", "State": "MA", "Description__street_segment_": "7-52 WEBSTER ST, MED, BROOKSIDE PKWY,EARLY AV", "Diameter": 6, "Material": "Cast Iron", "Operating_Pressure": "LP", "NPA_Opportunity": "No - Impact to System Integration", "LPP_Footage": 3420, "LPP_Mileage_": 0.65, "lat": 42.4254288, "lon": -71.1047363, "Mapped_address": "Early Ave, Medford, MA 02155, USA", "FID": 491}}, {"type": "Feature", "id": 492, "geometry": {"type": "Point", "coordinates": [-71.1179306355066, 42.4098925904339]}, "properties": {"Line": 404, "Company": "Boston Gas", "Division": "Malden", "Town": "Medford", "Town_Code": "MED", "State": "MA", "Description__street_segment_": "7-92 HUME AV, MED, 51-155 BURGET,SUNSET AV", "Diameter": 6, "Material": "Cast Iron", "Operating_Pressure": "LP to 25", "NPA_Opportunity": "Yes - Potential NPA, entire scope", "LPP_Footage": 3160, "LPP_Mileage_": 0.6, "lat": 42.4098925904339, "lon": -71.1179306355066, "Mapped_address": "103 Burget Ave, Medford, MA 02155, USA", "FID": 492}}, {"type": "Feature", "id": 493, "geometry": {"type": "Point", "coordinates": [-71.1168599999881, 42.4107743255431]}, "properties": {"Line": 404, "Company": "Boston Gas", "Division": "Malden", "Town": "Medford", "Town_Code": "MED", "State": "MA", "Description__street_segment_": "7-92 HUME AV, MED, 51-155 BURGET,SUNSET AV", "Diameter": 6, "Material": "Cast Iron", "Operating_Pressure": "LP to 25", "NPA_Opportunity": "Yes - Potential NPA, entire scope", "LPP_Footage": 3160, "LPP_Mileage_": 0.6, "lat": 42.4107743255431, "lon": -71.1168599999881, "Mapped_address": "49 Hume Ave, Medford, MA 02155, USA", "FID": 493}}, {"type": "Feature", "id": 494, "geometry": {"type": "Point", "coordinates": [-71.1168016495341, 42.4097177757933]}, "properties": {"Line": 404, "Company": "Boston Gas", "Division": "Malden", "Town": "Medford", "Town_Code": "MED", "State": "MA", "Description__street_segment_": "7-92 HUME AV, MED, 51-155 BURGET,SUNSET AV", "Diameter": 6, "Material": "Cast Iron", "Operating_Pressure": "LP to 25", "NPA_Opportunity": "Yes - Potential NPA, entire scope", "LPP_Footage": 3160, "LPP_Mileage_": 0.6, "lat": 42.4097177757933, "lon": -71.1168016495341, "Mapped_address": "Sunset Ave, Medford, MA 02155, USA", "FID": 494}}, {"type": "Feature", "id": 495, "geometry": {"type": "Point", "coordinates": [-71.1019081818109, 42.4231329119057]}, "properties": {"Line": 405, "Company": "Boston Gas", "Division": "Malden", "Town": "Medford", "Town_Code": "MED", "State": "MA", "Description__street_segment_": "8-157 FULTON ST, MED, LEWIS ST, BROGAN RD", "Diameter": 6, "Material": "Cast Iron", "Operating_Pressure": "LP", "NPA_Opportunity": "Yes - Potential NPA, partial scope", "LPP_Footage": 3325, "LPP_Mileage_": 0.63, "lat": 42.4231329119057, "lon": -71.1019081818109, "Mapped_address": "82 Fulton St, Medford, MA 02155, USA", "FID": 495}}, {"type": "Feature", "id": 496, "geometry": {"type": "Point", "coordinates": [-71.1005116, 42.4241106]}, "properties": {"Line": 405, "Company": "Boston Gas", "Division": "Malden", "Town": "Medford", "Town_Code": "MED", "State": "MA", "Description__street_segment_": "8-157 FULTON ST, MED, LEWIS ST, BROGAN RD", "Diameter": 6, "Material": "Cast Iron", "Operating_Pressure": "LP", "NPA_Opportunity": "Yes - Potential NPA, partial scope", "LPP_Footage": 3325, "LPP_Mileage_": 0.63, "lat": 42.4241106, "lon": -71.1005116, "Mapped_address": "Brogan Rd, Medford, MA 02155, USA", "FID": 496}}, {"type": "Feature", "id": 497, "geometry": {"type": "Point", "coordinates": [-71.1007567668401, 42.4235667126621]}, "properties": {"Line": 405, "Company": "Boston Gas", "Division": "Malden", "Town": "Medford", "Town_Code": "MED", "State": "MA", "Description__street_segment_": "8-157 FULTON ST, MED, LEWIS ST, BROGAN RD", "Diameter": 6, "Material": "Cast Iron", "Operating_Pressure": "LP", "NPA_Opportunity": "Yes - Potential NPA, partial scope", "LPP_Footage": 3325, "LPP_Mileage_": 0.63, "lat": 42.4235667126621, "lon": -71.1007567668401, "Mapped_address": "Lewis St, Medford, MA 02155, USA", "FID": 497}}, {"type": "Feature", "id": 498, "geometry": {"type": "Point", "coordinates": [-71.0919234948675, 42.4190332008528]}, "properties": {"Line": 406, "Company": "Boston Gas", "Division": "Malden", "Town": "Medford", "Town_Code": "MED", "State": "MA", "Description__street_segment_": "83-259 SPRING ST, MED", "Diameter": 6, "Material": "Cast Iron", "Operating_Pressure": "LP", "NPA_Opportunity": "No - Impact to System Integration", "LPP_Footage": 2870, "LPP_Mileage_": 0.54, "lat": 42.4190332008528, "lon": -71.0919234948675, "Mapped_address": "171 Spring St, Medford, MA 02155, USA", "FID": 498}}, {"type": "Feature", "id": 499, "geometry": {"type": "Point", "coordinates": [-71.1057442056948, 42.4186194053332]}, "properties": {"Line": 407, "Company": "Boston Gas", "Division": "Malden", "Town": "Medford", "Town_Code": "MED", "State": "MA", "Description__street_segment_": "85-100 GEORGE P HASSETT DR, MED", "Diameter": 12, "Material": "Cast Iron", "Operating_Pressure": "LP", "NPA_Opportunity": "No - Critical Main", "LPP_Footage": 735, "LPP_Mileage_": 0.14, "lat": 42.4186194053332, "lon": -71.1057442056948, "Mapped_address": "92 George P Hassett Dr, Medford, MA 02155, USA", "FID": 499}}, {"type": "Feature", "id": 500, "geometry": {"type": "Point", "coordinates": [-71.0545005005053, 42.4720761108659]}, "properties": {"Line": 408, "Company": "Boston Gas", "Division": "Malden", "Town": "Melrose", "Town_Code": "MEL", "State": "MA", "Description__street_segment_": "116-171 BOARDMAN AV, MEL, ARLINGTON RD &COOLIDGE R", "Diameter": 6, "Material": "Cast Iron", "Operating_Pressure": "LP", "NPA_Opportunity": "Yes - Potential NPA, partial scope", "LPP_Footage": 1770, "LPP_Mileage_": 0.34, "lat": 42.4720761108659, "lon": -71.0545005005053, "Mapped_address": "143 Boardman Ave, Melrose, MA 02176, USA", "FID": 500}}, {"type": "Feature", "id": 501, "geometry": {"type": "Point", "coordinates": [-71.1426502367577, 42.3416044036505]}, "properties": {"Line": 164, "Company": "Boston Gas", "Division": "Boston-Rvm", "Town": "Brighton", "Town_Code": "BRI", "State": "MA", "Description__street_segment_": "10-40 MT HOOD RD, BRI, EGREMONT RD & COREY RD", "Diameter": 6, "Material": "Cast Iron", "Operating_Pressure": "LP", "NPA_Opportunity": "No - Impact to System Integration", "LPP_Footage": 2230, "LPP_Mileage_": 0.42, "lat": 42.3416044036505, "lon": -71.1426502367577, "Mapped_address": "Egremont Rd, Boston, MA 02135, USA", "FID": 501}}, {"type": "Feature", "id": 502, "geometry": {"type": "Point", "coordinates": [-71.1612914435685, 42.347174649581]}, "properties": {"Line": 166, "Company": "Boston Gas", "Division": "Boston-Rvm", "Town": "Brighton", "Town_Code": "BRI", "State": "MA", "Description__street_segment_": "185-242 LAKE ST, BRI", "Diameter": 8, "Material": "Steel-WI", "Operating_Pressure": "LP to 22", "NPA_Opportunity": "No - Critical Main", "LPP_Footage": 1025, "LPP_Mileage_": 0.19, "lat": 42.347174649581, "lon": -71.1612914435685, "Mapped_address": "213 Lake St, Boston, MA 02135, USA", "FID": 502}}, {"type": "Feature", "id": 503, "geometry": {"type": "Point", "coordinates": [-71.1502066, 42.3358445]}, "properties": {"Line": 167, "Company": "Boston Gas", "Division": "Boston-Rvm", "Town": "Brighton", "Town_Code": "BRI", "State": "MA", "Description__street_segment_": "1922-2001 BEACON ST, BRI", "Diameter": 12, "Material": "Cast Iron", "Operating_Pressure": "22", "NPA_Opportunity": "No - Critical Main", "LPP_Footage": 350, "LPP_Mileage_": 0.07, "lat": 42.3358445, "lon": -71.1502066, "Mapped_address": "1961 Beacon St, Boston, MA 02135, USA", "FID": 503}}, {"type": "Feature", "id": 504, "geometry": {"type": "Point", "coordinates": [-71.1477570863416, 42.3456580150302]}, "properties": {"Line": 168, "Company": "Boston Gas", "Division": "Boston-Rvm", "Town": "Brighton", "Town_Code": "BRI", "State": "MA", "Description__street_segment_": "2-24 LA ROSE PL, BRI", "Diameter": 6, "Material": "Cast Iron", "Operating_Pressure": "LP", "NPA_Opportunity": "Yes - Potential NPA, entire scope", "LPP_Footage": 340, "LPP_Mileage_": 0.06, "lat": 42.3456580150302, "lon": -71.1477570863416, "Mapped_address": "13 Larose Pl, Boston, MA 02135, USA", "FID": 504}}, {"type": "Feature", "id": 505, "geometry": {"type": "Point", "coordinates": [-71.1409886290863, 42.3596612314956]}, "properties": {"Line": 169, "Company": "Boston Gas", "Division": "Boston-Rvm", "Town": "Brighton", "Town_Code": "BRI", "State": "MA", "Description__street_segment_": "2-84 LITCHFIELD ST, BRI", "Diameter": 4, "Material": "Cast Iron", "Operating_Pressure": "LP", "NPA_Opportunity": "No - Impact to System Integration", "LPP_Footage": 1060, "LPP_Mileage_": 0.2, "lat": 42.3596612314956, "lon": -71.1409886290863, "Mapped_address": "43 Litchfield St, Boston, MA 02135, USA", "FID": 505}}, {"type": "Feature", "id": 506, "geometry": {"type": "Point", "coordinates": [-71.2455341485229, 42.3292964694246]}, "properties": {"Line": 170, "Company": "Boston Gas", "Division": "Boston-Rvm", "Town": "Brighton", "Town_Code": "BRI", "State": "MA", "Description__street_segment_": "324-395 CHESTNUT HILL AV, BRI, & 1961-2001 BEACON", "Diameter": 12, "Material": "Cast Iron", "Operating_Pressure": "LP", "NPA_Opportunity": "No - Impact to System Integration", "LPP_Footage": 1545, "LPP_Mileage_": 0.29, "lat": 42.3292964694246, "lon": -71.2455341485229, "Mapped_address": "1981 Beacon St, Waban, MA 02468, USA", "FID": 506}}, {"type": "Feature", "id": 507, "geometry": {"type": "Point", "coordinates": [-71.1528443, 42.3361096]}, "properties": {"Line": 170, "Company": "Boston Gas", "Division": "Boston-Rvm", "Town": "Brighton", "Town_Code": "BRI", "State": "MA", "Description__street_segment_": "324-395 CHESTNUT HILL AV, BRI, & 1961-2001 BEACON", "Diameter": 12, "Material": "Cast Iron", "Operating_Pressure": "LP", "NPA_Opportunity": "No - Impact to System Integration", "LPP_Footage": 1545, "LPP_Mileage_": 0.29, "lat": 42.3361096, "lon": -71.1528443, "Mapped_address": "359 Chestnut Hill Ave, Boston, MA 02135, USA", "FID": 507}}, {"type": "Feature", "id": 508, "geometry": {"type": "Point", "coordinates": [-71.1365008019529, 42.3534272242378]}, "properties": {"Line": 171, "Company": "Boston Gas", "Division": "Boston-Rvm", "Town": "Brighton", "Town_Code": "BRI", "State": "MA", "Description__street_segment_": "496-533 CAMBRIDGE ST, BRI, & 236-264 BRIGHTON AV", "Diameter": 4, "Material": "Cast Iron", "Operating_Pressure": "LP", "NPA_Opportunity": "No - Impact to System Integration", "LPP_Footage": 1890, "LPP_Mileage_": 0.36, "lat": 42.3534272242378, "lon": -71.1365008019529, "Mapped_address": "250 Brighton Ave, Boston, MA 02134, USA", "FID": 508}}, {"type": "Feature", "id": 509, "geometry": {"type": "Point", "coordinates": [-71.1382511851718, 42.3530096490515]}, "properties": {"Line": 171, "Company": "Boston Gas", "Division": "Boston-Rvm", "Town": "Brighton", "Town_Code": "BRI", "State": "MA", "Description__street_segment_": "496-533 CAMBRIDGE ST, BRI, & 236-264 BRIGHTON AV", "Diameter": 4, "Material": "Cast Iron", "Operating_Pressure": "LP", "NPA_Opportunity": "No - Impact to System Integration", "LPP_Footage": 1890, "LPP_Mileage_": 0.36, "lat": 42.3530096490515, "lon": -71.1382511851718, "Mapped_address": "514 Cambridge St, Allston, MA 02134, USA", "FID": 509}}, {"type": "Feature", "id": 510, "geometry": {"type": "Point", "coordinates": [-71.147892112567, 42.3395678371789]}, "properties": {"Line": 172, "Company": "Boston Gas", "Division": "Boston-Rvm", "Town": "Brighton", "Town_Code": "BRI", "State": "MA", "Description__street_segment_": "6-24 SELKIRK RD, BRI", "Diameter": 4, "Material": "Cast Iron", "Operating_Pressure": "LP", "NPA_Opportunity": "No - Impact to System Integration", "LPP_Footage": 350, "LPP_Mileage_": 0.07, "lat": 42.3395678371789, "lon": -71.147892112567, "Mapped_address": "15 Selkirk Rd, Boston, MA 02135, USA", "FID": 510}}, {"type": "Feature", "id": 511, "geometry": {"type": "Point", "coordinates": [-71.1551934586258, 42.3516592386698]}, "properties": {"Line": 173, "Company": "Boston Gas", "Division": "Boston-Rvm", "Town": "Brighton", "Town_Code": "BRI", "State": "MA", "Description__street_segment_": "63-87 ARLINGTON ST, BRI, & 35-73 PARSONS ST", "Diameter": 6, "Material": "Cast Iron", "Operating_Pressure": "LP", "NPA_Opportunity": "Yes - Potential NPA", "LPP_Footage": 1320, "LPP_Mileage_": 0.25, "lat": 42.3516592386698, "lon": -71.1551934586258, "Mapped_address": "54 Parsons St, Boston, MA 02135, USA", "FID": 511}}, {"type": "Feature", "id": 512, "geometry": {"type": "Point", "coordinates": [-71.1550994548061, 42.3524975579857]}, "properties": {"Line": 173, "Company": "Boston Gas", "Division": "Boston-Rvm", "Town": "Brighton", "Town_Code": "BRI", "State": "MA", "Description__street_segment_": "63-87 ARLINGTON ST, BRI, & 35-73 PARSONS ST", "Diameter": 6, "Material": "Cast Iron", "Operating_Pressure": "LP", "NPA_Opportunity": "Yes - Potential NPA", "LPP_Footage": 1320, "LPP_Mileage_": 0.25, "lat": 42.3524975579857, "lon": -71.1550994548061, "Mapped_address": "75 Arlington St, Boston, MA 02135, USA", "FID": 512}}, {"type": "Feature", "id": 513, "geometry": {"type": "Point", "coordinates": [-71.1578848383142, 42.3533731256299]}, "properties": {"Line": 175, "Company": "Boston Gas", "Division": "Boston-Rvm", "Town": "Brighton", "Town_Code": "BRI", "State": "MA", "Description__street_segment_": "82-94 HARRIET ST, BRI, & 8-21 S HOBART ST", "Diameter": 6, "Material": "Cast Iron", "Operating_Pressure": "LP", "NPA_Opportunity": "No - Impact to System Integration", "LPP_Footage": 645, "LPP_Mileage_": 0.12, "lat": 42.3533731256299, "lon": -71.1578848383142, "Mapped_address": "14 S Hobart St, Boston, MA 02135, USA", "FID": 513}}, {"type": "Feature", "id": 514, "geometry": {"type": "Point", "coordinates": [-71.1580727186226, 42.3532274165703]}, "properties": {"Line": 175, "Company": "Boston Gas", "Division": "Boston-Rvm", "Town": "Brighton", "Town_Code": "BRI", "State": "MA", "Description__street_segment_": "82-94 HARRIET ST, BRI, & 8-21 S HOBART ST", "Diameter": 6, "Material": "Cast Iron", "Operating_Pressure": "LP", "NPA_Opportunity": "No - Impact to System Integration", "LPP_Footage": 645, "LPP_Mileage_": 0.12, "lat": 42.3532274165703, "lon": -71.1580727186226, "Mapped_address": "88 Harriet St, Boston, MA 02135, USA", "FID": 514}}, {"type": "Feature", "id": 515, "geometry": {"type": "Point", "coordinates": [-71.1570673497482, 42.3061223520829]}, "properties": {"Line": 185, "Company": "Boston Gas", "Division": "Boston-Rvm", "Town": "Brookline", "Town_Code": "BRO", "State": "MA", "Description__street_segment_": "5-175 SHAW RD, BRO", "Diameter": 6, "Material": "Cast Iron", "Operating_Pressure": "LP", "NPA_Opportunity": "No - Impact to System Integration", "LPP_Footage": 2305, "LPP_Mileage_": 0.44, "lat": 42.3061223520829, "lon": -71.1570673497482, "Mapped_address": "90-96 Shaw Rd, Chestnut Hill, MA 02467, USA", "FID": 515}}, {"type": "Feature", "id": 516, "geometry": {"type": "Point", "coordinates": [-71.1462921, 42.3270492]}, "properties": {"Line": 186, "Company": "Boston Gas", "Division": "Boston-Rvm", "Town": "Brookline", "Town_Code": "BRO", "State": "MA", "Description__street_segment_": "6-55 ELIOT CR, BRO,ELIOT AV,WHITE,TIMON AV doa rev", "Diameter": 6, "Material": "Cast Iron", "Operating_Pressure": "LP to 22", "NPA_Opportunity": "No - Impact to System Integration", "LPP_Footage": 1385, "LPP_Mileage_": 0.26, "lat": 42.3270492, "lon": -71.1462921, "Mapped_address": "30 Eliot Crescent, Chestnut Hill, MA 02467, USA", "FID": 516}}, {"type": "Feature", "id": 517, "geometry": {"type": "Point", "coordinates": [-71.1712443, 42.3184197]}, "properties": {"Line": 188, "Company": "Boston Gas", "Division": "Boston-Rvm", "Town": "Brookline", "Town_Code": "BRO", "State": "MA", "Description__street_segment_": "745-816 HEATH ST, BRO, & 271-327 HAMMOND POND PW", "Diameter": 6, "Material": "Cast Iron", "Operating_Pressure": "LP", "NPA_Opportunity": "Yes - Potential NPA, partial scope", "LPP_Footage": 3430, "LPP_Mileage_": 0.65, "lat": 42.3184197, "lon": -71.1712443, "Mapped_address": "299 Hammond Pond Pkwy, Chestnut Hill, MA 02467, USA", "FID": 517}}, {"type": "Feature", "id": 518, "geometry": {"type": "Point", "coordinates": [-71.1720765, 42.3180485]}, "properties": {"Line": 188, "Company": "Boston Gas", "Division": "Boston-Rvm", "Town": "Brookline", "Town_Code": "BRO", "State": "MA", "Description__street_segment_": "745-816 HEATH ST, BRO, & 271-327 HAMMOND POND PW", "Diameter": 6, "Material": "Cast Iron", "Operating_Pressure": "LP", "NPA_Opportunity": "Yes - Potential NPA, partial scope", "LPP_Footage": 3430, "LPP_Mileage_": 0.65, "lat": 42.3180485, "lon": -71.1720765, "Mapped_address": "780 Heath St, Chestnut Hill, MA 02467, USA", "FID": 518}}, {"type": "Feature", "id": 519, "geometry": {"type": "Point", "coordinates": [-71.1623104506325, 42.307782771097]}, "properties": {"Line": 190, "Company": "Boston Gas", "Division": "Boston-Rvm", "Town": "Brookline", "Town_Code": "BRO", "State": "MA", "Description__street_segment_": "8-136 WOLCOTT RD, BRO", "Diameter": 4, "Material": "Cast Iron", "Operating_Pressure": "LP to 22", "NPA_Opportunity": "No - Impact to System Integration", "LPP_Footage": 1605, "LPP_Mileage_": 0.3, "lat": 42.307782771097, "lon": -71.1623104506325, "Mapped_address": "72 Wolcott Rd, Chestnut Hill, MA 02467, USA", "FID": 519}}, {"type": "Feature", "id": 520, "geometry": {"type": "Point", "coordinates": [-71.1046826999224, 42.3109549001363]}, "properties": {"Line": 191, "Company": "Boston Gas", "Division": "Boston-Rvm", "Town": "Jamaica Plain", "Town_Code": "JPL", "State": "MA", "Description__street_segment_": "10-36 OPHIR ST, JPL, & ACKLEY PL", "Diameter": 4, "Material": "Cast Iron", "Operating_Pressure": "LP", "NPA_Opportunity": "Yes - Potential NPA, partial scope", "LPP_Footage": 775, "LPP_Mileage_": 0.15, "lat": 42.3109549001363, "lon": -71.1046826999224, "Mapped_address": "23 Ophir St, Boston, MA 02130, USA", "FID": 520}}, {"type": "Feature", "id": 521, "geometry": {"type": "Point", "coordinates": [-71.1034815726175, 42.3111562800561]}, "properties": {"Line": 191, "Company": "Boston Gas", "Division": "Boston-Rvm", "Town": "Jamaica Plain", "Town_Code": "JPL", "State": "MA", "Description__street_segment_": "10-36 OPHIR ST, JPL, & ACKLEY PL", "Diameter": 4, "Material": "Cast Iron", "Operating_Pressure": "LP", "NPA_Opportunity": "Yes - Potential NPA, partial scope", "LPP_Footage": 775, "LPP_Mileage_": 0.15, "lat": 42.3111562800561, "lon": -71.1034815726175, "Mapped_address": "Ackley Pl, Boston, MA 02130, USA", "FID": 521}}, {"type": "Feature", "id": 522, "geometry": {"type": "Point", "coordinates": [-71.1139604094702, 42.3036346202253]}, "properties": {"Line": 192, "Company": "Boston Gas", "Division": "Boston-Rvm", "Town": "Jamaica Plain", "Town_Code": "JPL", "State": "MA", "Description__street_segment_": "5-235 SOUTH ST, JPL, CHILD,ANSON,SPAULDING ST", "Diameter": 12, "Material": "Cast Iron", "Operating_Pressure": "LP", "NPA_Opportunity": "Yes - Potential NPA, partial scope", "LPP_Footage": 4150, "LPP_Mileage_": 0.79, "lat": 42.3036346202253, "lon": -71.1139604094702, "Mapped_address": "Spalding St, Boston, MA 02130, USA", "FID": 522}}, {"type": "Feature", "id": 523, "geometry": {"type": "Point", "coordinates": [-71.113288965213, 42.3078502089787]}, "properties": {"Line": 193, "Company": "Boston Gas", "Division": "Boston-Rvm", "Town": "Jamaica Plain", "Town_Code": "JPL", "State": "MA", "Description__street_segment_": "5-99 CAROLINA AV, JPL, & 12-42 LEE ST", "Diameter": 12, "Material": "Cast Iron", "Operating_Pressure": "22", "NPA_Opportunity": "No - Critical Main", "LPP_Footage": 1610, "LPP_Mileage_": 0.3, "lat": 42.3078502089787, "lon": -71.113288965213, "Mapped_address": "52 Carolina Ave, Boston, MA 02130, USA", "FID": 523}}, {"type": "Feature", "id": 524, "geometry": {"type": "Point", "coordinates": [-71.1062851, 42.3041981]}, "properties": {"Line": 194, "Company": "Boston Gas", "Division": "Boston-Rvm", "Town": "Jamaica Plain", "Town_Code": "JPL", "State": "MA", "Description__street_segment_": "9-27 PLAINFIELD ST, JPL, ROSSMORE RD & WILLIAMS ST", "Diameter": 3, "Material": "Steel-WI", "Operating_Pressure": "LP", "NPA_Opportunity": "No - Impact to System Integration", "LPP_Footage": 1640, "LPP_Mileage_": 0.31, "lat": 42.3041981, "lon": -71.1062851, "Mapped_address": "Rossmore Rd, Boston, MA 02130, USA", "FID": 524}}, {"type": "Feature", "id": 525, "geometry": {"type": "Point", "coordinates": [-71.1063323, 42.3054261]}, "properties": {"Line": 194, "Company": "Boston Gas", "Division": "Boston-Rvm", "Town": "Jamaica Plain", "Town_Code": "JPL", "State": "MA", "Description__street_segment_": "9-27 PLAINFIELD ST, JPL, ROSSMORE RD & WILLIAMS ST", "Diameter": 3, "Material": "Steel-WI", "Operating_Pressure": "LP", "NPA_Opportunity": "No - Impact to System Integration", "LPP_Footage": 1640, "LPP_Mileage_": 0.31, "lat": 42.3054261, "lon": -71.1063323, "Mapped_address": "Williams St, Boston, MA 02130, USA", "FID": 525}}, {"type": "Feature", "id": 526, "geometry": {"type": "Point", "coordinates": [-71.1277374817428, 42.2813959930871]}, "properties": {"Line": 203, "Company": "Boston Gas", "Division": "Boston-Rvm", "Town": "Roslindale", "Town_Code": "ROS", "State": "MA", "Description__street_segment_": "1-25 CRANDALL ST, ROS", "Diameter": 4, "Material": "Cast Iron", "Operating_Pressure": "LP", "NPA_Opportunity": "Yes - Potential NPA", "LPP_Footage": 355, "LPP_Mileage_": 0.07, "lat": 42.2813959930871, "lon": -71.1277374817428, "Mapped_address": "13 Crandall St, Boston, MA 02131, USA", "FID": 526}}, {"type": "Feature", "id": 527, "geometry": {"type": "Point", "coordinates": [-71.1326690895243, 42.2788260209835]}, "properties": {"Line": 205, "Company": "Boston Gas", "Division": "Boston-Rvm", "Town": "Roslindale", "Town_Code": "ROS", "State": "MA", "Description__street_segment_": "180-249 KITTREDGE ST, ROS, & 2-42 HEMMAN ST", "Diameter": 6, "Material": "Cast Iron", "Operating_Pressure": "LP", "NPA_Opportunity": "No - Impact to System Integration", "LPP_Footage": 1365, "LPP_Mileage_": 0.26, "lat": 42.2788260209835, "lon": -71.1326690895243, "Mapped_address": "214 Kittredge St, Boston, MA 02131, USA", "FID": 527}}, {"type": "Feature", "id": 528, "geometry": {"type": "Point", "coordinates": [-71.129820680987, 42.2824194212263]}, "properties": {"Line": 206, "Company": "Boston Gas", "Division": "Boston-Rvm", "Town": "Roslindale", "Town_Code": "ROS", "State": "MA", "Description__street_segment_": "6-20 ALBANO ST, ROS, KITTREDGE,WHITFORD,LILAC", "Diameter": 4, "Material": "Cast Iron", "Operating_Pressure": "LP", "NPA_Opportunity": "Yes - Potential NPA", "LPP_Footage": 1335, "LPP_Mileage_": 0.25, "lat": 42.2824194212263, "lon": -71.129820680987, "Mapped_address": "13 Albano St, Boston, MA 02131, USA", "FID": 528}}, {"type": "Feature", "id": 529, "geometry": {"type": "Point", "coordinates": [-71.1616989366102, 42.2681006070475]}, "properties": {"Line": 208, "Company": "Boston Gas", "Division": "Boston-Rvm", "Town": "West Roxbury", "Town_Code": "WRO", "State": "MA", "Description__street_segment_": "2389-2432 CENTRE ST, WRO", "Diameter": 6, "Material": "Cast Iron", "Operating_Pressure": "LP and 22", "NPA_Opportunity": "No - Impact to System Integration", "LPP_Footage": 985, "LPP_Mileage_": 0.19, "lat": 42.2681006070475, "lon": -71.1616989366102, "Mapped_address": "2410 Centre St, Boston, MA 02132, USA", "FID": 529}}, {"type": "Feature", "id": 530, "geometry": {"type": "Point", "coordinates": [-71.1698639853985, 42.2845177044691]}, "properties": {"Line": 210, "Company": "Boston Gas", "Division": "Boston-Rvm", "Town": "West Roxbury", "Town_Code": "WRO", "State": "MA", "Description__street_segment_": "270-585 BAKER ST, WRO, 891-903 VFW PKWY", "Diameter": 6, "Material": "Cast Iron", "Operating_Pressure": "LP to 22", "NPA_Opportunity": "Yes - Potential NPA, partial scope", "LPP_Footage": 7925, "LPP_Mileage_": 1.5, "lat": 42.2845177044691, "lon": -71.1698639853985, "Mapped_address": "427 Baker St, Boston, MA 02132, USA", "FID": 530}}, {"type": "Feature", "id": 531, "geometry": {"type": "Point", "coordinates": [-71.171249368241, 42.2891748983747]}, "properties": {"Line": 210, "Company": "Boston Gas", "Division": "Boston-Rvm", "Town": "West Roxbury", "Town_Code": "WRO", "State": "MA", "Description__street_segment_": "270-585 BAKER ST, WRO, 891-903 VFW PKWY", "Diameter": 6, "Material": "Cast Iron", "Operating_Pressure": "LP to 22", "NPA_Opportunity": "Yes - Potential NPA, partial scope", "LPP_Footage": 7925, "LPP_Mileage_": 1.5, "lat": 42.2891748983747, "lon": -71.171249368241, "Mapped_address": "897 VFW Pkwy, Boston, MA 02132, USA", "FID": 531}}, {"type": "Feature", "id": 532, "geometry": {"type": "Point", "coordinates": [-71.1638440929731, 42.2697916121136]}, "properties": {"Line": 211, "Company": "Boston Gas", "Division": "Boston-Rvm", "Town": "West Roxbury", "Town_Code": "WRO", "State": "MA", "Description__street_segment_": "3-70 PARAGON RD, WRO, GLENHAVEN RD &KEYSTONE ST", "Diameter": 4, "Material": "Steel-WI", "Operating_Pressure": "LP to 22", "NPA_Opportunity": "No - Impact to System Integration", "LPP_Footage": 3530, "LPP_Mileage_": 0.67, "lat": 42.2697916121136, "lon": -71.1638440929731, "Mapped_address": "36 Paragon Rd, Boston, MA 02132, USA", "FID": 532}}, {"type": "Feature", "id": 533, "geometry": {"type": "Point", "coordinates": [-71.163761, 42.2710634]}, "properties": {"Line": 211, "Company": "Boston Gas", "Division": "Boston-Rvm", "Town": "West Roxbury", "Town_Code": "WRO", "State": "MA", "Description__street_segment_": "3-70 PARAGON RD, WRO, GLENHAVEN RD &KEYSTONE ST", "Diameter": 4, "Material": "Steel-WI", "Operating_Pressure": "LP to 22", "NPA_Opportunity": "No - Impact to System Integration", "LPP_Footage": 3530, "LPP_Mileage_": 0.67, "lat": 42.2710634, "lon": -71.163761, "Mapped_address": "Glenhaven Rd, Boston, MA 02132, USA", "FID": 533}}, {"type": "Feature", "id": 534, "geometry": {"type": "Point", "coordinates": [-71.1647795361236, 42.2690247386369]}, "properties": {"Line": 211, "Company": "Boston Gas", "Division": "Boston-Rvm", "Town": "West Roxbury", "Town_Code": "WRO", "State": "MA", "Description__street_segment_": "3-70 PARAGON RD, WRO, GLENHAVEN RD &KEYSTONE ST", "Diameter": 4, "Material": "Steel-WI", "Operating_Pressure": "LP to 22", "NPA_Opportunity": "No - Impact to System Integration", "LPP_Footage": 3530, "LPP_Mileage_": 0.67, "lat": 42.2690247386369, "lon": -71.1647795361236, "Mapped_address": "Keystone St, Boston, MA 02132, USA", "FID": 534}}, {"type": "Feature", "id": 535, "geometry": {"type": "Point", "coordinates": [-71.1627598264977, 42.2849572957194]}, "properties": {"Line": 212, "Company": "Boston Gas", "Division": "Boston-Rvm", "Town": "West Roxbury", "Town_Code": "WRO", "State": "MA", "Description__street_segment_": "458-644 LAGRANGE ST, WRO, BERTSON, BURARD, BARCLAY", "Diameter": 10, "Material": "Cast Iron", "Operating_Pressure": "LP", "NPA_Opportunity": "No - Impact to System Integration", "LPP_Footage": 5290, "LPP_Mileage_": 1, "lat": 42.2849572957194, "lon": -71.1627598264977, "Mapped_address": "551 Lagrange St, Boston, MA 02132, USA", "FID": 535}}, {"type": "Feature", "id": 536, "geometry": {"type": "Point", "coordinates": [-71.1744600038107, 42.2917086430427]}, "properties": {"Line": 213, "Company": "Boston Gas", "Division": "Boston-Rvm", "Town": "West Roxbury", "Town_Code": "WRO", "State": "MA", "Description__street_segment_": "583-778 BAKER ST, WRO, TO NEW/WRO LINE", "Diameter": 12, "Material": "Steel-WI", "Operating_Pressure": "22", "NPA_Opportunity": "No - Critical Main", "LPP_Footage": 2600, "LPP_Mileage_": 0.49, "lat": 42.2917086430427, "lon": -71.1744600038107, "Mapped_address": "680 Baker St, Boston, MA 02132, USA", "FID": 536}}, {"type": "Feature", "id": 537, "geometry": {"type": "Point", "coordinates": [-71.159986868126, 42.2782484608958]}, "properties": {"Line": 213, "Company": "Boston Gas", "Division": "Boston-Rvm", "Town": "West Roxbury", "Town_Code": "WRO", "State": "MA", "Description__street_segment_": "583-778 BAKER ST, WRO, TO NEW/WRO LINE", "Diameter": 12, "Material": "Steel-WI", "Operating_Pressure": "22", "NPA_Opportunity": "No - Critical Main", "LPP_Footage": 2600, "LPP_Mileage_": 0.49, "lat": 42.2782484608958, "lon": -71.159986868126, "Mapped_address": "West Roxbury, Boston, MA, USA", "FID": 537}}, {"type": "Feature", "id": 538, "geometry": {"type": "Point", "coordinates": [-71.1557294379004, 42.2866921863763]}, "properties": {"Line": 214, "Company": "Boston Gas", "Division": "Boston-Rvm", "Town": "West Roxbury", "Town_Code": "WRO", "State": "MA", "Description__street_segment_": "71-125 COREY ST, WRO, & HENSHAW TER", "Diameter": 6, "Material": "Cast Iron", "Operating_Pressure": "LP to 22", "NPA_Opportunity": "Yes - Potential NPA, partial scope", "LPP_Footage": 1250, "LPP_Mileage_": 0.24, "lat": 42.2866921863763, "lon": -71.1557294379004, "Mapped_address": "Henshaw Terrace, Boston, MA 02132, USA", "FID": 538}}, {"type": "Feature", "id": 539, "geometry": {"type": "Point", "coordinates": [-71.168705758317, 42.284308790468]}, "properties": {"Line": 215, "Company": "Boston Gas", "Division": "Boston-Rvm", "Town": "West Roxbury", "Town_Code": "WRO", "State": "MA", "Description__street_segment_": "7-137 SANBORN AV, WRO, 5-29 VARRICK RD& WELLAND", "Diameter": 6, "Material": "Cast Iron", "Operating_Pressure": "LP to 22", "NPA_Opportunity": "No - Critical Main", "LPP_Footage": 5035, "LPP_Mileage_": 0.95, "lat": 42.284308790468, "lon": -71.168705758317, "Mapped_address": "17 Varick Rd, Boston, MA 02132, USA", "FID": 539}}, {"type": "Feature", "id": 540, "geometry": {"type": "Point", "coordinates": [-71.1655547458411, 42.2816595721673]}, "properties": {"Line": 215, "Company": "Boston Gas", "Division": "Boston-Rvm", "Town": "West Roxbury", "Town_Code": "WRO", "State": "MA", "Description__street_segment_": "7-137 SANBORN AV, WRO, 5-29 VARRICK RD& WELLAND", "Diameter": 6, "Material": "Cast Iron", "Operating_Pressure": "LP to 22", "NPA_Opportunity": "No - Critical Main", "LPP_Footage": 5035, "LPP_Mileage_": 0.95, "lat": 42.2816595721673, "lon": -71.1655547458411, "Mapped_address": "72 Sanborn Ave, Boston, MA 02132, USA", "FID": 540}}, {"type": "Feature", "id": 541, "geometry": {"type": "Point", "coordinates": [-71.1519541081268, 42.2781298463936]}, "properties": {"Line": 216, "Company": "Boston Gas", "Division": "Boston-Rvm", "Town": "West Roxbury", "Town_Code": "WRO", "State": "MA", "Description__street_segment_": "8-50 HOWITT RD, WRO, EMMONSDALE,REDGATE,TENNYS", "Diameter": 6, "Material": "Cast Iron", "Operating_Pressure": "LP", "NPA_Opportunity": "No - Impact to System Integration", "LPP_Footage": 3750, "LPP_Mileage_": 0.71, "lat": 42.2781298463936, "lon": -71.1519541081268, "Mapped_address": "29 Howitt Rd, Boston, MA 02132, USA", "FID": 541}}, {"type": "Feature", "id": 542, "geometry": {"type": "Point", "coordinates": [-71.1708613388949, 42.2716907186563]}, "properties": {"Line": 217, "Company": "Boston Gas", "Division": "Boston-Rvm", "Town": "West Roxbury", "Town_Code": "WRO", "State": "MA", "Description__street_segment_": "9-45 BILLINGS ST, WRO, & 3-7 BARTLETT AV", "Diameter": 4, "Material": "Cast Iron", "Operating_Pressure": "LP to 22", "NPA_Opportunity": "Yes - Potential NPA, partial scope", "LPP_Footage": 745, "LPP_Mileage_": 0.14, "lat": 42.2716907186563, "lon": -71.1708613388949, "Mapped_address": "27 Billings St, Boston, MA 02132, USA", "FID": 542}}, {"type": "Feature", "id": 543, "geometry": {"type": "Point", "coordinates": [-71.1700869101369, 42.271590668575]}, "properties": {"Line": 217, "Company": "Boston Gas", "Division": "Boston-Rvm", "Town": "West Roxbury", "Town_Code": "WRO", "State": "MA", "Description__street_segment_": "9-45 BILLINGS ST, WRO, & 3-7 BARTLETT AV", "Diameter": 4, "Material": "Cast Iron", "Operating_Pressure": "LP to 22", "NPA_Opportunity": "Yes - Potential NPA, partial scope", "LPP_Footage": 745, "LPP_Mileage_": 0.14, "lat": 42.271590668575, "lon": -71.1700869101369, "Mapped_address": "5 Bartlett Ave, Boston, MA 02132, USA", "FID": 543}}, {"type": "Feature", "id": 544, "geometry": {"type": "Point", "coordinates": [-70.9372351184499, 42.0803794691565]}, "properties": {"Line": 220, "Company": "Boston Gas", "Division": "Braintree", "Town": "Abington", "Town_Code": "ABI", "State": "MA", "Description__street_segment_": "493-639 WASHINGTON ST, ABI", "Diameter": 4, "Material": "Steel-WI", "Operating_Pressure": "60", "NPA_Opportunity": "No - Critical Main", "LPP_Footage": 1460, "LPP_Mileage_": 0.28, "lat": 42.0803794691565, "lon": -70.9372351184499, "Mapped_address": "566 Washington St, Whitman, MA 02382, USA", "FID": 544}}, {"type": "Feature", "id": 545, "geometry": {"type": "Point", "coordinates": [-70.8485406831646, 42.2529127544516]}, "properties": {"Line": 236, "Company": "Boston Gas", "Division": "Braintree", "Town": "Hingham", "Town_Code": "HIN", "State": "MA", "Description__street_segment_": "8-203 HULL ST, HIN, & 275-283 CEDAR ST", "Diameter": 6, "Material": "Steel-WI", "Operating_Pressure": "60", "NPA_Opportunity": "Yes - Potential NPA, partial scope", "LPP_Footage": 5795, "LPP_Mileage_": 1.1, "lat": 42.2529127544516, "lon": -70.8485406831646, "Mapped_address": "105 Hull St, Cohasset, MA 02025, USA", "FID": 545}}, {"type": "Feature", "id": 546, "geometry": {"type": "Point", "coordinates": [-71.073392051041, 42.3856685914846]}, "properties": {"Line": 337, "Company": "Boston Gas", "Division": "Malden", "Town": "Charlestown", "Town_Code": "CHA", "State": "MA", "Description__street_segment_": "1-62 ALFORD ST, CHA", "Diameter": 12, "Material": "Cast Iron", "Operating_Pressure": "LP", "NPA_Opportunity": "Yes - Potential NPA, partial scope", "LPP_Footage": 820, "LPP_Mileage_": 0.16, "lat": 42.3856685914846, "lon": -71.073392051041, "Mapped_address": "31 Alford St, Boston, MA 02129, USA", "FID": 546}}, {"type": "Feature", "id": 547, "geometry": {"type": "Point", "coordinates": [-71.0362003309173, 42.4038461062087]}, "properties": {"Line": 340, "Company": "Boston Gas", "Division": "Malden", "Town": "Chelsea", "Town_Code": "CHE", "State": "MA", "Description__street_segment_": "170-220 REVERE BEACH PKWY, CHE, 331-350 WASHINTON,", "Diameter": 6, "Material": "Cast Iron", "Operating_Pressure": "LP", "NPA_Opportunity": "No - Impact to System Integration", "LPP_Footage": 1570, "LPP_Mileage_": 0.3, "lat": 42.4038461062087, "lon": -71.0362003309173, "Mapped_address": "340 Washington Ave, Chelsea, MA, USA", "FID": 547}}, {"type": "Feature", "id": 548, "geometry": {"type": "Point", "coordinates": [-71.0361158063257, 42.3764496838763]}, "properties": {"Line": 345, "Company": "Boston Gas", "Division": "Malden", "Town": "East Boston", "Town_Code": "EBO", "State": "MA", "Description__street_segment_": "124-168 MARION ST, EBO", "Diameter": 4, "Material": "Cast Iron", "Operating_Pressure": "LP", "NPA_Opportunity": "No - Impact to System Integration", "LPP_Footage": 370, "LPP_Mileage_": 0.07, "lat": 42.3764496838763, "lon": -71.0361158063257, "Mapped_address": "146 Marion St, Boston, MA 02128, USA", "FID": 548}}, {"type": "Feature", "id": 549, "geometry": {"type": "Point", "coordinates": [-71.0342674494006, 42.3737864558321]}, "properties": {"Line": 346, "Company": "Boston Gas", "Division": "Malden", "Town": "East Boston", "Town_Code": "EBO", "State": "MA", "Description__street_segment_": "132-193 CHELSEA ST, EBO, & 166-226 PARIS ST", "Diameter": 12, "Material": "Cast Iron", "Operating_Pressure": "LP", "NPA_Opportunity": "Yes - Potential NPA, partial scope", "LPP_Footage": 1540, "LPP_Mileage_": 0.29, "lat": 42.3737864558321, "lon": -71.0342674494006, "Mapped_address": "162 Chelsea St, Boston, MA 02128, USA", "FID": 549}}, {"type": "Feature", "id": 550, "geometry": {"type": "Point", "coordinates": [-71.0352009608999, 42.3744946630799]}, "properties": {"Line": 346, "Company": "Boston Gas", "Division": "Malden", "Town": "East Boston", "Town_Code": "EBO", "State": "MA", "Description__street_segment_": "132-193 CHELSEA ST, EBO, & 166-226 PARIS ST", "Diameter": 12, "Material": "Cast Iron", "Operating_Pressure": "LP", "NPA_Opportunity": "Yes - Potential NPA, partial scope", "LPP_Footage": 1540, "LPP_Mileage_": 0.29, "lat": 42.3744946630799, "lon": -71.0352009608999, "Mapped_address": "196 Paris St, Boston, MA 02128, USA", "FID": 550}}, {"type": "Feature", "id": 551, "geometry": {"type": "Point", "coordinates": [-71.0337542509811, 42.3691452230262]}, "properties": {"Line": 347, "Company": "Boston Gas", "Division": "Malden", "Town": "East Boston", "Town_Code": "EBO", "State": "MA", "Description__street_segment_": "150-170 COTTAGE ST, EBO, 115-168 GOVE ST", "Diameter": 3, "Material": "Steel-WI", "Operating_Pressure": "LP", "NPA_Opportunity": "Yes - Potential NPA, partial scope", "LPP_Footage": 805, "LPP_Mileage_": 0.15, "lat": 42.3691452230262, "lon": -71.0337542509811, "Mapped_address": "141 Gove St, Boston, MA 02128, USA", "FID": 551}}, {"type": "Feature", "id": 552, "geometry": {"type": "Point", "coordinates": [-71.0329301451866, 42.3698402175678]}, "properties": {"Line": 347, "Company": "Boston Gas", "Division": "Malden", "Town": "East Boston", "Town_Code": "EBO", "State": "MA", "Description__street_segment_": "150-170 COTTAGE ST, EBO, 115-168 GOVE ST", "Diameter": 3, "Material": "Steel-WI", "Operating_Pressure": "LP", "NPA_Opportunity": "Yes - Potential NPA, partial scope", "LPP_Footage": 805, "LPP_Mileage_": 0.15, "lat": 42.3698402175678, "lon": -71.0329301451866, "Mapped_address": "160 Cottage St, Boston, MA 02128, USA", "FID": 552}}, {"type": "Feature", "id": 553, "geometry": {"type": "Point", "coordinates": [-71.0349001573584, 42.3725735467126]}, "properties": {"Line": 348, "Company": "Boston Gas", "Division": "Malden", "Town": "East Boston", "Town_Code": "EBO", "State": "MA", "Description__street_segment_": "162-348 BREMEN ST, EBO, 119-155 PORTER ST", "Diameter": 12, "Material": "Cast Iron", "Operating_Pressure": "22", "NPA_Opportunity": "No - Critical Main", "LPP_Footage": 2800, "LPP_Mileage_": 0.53, "lat": 42.3725735467126, "lon": -71.0349001573584, "Mapped_address": "137 Porter St, Boston, MA 02128, USA", "FID": 553}}, {"type": "Feature", "id": 554, "geometry": {"type": "Point", "coordinates": [-71.0316883026003, 42.3750864016394]}, "properties": {"Line": 348, "Company": "Boston Gas", "Division": "Malden", "Town": "East Boston", "Town_Code": "EBO", "State": "MA", "Description__street_segment_": "162-348 BREMEN ST, EBO, 119-155 PORTER ST", "Diameter": 12, "Material": "Cast Iron", "Operating_Pressure": "22", "NPA_Opportunity": "No - Critical Main", "LPP_Footage": 2800, "LPP_Mileage_": 0.53, "lat": 42.3750864016394, "lon": -71.0316883026003, "Mapped_address": "255 Bremen St, Boston, MA 02128, USA", "FID": 554}}, {"type": "Feature", "id": 555, "geometry": {"type": "Point", "coordinates": [-71.038592, 42.3708089]}, "properties": {"Line": 349, "Company": "Boston Gas", "Division": "Malden", "Town": "East Boston", "Town_Code": "EBO", "State": "MA", "Description__street_segment_": "2-132 CHELSEA ST, EBO, 1-13 EMMONS, 1-4 ELBOW ST", "Diameter": 12, "Material": "Cast Iron", "Operating_Pressure": "LP", "NPA_Opportunity": "No - Impact to System Integration", "LPP_Footage": 2920, "LPP_Mileage_": 0.55, "lat": 42.3708089, "lon": -71.038592, "Mapped_address": "2 Elbow St, Boston, MA 02128, USA", "FID": 555}}, {"type": "Feature", "id": 556, "geometry": {"type": "Point", "coordinates": [-71.0380951989636, 42.3709725538774]}, "properties": {"Line": 349, "Company": "Boston Gas", "Division": "Malden", "Town": "East Boston", "Town_Code": "EBO", "State": "MA", "Description__street_segment_": "2-132 CHELSEA ST, EBO, 1-13 EMMONS, 1-4 ELBOW ST", "Diameter": 12, "Material": "Cast Iron", "Operating_Pressure": "LP", "NPA_Opportunity": "No - Impact to System Integration", "LPP_Footage": 2920, "LPP_Mileage_": 0.55, "lat": 42.3709725538774, "lon": -71.0380951989636, "Mapped_address": "7 Emmons St, Boston, MA 02128, USA", "FID": 556}}, {"type": "Feature", "id": 557, "geometry": {"type": "Point", "coordinates": [-71.0300668916715, 42.3774014651559]}, "properties": {"Line": 350, "Company": "Boston Gas", "Division": "Malden", "Town": "East Boston", "Town_Code": "EBO", "State": "MA", "Description__street_segment_": "299-358 CHELSEA ST, EBO, 89-98 PRESCOTT ST", "Diameter": 12, "Material": "Cast Iron", "Operating_Pressure": "LP", "NPA_Opportunity": "Yes - Potential NPA, partial scope", "LPP_Footage": 595, "LPP_Mileage_": 0.11, "lat": 42.3774014651559, "lon": -71.0300668916715, "Mapped_address": "328 Chelsea St, Boston, MA 02128, USA", "FID": 557}}, {"type": "Feature", "id": 558, "geometry": {"type": "Point", "coordinates": [-71.0288172613072, 42.3779298423989]}, "properties": {"Line": 350, "Company": "Boston Gas", "Division": "Malden", "Town": "East Boston", "Town_Code": "EBO", "State": "MA", "Description__street_segment_": "299-358 CHELSEA ST, EBO, 89-98 PRESCOTT ST", "Diameter": 12, "Material": "Cast Iron", "Operating_Pressure": "LP", "NPA_Opportunity": "Yes - Potential NPA, partial scope", "LPP_Footage": 595, "LPP_Mileage_": 0.11, "lat": 42.3779298423989, "lon": -71.0288172613072, "Mapped_address": "93 Prescott St, Boston, MA 02128, USA", "FID": 558}}, {"type": "Feature", "id": 559, "geometry": {"type": "Point", "coordinates": [-71.0168556684629, 42.3847964902906]}, "properties": {"Line": 351, "Company": "Boston Gas", "Division": "Malden", "Town": "East Boston", "Town_Code": "EBO", "State": "MA", "Description__street_segment_": "33-96 WORDSWORTH ST, EBO", "Diameter": 4, "Material": "Cast Iron", "Operating_Pressure": "LP", "NPA_Opportunity": "Yes - Potential NPA, entire scope", "LPP_Footage": 725, "LPP_Mileage_": 0.14, "lat": 42.3847964902906, "lon": -71.0168556684629, "Mapped_address": "64 Wordsworth St, Boston, MA 02128, USA", "FID": 559}}, {"type": "Feature", "id": 560, "geometry": {"type": "Point", "coordinates": [-71.0193314731329, 42.3839118095149]}, "properties": {"Line": 352, "Company": "Boston Gas", "Division": "Malden", "Town": "East Boston", "Town_Code": "EBO", "State": "MA", "Description__street_segment_": "3-55 CHAUCER ST, EBO, & 1-42 MOORE ST", "Diameter": 4, "Material": "Cast Iron", "Operating_Pressure": "LP", "NPA_Opportunity": "Yes - Potential NPA, partial scope", "LPP_Footage": 1210, "LPP_Mileage_": 0.23, "lat": 42.3839118095149, "lon": -71.0193314731329, "Mapped_address": "21 Moore St, Boston, MA 02128, USA", "FID": 560}}, {"type": "Feature", "id": 561, "geometry": {"type": "Point", "coordinates": [-71.020574258331, 42.3832712643801]}, "properties": {"Line": 352, "Company": "Boston Gas", "Division": "Malden", "Town": "East Boston", "Town_Code": "EBO", "State": "MA", "Description__street_segment_": "3-55 CHAUCER ST, EBO, & 1-42 MOORE ST", "Diameter": 4, "Material": "Cast Iron", "Operating_Pressure": "LP", "NPA_Opportunity": "Yes - Potential NPA, partial scope", "LPP_Footage": 1210, "LPP_Mileage_": 0.23, "lat": 42.3832712643801, "lon": -71.020574258331, "Mapped_address": "29 Chaucer St, Boston, MA 02128, USA", "FID": 561}}, {"type": "Feature", "id": 562, "geometry": {"type": "Point", "coordinates": [-71.0151348, 42.3838995]}, "properties": {"Line": 353, "Company": "Boston Gas", "Division": "Malden", "Town": "East Boston", "Town_Code": "EBO", "State": "MA", "Description__street_segment_": "490-669 BENNINGTON ST, EBO, CURTIS,WORDSWORTH ST", "Diameter": 10, "Material": "Cast Iron", "Operating_Pressure": "LP", "NPA_Opportunity": "No - Critical Main", "LPP_Footage": 2820, "LPP_Mileage_": 0.53, "lat": 42.3838995, "lon": -71.0151348, "Mapped_address": "Wordsworth St, Boston, MA 02128, USA", "FID": 562}}, {"type": "Feature", "id": 563, "geometry": {"type": "Point", "coordinates": [-71.0161418695459, 42.3832482111271]}, "properties": {"Line": 354, "Company": "Boston Gas", "Division": "Malden", "Town": "East Boston", "Town_Code": "EBO", "State": "MA", "Description__street_segment_": "57-97 HORACE ST, EBO, HOMER ST, BYRON ST", "Diameter": 4, "Material": "Cast Iron", "Operating_Pressure": "LP", "NPA_Opportunity": "No - Impact to System Integration", "LPP_Footage": 1920, "LPP_Mileage_": 0.36, "lat": 42.3832482111271, "lon": -71.0161418695459, "Mapped_address": "Byron St, Boston, MA 02128, USA", "FID": 563}}, {"type": "Feature", "id": 564, "geometry": {"type": "Point", "coordinates": [-71.0153912, 42.3821325]}, "properties": {"Line": 354, "Company": "Boston Gas", "Division": "Malden", "Town": "East Boston", "Town_Code": "EBO", "State": "MA", "Description__street_segment_": "57-97 HORACE ST, EBO, HOMER ST, BYRON ST", "Diameter": 4, "Material": "Cast Iron", "Operating_Pressure": "LP", "NPA_Opportunity": "No - Impact to System Integration", "LPP_Footage": 1920, "LPP_Mileage_": 0.36, "lat": 42.3821325, "lon": -71.0153912, "Mapped_address": "Homer St, Boston, MA 02128, USA", "FID": 564}}, {"type": "Feature", "id": 565, "geometry": {"type": "Point", "coordinates": [-71.0945173611046, 42.5083040300167]}, "properties": {"Line": 421, "Company": "Boston Gas", "Division": "Malden", "Town": "Reading", "Town_Code": "RDG", "State": "MA", "Description__street_segment_": "52-149 SUMMER AV, RDG, HANCOCK,MINERAL,GRANT ST", "Diameter": 6, "Material": "Cast Iron", "Operating_Pressure": "LP to 60", "NPA_Opportunity": "Yes - Potential NPA, partial scope", "LPP_Footage": 3770, "LPP_Mileage_": 0.71, "lat": 42.5083040300167, "lon": -71.0945173611046, "Mapped_address": "100 Summer Ave, Wakefield, MA 01880, USA", "FID": 565}}, {"type": "Feature", "id": 566, "geometry": {"type": "Point", "coordinates": [-71.018572675745, 42.4029999588694]}, "properties": {"Line": 434, "Company": "Boston Gas", "Division": "Malden", "Town": "Revere", "Town_Code": "REV", "State": "MA", "Description__street_segment_": "977-1081 BROADWAY, REV, FERRAGAMO WY", "Diameter": 8, "Material": "Cast Iron", "Operating_Pressure": "LP to 25", "NPA_Opportunity": "Yes - Potential NPA, entire scope", "LPP_Footage": 1070, "LPP_Mileage_": 0.2, "lat": 42.4029999588694, "lon": -71.018572675745, "Mapped_address": "1029 Broadway, Chelsea, MA 02150, USA", "FID": 566}}, {"type": "Feature", "id": 567, "geometry": {"type": "Point", "coordinates": [-71.2011353868027, 42.4157755761592]}, "properties": {"Line": 474, "Company": "Boston Gas", "Division": "Waltham", "Town": "Arlington", "Town_Code": "ARL", "State": "MA", "Description__street_segment_": "10-48 GOLDEN AV, ARL", "Diameter": 6, "Material": "Cast Iron", "Operating_Pressure": "LP to 25", "NPA_Opportunity": "Yes - Potential NPA", "LPP_Footage": 1545, "LPP_Mileage_": 0.29, "lat": 42.4157755761592, "lon": -71.2011353868027, "Mapped_address": "29 Golden Ave, Lexington, MA 02421, USA", "FID": 567}}, {"type": "Feature", "id": 568, "geometry": {"type": "Point", "coordinates": [-71.2503012355688, 42.3504053305953]}, "properties": {"Line": 536, "Company": "Boston Gas", "Division": "Waltham", "Town": "Newton", "Town_Code": "NEW", "State": "MA", "Description__street_segment_": "1-35 OWATONNA ST, NEW, KAPOSIA ST", "Diameter": 6, "Material": "Cast Iron", "Operating_Pressure": "LP", "NPA_Opportunity": "Yes - Potential NPA", "LPP_Footage": 3515, "LPP_Mileage_": 0.67, "lat": 42.3504053305953, "lon": -71.2503012355688, "Mapped_address": "18 Owatonna St, Auburndale, MA 02466, USA", "FID": 568}}, {"type": "Feature", "id": 569, "geometry": {"type": "Point", "coordinates": [-71.2435944312019, 42.3455432986593]}, "properties": {"Line": 538, "Company": "Boston Gas", "Division": "Waltham", "Town": "Newton", "Town_Code": "NEW", "State": "MA", "Description__street_segment_": "150-257 AUBURN ST, NEW, CENTRAL ST", "Diameter": 8, "Material": "Cast Iron", "Operating_Pressure": "LP", "NPA_Opportunity": "No - Impact to System Integration", "LPP_Footage": 2370, "LPP_Mileage_": 0.45, "lat": 42.3455432986593, "lon": -71.2435944312019, "Mapped_address": "203 Auburn St, Auburndale, MA 02466, USA", "FID": 569}}, {"type": "Feature", "id": 570, "geometry": {"type": "Point", "coordinates": [-71.1796512668622, 42.3223683451105]}, "properties": {"Line": 539, "Company": "Boston Gas", "Division": "Waltham", "Town": "Newton", "Town_Code": "NEW", "State": "MA", "Description__street_segment_": "15-56 MOODY ST, NEW, & 250 HAMMOND POND PKWY", "Diameter": 4, "Material": "Steel-WI", "Operating_Pressure": "22", "NPA_Opportunity": "Yes - Potential NPA, entire scope", "LPP_Footage": 780, "LPP_Mileage_": 0.15, "lat": 42.3223683451105, "lon": -71.1796512668622, "Mapped_address": "250 Hammond Pond Pkwy, Chestnut Hill, MA 02467, USA", "FID": 570}}, {"type": "Feature", "id": 571, "geometry": {"type": "Point", "coordinates": [-71.1785432508986, 42.3207168482619]}, "properties": {"Line": 539, "Company": "Boston Gas", "Division": "Waltham", "Town": "Newton", "Town_Code": "NEW", "State": "MA", "Description__street_segment_": "15-56 MOODY ST, NEW, & 250 HAMMOND POND PKWY", "Diameter": 4, "Material": "Steel-WI", "Operating_Pressure": "22", "NPA_Opportunity": "Yes - Potential NPA, entire scope", "LPP_Footage": 780, "LPP_Mileage_": 0.15, "lat": 42.3207168482619, "lon": -71.1785432508986, "Mapped_address": "35 Moody St, Chestnut Hill, MA 02467, USA", "FID": 571}}, {"type": "Feature", "id": 572, "geometry": {"type": "Point", "coordinates": [-71.1676850336277, 42.3243809634143]}, "properties": {"Line": 549, "Company": "Boston Gas", "Division": "Waltham", "Town": "Newton", "Town_Code": "NEW", "State": "MA", "Description__street_segment_": "240-450 HAMMOND ST, NEW, RESERVOIR AV, WOODMAN RD", "Diameter": 8, "Material": "Cast Iron", "Operating_Pressure": "LP", "NPA_Opportunity": "No - Impact to System Integration", "LPP_Footage": 3000, "LPP_Mileage_": 0.57, "lat": 42.3243809634143, "lon": -71.1676850336277, "Mapped_address": "345 Hammond St, Chestnut Hill, MA 02467, USA", "FID": 572}}, {"type": "Feature", "id": 573, "geometry": {"type": "Point", "coordinates": [-71.2545479907072, 42.341209487681]}, "properties": {"Line": 551, "Company": "Boston Gas", "Division": "Waltham", "Town": "Newton", "Town_Code": "NEW", "State": "MA", "Description__street_segment_": "347-407 CENTRAL ST, NEW", "Diameter": 6, "Material": "Cast Iron", "Operating_Pressure": "LP", "NPA_Opportunity": "Yes - Potential NPA, partial scope", "LPP_Footage": 730, "LPP_Mileage_": 0.14, "lat": 42.341209487681, "lon": -71.2545479907072, "Mapped_address": "377 Central St, Auburndale, MA 02466, USA", "FID": 573}}, {"type": "Feature", "id": 574, "geometry": {"type": "Point", "coordinates": [-71.2303123351263, 42.3307826883954]}, "properties": {"Line": 555, "Company": "Boston Gas", "Division": "Waltham", "Town": "Newton", "Town_Code": "NEW", "State": "MA", "Description__street_segment_": "4-248 WINDSOR RD, NEW", "Diameter": 8, "Material": "Cast Iron", "Operating_Pressure": "LP", "NPA_Opportunity": "Yes - Potential NPA", "LPP_Footage": 4045, "LPP_Mileage_": 0.77, "lat": 42.3307826883954, "lon": -71.2303123351263, "Mapped_address": "126 Windsor Rd, Waban, MA 02468, USA", "FID": 574}}, {"type": "Feature", "id": 575, "geometry": {"type": "Point", "coordinates": [-71.1678845748902, 42.3334170488925]}, "properties": {"Line": 565, "Company": "Boston Gas", "Division": "Waltham", "Town": "Newton", "Town_Code": "NEW", "State": "MA", "Description__street_segment_": "96-342 BEACON ST, NEW", "Diameter": 12, "Material": "Cast Iron", "Operating_Pressure": "22", "NPA_Opportunity": "No - Critical Main", "LPP_Footage": 3015, "LPP_Mileage_": 0.57, "lat": 42.3334170488925, "lon": -71.1678845748902, "Mapped_address": "219 Beacon St, Chestnut Hill, MA 02467, USA", "FID": 575}}, {"type": "Feature", "id": 576, "geometry": {"type": "Point", "coordinates": [-71.0641855610808, 42.2647235051854]}, "properties": {"Line": 241, "Company": "Boston Gas", "Division": "Braintree", "Town": "Milton", "Town_Code": "MIL", "State": "MA", "Description__street_segment_": "182-263 ADAMS ST, MIL", "Diameter": 12, "Material": "Cast Iron", "Operating_Pressure": "LP", "NPA_Opportunity": "No - Critical Main", "LPP_Footage": 1980, "LPP_Mileage_": 0.38, "lat": 42.2647235051854, "lon": -71.0641855610808, "Mapped_address": "222 Adams St, Milton, MA 02186, USA", "FID": 576}}, {"type": "Feature", "id": 577, "geometry": {"type": "Point", "coordinates": [-71.2439688462652, 42.3345037367709]}, "properties": {"Line": 543, "Company": "Boston Gas", "Division": "Waltham", "Town": "Newton", "Town_Code": "NEW", "State": "MA", "Description__street_segment_": "1750-1940 WASHINGTON ST, NEW, SETON HILL RD", "Diameter": 10, "Material": "Cast Iron", "Operating_Pressure": "LP to 22", "NPA_Opportunity": "Yes - Potential NPA, partial scope", "LPP_Footage": 4815, "LPP_Mileage_": 0.91, "lat": 42.3345037367709, "lon": -71.2439688462652, "Mapped_address": "1845 Washington St, Auburndale, MA 02466, USA", "FID": 577}}, {"type": "Feature", "id": 578, "geometry": {"type": "Point", "coordinates": [-71.0671794719145, 42.3498728418514]}, "properties": {"Line": 84, "Company": "Boston Gas", "Division": "Boston-Cpt", "Town": "Boston", "Town_Code": "BOS", "State": "MA", "Description__street_segment_": "2-21 WINCHESTER ST, BOS, BROADWAY ST & S CEDAR PL", "Diameter": 4, "Material": "Cast Iron", "Operating_Pressure": "LP", "NPA_Opportunity": "No - Impact to System Integration", "LPP_Footage": 585, "LPP_Mileage_": 0.11, "lat": 42.3498728418514, "lon": -71.0671794719145, "Mapped_address": "BROADWAY ST , Boston, MA, USA", "FID": 578}}, {"type": "Feature", "id": 579, "geometry": {"type": "Point", "coordinates": [-70.9428916, 42.4709128]}, "properties": {"Line": 11, "Company": "Boston Gas", "Division": "Beverly", "Town": "Lynn", "Town_Code": "LNN", "State": "MA", "Description__street_segment_": "1-18 ROCKLAND ST, LNN, BROWNVILLE AV, RIDGEWAY", "Diameter": 4, "Material": "Cast Iron", "Operating_Pressure": "LP", "NPA_Opportunity": "No - Impact to System Integration", "LPP_Footage": 900, "LPP_Mileage_": 0.17, "lat": 42.4709128, "lon": -70.9428916, "Mapped_address": "Ridgeway St, Lynn, MA 01902, USA", "FID": 579}}, {"type": "Feature", "id": 580, "geometry": {"type": "Point", "coordinates": [-70.9768853, 42.5044511]}, "properties": {"Line": 13, "Company": "Boston Gas", "Division": "Beverly", "Town": "Lynn", "Town_Code": "LNN", "State": "MA", "Description__street_segment_": "2-124 HARRIS RD, LNN, & CEDAR BROOK RD, COLMER", "Diameter": 2, "Material": "Steel-WI", "Operating_Pressure": "60", "NPA_Opportunity": "No - Impact to System Integration", "LPP_Footage": 4705, "LPP_Mileage_": 0.89, "lat": 42.5044511, "lon": -70.9768853, "Mapped_address": "Colmer Rd, Lynn, MA 01904, USA", "FID": 580}}, {"type": "Feature", "id": 581, "geometry": {"type": "Point", "coordinates": [-70.9592834, 42.4579297]}, "properties": {"Line": 31, "Company": "Boston Gas", "Division": "Beverly", "Town": "Lynn", "Town_Code": "LNN", "State": "MA", "Description__street_segment_": "8-103 WARREN ST, LNN, COMMERCIAL,GEORGE,VINE ST", "Diameter": 4, "Material": "Cast Iron", "Operating_Pressure": "LP", "NPA_Opportunity": "Yes - Potential NPA", "LPP_Footage": 4415, "LPP_Mileage_": 0.84, "lat": 42.4579297, "lon": -70.9592834, "Mapped_address": "Commercial St, Lynn, MA 01905, USA", "FID": 581}}, {"type": "Feature", "id": 582, "geometry": {"type": "Point", "coordinates": [-70.9601042, 42.4612882]}, "properties": {"Line": 31, "Company": "Boston Gas", "Division": "Beverly", "Town": "Lynn", "Town_Code": "LNN", "State": "MA", "Description__street_segment_": "8-103 WARREN ST, LNN, COMMERCIAL,GEORGE,VINE ST", "Diameter": 4, "Material": "Cast Iron", "Operating_Pressure": "LP", "NPA_Opportunity": "Yes - Potential NPA", "LPP_Footage": 4415, "LPP_Mileage_": 0.84, "lat": 42.4612882, "lon": -70.9601042, "Mapped_address": "George St, Lynn, MA 01905, USA", "FID": 582}}, {"type": "Feature", "id": 583, "geometry": {"type": "Point", "coordinates": [-70.9650625, 42.4700695]}, "properties": {"Line": 35, "Company": "Boston Gas", "Division": "Beverly", "Town": "Lynn", "Town_Code": "LNN", "State": "MA", "Description__street_segment_": "8-63 LINWOOD RD, LNN, MOULTON,AMORY,SALEM ST", "Diameter": 4, "Material": "Cast Iron", "Operating_Pressure": "LP to 60", "NPA_Opportunity": "Yes - Potential NPA", "LPP_Footage": 2315, "LPP_Mileage_": 0.44, "lat": 42.4700695, "lon": -70.9650625, "Mapped_address": "Amory St, Lynn, MA 01905, USA", "FID": 583}}, {"type": "Feature", "id": 584, "geometry": {"type": "Point", "coordinates": [-70.9657568, 42.4681279]}, "properties": {"Line": 35, "Company": "Boston Gas", "Division": "Beverly", "Town": "Lynn", "Town_Code": "LNN", "State": "MA", "Description__street_segment_": "8-63 LINWOOD RD, LNN, MOULTON,AMORY,SALEM ST", "Diameter": 4, "Material": "Cast Iron", "Operating_Pressure": "LP to 60", "NPA_Opportunity": "Yes - Potential NPA", "LPP_Footage": 2315, "LPP_Mileage_": 0.44, "lat": 42.4681279, "lon": -70.9657568, "Mapped_address": "Moulton St, Lynn, MA 01905, USA", "FID": 584}}, {"type": "Feature", "id": 585, "geometry": {"type": "Point", "coordinates": [-70.9663995, 42.4737263]}, "properties": {"Line": 37, "Company": "Boston Gas", "Division": "Beverly", "Town": "Lynn", "Town_Code": "LNN", "State": "MA", "Description__street_segment_": "93-146 PINE GROVE AVE, LNN,HILL CREST AV & TAPLEY", "Diameter": 6, "Material": "Cast Iron", "Operating_Pressure": "LP", "NPA_Opportunity": "Yes - Potential NPA", "LPP_Footage": 1230, "LPP_Mileage_": 0.23, "lat": 42.4737263, "lon": -70.9663995, "Mapped_address": "Tapley St, Lynn, MA 01904, USA", "FID": 585}}, {"type": "Feature", "id": 586, "geometry": {"type": "Point", "coordinates": [-70.9250396, 42.516257]}, "properties": {"Line": 54, "Company": "Boston Gas", "Division": "Beverly", "Town": "Peabody", "Town_Code": "PEA", "State": "MA", "Description__street_segment_": "1-34 BAY STATE BLVD, PEA, BEACONBD,LEXINGTON,ABERD", "Diameter": 4, "Material": "Cast Iron", "Operating_Pressure": "LP to 60", "NPA_Opportunity": "Yes - Potential NPA", "LPP_Footage": 3780, "LPP_Mileage_": 0.72, "lat": 42.516257, "lon": -70.9250396, "Mapped_address": "Aberdeen St, Peabody, MA, USA", "FID": 586}}, {"type": "Feature", "id": 587, "geometry": {"type": "Point", "coordinates": [-70.951983980988, 42.5104343934961]}, "properties": {"Line": 54, "Company": "Boston Gas", "Division": "Beverly", "Town": "Peabody", "Town_Code": "PEA", "State": "MA", "Description__street_segment_": "1-34 BAY STATE BLVD, PEA, BEACONBD,LEXINGTON,ABERD", "Diameter": 4, "Material": "Cast Iron", "Operating_Pressure": "LP to 60", "NPA_Opportunity": "Yes - Potential NPA", "LPP_Footage": 3780, "LPP_Mileage_": 0.72, "lat": 42.5104343934961, "lon": -70.951983980988, "Mapped_address": "Beacon Blvd, Peabody, MA 01960, USA", "FID": 587}}, {"type": "Feature", "id": 588, "geometry": {"type": "Point", "coordinates": [-70.9294711, 42.5329536]}, "properties": {"Line": 55, "Company": "Boston Gas", "Division": "Beverly", "Town": "Peabody", "Town_Code": "PEA", "State": "MA", "Description__street_segment_": "1-7 BUXTON ST, PEA, &BOWDITCH,WATER ST", "Diameter": 4, "Material": "Cast Iron", "Operating_Pressure": "LP", "NPA_Opportunity": "Yes - Potential NPA", "LPP_Footage": 1050, "LPP_Mileage_": 0.2, "lat": 42.5329536, "lon": -70.9294711, "Mapped_address": "Bowditch St, Peabody, MA 01960, USA", "FID": 588}}, {"type": "Feature", "id": 589, "geometry": {"type": "Point", "coordinates": [-71.0285813061428, 42.5492026064896]}, "properties": {"Line": 57, "Company": "Boston Gas", "Division": "Beverly", "Town": "Peabody", "Town_Code": "PEA", "State": "MA", "Description__street_segment_": "1-8 LIVINGSTON DR, PEA, & 45-62 PERLEY AV,ANTIGUA", "Diameter": 4, "Material": "Steel-WI", "Operating_Pressure": "60", "NPA_Opportunity": "Yes - Potential NPA, entire scope", "LPP_Footage": 1715, "LPP_Mileage_": 0.32, "lat": 42.5492026064896, "lon": -71.0285813061428, "Mapped_address": "Antigua Cir, Peabody, MA 01960, USA", "FID": 589}}, {"type": "Feature", "id": 590, "geometry": {"type": "Point", "coordinates": [-70.8890992582252, 42.528857762552]}, "properties": {"Line": 61, "Company": "Boston Gas", "Division": "Beverly", "Town": "Salem", "Town_Code": "SAL", "State": "MA", "Description__street_segment_": "1-36 ARBELLA ST, SAL, BARTON,WARNER,COLLINS ST", "Diameter": 3, "Material": "Cast Iron", "Operating_Pressure": "LP", "NPA_Opportunity": "Yes - Potential NPA", "LPP_Footage": 1875, "LPP_Mileage_": 0.36, "lat": 42.528857762552, "lon": -70.8890992582252, "Mapped_address": "Warner St, Salem, MA 01970, USA", "FID": 590}}, {"type": "Feature", "id": 591, "geometry": {"type": "Point", "coordinates": [-70.8902193, 42.5303428]}, "properties": {"Line": 65, "Company": "Boston Gas", "Division": "Beverly", "Town": "Salem", "Town_Code": "SAL", "State": "MA", "Description__street_segment_": "2-16 SAUNDERS ST, SAL, CONANT, CROSS, PEARL ST", "Diameter": 3, "Material": "Cast Iron", "Operating_Pressure": "LP", "NPA_Opportunity": "Yes - Potential NPA", "LPP_Footage": 1990, "LPP_Mileage_": 0.38, "lat": 42.5303428, "lon": -70.8902193, "Mapped_address": "Conant St, Salem, MA 01970, USA", "FID": 591}}, {"type": "Feature", "id": 592, "geometry": {"type": "Point", "coordinates": [-71.0050887973652, 42.451732300933]}, "properties": {"Line": 69, "Company": "Boston Gas", "Division": "Beverly", "Town": "Saugus", "Town_Code": "SAU", "State": "MA", "Description__street_segment_": "5-50 STONE ST, SAU, BIRCH, DREEME, INTERVALE", "Diameter": 6, "Material": "Cast Iron", "Operating_Pressure": "LP to 60", "NPA_Opportunity": "Yes - Potential NPA, partial scope", "LPP_Footage": 2450, "LPP_Mileage_": 0.46, "lat": 42.451732300933, "lon": -71.0050887973652, "Mapped_address": "Birch St, Saugus, MA 01906, USA", "FID": 592}}, {"type": "Feature", "id": 593, "geometry": {"type": "Point", "coordinates": [-71.0049340798909, 42.4529528431376]}, "properties": {"Line": 69, "Company": "Boston Gas", "Division": "Beverly", "Town": "Saugus", "Town_Code": "SAU", "State": "MA", "Description__street_segment_": "5-50 STONE ST, SAU, BIRCH, DREEME, INTERVALE", "Diameter": 6, "Material": "Cast Iron", "Operating_Pressure": "LP to 60", "NPA_Opportunity": "Yes - Potential NPA, partial scope", "LPP_Footage": 2450, "LPP_Mileage_": 0.46, "lat": 42.4529528431376, "lon": -71.0049340798909, "Mapped_address": "Dreeme St, Saugus, MA 01906, USA", "FID": 593}}, {"type": "Feature", "id": 594, "geometry": {"type": "Point", "coordinates": [-71.0033298, 42.4517769]}, "properties": {"Line": 69, "Company": "Boston Gas", "Division": "Beverly", "Town": "Saugus", "Town_Code": "SAU", "State": "MA", "Description__street_segment_": "5-50 STONE ST, SAU, BIRCH, DREEME, INTERVALE", "Diameter": 6, "Material": "Cast Iron", "Operating_Pressure": "LP to 60", "NPA_Opportunity": "Yes - Potential NPA, partial scope", "LPP_Footage": 2450, "LPP_Mileage_": 0.46, "lat": 42.4517769, "lon": -71.0033298, "Mapped_address": "Intervale Ave, Saugus, MA 01906, USA", "FID": 594}}, {"type": "Feature", "id": 595, "geometry": {"type": "Point", "coordinates": [-70.9882751, 42.4560816]}, "properties": {"Line": 70, "Company": "Boston Gas", "Division": "Beverly", "Town": "Saugus", "Town_Code": "SAU", "State": "MA", "Description__street_segment_": "8-63 WINTER ST, SAU, CHESTNUT,JOHNSON,SPRINGDA", "Diameter": 8, "Material": "Cast Iron", "Operating_Pressure": "LP", "NPA_Opportunity": "Yes - Potential NPA, partial scope", "LPP_Footage": 3515, "LPP_Mileage_": 0.67, "lat": 42.4560816, "lon": -70.9882751, "Mapped_address": "Johnson St, Saugus, MA 01906, USA", "FID": 595}}, {"type": "Feature", "id": 596, "geometry": {"type": "Point", "coordinates": [-70.9144468029961, 42.4801487925987]}, "properties": {"Line": 72, "Company": "Boston Gas", "Division": "Beverly", "Town": "Swampscott", "Town_Code": "SWA", "State": "MA", "Description__street_segment_": "324-443 ESSEX ST, SWA, &DUKE,EASTMAN,BRISTOL", "Diameter": 6, "Material": "Cast Iron", "Operating_Pressure": "LP to 60", "NPA_Opportunity": "Yes - Potential NPA", "LPP_Footage": 5805, "LPP_Mileage_": 1.1, "lat": 42.4801487925987, "lon": -70.9144468029961, "Mapped_address": "Bristol Ave, Swampscott, MA 01907, USA", "FID": 596}}, {"type": "Feature", "id": 597, "geometry": {"type": "Point", "coordinates": [-70.9150084542052, 42.4795030545113]}, "properties": {"Line": 72, "Company": "Boston Gas", "Division": "Beverly", "Town": "Swampscott", "Town_Code": "SWA", "State": "MA", "Description__street_segment_": "324-443 ESSEX ST, SWA, &DUKE,EASTMAN,BRISTOL", "Diameter": 6, "Material": "Cast Iron", "Operating_Pressure": "LP to 60", "NPA_Opportunity": "Yes - Potential NPA", "LPP_Footage": 5805, "LPP_Mileage_": 1.1, "lat": 42.4795030545113, "lon": -70.9150084542052, "Mapped_address": "Duke St, Swampscott, MA 01907, USA", "FID": 597}}, {"type": "Feature", "id": 598, "geometry": {"type": "Point", "coordinates": [-71.0745945, 42.3494164]}, "properties": {"Line": 74, "Company": "Boston Gas", "Division": "Boston-Cpt", "Town": "Boston", "Town_Code": "BOS", "State": "MA", "Description__street_segment_": "103-200 NEWBURY ST, BOS, CLARENDON,DARTMOUTH,EXETE", "Diameter": 6, "Material": "Cast Iron", "Operating_Pressure": "LP", "NPA_Opportunity": "No - Impact to System Integration", "LPP_Footage": 4465, "LPP_Mileage_": 0.85, "lat": 42.3494164, "lon": -71.0745945, "Mapped_address": "Clarendon St, Boston, MA 02116, USA", "FID": 598}}, {"type": "Feature", "id": 599, "geometry": {"type": "Point", "coordinates": [-71.0800388682005, 42.3506119815098]}, "properties": {"Line": 74, "Company": "Boston Gas", "Division": "Boston-Cpt", "Town": "Boston", "Town_Code": "BOS", "State": "MA", "Description__street_segment_": "103-200 NEWBURY ST, BOS, CLARENDON,DARTMOUTH,EXETE", "Diameter": 6, "Material": "Cast Iron", "Operating_Pressure": "LP", "NPA_Opportunity": "No - Impact to System Integration", "LPP_Footage": 4465, "LPP_Mileage_": 0.85, "lat": 42.3506119815098, "lon": -71.0800388682005, "Mapped_address": "Exeter St, Boston, MA, USA", "FID": 599}}, {"type": "Feature", "id": 600, "geometry": {"type": "Point", "coordinates": [-71.1177404, 42.3275238]}, "properties": {"Line": 181, "Company": "Boston Gas", "Division": "Boston-Rvm", "Town": "Brookline", "Town_Code": "BRO", "State": "MA", "Description__street_segment_": "28-58 ALLERTON ST, BRO, GLEN RD,POND AV,CUMBERLAN", "Diameter": 3, "Material": "Cast Iron", "Operating_Pressure": "LP", "NPA_Opportunity": "Yes - Potential NPA", "LPP_Footage": 4145, "LPP_Mileage_": 0.79, "lat": 42.3275238, "lon": -71.1177404, "Mapped_address": "Cumberland Ave, Brookline, MA 02445, USA", "FID": 600}}, {"type": "Feature", "id": 601, "geometry": {"type": "Point", "coordinates": [-71.0840200139729, 42.3021054223977]}, "properties": {"Line": 105, "Company": "Boston Gas", "Division": "Boston-Cpt", "Town": "Dorchester", "Town_Code": "DOR", "State": "MA", "Description__street_segment_": "15-41 ELLINGTON ST, DOR, 14-20 OLD RD & GLENWAY ST", "Diameter": 4, "Material": "Cast Iron", "Operating_Pressure": "LP", "NPA_Opportunity": "No - Impact to System Integration", "LPP_Footage": 1205, "LPP_Mileage_": 0.23, "lat": 42.3021054223977, "lon": -71.0840200139729, "Mapped_address": "28 Ellington St, Dorchester, MA 02121, USA", "FID": 601}}, {"type": "Feature", "id": 602, "geometry": {"type": "Point", "coordinates": [-71.0670688, 42.3090382]}, "properties": {"Line": 116, "Company": "Boston Gas", "Division": "Boston-Cpt", "Town": "Dorchester", "Town_Code": "DOR", "State": "MA", "Description__street_segment_": "2-73 CLARKSON ST, DOR, & 457-491 QUINCY ST", "Diameter": 4, "Material": "Cast Iron", "Operating_Pressure": "LP", "NPA_Opportunity": "Yes - Potential NPA, partial scope", "LPP_Footage": 2320, "LPP_Mileage_": 0.44, "lat": 42.3090382, "lon": -71.0670688, "Mapped_address": "37 Clarkson St, Dorchester, MA 02125, USA", "FID": 602}}, {"type": "Feature", "id": 603, "geometry": {"type": "Point", "coordinates": [-71.0763663763258, 42.3126732199048]}, "properties": {"Line": 124, "Company": "Boston Gas", "Division": "Boston-Cpt", "Town": "Dorchester", "Town_Code": "DOR", "State": "MA", "Description__street_segment_": "5-21 MASCOMA ST, DOR, 37-89 FAYSTON ST,KINEO ST", "Diameter": 4, "Material": "Cast Iron", "Operating_Pressure": "LP", "NPA_Opportunity": "No - High Customer Concentration", "LPP_Footage": 1870, "LPP_Mileage_": 0.35, "lat": 42.3126732199048, "lon": -71.0763663763258, "Mapped_address": "63 Fayston St, Dorchester, MA 02121, USA", "FID": 603}}, {"type": "Feature", "id": 604, "geometry": {"type": "Point", "coordinates": [-71.0510774430535, 42.2901115643949]}, "properties": {"Line": 129, "Company": "Boston Gas", "Division": "Boston-Cpt", "Town": "Dorchester", "Town_Code": "DOR", "State": "MA", "Description__street_segment_": "55-95 WESTGLOW ST, DOR, TRAIN,BOUTWELL ST,FROST", "Diameter": 4, "Material": "Cast Iron", "Operating_Pressure": "LP", "NPA_Opportunity": "Yes - Potential NPA, partial scope", "LPP_Footage": 3245, "LPP_Mileage_": 0.61, "lat": 42.2901115643949, "lon": -71.0510774430535, "Mapped_address": "75 Westglow St, Dorchester, MA 02122, USA", "FID": 604}}, {"type": "Feature", "id": 605, "geometry": {"type": "Point", "coordinates": [-71.0779327710319, 42.308556417382]}, "properties": {"Line": 136, "Company": "Boston Gas", "Division": "Boston-Cpt", "Town": "Dorchester", "Town_Code": "DOR", "State": "MA", "Description__street_segment_": "79-140 DEVON ST, DOR", "Diameter": 6, "Material": "Cast Iron", "Operating_Pressure": "LP", "NPA_Opportunity": "No - Impact to System Integration", "LPP_Footage": 1205, "LPP_Mileage_": 0.23, "lat": 42.308556417382, "lon": -71.0779327710319, "Mapped_address": "109 Devon St, Dorchester, MA 02121, USA", "FID": 605}}, {"type": "Feature", "id": 606, "geometry": {"type": "Point", "coordinates": [-71.0435345316077, 42.3346333387397]}, "properties": {"Line": 160, "Company": "Boston Gas", "Division": "Boston-Cpt", "Town": "South Boston", "Town_Code": "SBO", "State": "MA", "Description__street_segment_": "469-595 E FOURTH ST, SBO, & 1-16 PACIFIC ST", "Diameter": 6, "Material": "Steel-WI", "Operating_Pressure": "LP", "NPA_Opportunity": "Yes - Potential NPA, partial scope", "LPP_Footage": 1815, "LPP_Mileage_": 0.34, "lat": 42.3346333387397, "lon": -71.0435345316077, "Mapped_address": "532 E 4th St, South Boston, MA 02127, USA", "FID": 606}}, {"type": "Feature", "id": 607, "geometry": {"type": "Point", "coordinates": [-71.0385046823463, 42.3322521137829]}, "properties": {"Line": 161, "Company": "Boston Gas", "Division": "Boston-Cpt", "Town": "South Boston", "Town_Code": "SBO", "State": "MA", "Description__street_segment_": "481-618 E SEVENTH ST, SBO", "Diameter": 12, "Material": "Cast Iron", "Operating_Pressure": "LP", "NPA_Opportunity": "No - Impact to System Integration", "LPP_Footage": 2135, "LPP_Mileage_": 0.4, "lat": 42.3322521137829, "lon": -71.0385046823463, "Mapped_address": "549 E 7th St, South Boston, MA 02127, USA", "FID": 607}}, {"type": "Feature", "id": 608, "geometry": {"type": "Point", "coordinates": [-71.1425186406434, 42.3419107584185]}, "properties": {"Line": 164, "Company": "Boston Gas", "Division": "Boston-Rvm", "Town": "Brighton", "Town_Code": "BRI", "State": "MA", "Description__street_segment_": "10-40 MT HOOD RD, BRI, EGREMONT RD & COREY RD", "Diameter": 6, "Material": "Cast Iron", "Operating_Pressure": "LP", "NPA_Opportunity": "No - Impact to System Integration", "LPP_Footage": 2230, "LPP_Mileage_": 0.42, "lat": 42.3419107584185, "lon": -71.1425186406434, "Mapped_address": "25 Mt Hood Rd, Brighton, MA 02135, USA", "FID": 608}}, {"type": "Feature", "id": 609, "geometry": {"type": "Point", "coordinates": [-71.1443407842157, 42.359609589164]}, "properties": {"Line": 165, "Company": "Boston Gas", "Division": "Boston-Rvm", "Town": "Brighton", "Town_Code": "BRI", "State": "MA", "Description__street_segment_": "10-58 PORTSMOUTH ST, BRI", "Diameter": 4, "Material": "Cast Iron", "Operating_Pressure": "LP", "NPA_Opportunity": "No - Impact to System Integration", "LPP_Footage": 2180, "LPP_Mileage_": 0.41, "lat": 42.359609589164, "lon": -71.1443407842157, "Mapped_address": "34 Portsmouth St, Brighton, MA 02135, USA", "FID": 609}}, {"type": "Feature", "id": 610, "geometry": {"type": "Point", "coordinates": [-71.1454189866223, 42.3403920289282]}, "properties": {"Line": 174, "Company": "Boston Gas", "Division": "Boston-Rvm", "Town": "Brighton", "Town_Code": "BRI", "State": "MA", "Description__street_segment_": "71-115 KILSYTH RD, BRI", "Diameter": 6, "Material": "Cast Iron", "Operating_Pressure": "LP", "NPA_Opportunity": "No - Impact to System Integration", "LPP_Footage": 640, "LPP_Mileage_": 0.12, "lat": 42.3403920289282, "lon": -71.1454189866223, "Mapped_address": "93 Kilsyth Rd, Brighton, MA 02135, USA", "FID": 610}}, {"type": "Feature", "id": 611, "geometry": {"type": "Point", "coordinates": [-71.1146649, 42.3499189]}, "properties": {"Line": 176, "Company": "Boston Gas", "Division": "Boston-Rvm", "Town": "Brookline", "Town_Code": "BRO", "State": "MA", "Description__street_segment_": "10-134 DUMMER ST, BRO", "Diameter": 6, "Material": "Cast Iron", "Operating_Pressure": "LP", "NPA_Opportunity": "No - Impact to System Integration", "LPP_Footage": 875, "LPP_Mileage_": 0.17, "lat": 42.3499189, "lon": -71.1146649, "Mapped_address": "72 Dummer St, Brookline, MA 02446, USA", "FID": 611}}, {"type": "Feature", "id": 612, "geometry": {"type": "Point", "coordinates": [-71.1414960207175, 42.3104194359446]}, "properties": {"Line": 177, "Company": "Boston Gas", "Division": "Boston-Rvm", "Town": "Brookline", "Town_Code": "BRO", "State": "MA", "Description__street_segment_": "102-209 NEWTON ST, BRO, GODDARD AV & GOODARD CIR", "Diameter": 6, "Material": "Cast Iron", "Operating_Pressure": "LP", "NPA_Opportunity": "No - Impact to System Integration", "LPP_Footage": 2225, "LPP_Mileage_": 0.42, "lat": 42.3104194359446, "lon": -71.1414960207175, "Mapped_address": "155 Newton St, Brookline, MA 02445, USA", "FID": 612}}, {"type": "Feature", "id": 613, "geometry": {"type": "Point", "coordinates": [-71.1345799104527, 42.3147826744879]}, "properties": {"Line": 177, "Company": "Boston Gas", "Division": "Boston-Rvm", "Town": "Brookline", "Town_Code": "BRO", "State": "MA", "Description__street_segment_": "102-209 NEWTON ST, BRO, GODDARD AV & GOODARD CIR", "Diameter": 6, "Material": "Cast Iron", "Operating_Pressure": "LP", "NPA_Opportunity": "No - Impact to System Integration", "LPP_Footage": 2225, "LPP_Mileage_": 0.42, "lat": 42.3147826744879, "lon": -71.1345799104527, "Mapped_address": "Goddard Ave, Brookline, MA 02445, USA", "FID": 613}}, {"type": "Feature", "id": 614, "geometry": {"type": "Point", "coordinates": [-71.1401592028964, 42.309774497322]}, "properties": {"Line": 177, "Company": "Boston Gas", "Division": "Boston-Rvm", "Town": "Brookline", "Town_Code": "BRO", "State": "MA", "Description__street_segment_": "102-209 NEWTON ST, BRO, GODDARD AV & GOODARD CIR", "Diameter": 6, "Material": "Cast Iron", "Operating_Pressure": "LP", "NPA_Opportunity": "No - Impact to System Integration", "LPP_Footage": 2225, "LPP_Mileage_": 0.42, "lat": 42.309774497322, "lon": -71.1401592028964, "Mapped_address": "Goddard Cir, Brookline, MA 02445, USA", "FID": 614}}, {"type": "Feature", "id": 615, "geometry": {"type": "Point", "coordinates": [-71.1257074088112, 42.3318413359739]}, "properties": {"Line": 178, "Company": "Boston Gas", "Division": "Boston-Rvm", "Town": "Brookline", "Town_Code": "BRO", "State": "MA", "Description__street_segment_": "151-205 DAVIS AV, BRO, DANA ST & CYPRESS ST", "Diameter": 3, "Material": "Cast Iron", "Operating_Pressure": "LP", "NPA_Opportunity": "No - Impact to System Integration", "LPP_Footage": 1935, "LPP_Mileage_": 0.37, "lat": 42.3318413359739, "lon": -71.1257074088112, "Mapped_address": "178 Davis Ave, Brookline, MA 02445, USA", "FID": 615}}, {"type": "Feature", "id": 616, "geometry": {"type": "Point", "coordinates": [-71.1260671, 42.3298237]}, "properties": {"Line": 178, "Company": "Boston Gas", "Division": "Boston-Rvm", "Town": "Brookline", "Town_Code": "BRO", "State": "MA", "Description__street_segment_": "151-205 DAVIS AV, BRO, DANA ST & CYPRESS ST", "Diameter": 3, "Material": "Cast Iron", "Operating_Pressure": "LP", "NPA_Opportunity": "No - Impact to System Integration", "LPP_Footage": 1935, "LPP_Mileage_": 0.37, "lat": 42.3298237, "lon": -71.1260671, "Mapped_address": "Cypress St, Brookline, MA 02445, USA", "FID": 616}}, {"type": "Feature", "id": 617, "geometry": {"type": "Point", "coordinates": [-71.1258961556627, 42.3325791517941]}, "properties": {"Line": 178, "Company": "Boston Gas", "Division": "Boston-Rvm", "Town": "Brookline", "Town_Code": "BRO", "State": "MA", "Description__street_segment_": "151-205 DAVIS AV, BRO, DANA ST & CYPRESS ST", "Diameter": 3, "Material": "Cast Iron", "Operating_Pressure": "LP", "NPA_Opportunity": "No - Impact to System Integration", "LPP_Footage": 1935, "LPP_Mileage_": 0.37, "lat": 42.3325791517941, "lon": -71.1258961556627, "Mapped_address": "Dana St, Brookline, MA 02445, USA", "FID": 617}}, {"type": "Feature", "id": 618, "geometry": {"type": "Point", "coordinates": [-71.1226346847038, 42.3505755096131]}, "properties": {"Line": 179, "Company": "Boston Gas", "Division": "Boston-Rvm", "Town": "Brookline", "Town_Code": "BRO", "State": "MA", "Description__street_segment_": "16-51 WINSLOW RD, BRO", "Diameter": 4, "Material": "Cast Iron", "Operating_Pressure": "LP", "NPA_Opportunity": "Yes - Potential NPA", "LPP_Footage": 645, "LPP_Mileage_": 0.12, "lat": 42.3505755096131, "lon": -71.1226346847038, "Mapped_address": "33 Winslow Rd, Brookline, MA 02446, USA", "FID": 618}}, {"type": "Feature", "id": 619, "geometry": {"type": "Point", "coordinates": [-71.1304353336287, 42.3274260118034]}, "properties": {"Line": 180, "Company": "Boston Gas", "Division": "Boston-Rvm", "Town": "Brookline", "Town_Code": "BRO", "State": "MA", "Description__street_segment_": "16-77 WARREN ST, BRO, & 353-423 WALNUT ST", "Diameter": 8, "Material": "Cast Iron", "Operating_Pressure": "LP", "NPA_Opportunity": "No - Impact to System Integration", "LPP_Footage": 2030, "LPP_Mileage_": 0.38, "lat": 42.3274260118034, "lon": -71.1304353336287, "Mapped_address": "388 Walnut St, Brookline, MA 02445, USA", "FID": 619}}, {"type": "Feature", "id": 620, "geometry": {"type": "Point", "coordinates": [-71.131710233718, 42.3269192629473]}, "properties": {"Line": 180, "Company": "Boston Gas", "Division": "Boston-Rvm", "Town": "Brookline", "Town_Code": "BRO", "State": "MA", "Description__street_segment_": "16-77 WARREN ST, BRO, & 353-423 WALNUT ST", "Diameter": 8, "Material": "Cast Iron", "Operating_Pressure": "LP", "NPA_Opportunity": "No - Impact to System Integration", "LPP_Footage": 2030, "LPP_Mileage_": 0.38, "lat": 42.3269192629473, "lon": -71.131710233718, "Mapped_address": "46 Warren St, Brookline, MA 02445, USA", "FID": 620}}, {"type": "Feature", "id": 621, "geometry": {"type": "Point", "coordinates": [-71.1168648807315, 42.3289845317472]}, "properties": {"Line": 181, "Company": "Boston Gas", "Division": "Boston-Rvm", "Town": "Brookline", "Town_Code": "BRO", "State": "MA", "Description__street_segment_": "28-58 ALLERTON ST, BRO, GLEN RD,POND AV,CUMBERLAN", "Diameter": 3, "Material": "Cast Iron", "Operating_Pressure": "LP", "NPA_Opportunity": "Yes - Potential NPA", "LPP_Footage": 4145, "LPP_Mileage_": 0.79, "lat": 42.3289845317472, "lon": -71.1168648807315, "Mapped_address": "43 Allerton St, Brookline, MA 02445, USA", "FID": 621}}, {"type": "Feature", "id": 622, "geometry": {"type": "Point", "coordinates": [-71.1169539, 42.3274842]}, "properties": {"Line": 181, "Company": "Boston Gas", "Division": "Boston-Rvm", "Town": "Brookline", "Town_Code": "BRO", "State": "MA", "Description__street_segment_": "28-58 ALLERTON ST, BRO, GLEN RD,POND AV,CUMBERLAN", "Diameter": 3, "Material": "Cast Iron", "Operating_Pressure": "LP", "NPA_Opportunity": "Yes - Potential NPA", "LPP_Footage": 4145, "LPP_Mileage_": 0.79, "lat": 42.3274842, "lon": -71.1169539, "Mapped_address": "Glen Rd, Brookline, MA 02445, USA", "FID": 622}}, {"type": "Feature", "id": 623, "geometry": {"type": "Point", "coordinates": [-71.1159819, 42.3273633]}, "properties": {"Line": 181, "Company": "Boston Gas", "Division": "Boston-Rvm", "Town": "Brookline", "Town_Code": "BRO", "State": "MA", "Description__street_segment_": "28-58 ALLERTON ST, BRO, GLEN RD,POND AV,CUMBERLAN", "Diameter": 3, "Material": "Cast Iron", "Operating_Pressure": "LP", "NPA_Opportunity": "Yes - Potential NPA", "LPP_Footage": 4145, "LPP_Mileage_": 0.79, "lat": 42.3273633, "lon": -71.1159819, "Mapped_address": "Pond Ave, Brookline, MA 02445, USA", "FID": 623}}, {"type": "Feature", "id": 624, "geometry": {"type": "Point", "coordinates": [-71.1145472, 42.3313197]}, "properties": {"Line": 182, "Company": "Boston Gas", "Division": "Boston-Rvm", "Town": "Brookline", "Town_Code": "BRO", "State": "MA", "Description__street_segment_": "33-44 WASHINGTON ST, BRO, & 551-700 BROOKLINE AV", "Diameter": 12, "Material": "Cast Iron", "Operating_Pressure": "LP", "NPA_Opportunity": "No - Impact to System Integration", "LPP_Footage": 1750, "LPP_Mileage_": 0.33, "lat": 42.3313197, "lon": -71.1145472, "Mapped_address": "38 Washington St, Brookline, MA 02445, USA", "FID": 624}}, {"type": "Feature", "id": 625, "geometry": {"type": "Point", "coordinates": [-71.1136192575133, 42.3334450216626]}, "properties": {"Line": 182, "Company": "Boston Gas", "Division": "Boston-Rvm", "Town": "Brookline", "Town_Code": "BRO", "State": "MA", "Description__street_segment_": "33-44 WASHINGTON ST, BRO, & 551-700 BROOKLINE AV", "Diameter": 12, "Material": "Cast Iron", "Operating_Pressure": "LP", "NPA_Opportunity": "No - Impact to System Integration", "LPP_Footage": 1750, "LPP_Mileage_": 0.33, "lat": 42.3334450216626, "lon": -71.1136192575133, "Mapped_address": "625 Brookline Ave, Brookline, MA 02445, USA", "FID": 625}}, {"type": "Feature", "id": 626, "geometry": {"type": "Point", "coordinates": [-71.12871, 42.3346006]}, "properties": {"Line": 183, "Company": "Boston Gas", "Division": "Boston-Rvm", "Town": "Brookline", "Town_Code": "BRO", "State": "MA", "Description__street_segment_": "4-103 WELLAND RD, BRO, SOMERSET & STANTON RD", "Diameter": 4, "Material": "Cast Iron", "Operating_Pressure": "LP", "NPA_Opportunity": "No - Impact to System Integration", "LPP_Footage": 2135, "LPP_Mileage_": 0.4, "lat": 42.3346006, "lon": -71.12871, "Mapped_address": "53 Welland Rd, Brookline, MA 02445, USA", "FID": 626}}, {"type": "Feature", "id": 627, "geometry": {"type": "Point", "coordinates": [-71.126132, 42.3343674]}, "properties": {"Line": 183, "Company": "Boston Gas", "Division": "Boston-Rvm", "Town": "Brookline", "Town_Code": "BRO", "State": "MA", "Description__street_segment_": "4-103 WELLAND RD, BRO, SOMERSET & STANTON RD", "Diameter": 4, "Material": "Cast Iron", "Operating_Pressure": "LP", "NPA_Opportunity": "No - Impact to System Integration", "LPP_Footage": 2135, "LPP_Mileage_": 0.4, "lat": 42.3343674, "lon": -71.126132, "Mapped_address": "Stanton Rd, Brookline, MA 02445, USA", "FID": 627}}, {"type": "Feature", "id": 628, "geometry": {"type": "Point", "coordinates": [-71.1316891730115, 42.3377935074201]}, "properties": {"Line": 184, "Company": "Boston Gas", "Division": "Boston-Rvm", "Town": "Brookline", "Town_Code": "BRO", "State": "MA", "Description__street_segment_": "46-160 UNIVERSITY RD, BRO", "Diameter": 4, "Material": "Cast Iron", "Operating_Pressure": "LP", "NPA_Opportunity": "No - Impact to System Integration", "LPP_Footage": 1460, "LPP_Mileage_": 0.28, "lat": 42.3377935074201, "lon": -71.1316891730115, "Mapped_address": "103 University Rd, Brookline, MA 02445, USA", "FID": 628}}, {"type": "Feature", "id": 629, "geometry": {"type": "Point", "coordinates": [-71.1462933, 42.3267458]}, "properties": {"Line": 186, "Company": "Boston Gas", "Division": "Boston-Rvm", "Town": "Brookline", "Town_Code": "BRO", "State": "MA", "Description__street_segment_": "6-55 ELIOT CR, BRO,ELIOT AV,WHITE,TIMON AV doa rev", "Diameter": 6, "Material": "Cast Iron", "Operating_Pressure": "LP to 22", "NPA_Opportunity": "No - Impact to System Integration", "LPP_Footage": 1385, "LPP_Mileage_": 0.26, "lat": 42.3267458, "lon": -71.1462933, "Mapped_address": "Eliot Ave, Brookline, MA 02467, USA", "FID": 629}}, {"type": "Feature", "id": 630, "geometry": {"type": "Point", "coordinates": [-71.1453962, 42.3267049]}, "properties": {"Line": 186, "Company": "Boston Gas", "Division": "Boston-Rvm", "Town": "Brookline", "Town_Code": "BRO", "State": "MA", "Description__street_segment_": "6-55 ELIOT CR, BRO,ELIOT AV,WHITE,TIMON AV doa rev", "Diameter": 6, "Material": "Cast Iron", "Operating_Pressure": "LP to 22", "NPA_Opportunity": "No - Impact to System Integration", "LPP_Footage": 1385, "LPP_Mileage_": 0.26, "lat": 42.3267049, "lon": -71.1453962, "Mapped_address": "Timon Ave, Brookline, MA 02467, USA", "FID": 630}}, {"type": "Feature", "id": 631, "geometry": {"type": "Point", "coordinates": [-71.1184104679548, 42.3351719792329]}, "properties": {"Line": 187, "Company": "Boston Gas", "Division": "Boston-Rvm", "Town": "Brookline", "Town_Code": "BRO", "State": "MA", "Description__street_segment_": "7-31 HURD RD, BRO, & 5-18 LINDEN PL", "Diameter": 3, "Material": "Cast Iron", "Operating_Pressure": "LP", "NPA_Opportunity": "Yes - Potential NPA, partial scope", "LPP_Footage": 690, "LPP_Mileage_": 0.13, "lat": 42.3351719792329, "lon": -71.1184104679548, "Mapped_address": "11 Linden Pl, Brookline, MA 02445, USA", "FID": 631}}, {"type": "Feature", "id": 632, "geometry": {"type": "Point", "coordinates": [-71.1185765715085, 42.3357329981531]}, "properties": {"Line": 187, "Company": "Boston Gas", "Division": "Boston-Rvm", "Town": "Brookline", "Town_Code": "BRO", "State": "MA", "Description__street_segment_": "7-31 HURD RD, BRO, & 5-18 LINDEN PL", "Diameter": 3, "Material": "Cast Iron", "Operating_Pressure": "LP", "NPA_Opportunity": "Yes - Potential NPA, partial scope", "LPP_Footage": 690, "LPP_Mileage_": 0.13, "lat": 42.3357329981531, "lon": -71.1185765715085, "Mapped_address": "19 Hurd Rd, Brookline, MA 02445, USA", "FID": 632}}, {"type": "Feature", "id": 633, "geometry": {"type": "Point", "coordinates": [-71.1224711, 42.3477028]}, "properties": {"Line": 189, "Company": "Boston Gas", "Division": "Boston-Rvm", "Town": "Brookline", "Town_Code": "BRO", "State": "MA", "Description__street_segment_": "75-125 STEDMAN ST, BRO", "Diameter": 6, "Material": "Cast Iron", "Operating_Pressure": "LP", "NPA_Opportunity": "No - Impact to System Integration", "LPP_Footage": 620, "LPP_Mileage_": 0.12, "lat": 42.3477028, "lon": -71.1224711, "Mapped_address": "100 Stedman St, Brookline, MA 02446, USA", "FID": 633}}, {"type": "Feature", "id": 634, "geometry": {"type": "Point", "coordinates": [-71.1145194853388, 42.305946864643]}, "properties": {"Line": 192, "Company": "Boston Gas", "Division": "Boston-Rvm", "Town": "Jamaica Plain", "Town_Code": "JPL", "State": "MA", "Description__street_segment_": "5-235 SOUTH ST, JPL, CHILD,ANSON,SPAULDING ST", "Diameter": 12, "Material": "Cast Iron", "Operating_Pressure": "LP", "NPA_Opportunity": "Yes - Potential NPA, partial scope", "LPP_Footage": 4150, "LPP_Mileage_": 0.79, "lat": 42.305946864643, "lon": -71.1145194853388, "Mapped_address": "120 South St, Jamaica Plain, MA 02130, USA", "FID": 634}}, {"type": "Feature", "id": 635, "geometry": {"type": "Point", "coordinates": [-71.1117500763395, 42.3071128417872]}, "properties": {"Line": 193, "Company": "Boston Gas", "Division": "Boston-Rvm", "Town": "Jamaica Plain", "Town_Code": "JPL", "State": "MA", "Description__street_segment_": "5-99 CAROLINA AV, JPL, & 12-42 LEE ST", "Diameter": 12, "Material": "Cast Iron", "Operating_Pressure": "22", "NPA_Opportunity": "No - Critical Main", "LPP_Footage": 1610, "LPP_Mileage_": 0.3, "lat": 42.3071128417872, "lon": -71.1117500763395, "Mapped_address": "27 Lee St, Jamaica Plain, MA 02130, USA", "FID": 635}}, {"type": "Feature", "id": 636, "geometry": {"type": "Point", "coordinates": [-71.1064734713912, 42.3040237870199]}, "properties": {"Line": 194, "Company": "Boston Gas", "Division": "Boston-Rvm", "Town": "Jamaica Plain", "Town_Code": "JPL", "State": "MA", "Description__street_segment_": "9-27 PLAINFIELD ST, JPL, ROSSMORE RD & WILLIAMS ST", "Diameter": 3, "Material": "Steel-WI", "Operating_Pressure": "LP", "NPA_Opportunity": "No - Impact to System Integration", "LPP_Footage": 1640, "LPP_Mileage_": 0.31, "lat": 42.3040237870199, "lon": -71.1064734713912, "Mapped_address": "18 Plainfield St, Jamaica Plain, MA 02130, USA", "FID": 636}}, {"type": "Feature", "id": 637, "geometry": {"type": "Point", "coordinates": [-71.2208829794326, 42.1881048132545]}, "properties": {"Line": 195, "Company": "Boston Gas", "Division": "Boston-Rvm", "Town": "Norwood", "Town_Code": "NOR", "State": "MA", "Description__street_segment_": "15-63 WESTOVER PKWY, NOR", "Diameter": 6, "Material": "Steel-WI", "Operating_Pressure": "2", "NPA_Opportunity": "No - Impact to System Integration", "LPP_Footage": 1635, "LPP_Mileage_": 0.31, "lat": 42.1881048132545, "lon": -71.2208829794326, "Mapped_address": "39 Westover Pkwy, Norwood, MA 02062, USA", "FID": 637}}, {"type": "Feature", "id": 638, "geometry": {"type": "Point", "coordinates": [-71.1765717283597, 42.1774671975009]}, "properties": {"Line": 196, "Company": "Boston Gas", "Division": "Boston-Rvm", "Town": "Norwood", "Town_Code": "NOR", "State": "MA", "Description__street_segment_": "2-111 JUNIPER DR, NOR, 14-71 MEADOW ST,SYLVAN CI", "Diameter": 2, "Material": "Steel-WI", "Operating_Pressure": "60", "NPA_Opportunity": "Yes - Potential NPA", "LPP_Footage": 2590, "LPP_Mileage_": 0.49, "lat": 42.1774671975009, "lon": -71.1765717283597, "Mapped_address": "42 Meadow St, Norwood, MA 02062, USA", "FID": 638}}, {"type": "Feature", "id": 639, "geometry": {"type": "Point", "coordinates": [-71.1765985534218, 42.1797165988208]}, "properties": {"Line": 196, "Company": "Boston Gas", "Division": "Boston-Rvm", "Town": "Norwood", "Town_Code": "NOR", "State": "MA", "Description__street_segment_": "2-111 JUNIPER DR, NOR, 14-71 MEADOW ST,SYLVAN CI", "Diameter": 2, "Material": "Steel-WI", "Operating_Pressure": "60", "NPA_Opportunity": "Yes - Potential NPA", "LPP_Footage": 2590, "LPP_Mileage_": 0.49, "lat": 42.1797165988208, "lon": -71.1765985534218, "Mapped_address": "56 Juniper Dr, Norwood, MA 02062, USA", "FID": 639}}, {"type": "Feature", "id": 640, "geometry": {"type": "Point", "coordinates": [-71.1756207, 42.1771828]}, "properties": {"Line": 196, "Company": "Boston Gas", "Division": "Boston-Rvm", "Town": "Norwood", "Town_Code": "NOR", "State": "MA", "Description__street_segment_": "2-111 JUNIPER DR, NOR, 14-71 MEADOW ST,SYLVAN CI", "Diameter": 2, "Material": "Steel-WI", "Operating_Pressure": "60", "NPA_Opportunity": "Yes - Potential NPA", "LPP_Footage": 2590, "LPP_Mileage_": 0.49, "lat": 42.1771828, "lon": -71.1756207, "Mapped_address": "Sylvan Cir, Norwood, MA 02062, USA", "FID": 640}}, {"type": "Feature", "id": 641, "geometry": {"type": "Point", "coordinates": [-71.1978361342194, 42.2008086567769]}, "properties": {"Line": 197, "Company": "Boston Gas", "Division": "Boston-Rvm", "Town": "Norwood", "Town_Code": "NOR", "State": "MA", "Description__street_segment_": "311-480 WASHINGTON ST, NOR, GEORGE,GRANITE,PHILBRE", "Diameter": 6, "Material": "Steel-WI", "Operating_Pressure": "LP to 60", "NPA_Opportunity": "Yes - Potential NPA, partial scope", "LPP_Footage": 3375, "LPP_Mileage_": 0.64, "lat": 42.2008086567769, "lon": -71.1978361342194, "Mapped_address": "395 Washington St, Norwood, MA 02062, USA", "FID": 641}}, {"type": "Feature", "id": 642, "geometry": {"type": "Point", "coordinates": [-71.1971301561988, 42.186825143748]}, "properties": {"Line": 198, "Company": "Boston Gas", "Division": "Boston-Rvm", "Town": "Norwood", "Town_Code": "NOR", "State": "MA", "Description__street_segment_": "3-28 SHAW ST, NOR, & 9-30 LENOX AV", "Diameter": 2, "Material": "Steel-WI", "Operating_Pressure": "LP to 60", "NPA_Opportunity": "Yes - Potential NPA, partial scope", "LPP_Footage": 985, "LPP_Mileage_": 0.19, "lat": 42.186825143748, "lon": -71.1971301561988, "Mapped_address": "15 Shaw St, Norwood, MA 02062, USA", "FID": 642}}, {"type": "Feature", "id": 643, "geometry": {"type": "Point", "coordinates": [-71.1976858, 42.1859511]}, "properties": {"Line": 198, "Company": "Boston Gas", "Division": "Boston-Rvm", "Town": "Norwood", "Town_Code": "NOR", "State": "MA", "Description__street_segment_": "3-28 SHAW ST, NOR, & 9-30 LENOX AV", "Diameter": 2, "Material": "Steel-WI", "Operating_Pressure": "LP to 60", "NPA_Opportunity": "Yes - Potential NPA, partial scope", "LPP_Footage": 985, "LPP_Mileage_": 0.19, "lat": 42.1859511, "lon": -71.1976858, "Mapped_address": "19 Lenox Ave, Norwood, MA 02062, USA", "FID": 643}}, {"type": "Feature", "id": 644, "geometry": {"type": "Point", "coordinates": [-71.1946073222762, 42.1967828404289]}, "properties": {"Line": 199, "Company": "Boston Gas", "Division": "Boston-Rvm", "Town": "Norwood", "Town_Code": "NOR", "State": "MA", "Description__street_segment_": "4-74 ADAMS ST, NOR, GRANT AV,EMONROE,LENOX ST", "Diameter": 4, "Material": "Cast Iron", "Operating_Pressure": "LP to 60", "NPA_Opportunity": "No - Impact to System Integration", "LPP_Footage": 2010, "LPP_Mileage_": 0.38, "lat": 42.1967828404289, "lon": -71.1946073222762, "Mapped_address": "39 Adams St, Norwood, MA 02062, USA", "FID": 644}}, {"type": "Feature", "id": 645, "geometry": {"type": "Point", "coordinates": [-71.1931144, 42.1957887]}, "properties": {"Line": 199, "Company": "Boston Gas", "Division": "Boston-Rvm", "Town": "Norwood", "Town_Code": "NOR", "State": "MA", "Description__street_segment_": "4-74 ADAMS ST, NOR, GRANT AV,EMONROE,LENOX ST", "Diameter": 4, "Material": "Cast Iron", "Operating_Pressure": "LP to 60", "NPA_Opportunity": "No - Impact to System Integration", "LPP_Footage": 2010, "LPP_Mileage_": 0.38, "lat": 42.1957887, "lon": -71.1931144, "Mapped_address": "Grant Ave, Norwood, MA 02062, USA", "FID": 645}}, {"type": "Feature", "id": 646, "geometry": {"type": "Point", "coordinates": [-71.1988511, 42.1887532]}, "properties": {"Line": 199, "Company": "Boston Gas", "Division": "Boston-Rvm", "Town": "Norwood", "Town_Code": "NOR", "State": "MA", "Description__street_segment_": "4-74 ADAMS ST, NOR, GRANT AV,EMONROE,LENOX ST", "Diameter": 4, "Material": "Cast Iron", "Operating_Pressure": "LP to 60", "NPA_Opportunity": "No - Impact to System Integration", "LPP_Footage": 2010, "LPP_Mileage_": 0.38, "lat": 42.1887532, "lon": -71.1988511, "Mapped_address": "Lenox St, Norwood, MA 02062, USA", "FID": 646}}, {"type": "Feature", "id": 647, "geometry": {"type": "Point", "coordinates": [-71.2021483, 42.1871434]}, "properties": {"Line": 200, "Company": "Boston Gas", "Division": "Boston-Rvm", "Town": "Norwood", "Town_Code": "NOR", "State": "MA", "Description__street_segment_": "5-21 E HOYLE ST, NOR, & HOYLE ST", "Diameter": 2, "Material": "Plastic", "Operating_Pressure": "LP to 60", "NPA_Opportunity": "No - Impact to System Integration", "LPP_Footage": 335, "LPP_Mileage_": 0.06, "lat": 42.1871434, "lon": -71.2021483, "Mapped_address": "13 E Hoyle St, Norwood, MA 02062, USA", "FID": 647}}, {"type": "Feature", "id": 648, "geometry": {"type": "Point", "coordinates": [-71.2052731, 42.188316]}, "properties": {"Line": 200, "Company": "Boston Gas", "Division": "Boston-Rvm", "Town": "Norwood", "Town_Code": "NOR", "State": "MA", "Description__street_segment_": "5-21 E HOYLE ST, NOR, & HOYLE ST", "Diameter": 2, "Material": "Plastic", "Operating_Pressure": "LP to 60", "NPA_Opportunity": "No - Impact to System Integration", "LPP_Footage": 335, "LPP_Mileage_": 0.06, "lat": 42.188316, "lon": -71.2052731, "Mapped_address": "Hoyle St, Norwood, MA 02062, USA", "FID": 648}}, {"type": "Feature", "id": 649, "geometry": {"type": "Point", "coordinates": [-71.2070086, 42.1731415]}, "properties": {"Line": 201, "Company": "Boston Gas", "Division": "Boston-Rvm", "Town": "Norwood", "Town_Code": "NOR", "State": "MA", "Description__street_segment_": "5-83 MORSE ST, NOR, & 15-42 SHORT ST", "Diameter": 6, "Material": "Steel-WI", "Operating_Pressure": "LP", "NPA_Opportunity": "Yes - Potential NPA, partial scope", "LPP_Footage": 1880, "LPP_Mileage_": 0.36, "lat": 42.1731415, "lon": -71.2070086, "Mapped_address": "28 Short St, Norwood, MA 02062, USA", "FID": 649}}, {"type": "Feature", "id": 650, "geometry": {"type": "Point", "coordinates": [-71.2064748011033, 42.1728021486571]}, "properties": {"Line": 201, "Company": "Boston Gas", "Division": "Boston-Rvm", "Town": "Norwood", "Town_Code": "NOR", "State": "MA", "Description__street_segment_": "5-83 MORSE ST, NOR, & 15-42 SHORT ST", "Diameter": 6, "Material": "Steel-WI", "Operating_Pressure": "LP", "NPA_Opportunity": "Yes - Potential NPA, partial scope", "LPP_Footage": 1880, "LPP_Mileage_": 0.36, "lat": 42.1728021486571, "lon": -71.2064748011033, "Mapped_address": "44 Morse St, Norwood, MA 02062, USA", "FID": 650}}, {"type": "Feature", "id": 651, "geometry": {"type": "Point", "coordinates": [-71.1729281079554, 42.1735665389292]}, "properties": {"Line": 202, "Company": "Boston Gas", "Division": "Boston-Rvm", "Town": "Norwood", "Town_Code": "NOR", "State": "MA", "Description__street_segment_": "805-835 NEPONSET ST, NOR, WEDGEWOOD DR & FEENEY RD", "Diameter": 4, "Material": "Steel-WI", "Operating_Pressure": "60", "NPA_Opportunity": "No - Impact to System Integration", "LPP_Footage": 1490, "LPP_Mileage_": 0.28, "lat": 42.1735665389292, "lon": -71.1729281079554, "Mapped_address": "820 Neponset St, Norwood, MA 02062, USA", "FID": 651}}, {"type": "Feature", "id": 652, "geometry": {"type": "Point", "coordinates": [-71.1771038524989, 42.1729001421903]}, "properties": {"Line": 202, "Company": "Boston Gas", "Division": "Boston-Rvm", "Town": "Norwood", "Town_Code": "NOR", "State": "MA", "Description__street_segment_": "805-835 NEPONSET ST, NOR, WEDGEWOOD DR & FEENEY RD", "Diameter": 4, "Material": "Steel-WI", "Operating_Pressure": "60", "NPA_Opportunity": "No - Impact to System Integration", "LPP_Footage": 1490, "LPP_Mileage_": 0.28, "lat": 42.1729001421903, "lon": -71.1771038524989, "Mapped_address": "Feeney Rd, Norwood, MA 02062, USA", "FID": 652}}, {"type": "Feature", "id": 653, "geometry": {"type": "Point", "coordinates": [-71.178105, 42.1733596]}, "properties": {"Line": 202, "Company": "Boston Gas", "Division": "Boston-Rvm", "Town": "Norwood", "Town_Code": "NOR", "State": "MA", "Description__street_segment_": "805-835 NEPONSET ST, NOR, WEDGEWOOD DR & FEENEY RD", "Diameter": 4, "Material": "Steel-WI", "Operating_Pressure": "60", "NPA_Opportunity": "No - Impact to System Integration", "LPP_Footage": 1490, "LPP_Mileage_": 0.28, "lat": 42.1733596, "lon": -71.178105, "Mapped_address": "Wedgewood Dr, Norwood, MA 02062, USA", "FID": 653}}, {"type": "Feature", "id": 654, "geometry": {"type": "Point", "coordinates": [-71.1418557601457, 42.2889248081662]}, "properties": {"Line": 204, "Company": "Boston Gas", "Division": "Boston-Rvm", "Town": "Roslindale", "Town_Code": "ROS", "State": "MA", "Description__street_segment_": "1463-1702 CENTRE ST, ROS", "Diameter": 12, "Material": "Cast Iron", "Operating_Pressure": "22", "NPA_Opportunity": "No - Impact to System Integration", "LPP_Footage": 3215, "LPP_Mileage_": 0.61, "lat": 42.2889248081662, "lon": -71.1418557601457, "Mapped_address": "1582 Centre St, Roslindale, MA 02131, USA", "FID": 654}}, {"type": "Feature", "id": 655, "geometry": {"type": "Point", "coordinates": [-71.1317595042131, 42.2780244083163]}, "properties": {"Line": 205, "Company": "Boston Gas", "Division": "Boston-Rvm", "Town": "Roslindale", "Town_Code": "ROS", "State": "MA", "Description__street_segment_": "180-249 KITTREDGE ST, ROS, & 2-42 HEMMAN ST", "Diameter": 6, "Material": "Cast Iron", "Operating_Pressure": "LP", "NPA_Opportunity": "No - Impact to System Integration", "LPP_Footage": 1365, "LPP_Mileage_": 0.26, "lat": 42.2780244083163, "lon": -71.1317595042131, "Mapped_address": "22 Hemman St, Roslindale, MA 02131, USA", "FID": 655}}, {"type": "Feature", "id": 656, "geometry": {"type": "Point", "coordinates": [-71.1541077705026, 42.2887299488453]}, "properties": {"Line": 207, "Company": "Boston Gas", "Division": "Boston-Rvm", "Town": "West Roxbury", "Town_Code": "WRO", "State": "MA", "Description__street_segment_": "22-80 MAPLE ST, WRO, & 5-25 ALHAMBRA RD", "Diameter": 4, "Material": "Cast Iron", "Operating_Pressure": "LP", "NPA_Opportunity": "Yes - Potential NPA, partial scope", "LPP_Footage": 1550, "LPP_Mileage_": 0.29, "lat": 42.2887299488453, "lon": -71.1541077705026, "Mapped_address": "15 Alhambra Rd, West Roxbury, MA 02132, USA", "FID": 656}}, {"type": "Feature", "id": 657, "geometry": {"type": "Point", "coordinates": [-71.1548091804036, 42.2884268030364]}, "properties": {"Line": 207, "Company": "Boston Gas", "Division": "Boston-Rvm", "Town": "West Roxbury", "Town_Code": "WRO", "State": "MA", "Description__street_segment_": "22-80 MAPLE ST, WRO, & 5-25 ALHAMBRA RD", "Diameter": 4, "Material": "Cast Iron", "Operating_Pressure": "LP", "NPA_Opportunity": "Yes - Potential NPA, partial scope", "LPP_Footage": 1550, "LPP_Mileage_": 0.29, "lat": 42.2884268030364, "lon": -71.1548091804036, "Mapped_address": "51 Maple St, West Roxbury, MA 02132, USA", "FID": 657}}, {"type": "Feature", "id": 658, "geometry": {"type": "Point", "coordinates": [-71.1660143101286, 42.2674360973473]}, "properties": {"Line": 209, "Company": "Boston Gas", "Division": "Boston-Rvm", "Town": "West Roxbury", "Town_Code": "WRO", "State": "MA", "Description__street_segment_": "2-62 NEW HAVEN ST, WRO, KEYSTONE,SALMAN,FAIRLANE", "Diameter": 6, "Material": "Cast Iron", "Operating_Pressure": "LP to 22", "NPA_Opportunity": "Yes - Potential NPA, partial scope", "LPP_Footage": 2640, "LPP_Mileage_": 0.5, "lat": 42.2674360973473, "lon": -71.1660143101286, "Mapped_address": "32 New Haven St, West Roxbury, MA 02132, USA", "FID": 658}}, {"type": "Feature", "id": 659, "geometry": {"type": "Point", "coordinates": [-71.1559400312239, 42.2872601868285]}, "properties": {"Line": 214, "Company": "Boston Gas", "Division": "Boston-Rvm", "Town": "West Roxbury", "Town_Code": "WRO", "State": "MA", "Description__street_segment_": "71-125 COREY ST, WRO, & HENSHAW TER", "Diameter": 6, "Material": "Cast Iron", "Operating_Pressure": "LP to 22", "NPA_Opportunity": "Yes - Potential NPA, partial scope", "LPP_Footage": 1250, "LPP_Mileage_": 0.24, "lat": 42.2872601868285, "lon": -71.1559400312239, "Mapped_address": "98 Corey St, West Roxbury, MA 02132, USA", "FID": 659}}, {"type": "Feature", "id": 660, "geometry": {"type": "Point", "coordinates": [-70.9354137043355, 42.1191089097359]}, "properties": {"Line": 218, "Company": "Boston Gas", "Division": "Braintree", "Town": "Abington", "Town_Code": "ABI", "State": "MA", "Description__street_segment_": "16-79 BELLOWS CIR, ABI", "Diameter": 2, "Material": "Steel-WI", "Operating_Pressure": "60", "NPA_Opportunity": "Yes - Potential NPA", "LPP_Footage": 755, "LPP_Mileage_": 0.14, "lat": 42.1191089097359, "lon": -70.9354137043355, "Mapped_address": "47 Bellows Cir, Abington, MA 02351, USA", "FID": 660}}, {"type": "Feature", "id": 661, "geometry": {"type": "Point", "coordinates": [-70.93776433593, 42.1081268010952]}, "properties": {"Line": 219, "Company": "Boston Gas", "Division": "Braintree", "Town": "Abington", "Town_Code": "ABI", "State": "MA", "Description__street_segment_": "20-33 QUINCY ST, ABI", "Diameter": 2, "Material": "Steel-WI", "Operating_Pressure": "60", "NPA_Opportunity": "Yes - Potential NPA, entire scope", "LPP_Footage": 335, "LPP_Mileage_": 0.06, "lat": 42.1081268010952, "lon": -70.93776433593, "Mapped_address": "26 Quincy St, Abington, MA 02351, USA", "FID": 661}}, {"type": "Feature", "id": 662, "geometry": {"type": "Point", "coordinates": [-70.9545216175773, 42.1271310510462]}, "properties": {"Line": 221, "Company": "Boston Gas", "Division": "Braintree", "Town": "Abington", "Town_Code": "ABI", "State": "MA", "Description__street_segment_": "8-122 LINCOLN ST, ABI, 14-74 WARREN ST&SYLVAN CT", "Diameter": 2, "Material": "Steel-WI", "Operating_Pressure": "60", "NPA_Opportunity": "Yes - Potential NPA, partial scope", "LPP_Footage": 3380, "LPP_Mileage_": 0.64, "lat": 42.1271310510462, "lon": -70.9545216175773, "Mapped_address": "44 Warren St, Abington, MA 02351, USA", "FID": 662}}, {"type": "Feature", "id": 663, "geometry": {"type": "Point", "coordinates": [-70.9538562, 42.1287131]}, "properties": {"Line": 221, "Company": "Boston Gas", "Division": "Braintree", "Town": "Abington", "Town_Code": "ABI", "State": "MA", "Description__street_segment_": "8-122 LINCOLN ST, ABI, 14-74 WARREN ST&SYLVAN CT", "Diameter": 2, "Material": "Steel-WI", "Operating_Pressure": "60", "NPA_Opportunity": "Yes - Potential NPA, partial scope", "LPP_Footage": 3380, "LPP_Mileage_": 0.64, "lat": 42.1287131, "lon": -70.9538562, "Mapped_address": "65 Lincoln St, Abington, MA 02351, USA", "FID": 663}}, {"type": "Feature", "id": 664, "geometry": {"type": "Point", "coordinates": [-70.957575459895, 42.1266737142062]}, "properties": {"Line": 221, "Company": "Boston Gas", "Division": "Braintree", "Town": "Abington", "Town_Code": "ABI", "State": "MA", "Description__street_segment_": "8-122 LINCOLN ST, ABI, 14-74 WARREN ST&SYLVAN CT", "Diameter": 2, "Material": "Steel-WI", "Operating_Pressure": "60", "NPA_Opportunity": "Yes - Potential NPA, partial scope", "LPP_Footage": 3380, "LPP_Mileage_": 0.64, "lat": 42.1266737142062, "lon": -70.957575459895, "Mapped_address": "Sylvan Ct, Abington, MA 02351, USA", "FID": 664}}, {"type": "Feature", "id": 665, "geometry": {"type": "Point", "coordinates": [-71.0128418307698, 42.2252683043597]}, "properties": {"Line": 222, "Company": "Boston Gas", "Division": "Braintree", "Town": "Braintree", "Town_Code": "BRA", "State": "MA", "Description__street_segment_": "10-348 COMMON ST, BRA, & 9-35 SUMMIT AVE", "Diameter": 2, "Material": "Steel-WI", "Operating_Pressure": "60", "NPA_Opportunity": "Yes - Potential NPA, partial scope", "LPP_Footage": 5335, "LPP_Mileage_": 1.01, "lat": 42.2252683043597, "lon": -71.0128418307698, "Mapped_address": "179 Common St, Braintree, MA 02184, USA", "FID": 665}}, {"type": "Feature", "id": 666, "geometry": {"type": "Point", "coordinates": [-71.0202059268511, 42.2235959953322]}, "properties": {"Line": 222, "Company": "Boston Gas", "Division": "Braintree", "Town": "Braintree", "Town_Code": "BRA", "State": "MA", "Description__street_segment_": "10-348 COMMON ST, BRA, & 9-35 SUMMIT AVE", "Diameter": 2, "Material": "Steel-WI", "Operating_Pressure": "60", "NPA_Opportunity": "Yes - Potential NPA, partial scope", "LPP_Footage": 5335, "LPP_Mileage_": 1.01, "lat": 42.2235959953322, "lon": -71.0202059268511, "Mapped_address": "22 Summit Ave, Braintree, MA 02184, USA", "FID": 666}}, {"type": "Feature", "id": 667, "geometry": {"type": "Point", "coordinates": [-70.9709492413929, 42.2157890300529]}, "properties": {"Line": 223, "Company": "Boston Gas", "Division": "Braintree", "Town": "Braintree", "Town_Code": "BRA", "State": "MA", "Description__street_segment_": "11-14 STERLING PK, BRA", "Diameter": 2, "Material": "Steel-WI", "Operating_Pressure": "60", "NPA_Opportunity": "No - Impact to System Integration", "LPP_Footage": 215, "LPP_Mileage_": 0.04, "lat": 42.2157890300529, "lon": -70.9709492413929, "Mapped_address": "12 Sterling Park, Braintree, MA 02184, USA", "FID": 667}}, {"type": "Feature", "id": 668, "geometry": {"type": "Point", "coordinates": [-71.0052804308986, 42.201928262031]}, "properties": {"Line": 224, "Company": "Boston Gas", "Division": "Braintree", "Town": "Braintree", "Town_Code": "BRA", "State": "MA", "Description__street_segment_": "12-51 PEARL ST, BRA, & 17-21 HANCOCK ST", "Diameter": 4, "Material": "Steel-WI", "Operating_Pressure": "60", "NPA_Opportunity": "No - Critical Main", "LPP_Footage": 435, "LPP_Mileage_": 0.08, "lat": 42.201928262031, "lon": -71.0052804308986, "Mapped_address": "19 Hancock St, Braintree, MA 02184, USA", "FID": 668}}, {"type": "Feature", "id": 669, "geometry": {"type": "Point", "coordinates": [-71.0043397362685, 42.2020168744945]}, "properties": {"Line": 224, "Company": "Boston Gas", "Division": "Braintree", "Town": "Braintree", "Town_Code": "BRA", "State": "MA", "Description__street_segment_": "12-51 PEARL ST, BRA, & 17-21 HANCOCK ST", "Diameter": 4, "Material": "Steel-WI", "Operating_Pressure": "60", "NPA_Opportunity": "No - Critical Main", "LPP_Footage": 435, "LPP_Mileage_": 0.08, "lat": 42.2020168744945, "lon": -71.0043397362685, "Mapped_address": "31 Pearl St, Braintree, MA 02184, USA", "FID": 669}}, {"type": "Feature", "id": 670, "geometry": {"type": "Point", "coordinates": [-71.0042256, 42.2032356]}, "properties": {"Line": 225, "Company": "Boston Gas", "Division": "Braintree", "Town": "Braintree", "Town_Code": "BRA", "State": "MA", "Description__street_segment_": "15-73 HOLBROOK AV, BRA", "Diameter": 2, "Material": "Steel-WI", "Operating_Pressure": "60", "NPA_Opportunity": "No - Impact to System Integration", "LPP_Footage": 495, "LPP_Mileage_": 0.09, "lat": 42.2032356, "lon": -71.0042256, "Mapped_address": "44 Holbrook Ave, Braintree, MA 02184, USA", "FID": 670}}, {"type": "Feature", "id": 671, "geometry": {"type": "Point", "coordinates": [-70.9689971631487, 42.2221050894802]}, "properties": {"Line": 226, "Company": "Boston Gas", "Division": "Braintree", "Town": "Braintree", "Town_Code": "BRA", "State": "MA", "Description__street_segment_": "18-39 QUINCY AV, BRA", "Diameter": 12, "Material": "Steel-WI", "Operating_Pressure": "60", "NPA_Opportunity": "No - Critical Main", "LPP_Footage": 1055, "LPP_Mileage_": 0.2, "lat": 42.2221050894802, "lon": -70.9689971631487, "Mapped_address": "28 Quincy Ave, Braintree, MA 02184, USA", "FID": 671}}, {"type": "Feature", "id": 672, "geometry": {"type": "Point", "coordinates": [-71.0065680998042, 42.1918665561412]}, "properties": {"Line": 227, "Company": "Boston Gas", "Division": "Braintree", "Town": "Braintree", "Town_Code": "BRA", "State": "MA", "Description__street_segment_": "239-325 HANCOCK ST, BRA", "Diameter": 3, "Material": "Steel-WI", "Operating_Pressure": "60", "NPA_Opportunity": "Yes - Potential NPA, partial scope", "LPP_Footage": 1425, "LPP_Mileage_": 0.27, "lat": 42.1918665561412, "lon": -71.0065680998042, "Mapped_address": "282 Hancock St, Braintree, MA 02184, USA", "FID": 672}}, {"type": "Feature", "id": 673, "geometry": {"type": "Point", "coordinates": [-71.0189964843141, 42.2086239768389]}, "properties": {"Line": 228, "Company": "Boston Gas", "Division": "Braintree", "Town": "Braintree", "Town_Code": "BRA", "State": "MA", "Description__street_segment_": "4-72 ANDERSEN RD, BRA", "Diameter": 2, "Material": "Steel-WI", "Operating_Pressure": "60", "NPA_Opportunity": "Yes - Potential NPA", "LPP_Footage": 900, "LPP_Mileage_": 0.17, "lat": 42.2086239768389, "lon": -71.0189964843141, "Mapped_address": "38 Andersen Rd, Braintree, MA 02184, USA", "FID": 673}}, {"type": "Feature", "id": 674, "geometry": {"type": "Point", "coordinates": [-70.9968213734221, 42.2288831327388]}, "properties": {"Line": 229, "Company": "Boston Gas", "Division": "Braintree", "Town": "Braintree", "Town_Code": "BRA", "State": "MA", "Description__street_segment_": "6-121 LAWNVIEW DR, BRA, 3-9 PINECREST RD", "Diameter": 2, "Material": "Steel-WI", "Operating_Pressure": "60", "NPA_Opportunity": "Yes - Potential NPA, partial scope", "LPP_Footage": 1540, "LPP_Mileage_": 0.29, "lat": 42.2288831327388, "lon": -70.9968213734221, "Mapped_address": "6 Pine Crest Rd, Braintree, MA 02184, USA", "FID": 674}}, {"type": "Feature", "id": 675, "geometry": {"type": "Point", "coordinates": [-70.9952292029385, 42.2277364059849]}, "properties": {"Line": 229, "Company": "Boston Gas", "Division": "Braintree", "Town": "Braintree", "Town_Code": "BRA", "State": "MA", "Description__street_segment_": "6-121 LAWNVIEW DR, BRA, 3-9 PINECREST RD", "Diameter": 2, "Material": "Steel-WI", "Operating_Pressure": "60", "NPA_Opportunity": "Yes - Potential NPA, partial scope", "LPP_Footage": 1540, "LPP_Mileage_": 0.29, "lat": 42.2277364059849, "lon": -70.9952292029385, "Mapped_address": "63 Lawnview Dr, Braintree, MA 02184, USA", "FID": 675}}, {"type": "Feature", "id": 676, "geometry": {"type": "Point", "coordinates": [-70.9878181131605, 42.2270111145295]}, "properties": {"Line": 230, "Company": "Boston Gas", "Division": "Braintree", "Town": "Braintree", "Town_Code": "BRA", "State": "MA", "Description__street_segment_": "9-38 HOLDEN RD, BRA", "Diameter": 2, "Material": "Steel-WI", "Operating_Pressure": "60", "NPA_Opportunity": "Yes - Potential NPA, partial scope", "LPP_Footage": 430, "LPP_Mileage_": 0.08, "lat": 42.2270111145295, "lon": -70.9878181131605, "Mapped_address": "23 Holden Rd, Braintree, MA 02184, USA", "FID": 676}}, {"type": "Feature", "id": 677, "geometry": {"type": "Point", "coordinates": [-70.8175610692603, 42.2460098396669]}, "properties": {"Line": 231, "Company": "Boston Gas", "Division": "Braintree", "Town": "Cohasset", "Town_Code": "COH", "State": "MA", "Description__street_segment_": "123-406 N MAIN ST, COH", "Diameter": 4, "Material": "Steel-WI", "Operating_Pressure": "60", "NPA_Opportunity": "Yes - Potential NPA, partial scope", "LPP_Footage": 5350, "LPP_Mileage_": 1.01, "lat": 42.2460098396669, "lon": -70.8175610692603, "Mapped_address": "264 N Main St, Cohasset, MA 02025, USA", "FID": 677}}, {"type": "Feature", "id": 678, "geometry": {"type": "Point", "coordinates": [-70.804825842896, 42.2445070533085]}, "properties": {"Line": 232, "Company": "Boston Gas", "Division": "Braintree", "Town": "Cohasset", "Town_Code": "COH", "State": "MA", "Description__street_segment_": "3-123 N MAIN ST, COH, 1-10 SOHEIR ST", "Diameter": 4, "Material": "Steel-WI", "Operating_Pressure": "60", "NPA_Opportunity": "No - Impact to System Integration", "LPP_Footage": 2495, "LPP_Mileage_": 0.47, "lat": 42.2445070533085, "lon": -70.804825842896, "Mapped_address": "63 N Main St, Cohasset, MA 02025, USA", "FID": 678}}, {"type": "Feature", "id": 679, "geometry": {"type": "Point", "coordinates": [-70.8843346455833, 42.1994111944486]}, "properties": {"Line": 233, "Company": "Boston Gas", "Division": "Braintree", "Town": "Hingham", "Town_Code": "HIN", "State": "MA", "Description__street_segment_": "14-18 LIBERTY POLE RD, HIN, & 6 INDEPENDENCE LN", "Diameter": 2, "Material": "Steel-WI", "Operating_Pressure": "60", "NPA_Opportunity": "Yes - Potential NPA, entire scope", "LPP_Footage": 855, "LPP_Mileage_": 0.16, "lat": 42.1994111944486, "lon": -70.8843346455833, "Mapped_address": "16 Liberty Pole Rd, Hingham, MA 02043, USA", "FID": 679}}, {"type": "Feature", "id": 680, "geometry": {"type": "Point", "coordinates": [-70.885178539324, 42.1987262290382]}, "properties": {"Line": 233, "Company": "Boston Gas", "Division": "Braintree", "Town": "Hingham", "Town_Code": "HIN", "State": "MA", "Description__street_segment_": "14-18 LIBERTY POLE RD, HIN, & 6 INDEPENDENCE LN", "Diameter": 2, "Material": "Steel-WI", "Operating_Pressure": "60", "NPA_Opportunity": "Yes - Potential NPA, entire scope", "LPP_Footage": 855, "LPP_Mileage_": 0.16, "lat": 42.1987262290382, "lon": -70.885178539324, "Mapped_address": "6 Independence Ln, Hingham, MA 02043, USA", "FID": 680}}, {"type": "Feature", "id": 681, "geometry": {"type": "Point", "coordinates": [-70.8579890490933, 42.2430810615767]}, "properties": {"Line": 234, "Company": "Boston Gas", "Division": "Braintree", "Town": "Hingham", "Town_Code": "HIN", "State": "MA", "Description__street_segment_": "241-258 EAST ST, HIN", "Diameter": 6, "Material": "Steel-WI", "Operating_Pressure": "60", "NPA_Opportunity": "No - Critical Main", "LPP_Footage": 320, "LPP_Mileage_": 0.06, "lat": 42.2430810615767, "lon": -70.8579890490933, "Mapped_address": "249 East St, Hingham, MA 02043, USA", "FID": 681}}, {"type": "Feature", "id": 682, "geometry": {"type": "Point", "coordinates": [-70.8957831, 42.2413355]}, "properties": {"Line": 235, "Company": "Boston Gas", "Division": "Braintree", "Town": "Hingham", "Town_Code": "HIN", "State": "MA", "Description__street_segment_": "70-262 SOUTH ST, HIN, BISHOPS LN", "Diameter": 6, "Material": "Steel-WI", "Operating_Pressure": "60", "NPA_Opportunity": "No - Critical Main", "LPP_Footage": 4005, "LPP_Mileage_": 0.76, "lat": 42.2413355, "lon": -70.8957831, "Mapped_address": "166 South St, Hingham, MA 02043, USA", "FID": 682}}, {"type": "Feature", "id": 683, "geometry": {"type": "Point", "coordinates": [-70.9008933615399, 42.2374027160873]}, "properties": {"Line": 235, "Company": "Boston Gas", "Division": "Braintree", "Town": "Hingham", "Town_Code": "HIN", "State": "MA", "Description__street_segment_": "70-262 SOUTH ST, HIN, BISHOPS LN", "Diameter": 6, "Material": "Steel-WI", "Operating_Pressure": "60", "NPA_Opportunity": "No - Critical Main", "LPP_Footage": 4005, "LPP_Mileage_": 0.76, "lat": 42.2374027160873, "lon": -70.9008933615399, "Mapped_address": "Bishops Ln, Hingham, MA 02043, USA", "FID": 683}}, {"type": "Feature", "id": 684, "geometry": {"type": "Point", "coordinates": [-70.8873276891721, 42.2286736401451]}, "properties": {"Line": 236, "Company": "Boston Gas", "Division": "Braintree", "Town": "Hingham", "Town_Code": "HIN", "State": "MA", "Description__street_segment_": "8-203 HULL ST, HIN, & 275-283 CEDAR ST", "Diameter": 6, "Material": "Steel-WI", "Operating_Pressure": "60", "NPA_Opportunity": "Yes - Potential NPA, partial scope", "LPP_Footage": 5795, "LPP_Mileage_": 1.1, "lat": 42.2286736401451, "lon": -70.8873276891721, "Mapped_address": "Cedar St, Hingham, MA 02043, USA", "FID": 684}}, {"type": "Feature", "id": 685, "geometry": {"type": "Point", "coordinates": [-70.8806020210124, 42.2855094767093]}, "properties": {"Line": 237, "Company": "Boston Gas", "Division": "Braintree", "Town": "Hull", "Town_Code": "HUL", "State": "MA", "Description__street_segment_": "274-330 NEWPORT RD, HUL, & 12-64 LYNN AV", "Diameter": 2, "Material": "Steel-WI", "Operating_Pressure": "60", "NPA_Opportunity": "Yes - Potential NPA, partial scope", "LPP_Footage": 1320, "LPP_Mileage_": 0.25, "lat": 42.2855094767093, "lon": -70.8806020210124, "Mapped_address": "302 Newport Rd, Hull, MA 02045, USA", "FID": 685}}, {"type": "Feature", "id": 686, "geometry": {"type": "Point", "coordinates": [-70.8792958113577, 42.2856348422821]}, "properties": {"Line": 237, "Company": "Boston Gas", "Division": "Braintree", "Town": "Hull", "Town_Code": "HUL", "State": "MA", "Description__street_segment_": "274-330 NEWPORT RD, HUL, & 12-64 LYNN AV", "Diameter": 2, "Material": "Steel-WI", "Operating_Pressure": "60", "NPA_Opportunity": "Yes - Potential NPA, partial scope", "LPP_Footage": 1320, "LPP_Mileage_": 0.25, "lat": 42.2856348422821, "lon": -70.8792958113577, "Mapped_address": "38 Lynn Ave, Hull, MA 02045, USA", "FID": 686}}, {"type": "Feature", "id": 687, "geometry": {"type": "Point", "coordinates": [-70.8657636300784, 42.2739240033416]}, "properties": {"Line": 238, "Company": "Boston Gas", "Division": "Braintree", "Town": "Hull", "Town_Code": "HUL", "State": "MA", "Description__street_segment_": "80-129 BAY ST, HUL, & 12-30 FAIRMOUNT WAY", "Diameter": 3, "Material": "Steel-WI", "Operating_Pressure": "60", "NPA_Opportunity": "No - Impact to System Integration", "LPP_Footage": 1990, "LPP_Mileage_": 0.38, "lat": 42.2739240033416, "lon": -70.8657636300784, "Mapped_address": "104 Bay St, Hull, MA 02045, USA", "FID": 687}}, {"type": "Feature", "id": 688, "geometry": {"type": "Point", "coordinates": [-70.8652403336178, 42.273303684275]}, "properties": {"Line": 238, "Company": "Boston Gas", "Division": "Braintree", "Town": "Hull", "Town_Code": "HUL", "State": "MA", "Description__street_segment_": "80-129 BAY ST, HUL, & 12-30 FAIRMOUNT WAY", "Diameter": 3, "Material": "Steel-WI", "Operating_Pressure": "60", "NPA_Opportunity": "No - Impact to System Integration", "LPP_Footage": 1990, "LPP_Mileage_": 0.38, "lat": 42.273303684275, "lon": -70.8652403336178, "Mapped_address": "21 Fairmount Way, Hull, MA 02045, USA", "FID": 688}}, {"type": "Feature", "id": 689, "geometry": {"type": "Point", "coordinates": [-71.0517142739516, 42.2549613023056]}, "properties": {"Line": 239, "Company": "Boston Gas", "Division": "Braintree", "Town": "Milton", "Town_Code": "MIL", "State": "MA", "Description__street_segment_": "1-134 EDGE HILL RD, MIL, 3-69 CENTURY LN &LAWRENCE", "Diameter": 6, "Material": "Cast Iron", "Operating_Pressure": "LP", "NPA_Opportunity": "No - Impact to System Integration", "LPP_Footage": 3015, "LPP_Mileage_": 0.57, "lat": 42.2549613023056, "lon": -71.0517142739516, "Mapped_address": "36 Century Ln, Milton, MA 02186, USA", "FID": 689}}, {"type": "Feature", "id": 690, "geometry": {"type": "Point", "coordinates": [-71.0535672958304, 42.2522718964847]}, "properties": {"Line": 239, "Company": "Boston Gas", "Division": "Braintree", "Town": "Milton", "Town_Code": "MIL", "State": "MA", "Description__street_segment_": "1-134 EDGE HILL RD, MIL, 3-69 CENTURY LN &LAWRENCE", "Diameter": 6, "Material": "Cast Iron", "Operating_Pressure": "LP", "NPA_Opportunity": "No - Impact to System Integration", "LPP_Footage": 3015, "LPP_Mileage_": 0.57, "lat": 42.2522718964847, "lon": -71.0535672958304, "Mapped_address": "67 Edge Hill Rd, Milton, MA 02186, USA", "FID": 690}}, {"type": "Feature", "id": 691, "geometry": {"type": "Point", "coordinates": [-71.081386465927, 42.2618005058527]}, "properties": {"Line": 240, "Company": "Boston Gas", "Division": "Braintree", "Town": "Milton", "Town_Code": "MIL", "State": "MA", "Description__street_segment_": "164-228 HINCKLEY RD, MIL, & 87-119 STANDISH RD", "Diameter": 6, "Material": "Cast Iron", "Operating_Pressure": "LP", "NPA_Opportunity": "No - Impact to System Integration", "LPP_Footage": 1460, "LPP_Mileage_": 0.28, "lat": 42.2618005058527, "lon": -71.081386465927, "Mapped_address": "103 Standish Rd, Milton, MA 02186, USA", "FID": 691}}, {"type": "Feature", "id": 692, "geometry": {"type": "Point", "coordinates": [-71.0812031135929, 42.2624226581096]}, "properties": {"Line": 240, "Company": "Boston Gas", "Division": "Braintree", "Town": "Milton", "Town_Code": "MIL", "State": "MA", "Description__street_segment_": "164-228 HINCKLEY RD, MIL, & 87-119 STANDISH RD", "Diameter": 6, "Material": "Cast Iron", "Operating_Pressure": "LP", "NPA_Opportunity": "No - Impact to System Integration", "LPP_Footage": 1460, "LPP_Mileage_": 0.28, "lat": 42.2624226581096, "lon": -71.0812031135929, "Mapped_address": "196 Hinckley Rd, Milton, MA 02186, USA", "FID": 692}}, {"type": "Feature", "id": 693, "geometry": {"type": "Point", "coordinates": [-71.0409087, 42.2624967]}, "properties": {"Line": 242, "Company": "Boston Gas", "Division": "Braintree", "Town": "Milton", "Town_Code": "MIL", "State": "MA", "Description__street_segment_": "71-217 CHURCH ST, MIL, & EMERSON RD, WOOD ST", "Diameter": 8, "Material": "Cast Iron", "Operating_Pressure": "LP", "NPA_Opportunity": "No - Impact to System Integration", "LPP_Footage": 2310, "LPP_Mileage_": 0.44, "lat": 42.2624967, "lon": -71.0409087, "Mapped_address": "144 Church St, Milton, MA 02186, USA", "FID": 693}}, {"type": "Feature", "id": 694, "geometry": {"type": "Point", "coordinates": [-71.0406397, 42.2629183]}, "properties": {"Line": 242, "Company": "Boston Gas", "Division": "Braintree", "Town": "Milton", "Town_Code": "MIL", "State": "MA", "Description__street_segment_": "71-217 CHURCH ST, MIL, & EMERSON RD, WOOD ST", "Diameter": 8, "Material": "Cast Iron", "Operating_Pressure": "LP", "NPA_Opportunity": "No - Impact to System Integration", "LPP_Footage": 2310, "LPP_Mileage_": 0.44, "lat": 42.2629183, "lon": -71.0406397, "Mapped_address": "Emerson Rd, Milton, MA, USA", "FID": 694}}, {"type": "Feature", "id": 695, "geometry": {"type": "Point", "coordinates": [-71.0397032, 42.2620237]}, "properties": {"Line": 242, "Company": "Boston Gas", "Division": "Braintree", "Town": "Milton", "Town_Code": "MIL", "State": "MA", "Description__street_segment_": "71-217 CHURCH ST, MIL, & EMERSON RD, WOOD ST", "Diameter": 8, "Material": "Cast Iron", "Operating_Pressure": "LP", "NPA_Opportunity": "No - Impact to System Integration", "LPP_Footage": 2310, "LPP_Mileage_": 0.44, "lat": 42.2620237, "lon": -71.0397032, "Mapped_address": "Wood St, Milton, MA 02186, USA", "FID": 695}}, {"type": "Feature", "id": 696, "geometry": {"type": "Point", "coordinates": [-71.0661678798529, 42.2293436594282]}, "properties": {"Line": 243, "Company": "Boston Gas", "Division": "Braintree", "Town": "Milton", "Town_Code": "MIL", "State": "MA", "Description__street_segment_": "79-176 HILLTOP ST, MIL, & 5-70 SEARS RD", "Diameter": 8, "Material": "Cast Iron", "Operating_Pressure": "LP", "NPA_Opportunity": "Yes - Potential NPA, partial scope", "LPP_Footage": 2020, "LPP_Mileage_": 0.38, "lat": 42.2293436594282, "lon": -71.0661678798529, "Mapped_address": "127 Hilltop St, Milton, MA 02186, USA", "FID": 696}}, {"type": "Feature", "id": 697, "geometry": {"type": "Point", "coordinates": [-71.0680056171288, 42.2289080173852]}, "properties": {"Line": 243, "Company": "Boston Gas", "Division": "Braintree", "Town": "Milton", "Town_Code": "MIL", "State": "MA", "Description__street_segment_": "79-176 HILLTOP ST, MIL, & 5-70 SEARS RD", "Diameter": 8, "Material": "Cast Iron", "Operating_Pressure": "LP", "NPA_Opportunity": "Yes - Potential NPA, partial scope", "LPP_Footage": 2020, "LPP_Mileage_": 0.38, "lat": 42.2289080173852, "lon": -71.0680056171288, "Mapped_address": "37 Sears Rd, Milton, MA 02186, USA", "FID": 697}}, {"type": "Feature", "id": 698, "geometry": {"type": "Point", "coordinates": [-71.0470216257974, 42.2725909946258]}, "properties": {"Line": 244, "Company": "Boston Gas", "Division": "Braintree", "Town": "Milton", "Town_Code": "MIL", "State": "MA", "Description__street_segment_": "8-54 THISTLE AV, MIL, & RIVERSIDE AV, WHITMAN", "Diameter": 4, "Material": "Steel-WI", "Operating_Pressure": "22", "NPA_Opportunity": "Yes - Potential NPA, entire scope", "LPP_Footage": 1475, "LPP_Mileage_": 0.28, "lat": 42.2725909946258, "lon": -71.0470216257974, "Mapped_address": "31 Thistle Ave, Milton, MA 02186, USA", "FID": 698}}, {"type": "Feature", "id": 699, "geometry": {"type": "Point", "coordinates": [-71.0447711, 42.2730481]}, "properties": {"Line": 244, "Company": "Boston Gas", "Division": "Braintree", "Town": "Milton", "Town_Code": "MIL", "State": "MA", "Description__street_segment_": "8-54 THISTLE AV, MIL, & RIVERSIDE AV, WHITMAN", "Diameter": 4, "Material": "Steel-WI", "Operating_Pressure": "22", "NPA_Opportunity": "Yes - Potential NPA, entire scope", "LPP_Footage": 1475, "LPP_Mileage_": 0.28, "lat": 42.2730481, "lon": -71.0447711, "Mapped_address": "Riverside Ave, Milton, MA 02186, USA", "FID": 699}}, {"type": "Feature", "id": 700, "geometry": {"type": "Point", "coordinates": [-71.1007766, 42.2411909]}, "properties": {"Line": 245, "Company": "Boston Gas", "Division": "Braintree", "Town": "Milton", "Town_Code": "MIL", "State": "MA", "Description__street_segment_": "939-1258 CANTON AV, MIL, & APPLE LN, THE LEDGEWAY", "Diameter": 8, "Material": "Cast Iron", "Operating_Pressure": "LP", "NPA_Opportunity": "Yes - Potential NPA, partial scope", "LPP_Footage": 4935, "LPP_Mileage_": 0.93, "lat": 42.2411909, "lon": -71.1007766, "Mapped_address": "1098 Canton Ave, Milton, MA 02186, USA", "FID": 700}}, {"type": "Feature", "id": 701, "geometry": {"type": "Point", "coordinates": [-70.9685599, 42.2126141]}, "properties": {"Line": 298, "Company": "Boston Gas", "Division": "Braintree", "Town": "Weymouth", "Town_Code": "WEY", "State": "MA", "Description__street_segment_": "11-51 THAYER AV, WEY, & GARFIELD AV", "Diameter": 2, "Material": "Steel-WI", "Operating_Pressure": "60", "NPA_Opportunity": "No - Impact to System Integration", "LPP_Footage": 795, "LPP_Mileage_": 0.15, "lat": 42.2126141, "lon": -70.9685599, "Mapped_address": "Garfield Ave, Weymouth, MA 02188, USA", "FID": 701}}, {"type": "Feature", "id": 702, "geometry": {"type": "Point", "coordinates": [-70.9251423226946, 42.1951811796373]}, "properties": {"Line": 299, "Company": "Boston Gas", "Division": "Braintree", "Town": "Weymouth", "Town_Code": "WEY", "State": "MA", "Description__street_segment_": "1161-1358 WASHINGTON ST, WEY, & ARGYLE CT", "Diameter": 3, "Material": "Steel-WI", "Operating_Pressure": "60", "NPA_Opportunity": "Yes - Potential NPA, partial scope", "LPP_Footage": 3045, "LPP_Mileage_": 0.58, "lat": 42.1951811796373, "lon": -70.9251423226946, "Mapped_address": "1259 Washington St, Weymouth, MA 02189, USA", "FID": 702}}, {"type": "Feature", "id": 703, "geometry": {"type": "Point", "coordinates": [-70.9233217, 42.1945911]}, "properties": {"Line": 299, "Company": "Boston Gas", "Division": "Braintree", "Town": "Weymouth", "Town_Code": "WEY", "State": "MA", "Description__street_segment_": "1161-1358 WASHINGTON ST, WEY, & ARGYLE CT", "Diameter": 3, "Material": "Steel-WI", "Operating_Pressure": "60", "NPA_Opportunity": "Yes - Potential NPA, partial scope", "LPP_Footage": 3045, "LPP_Mileage_": 0.58, "lat": 42.1945911, "lon": -70.9233217, "Mapped_address": "Argyle Ct, Weymouth, MA 02189, USA", "FID": 703}}, {"type": "Feature", "id": 704, "geometry": {"type": "Point", "coordinates": [-70.9410926684202, 42.2360531434358]}, "properties": {"Line": 300, "Company": "Boston Gas", "Division": "Braintree", "Town": "Weymouth", "Town_Code": "WEY", "State": "MA", "Description__street_segment_": "14-134 MORELAND RD, WEY, & DONNELLAN CIR, RINALDO", "Diameter": 2, "Material": "Steel-WI", "Operating_Pressure": "60", "NPA_Opportunity": "Yes - Potential NPA, partial scope", "LPP_Footage": 5015, "LPP_Mileage_": 0.95, "lat": 42.2360531434358, "lon": -70.9410926684202, "Mapped_address": "74 Moreland Rd, Weymouth, MA 02191, USA", "FID": 704}}, {"type": "Feature", "id": 705, "geometry": {"type": "Point", "coordinates": [-70.9412827, 42.2358432]}, "properties": {"Line": 300, "Company": "Boston Gas", "Division": "Braintree", "Town": "Weymouth", "Town_Code": "WEY", "State": "MA", "Description__street_segment_": "14-134 MORELAND RD, WEY, & DONNELLAN CIR, RINALDO", "Diameter": 2, "Material": "Steel-WI", "Operating_Pressure": "60", "NPA_Opportunity": "Yes - Potential NPA, partial scope", "LPP_Footage": 5015, "LPP_Mileage_": 0.95, "lat": 42.2358432, "lon": -70.9412827, "Mapped_address": "Donnellan Cir, Weymouth, MA 02191, USA", "FID": 705}}, {"type": "Feature", "id": 706, "geometry": {"type": "Point", "coordinates": [-70.9213213, 42.2183836]}, "properties": {"Line": 301, "Company": "Boston Gas", "Division": "Braintree", "Town": "Weymouth", "Town_Code": "WEY", "State": "MA", "Description__street_segment_": "1520-1673 COMMERCIAL ST, WEY, & HAWKINS ST", "Diameter": 6, "Material": "Steel-WI", "Operating_Pressure": "60", "NPA_Opportunity": "No - Critical Main", "LPP_Footage": 2075, "LPP_Mileage_": 0.39, "lat": 42.2183836, "lon": -70.9213213, "Mapped_address": "1596 Commercial St, Weymouth, MA 02189, USA", "FID": 706}}, {"type": "Feature", "id": 707, "geometry": {"type": "Point", "coordinates": [-70.9208122, 42.2179418]}, "properties": {"Line": 301, "Company": "Boston Gas", "Division": "Braintree", "Town": "Weymouth", "Town_Code": "WEY", "State": "MA", "Description__street_segment_": "1520-1673 COMMERCIAL ST, WEY, & HAWKINS ST", "Diameter": 6, "Material": "Steel-WI", "Operating_Pressure": "60", "NPA_Opportunity": "No - Critical Main", "LPP_Footage": 2075, "LPP_Mileage_": 0.39, "lat": 42.2179418, "lon": -70.9208122, "Mapped_address": "Hawkins St, Weymouth, MA 02189, USA", "FID": 707}}, {"type": "Feature", "id": 708, "geometry": {"type": "Point", "coordinates": [-70.9417814257583, 42.1766691831169]}, "properties": {"Line": 302, "Company": "Boston Gas", "Division": "Braintree", "Town": "Weymouth", "Town_Code": "WEY", "State": "MA", "Description__street_segment_": "15-273 RALPH TALBOT ST, WEY", "Diameter": 4, "Material": "Steel-WI", "Operating_Pressure": "60", "NPA_Opportunity": "No - Impact to System Integration", "LPP_Footage": 3360, "LPP_Mileage_": 0.64, "lat": 42.1766691831169, "lon": -70.9417814257583, "Mapped_address": "144 Ralph Talbot St, Weymouth, MA 02190, USA", "FID": 708}}, {"type": "Feature", "id": 709, "geometry": {"type": "Point", "coordinates": [-70.9159465460821, 42.2235091056528]}, "properties": {"Line": 303, "Company": "Boston Gas", "Division": "Braintree", "Town": "Weymouth", "Town_Code": "WEY", "State": "MA", "Description__street_segment_": "1757-1814 COMMERCIAL ST, WEY, ADDINGTON CIR", "Diameter": 6, "Material": "Steel-WI", "Operating_Pressure": "60", "NPA_Opportunity": "No - Impact to System Integration", "LPP_Footage": 1625, "LPP_Mileage_": 0.31, "lat": 42.2235091056528, "lon": -70.9159465460821, "Mapped_address": "1785 Commercial St, Weymouth, MA 02189, USA", "FID": 709}}, {"type": "Feature", "id": 710, "geometry": {"type": "Point", "coordinates": [-70.9172247142628, 42.2229671818743]}, "properties": {"Line": 303, "Company": "Boston Gas", "Division": "Braintree", "Town": "Weymouth", "Town_Code": "WEY", "State": "MA", "Description__street_segment_": "1757-1814 COMMERCIAL ST, WEY, ADDINGTON CIR", "Diameter": 6, "Material": "Steel-WI", "Operating_Pressure": "60", "NPA_Opportunity": "No - Impact to System Integration", "LPP_Footage": 1625, "LPP_Mileage_": 0.31, "lat": 42.2229671818743, "lon": -70.9172247142628, "Mapped_address": "Addington Cir, Weymouth, MA 02189, USA", "FID": 710}}, {"type": "Feature", "id": 711, "geometry": {"type": "Point", "coordinates": [-70.9614317177706, 42.1598778544864]}, "properties": {"Line": 304, "Company": "Boston Gas", "Division": "Braintree", "Town": "Weymouth", "Town_Code": "WEY", "State": "MA", "Description__street_segment_": "18-60 OAKDEN AV, WEY", "Diameter": 2, "Material": "Steel-WI", "Operating_Pressure": "60", "NPA_Opportunity": "Yes - Potential NPA", "LPP_Footage": 730, "LPP_Mileage_": 0.14, "lat": 42.1598778544864, "lon": -70.9614317177706, "Mapped_address": "39 Oakden Ave, Weymouth, MA 02190, USA", "FID": 711}}, {"type": "Feature", "id": 712, "geometry": {"type": "Point", "coordinates": [-70.9515696453162, 42.2267064518046]}, "properties": {"Line": 305, "Company": "Boston Gas", "Division": "Braintree", "Town": "Weymouth", "Town_Code": "WEY", "State": "MA", "Description__street_segment_": "495-540 COMMERCIAL ST, WEY", "Diameter": 3, "Material": "Steel-WI", "Operating_Pressure": "60", "NPA_Opportunity": "Yes - Potential NPA, partial scope", "LPP_Footage": 550, "LPP_Mileage_": 0.1, "lat": 42.2267064518046, "lon": -70.9515696453162, "Mapped_address": "517 Commercial St, Weymouth, MA 02188, USA", "FID": 712}}, {"type": "Feature", "id": 713, "geometry": {"type": "Point", "coordinates": [-70.9500885849004, 42.2456931519722]}, "properties": {"Line": 306, "Company": "Boston Gas", "Division": "Braintree", "Town": "Weymouth", "Town_Code": "WEY", "State": "MA", "Description__street_segment_": "5-46 SAGAMORE RD, WEY, 8-44 HOBAMACK RD, MANOMET", "Diameter": 2, "Material": "Steel-WI", "Operating_Pressure": "60", "NPA_Opportunity": "No - Impact to System Integration", "LPP_Footage": 1880, "LPP_Mileage_": 0.36, "lat": 42.2456931519722, "lon": -70.9500885849004, "Mapped_address": "25 Sagamore Rd, Weymouth, MA 02191, USA", "FID": 713}}, {"type": "Feature", "id": 714, "geometry": {"type": "Point", "coordinates": [-70.9488297592901, 42.2463235399085]}, "properties": {"Line": 306, "Company": "Boston Gas", "Division": "Braintree", "Town": "Weymouth", "Town_Code": "WEY", "State": "MA", "Description__street_segment_": "5-46 SAGAMORE RD, WEY, 8-44 HOBAMACK RD, MANOMET", "Diameter": 2, "Material": "Steel-WI", "Operating_Pressure": "60", "NPA_Opportunity": "No - Impact to System Integration", "LPP_Footage": 1880, "LPP_Mileage_": 0.36, "lat": 42.2463235399085, "lon": -70.9488297592901, "Mapped_address": "26 Hobamack Rd, Weymouth, MA 02191, USA", "FID": 714}}, {"type": "Feature", "id": 715, "geometry": {"type": "Point", "coordinates": [-70.9464226447088, 42.0807794183445]}, "properties": {"Line": 307, "Company": "Boston Gas", "Division": "Braintree", "Town": "Whitman", "Town_Code": "WHI", "State": "MA", "Description__street_segment_": "743-756 BEDFORD ST, WHI, & 246-249 TEMPLE ST", "Diameter": 2, "Material": "Steel-WI", "Operating_Pressure": "60", "NPA_Opportunity": "No - Impact to System Integration", "LPP_Footage": 115, "LPP_Mileage_": 0.02, "lat": 42.0807794183445, "lon": -70.9464226447088, "Mapped_address": "247 Temple St, Whitman, MA 02382, USA", "FID": 715}}, {"type": "Feature", "id": 716, "geometry": {"type": "Point", "coordinates": [-70.9467744345564, 42.081058571253]}, "properties": {"Line": 307, "Company": "Boston Gas", "Division": "Braintree", "Town": "Whitman", "Town_Code": "WHI", "State": "MA", "Description__street_segment_": "743-756 BEDFORD ST, WHI, & 246-249 TEMPLE ST", "Diameter": 2, "Material": "Steel-WI", "Operating_Pressure": "60", "NPA_Opportunity": "No - Impact to System Integration", "LPP_Footage": 115, "LPP_Mileage_": 0.02, "lat": 42.081058571253, "lon": -70.9467744345564, "Mapped_address": "749 Bedford St, Whitman, MA 02382, USA", "FID": 716}}, {"type": "Feature", "id": 717, "geometry": {"type": "Point", "coordinates": [-71.0943852778368, 42.7726556223495]}, "properties": {"Line": 308, "Company": "Boston Gas", "Division": "Essex", "Town": "Haverhill", "Town_Code": "HAV", "State": "MA", "Description__street_segment_": "11-102 PILLING ST, HAV", "Diameter": 4, "Material": "Cast Iron", "Operating_Pressure": "LP", "NPA_Opportunity": "No - Impact to System Integration", "LPP_Footage": 1075, "LPP_Mileage_": 0.2, "lat": 42.7726556223495, "lon": -71.0943852778368, "Mapped_address": "56 Pilling St, Haverhill, MA 01832, USA", "FID": 717}}, {"type": "Feature", "id": 718, "geometry": {"type": "Point", "coordinates": [-71.1027943305732, 42.2411139647567]}, "properties": {"Line": 245, "Company": "Boston Gas", "Division": "Braintree", "Town": "Milton", "Town_Code": "MIL", "State": "MA", "Description__street_segment_": "939-1258 CANTON AV, MIL, & APPLE LN, THE LEDGEWAY", "Diameter": 8, "Material": "Cast Iron", "Operating_Pressure": "LP", "NPA_Opportunity": "Yes - Potential NPA, partial scope", "LPP_Footage": 4935, "LPP_Mileage_": 0.93, "lat": 42.2411139647567, "lon": -71.1027943305732, "Mapped_address": "Apple Ln, Milton, MA 02186, USA", "FID": 718}}, {"type": "Feature", "id": 719, "geometry": {"type": "Point", "coordinates": [-71.0816642018363, 42.7682765526582]}, "properties": {"Line": 309, "Company": "Boston Gas", "Division": "Essex", "Town": "Haverhill", "Town_Code": "HAV", "State": "MA", "Description__street_segment_": "15-83 S PROSPECT ST, HAV, LOCKWOOD ST,CHANDLER ST", "Diameter": 3, "Material": "Cast Iron", "Operating_Pressure": "LP to 60", "NPA_Opportunity": "Yes - Potential NPA, partial scope", "LPP_Footage": 3585, "LPP_Mileage_": 0.68, "lat": 42.7682765526582, "lon": -71.0816642018363, "Mapped_address": "49 S Prospect St, Haverhill, MA 01835, USA", "FID": 719}}, {"type": "Feature", "id": 720, "geometry": {"type": "Point", "coordinates": [-71.0830977354203, 42.7669879727559]}, "properties": {"Line": 309, "Company": "Boston Gas", "Division": "Essex", "Town": "Haverhill", "Town_Code": "HAV", "State": "MA", "Description__street_segment_": "15-83 S PROSPECT ST, HAV, LOCKWOOD ST,CHANDLER ST", "Diameter": 3, "Material": "Cast Iron", "Operating_Pressure": "LP to 60", "NPA_Opportunity": "Yes - Potential NPA, partial scope", "LPP_Footage": 3585, "LPP_Mileage_": 0.68, "lat": 42.7669879727559, "lon": -71.0830977354203, "Mapped_address": "Chandler St, Haverhill, MA 01835, USA", "FID": 720}}, {"type": "Feature", "id": 721, "geometry": {"type": "Point", "coordinates": [-71.0829992706925, 42.7690383187578]}, "properties": {"Line": 309, "Company": "Boston Gas", "Division": "Essex", "Town": "Haverhill", "Town_Code": "HAV", "State": "MA", "Description__street_segment_": "15-83 S PROSPECT ST, HAV, LOCKWOOD ST,CHANDLER ST", "Diameter": 3, "Material": "Cast Iron", "Operating_Pressure": "LP to 60", "NPA_Opportunity": "Yes - Potential NPA, partial scope", "LPP_Footage": 3585, "LPP_Mileage_": 0.68, "lat": 42.7690383187578, "lon": -71.0829992706925, "Mapped_address": "Lockwood St, Haverhill, MA 01835, USA", "FID": 721}}, {"type": "Feature", "id": 722, "geometry": {"type": "Point", "coordinates": [-71.0679515848712, 42.776205739258]}, "properties": {"Line": 310, "Company": "Boston Gas", "Division": "Essex", "Town": "Haverhill", "Town_Code": "HAV", "State": "MA", "Description__street_segment_": "184-234 SUMMER ST, HAV, 22-28 MILL ST & CANE ST", "Diameter": 10, "Material": "Cast Iron", "Operating_Pressure": "LP", "NPA_Opportunity": "Yes - Potential NPA", "LPP_Footage": 1570, "LPP_Mileage_": 0.3, "lat": 42.776205739258, "lon": -71.0679515848712, "Mapped_address": "209 Summer St, Haverhill, MA 01830, USA", "FID": 722}}, {"type": "Feature", "id": 723, "geometry": {"type": "Point", "coordinates": [-71.0677355162496, 42.7754527666903]}, "properties": {"Line": 310, "Company": "Boston Gas", "Division": "Essex", "Town": "Haverhill", "Town_Code": "HAV", "State": "MA", "Description__street_segment_": "184-234 SUMMER ST, HAV, 22-28 MILL ST & CANE ST", "Diameter": 10, "Material": "Cast Iron", "Operating_Pressure": "LP", "NPA_Opportunity": "Yes - Potential NPA", "LPP_Footage": 1570, "LPP_Mileage_": 0.3, "lat": 42.7754527666903, "lon": -71.0677355162496, "Mapped_address": "25 Mill St, Haverhill, MA 01830, USA", "FID": 723}}, {"type": "Feature", "id": 724, "geometry": {"type": "Point", "coordinates": [-71.0863055745475, 42.7666462427864]}, "properties": {"Line": 311, "Company": "Boston Gas", "Division": "Essex", "Town": "Haverhill", "Town_Code": "HAV", "State": "MA", "Description__street_segment_": "2-115 BLOSSOM ST, HAV, 1-5 VERNON ST,CRESCENT ST", "Diameter": 4, "Material": "Cast Iron", "Operating_Pressure": "LP to 60", "NPA_Opportunity": "No - Impact to System Integration", "LPP_Footage": 2625, "LPP_Mileage_": 0.5, "lat": 42.7666462427864, "lon": -71.0863055745475, "Mapped_address": "3 Vernon St, Haverhill, MA 01835, USA", "FID": 724}}, {"type": "Feature", "id": 725, "geometry": {"type": "Point", "coordinates": [-71.0858711751148, 42.7664423155854]}, "properties": {"Line": 311, "Company": "Boston Gas", "Division": "Essex", "Town": "Haverhill", "Town_Code": "HAV", "State": "MA", "Description__street_segment_": "2-115 BLOSSOM ST, HAV, 1-5 VERNON ST,CRESCENT ST", "Diameter": 4, "Material": "Cast Iron", "Operating_Pressure": "LP to 60", "NPA_Opportunity": "No - Impact to System Integration", "LPP_Footage": 2625, "LPP_Mileage_": 0.5, "lat": 42.7664423155854, "lon": -71.0858711751148, "Mapped_address": "58 Blossom St, Haverhill, MA 01835, USA", "FID": 725}}, {"type": "Feature", "id": 726, "geometry": {"type": "Point", "coordinates": [-71.0852532, 42.764795]}, "properties": {"Line": 311, "Company": "Boston Gas", "Division": "Essex", "Town": "Haverhill", "Town_Code": "HAV", "State": "MA", "Description__street_segment_": "2-115 BLOSSOM ST, HAV, 1-5 VERNON ST,CRESCENT ST", "Diameter": 4, "Material": "Cast Iron", "Operating_Pressure": "LP to 60", "NPA_Opportunity": "No - Impact to System Integration", "LPP_Footage": 2625, "LPP_Mileage_": 0.5, "lat": 42.764795, "lon": -71.0852532, "Mapped_address": "Crescent St, Haverhill, MA 01835, USA", "FID": 726}}, {"type": "Feature", "id": 727, "geometry": {"type": "Point", "coordinates": [-71.0821217325677, 42.7804918363901]}, "properties": {"Line": 312, "Company": "Boston Gas", "Division": "Essex", "Town": "Haverhill", "Town_Code": "HAV", "State": "MA", "Description__street_segment_": "2-56 NORTH ST, HAV, &NORTH ST,FRANKLIN,JOHN", "Diameter": 4, "Material": "Cast Iron", "Operating_Pressure": "LP to 60", "NPA_Opportunity": "No - Impact to System Integration", "LPP_Footage": 7455, "LPP_Mileage_": 1.41, "lat": 42.7804918363901, "lon": -71.0821217325677, "Mapped_address": "29 North St, Haverhill, MA 01830, USA", "FID": 727}}, {"type": "Feature", "id": 728, "geometry": {"type": "Point", "coordinates": [-71.0821406, 42.7805781]}, "properties": {"Line": 312, "Company": "Boston Gas", "Division": "Essex", "Town": "Haverhill", "Town_Code": "HAV", "State": "MA", "Description__street_segment_": "2-56 NORTH ST, HAV, &NORTH ST,FRANKLIN,JOHN", "Diameter": 4, "Material": "Cast Iron", "Operating_Pressure": "LP to 60", "NPA_Opportunity": "No - Impact to System Integration", "LPP_Footage": 7455, "LPP_Mileage_": 1.41, "lat": 42.7805781, "lon": -71.0821406, "Mapped_address": "North St, Haverhill, MA 01830, USA", "FID": 728}}, {"type": "Feature", "id": 729, "geometry": {"type": "Point", "coordinates": [-71.0687037040495, 42.7886637445216]}, "properties": {"Line": 313, "Company": "Boston Gas", "Division": "Essex", "Town": "Haverhill", "Town_Code": "HAV", "State": "MA", "Description__street_segment_": "3-47 LAKESIDE ST, HAV", "Diameter": 4, "Material": "Cast Iron", "Operating_Pressure": "LP to 100", "NPA_Opportunity": "Yes - Potential NPA, entire scope", "LPP_Footage": 695, "LPP_Mileage_": 0.13, "lat": 42.7886637445216, "lon": -71.0687037040495, "Mapped_address": "25 Lakeside St, Haverhill, MA 01830, USA", "FID": 729}}, {"type": "Feature", "id": 730, "geometry": {"type": "Point", "coordinates": [-71.0855156625741, 42.793294463213]}, "properties": {"Line": 314, "Company": "Boston Gas", "Division": "Essex", "Town": "Haverhill", "Town_Code": "HAV", "State": "MA", "Description__street_segment_": "3-50 SEVENTEENTH AV, HAV", "Diameter": 4, "Material": "Cast Iron", "Operating_Pressure": "LP", "NPA_Opportunity": "Yes - Potential NPA, entire scope", "LPP_Footage": 885, "LPP_Mileage_": 0.17, "lat": 42.793294463213, "lon": -71.0855156625741, "Mapped_address": "26 17th Ave, Haverhill, MA 01830, USA", "FID": 730}}, {"type": "Feature", "id": 731, "geometry": {"type": "Point", "coordinates": [-71.1059674268742, 42.7769016506252]}, "properties": {"Line": 315, "Company": "Boston Gas", "Division": "Essex", "Town": "Haverhill", "Town_Code": "HAV", "State": "MA", "Description__street_segment_": "3-65 ADELE AV, HAV, LOWELL,LEYLAND,WASHINGTON", "Diameter": 6, "Material": "Cast Iron", "Operating_Pressure": "LP to 60", "NPA_Opportunity": "No - Critical Main", "LPP_Footage": 2615, "LPP_Mileage_": 0.5, "lat": 42.7769016506252, "lon": -71.1059674268742, "Mapped_address": "34 Adele Ave, Haverhill, MA 01832, USA", "FID": 731}}, {"type": "Feature", "id": 732, "geometry": {"type": "Point", "coordinates": [-71.0688245936224, 42.7879918496876]}, "properties": {"Line": 316, "Company": "Boston Gas", "Division": "Essex", "Town": "Haverhill", "Town_Code": "HAV", "State": "MA", "Description__street_segment_": "5-60 EASTLAND TER, HAV, WESTLAND TER,WOODLAND WY", "Diameter": 4, "Material": "Cast Iron", "Operating_Pressure": "LP to 100", "NPA_Opportunity": "Yes - Potential NPA, partial scope", "LPP_Footage": 2695, "LPP_Mileage_": 0.51, "lat": 42.7879918496876, "lon": -71.0688245936224, "Mapped_address": "32 Eastland Terrace, Haverhill, MA 01830, USA", "FID": 732}}, {"type": "Feature", "id": 733, "geometry": {"type": "Point", "coordinates": [-71.0684747, 42.7859913]}, "properties": {"Line": 316, "Company": "Boston Gas", "Division": "Essex", "Town": "Haverhill", "Town_Code": "HAV", "State": "MA", "Description__street_segment_": "5-60 EASTLAND TER, HAV, WESTLAND TER,WOODLAND WY", "Diameter": 4, "Material": "Cast Iron", "Operating_Pressure": "LP to 100", "NPA_Opportunity": "Yes - Potential NPA, partial scope", "LPP_Footage": 2695, "LPP_Mileage_": 0.51, "lat": 42.7859913, "lon": -71.0684747, "Mapped_address": "Westland Terrace, Haverhill, MA 01830, USA", "FID": 733}}, {"type": "Feature", "id": 734, "geometry": {"type": "Point", "coordinates": [-71.0670579, 42.7868499]}, "properties": {"Line": 316, "Company": "Boston Gas", "Division": "Essex", "Town": "Haverhill", "Town_Code": "HAV", "State": "MA", "Description__street_segment_": "5-60 EASTLAND TER, HAV, WESTLAND TER,WOODLAND WY", "Diameter": 4, "Material": "Cast Iron", "Operating_Pressure": "LP to 100", "NPA_Opportunity": "Yes - Potential NPA, partial scope", "LPP_Footage": 2695, "LPP_Mileage_": 0.51, "lat": 42.7868499, "lon": -71.0670579, "Mapped_address": "Woodland Way, Haverhill, MA 01830, USA", "FID": 734}}, {"type": "Feature", "id": 735, "geometry": {"type": "Point", "coordinates": [-71.0744296674683, 42.7832477983143]}, "properties": {"Line": 317, "Company": "Boston Gas", "Division": "Essex", "Town": "Haverhill", "Town_Code": "HAV", "State": "MA", "Description__street_segment_": "60-120 KENOZA AV, HAV", "Diameter": 6, "Material": "Cast Iron", "Operating_Pressure": "LP to 60", "NPA_Opportunity": "Yes - Potential NPA, entire scope", "LPP_Footage": 585, "LPP_Mileage_": 0.11, "lat": 42.7832477983143, "lon": -71.0744296674683, "Mapped_address": "90 Kenoza Ave, Haverhill, MA 01830, USA", "FID": 735}}, {"type": "Feature", "id": 736, "geometry": {"type": "Point", "coordinates": [-71.1037694269717, 42.7642232118991]}, "properties": {"Line": 318, "Company": "Boston Gas", "Division": "Essex", "Town": "Haverhill", "Town_Code": "HAV", "State": "MA", "Description__street_segment_": "650-705 RIVER ST, HAV, 51-67 MAXWELL,CHEEVER ST", "Diameter": 6, "Material": "Steel-WI", "Operating_Pressure": "LP to 60", "NPA_Opportunity": "Yes - Potential NPA, partial scope", "LPP_Footage": 1795, "LPP_Mileage_": 0.34, "lat": 42.7642232118991, "lon": -71.1037694269717, "Mapped_address": "59 Maxwell St, Haverhill, MA 01832, USA", "FID": 736}}, {"type": "Feature", "id": 737, "geometry": {"type": "Point", "coordinates": [-71.1065402212957, 42.7664697886024]}, "properties": {"Line": 318, "Company": "Boston Gas", "Division": "Essex", "Town": "Haverhill", "Town_Code": "HAV", "State": "MA", "Description__street_segment_": "650-705 RIVER ST, HAV, 51-67 MAXWELL,CHEEVER ST", "Diameter": 6, "Material": "Steel-WI", "Operating_Pressure": "LP to 60", "NPA_Opportunity": "Yes - Potential NPA, partial scope", "LPP_Footage": 1795, "LPP_Mileage_": 0.34, "lat": 42.7664697886024, "lon": -71.1065402212957, "Mapped_address": "677 River St, Haverhill, MA 01832, USA", "FID": 737}}, {"type": "Feature", "id": 738, "geometry": {"type": "Point", "coordinates": [-71.1066114, 42.7670852]}, "properties": {"Line": 318, "Company": "Boston Gas", "Division": "Essex", "Town": "Haverhill", "Town_Code": "HAV", "State": "MA", "Description__street_segment_": "650-705 RIVER ST, HAV, 51-67 MAXWELL,CHEEVER ST", "Diameter": 6, "Material": "Steel-WI", "Operating_Pressure": "LP to 60", "NPA_Opportunity": "Yes - Potential NPA, partial scope", "LPP_Footage": 1795, "LPP_Mileage_": 0.34, "lat": 42.7670852, "lon": -71.1066114, "Mapped_address": "Cheever St, Haverhill, MA 01832, USA", "FID": 738}}, {"type": "Feature", "id": 739, "geometry": {"type": "Point", "coordinates": [-71.0905361913573, 42.7762890004124]}, "properties": {"Line": 319, "Company": "Boston Gas", "Division": "Essex", "Town": "Haverhill", "Town_Code": "HAV", "State": "MA", "Description__street_segment_": "7-44 HILLSIDE ST, HAV, & HILLSIDE PL", "Diameter": 4, "Material": "Cast Iron", "Operating_Pressure": "LP", "NPA_Opportunity": "Yes - Potential NPA, partial scope", "LPP_Footage": 905, "LPP_Mileage_": 0.17, "lat": 42.7762890004124, "lon": -71.0905361913573, "Mapped_address": "25 Hillside St, Haverhill, MA 01832, USA", "FID": 739}}, {"type": "Feature", "id": 740, "geometry": {"type": "Point", "coordinates": [-71.0901711, 42.7770996]}, "properties": {"Line": 319, "Company": "Boston Gas", "Division": "Essex", "Town": "Haverhill", "Town_Code": "HAV", "State": "MA", "Description__street_segment_": "7-44 HILLSIDE ST, HAV, & HILLSIDE PL", "Diameter": 4, "Material": "Cast Iron", "Operating_Pressure": "LP", "NPA_Opportunity": "Yes - Potential NPA, partial scope", "LPP_Footage": 905, "LPP_Mileage_": 0.17, "lat": 42.7770996, "lon": -71.0901711, "Mapped_address": "Hillside Pl, Haverhill, MA 01832, USA", "FID": 740}}, {"type": "Feature", "id": 741, "geometry": {"type": "Point", "coordinates": [-70.8575321780234, 42.8030298738818]}, "properties": {"Line": 320, "Company": "Boston Gas", "Division": "Essex", "Town": "Newburyport", "Town_Code": "NWP", "State": "MA", "Description__street_segment_": "3-18 PINE ST, NWP", "Diameter": 2, "Material": "Steel-WI", "Operating_Pressure": "LP", "NPA_Opportunity": "Yes - Potential NPA, entire scope", "LPP_Footage": 540, "LPP_Mileage_": 0.1, "lat": 42.8030298738818, "lon": -70.8575321780234, "Mapped_address": "10 Pine St, Newburyport, MA 01950, USA", "FID": 741}}, {"type": "Feature", "id": 742, "geometry": {"type": "Point", "coordinates": [-71.5980911166421, 42.5595322760369]}, "properties": {"Line": 321, "Company": "Boston Gas", "Division": "Leominster", "Town": "Ayer", "Town_Code": "AYE", "State": "MA", "Description__street_segment_": "108-133 W MAIN ST, AYE", "Diameter": 4, "Material": "Steel-WI", "Operating_Pressure": "60", "NPA_Opportunity": "No - Critical Main", "LPP_Footage": 535, "LPP_Mileage_": 0.1, "lat": 42.5595322760369, "lon": -71.5980911166421, "Mapped_address": "120 W Main St, Ayer, MA 01432, USA", "FID": 742}}, {"type": "Feature", "id": 743, "geometry": {"type": "Point", "coordinates": [-71.5885188591958, 42.5596385077507]}, "properties": {"Line": 322, "Company": "Boston Gas", "Division": "Leominster", "Town": "Ayer", "Town_Code": "AYE", "State": "MA", "Description__street_segment_": "1-70 MAIN ST, AYE, COLUMBIA,NEWTON,WASHINGTON", "Diameter": 4, "Material": "Steel-WI", "Operating_Pressure": "60", "NPA_Opportunity": "No - Impact to System Integration", "LPP_Footage": 2015, "LPP_Mileage_": 0.38, "lat": 42.5596385077507, "lon": -71.5885188591958, "Mapped_address": "35 Main St, Ayer, MA 01432, USA", "FID": 743}}, {"type": "Feature", "id": 744, "geometry": {"type": "Point", "coordinates": [-71.5234446767683, 42.6276889271875]}, "properties": {"Line": 323, "Company": "Boston Gas", "Division": "Leominster", "Town": "Groton", "Town_Code": "GRO", "State": "MA", "Description__street_segment_": "16-94 MARTINS POND RD, GRO, & CONNOLLY DR", "Diameter": 2, "Material": "Steel-WI", "Operating_Pressure": "60", "NPA_Opportunity": "Yes - Potential NPA, partial scope", "LPP_Footage": 2615, "LPP_Mileage_": 0.5, "lat": 42.6276889271875, "lon": -71.5234446767683, "Mapped_address": "55 Martins Pond Rd, Groton, MA 01450, USA", "FID": 744}}, {"type": "Feature", "id": 745, "geometry": {"type": "Point", "coordinates": [-71.5656938, 42.6177042]}, "properties": {"Line": 323, "Company": "Boston Gas", "Division": "Leominster", "Town": "Groton", "Town_Code": "GRO", "State": "MA", "Description__street_segment_": "16-94 MARTINS POND RD, GRO, & CONNOLLY DR", "Diameter": 2, "Material": "Steel-WI", "Operating_Pressure": "60", "NPA_Opportunity": "Yes - Potential NPA, partial scope", "LPP_Footage": 2615, "LPP_Mileage_": 0.5, "lat": 42.6177042, "lon": -71.5656938, "Mapped_address": "Connolly Dr, Groton, MA 01450, USA", "FID": 745}}, {"type": "Feature", "id": 746, "geometry": {"type": "Point", "coordinates": [-71.5008185714875, 42.5374868431659]}, "properties": {"Line": 325, "Company": "Boston Gas", "Division": "Leominster", "Town": "Littleton", "Town_Code": "LIT", "State": "MA", "Description__street_segment_": "49-80 KING ST, LIT, & 2-72 MILL RD", "Diameter": 2, "Material": "Steel-WI", "Operating_Pressure": "60", "NPA_Opportunity": "Yes - Potential NPA", "LPP_Footage": 2795, "LPP_Mileage_": 0.53, "lat": 42.5374868431659, "lon": -71.5008185714875, "Mapped_address": "37 Mill Rd, Littleton, MA 01460, USA", "FID": 746}}, {"type": "Feature", "id": 747, "geometry": {"type": "Point", "coordinates": [-71.5056599070818, 42.5391672604066]}, "properties": {"Line": 325, "Company": "Boston Gas", "Division": "Leominster", "Town": "Littleton", "Town_Code": "LIT", "State": "MA", "Description__street_segment_": "49-80 KING ST, LIT, & 2-72 MILL RD", "Diameter": 2, "Material": "Steel-WI", "Operating_Pressure": "60", "NPA_Opportunity": "Yes - Potential NPA", "LPP_Footage": 2795, "LPP_Mileage_": 0.53, "lat": 42.5391672604066, "lon": -71.5056599070818, "Mapped_address": "64 King St, Littleton, MA 01460, USA", "FID": 747}}, {"type": "Feature", "id": 748, "geometry": {"type": "Point", "coordinates": [-71.7539569966039, 42.5229340372717]}, "properties": {"Line": 326, "Company": "Boston Gas", "Division": "Leominster-350", "Town": "Leominster", "Town_Code": "LEO", "State": "MA", "Description__street_segment_": "1-104 MIDDLE ST, LEO", "Diameter": 6, "Material": "Cast Iron", "Operating_Pressure": "LP", "NPA_Opportunity": "Yes - Potential NPA, entire scope", "LPP_Footage": 1660, "LPP_Mileage_": 0.31, "lat": 42.5229340372717, "lon": -71.7539569966039, "Mapped_address": "52 Middle St, Leominster, MA 01453, USA", "FID": 748}}, {"type": "Feature", "id": 749, "geometry": {"type": "Point", "coordinates": [-71.7707879076233, 42.5133469247421]}, "properties": {"Line": 327, "Company": "Boston Gas", "Division": "Leominster-350", "Town": "Leominster", "Town_Code": "LEO", "State": "MA", "Description__street_segment_": "11-169 SYLVAN AV, LEO, 386-456 PLEASANT ST", "Diameter": 4, "Material": "Steel-WI", "Operating_Pressure": "2", "NPA_Opportunity": "No - Impact to System Integration", "LPP_Footage": 4615, "LPP_Mileage_": 0.87, "lat": 42.5133469247421, "lon": -71.7707879076233, "Mapped_address": "421 Pleasant St, Leominster, MA 01453, USA", "FID": 749}}, {"type": "Feature", "id": 750, "geometry": {"type": "Point", "coordinates": [-71.7661851654592, 42.5142957336367]}, "properties": {"Line": 327, "Company": "Boston Gas", "Division": "Leominster-350", "Town": "Leominster", "Town_Code": "LEO", "State": "MA", "Description__street_segment_": "11-169 SYLVAN AV, LEO, 386-456 PLEASANT ST", "Diameter": 4, "Material": "Steel-WI", "Operating_Pressure": "2", "NPA_Opportunity": "No - Impact to System Integration", "LPP_Footage": 4615, "LPP_Mileage_": 0.87, "lat": 42.5142957336367, "lon": -71.7661851654592, "Mapped_address": "90 Sylvan Ave, Leominster, MA 01453, USA", "FID": 750}}, {"type": "Feature", "id": 751, "geometry": {"type": "Point", "coordinates": [-71.7528537220962, 42.523333435244]}, "properties": {"Line": 328, "Company": "Boston Gas", "Division": "Leominster-350", "Town": "Leominster", "Town_Code": "LEO", "State": "MA", "Description__street_segment_": "13-26 JEROME PL, LEO, & CARTER ST, WALKER ST", "Diameter": 6, "Material": "Cast Iron", "Operating_Pressure": "LP", "NPA_Opportunity": "No - Impact to System Integration", "LPP_Footage": 1645, "LPP_Mileage_": 0.31, "lat": 42.523333435244, "lon": -71.7528537220962, "Mapped_address": "19 Jerome Pl, Leominster, MA 01453, USA", "FID": 751}}, {"type": "Feature", "id": 752, "geometry": {"type": "Point", "coordinates": [-71.7496294, 42.5212597]}, "properties": {"Line": 328, "Company": "Boston Gas", "Division": "Leominster-350", "Town": "Leominster", "Town_Code": "LEO", "State": "MA", "Description__street_segment_": "13-26 JEROME PL, LEO, & CARTER ST, WALKER ST", "Diameter": 6, "Material": "Cast Iron", "Operating_Pressure": "LP", "NPA_Opportunity": "No - Impact to System Integration", "LPP_Footage": 1645, "LPP_Mileage_": 0.31, "lat": 42.5212597, "lon": -71.7496294, "Mapped_address": "Carter St, Leominster, MA 01453, USA", "FID": 752}}, {"type": "Feature", "id": 753, "geometry": {"type": "Point", "coordinates": [-71.7520854933307, 42.5227680699377]}, "properties": {"Line": 328, "Company": "Boston Gas", "Division": "Leominster-350", "Town": "Leominster", "Town_Code": "LEO", "State": "MA", "Description__street_segment_": "13-26 JEROME PL, LEO, & CARTER ST, WALKER ST", "Diameter": 6, "Material": "Cast Iron", "Operating_Pressure": "LP", "NPA_Opportunity": "No - Impact to System Integration", "LPP_Footage": 1645, "LPP_Mileage_": 0.31, "lat": 42.5227680699377, "lon": -71.7520854933307, "Mapped_address": "Walker St, Leominster, MA 01453, USA", "FID": 753}}, {"type": "Feature", "id": 754, "geometry": {"type": "Point", "coordinates": [-71.7445663810051, 42.5235610804089]}, "properties": {"Line": 329, "Company": "Boston Gas", "Division": "Leominster-350", "Town": "Leominster", "Town_Code": "LEO", "State": "MA", "Description__street_segment_": "148-177 NINTH ST, LEO, & TENTH ST, GORDON AV", "Diameter": 4, "Material": "Cast Iron", "Operating_Pressure": "LP", "NPA_Opportunity": "Yes - Potential NPA", "LPP_Footage": 1195, "LPP_Mileage_": 0.23, "lat": 42.5235610804089, "lon": -71.7445663810051, "Mapped_address": "162 9th St, Leominster, MA 01453, USA", "FID": 754}}, {"type": "Feature", "id": 755, "geometry": {"type": "Point", "coordinates": [-71.7456407, 42.5237817]}, "properties": {"Line": 329, "Company": "Boston Gas", "Division": "Leominster-350", "Town": "Leominster", "Town_Code": "LEO", "State": "MA", "Description__street_segment_": "148-177 NINTH ST, LEO, & TENTH ST, GORDON AV", "Diameter": 4, "Material": "Cast Iron", "Operating_Pressure": "LP", "NPA_Opportunity": "Yes - Potential NPA", "LPP_Footage": 1195, "LPP_Mileage_": 0.23, "lat": 42.5237817, "lon": -71.7456407, "Mapped_address": "Gordon Ave, Leominster, MA 01453, USA", "FID": 755}}, {"type": "Feature", "id": 756, "geometry": {"type": "Point", "coordinates": [-71.7501100317371, 42.5223256686895]}, "properties": {"Line": 330, "Company": "Boston Gas", "Division": "Leominster-350", "Town": "Leominster", "Town_Code": "LEO", "State": "MA", "Description__street_segment_": "207-248 FIFTH ST, LEO, & CARTER ST, SIXTH ST", "Diameter": 4, "Material": "Cast Iron", "Operating_Pressure": "LP", "NPA_Opportunity": "Yes - Potential NPA", "LPP_Footage": 2025, "LPP_Mileage_": 0.38, "lat": 42.5223256686895, "lon": -71.7501100317371, "Mapped_address": "227 5th St, Leominster, MA 01453, USA", "FID": 756}}, {"type": "Feature", "id": 757, "geometry": {"type": "Point", "coordinates": [-71.7496294, 42.5212597]}, "properties": {"Line": 330, "Company": "Boston Gas", "Division": "Leominster-350", "Town": "Leominster", "Town_Code": "LEO", "State": "MA", "Description__street_segment_": "207-248 FIFTH ST, LEO, & CARTER ST, SIXTH ST", "Diameter": 4, "Material": "Cast Iron", "Operating_Pressure": "LP", "NPA_Opportunity": "Yes - Potential NPA", "LPP_Footage": 2025, "LPP_Mileage_": 0.38, "lat": 42.5212597, "lon": -71.7496294, "Mapped_address": "Carter St, Leominster, MA 01453, USA", "FID": 757}}, {"type": "Feature", "id": 758, "geometry": {"type": "Point", "coordinates": [-71.7396515591874, 42.5563672758186]}, "properties": {"Line": 331, "Company": "Boston Gas", "Division": "Leominster-350", "Town": "Leominster", "Town_Code": "LEO", "State": "MA", "Description__street_segment_": "5-186 LINCOLN ST, LEO, DOUGLAS AV & JOSLIN ST", "Diameter": 4, "Material": "Steel-WI", "Operating_Pressure": "25", "NPA_Opportunity": "Yes - Potential NPA", "LPP_Footage": 2400, "LPP_Mileage_": 0.45, "lat": 42.5563672758186, "lon": -71.7396515591874, "Mapped_address": "95 Lincoln St, Leominster, MA 01453, USA", "FID": 758}}, {"type": "Feature", "id": 759, "geometry": {"type": "Point", "coordinates": [-71.7410639, 42.5540256]}, "properties": {"Line": 331, "Company": "Boston Gas", "Division": "Leominster-350", "Town": "Leominster", "Town_Code": "LEO", "State": "MA", "Description__street_segment_": "5-186 LINCOLN ST, LEO, DOUGLAS AV & JOSLIN ST", "Diameter": 4, "Material": "Steel-WI", "Operating_Pressure": "25", "NPA_Opportunity": "Yes - Potential NPA", "LPP_Footage": 2400, "LPP_Mileage_": 0.45, "lat": 42.5540256, "lon": -71.7410639, "Mapped_address": "Douglas Ave, Leominster, MA 01453, USA", "FID": 759}}, {"type": "Feature", "id": 760, "geometry": {"type": "Point", "coordinates": [-71.7331226667786, 42.5528499999335]}, "properties": {"Line": 331, "Company": "Boston Gas", "Division": "Leominster-350", "Town": "Leominster", "Town_Code": "LEO", "State": "MA", "Description__street_segment_": "5-186 LINCOLN ST, LEO, DOUGLAS AV & JOSLIN ST", "Diameter": 4, "Material": "Steel-WI", "Operating_Pressure": "25", "NPA_Opportunity": "Yes - Potential NPA", "LPP_Footage": 2400, "LPP_Mileage_": 0.45, "lat": 42.5528499999335, "lon": -71.7331226667786, "Mapped_address": "Joslin St, Leominster, MA 01453, USA", "FID": 760}}, {"type": "Feature", "id": 761, "geometry": {"type": "Point", "coordinates": [-71.7489126390869, 42.5691671132569]}, "properties": {"Line": 332, "Company": "Boston Gas", "Division": "Leominster-350", "Town": "Leominster", "Town_Code": "LEO", "State": "MA", "Description__street_segment_": "67-134 NORWOOD AV, LEO, STUART AV & LOURDES DR", "Diameter": 4, "Material": "Steel-WI", "Operating_Pressure": "7.5", "NPA_Opportunity": "No - Impact to System Integration", "LPP_Footage": 1455, "LPP_Mileage_": 0.28, "lat": 42.5691671132569, "lon": -71.7489126390869, "Mapped_address": "100 Norwood Ave, Leominster, MA 01453, USA", "FID": 761}}, {"type": "Feature", "id": 762, "geometry": {"type": "Point", "coordinates": [-71.7503875423513, 42.569110607315]}, "properties": {"Line": 332, "Company": "Boston Gas", "Division": "Leominster-350", "Town": "Leominster", "Town_Code": "LEO", "State": "MA", "Description__street_segment_": "67-134 NORWOOD AV, LEO, STUART AV & LOURDES DR", "Diameter": 4, "Material": "Steel-WI", "Operating_Pressure": "7.5", "NPA_Opportunity": "No - Impact to System Integration", "LPP_Footage": 1455, "LPP_Mileage_": 0.28, "lat": 42.569110607315, "lon": -71.7503875423513, "Mapped_address": "Lourdes Dr, Leominster, MA 01453, USA", "FID": 762}}, {"type": "Feature", "id": 763, "geometry": {"type": "Point", "coordinates": [-71.7512466, 42.5699091]}, "properties": {"Line": 332, "Company": "Boston Gas", "Division": "Leominster-350", "Town": "Leominster", "Town_Code": "LEO", "State": "MA", "Description__street_segment_": "67-134 NORWOOD AV, LEO, STUART AV & LOURDES DR", "Diameter": 4, "Material": "Steel-WI", "Operating_Pressure": "7.5", "NPA_Opportunity": "No - Impact to System Integration", "LPP_Footage": 1455, "LPP_Mileage_": 0.28, "lat": 42.5699091, "lon": -71.7512466, "Mapped_address": "Stuart Ave, Leominster, MA 01453, USA", "FID": 763}}, {"type": "Feature", "id": 764, "geometry": {"type": "Point", "coordinates": [-71.7442719, 42.4993862]}, "properties": {"Line": 333, "Company": "Boston Gas", "Division": "Leominster-350", "Town": "Leominster", "Town_Code": "LEO", "State": "MA", "Description__street_segment_": "721-1240 CENTRAL ST, LEO, & RICHARD RD", "Diameter": 6, "Material": "Steel-WI", "Operating_Pressure": "25", "NPA_Opportunity": "Yes - Potential NPA, partial scope", "LPP_Footage": 4640, "LPP_Mileage_": 0.88, "lat": 42.4993862, "lon": -71.7442719, "Mapped_address": "980 Central St, Leominster, MA 01453, USA", "FID": 764}}, {"type": "Feature", "id": 765, "geometry": {"type": "Point", "coordinates": [-71.7467515, 42.4987992]}, "properties": {"Line": 333, "Company": "Boston Gas", "Division": "Leominster-350", "Town": "Leominster", "Town_Code": "LEO", "State": "MA", "Description__street_segment_": "721-1240 CENTRAL ST, LEO, & RICHARD RD", "Diameter": 6, "Material": "Steel-WI", "Operating_Pressure": "25", "NPA_Opportunity": "Yes - Potential NPA, partial scope", "LPP_Footage": 4640, "LPP_Mileage_": 0.88, "lat": 42.4987992, "lon": -71.7467515, "Mapped_address": "Richard Rd, Leominster, MA 01453, USA", "FID": 765}}, {"type": "Feature", "id": 766, "geometry": {"type": "Point", "coordinates": [-71.7214830999445, 42.5299852265004]}, "properties": {"Line": 334, "Company": "Boston Gas", "Division": "Leominster-350", "Town": "Leominster", "Town_Code": "LEO", "State": "MA", "Description__street_segment_": "75-219 HARVARD ST, LEO, STAGECOACH RD, HILLTOP DR", "Diameter": 4, "Material": "Steel-WI", "Operating_Pressure": "25", "NPA_Opportunity": "Yes - Potential NPA", "LPP_Footage": 5040, "LPP_Mileage_": 0.95, "lat": 42.5299852265004, "lon": -71.7214830999445, "Mapped_address": "147 Harvard St, Leominster, MA 01453, USA", "FID": 766}}, {"type": "Feature", "id": 767, "geometry": {"type": "Point", "coordinates": [-71.7228707, 42.5309653]}, "properties": {"Line": 334, "Company": "Boston Gas", "Division": "Leominster-350", "Town": "Leominster", "Town_Code": "LEO", "State": "MA", "Description__street_segment_": "75-219 HARVARD ST, LEO, STAGECOACH RD, HILLTOP DR", "Diameter": 4, "Material": "Steel-WI", "Operating_Pressure": "25", "NPA_Opportunity": "Yes - Potential NPA", "LPP_Footage": 5040, "LPP_Mileage_": 0.95, "lat": 42.5309653, "lon": -71.7228707, "Mapped_address": "Hill Top Dr, Leominster, MA 01453, USA", "FID": 767}}, {"type": "Feature", "id": 768, "geometry": {"type": "Point", "coordinates": [-71.722978704034, 42.5325867938467]}, "properties": {"Line": 334, "Company": "Boston Gas", "Division": "Leominster-350", "Town": "Leominster", "Town_Code": "LEO", "State": "MA", "Description__street_segment_": "75-219 HARVARD ST, LEO, STAGECOACH RD, HILLTOP DR", "Diameter": 4, "Material": "Steel-WI", "Operating_Pressure": "25", "NPA_Opportunity": "Yes - Potential NPA", "LPP_Footage": 5040, "LPP_Mileage_": 0.95, "lat": 42.5325867938467, "lon": -71.722978704034, "Mapped_address": "Stagecoach Rd, Leominster, MA 01453, USA", "FID": 768}}, {"type": "Feature", "id": 769, "geometry": {"type": "Point", "coordinates": [-71.7526695339852, 42.5370783165025]}, "properties": {"Line": 335, "Company": "Boston Gas", "Division": "Leominster-350", "Town": "Leominster", "Town_Code": "LEO", "State": "MA", "Description__street_segment_": "9-231 PRIEST ST, LEO, & 81-105 GRAND ST", "Diameter": 4, "Material": "Cast Iron", "Operating_Pressure": "LP", "NPA_Opportunity": "Yes - Potential NPA", "LPP_Footage": 4175, "LPP_Mileage_": 0.79, "lat": 42.5370783165025, "lon": -71.7526695339852, "Mapped_address": "120 Priest St, Leominster, MA 01453, USA", "FID": 769}}, {"type": "Feature", "id": 770, "geometry": {"type": "Point", "coordinates": [-71.7512681606241, 42.5367245198039]}, "properties": {"Line": 335, "Company": "Boston Gas", "Division": "Leominster-350", "Town": "Leominster", "Town_Code": "LEO", "State": "MA", "Description__street_segment_": "9-231 PRIEST ST, LEO, & 81-105 GRAND ST", "Diameter": 4, "Material": "Cast Iron", "Operating_Pressure": "LP", "NPA_Opportunity": "Yes - Potential NPA", "LPP_Footage": 4175, "LPP_Mileage_": 0.79, "lat": 42.5367245198039, "lon": -71.7512681606241, "Mapped_address": "93 Grand St, Leominster, MA 01453, USA", "FID": 770}}, {"type": "Feature", "id": 771, "geometry": {"type": "Point", "coordinates": [-71.2068112551009, 42.5025670061908]}, "properties": {"Line": 336, "Company": "Boston Gas", "Division": "Malden", "Town": "Burlington", "Town_Code": "BUR", "State": "MA", "Description__street_segment_": "1-14 ST MARKS RD, BUR, CHADWICK RD,MAUD GRHAM CT", "Diameter": 2, "Material": "Steel-WI", "Operating_Pressure": "60", "NPA_Opportunity": "Yes - Potential NPA, entire scope", "LPP_Footage": 1760, "LPP_Mileage_": 0.33, "lat": 42.5025670061908, "lon": -71.2068112551009, "Mapped_address": "7 St Marks Rd, Burlington, MA 01803, USA", "FID": 771}}, {"type": "Feature", "id": 772, "geometry": {"type": "Point", "coordinates": [-71.20718, 42.5014523]}, "properties": {"Line": 336, "Company": "Boston Gas", "Division": "Malden", "Town": "Burlington", "Town_Code": "BUR", "State": "MA", "Description__street_segment_": "1-14 ST MARKS RD, BUR, CHADWICK RD,MAUD GRHAM CT", "Diameter": 2, "Material": "Steel-WI", "Operating_Pressure": "60", "NPA_Opportunity": "Yes - Potential NPA, entire scope", "LPP_Footage": 1760, "LPP_Mileage_": 0.33, "lat": 42.5014523, "lon": -71.20718, "Mapped_address": "Chadwick Rd, Burlington, MA 01803, USA", "FID": 772}}, {"type": "Feature", "id": 773, "geometry": {"type": "Point", "coordinates": [-71.2071144, 42.5002982]}, "properties": {"Line": 336, "Company": "Boston Gas", "Division": "Malden", "Town": "Burlington", "Town_Code": "BUR", "State": "MA", "Description__street_segment_": "1-14 ST MARKS RD, BUR, CHADWICK RD,MAUD GRHAM CT", "Diameter": 2, "Material": "Steel-WI", "Operating_Pressure": "60", "NPA_Opportunity": "Yes - Potential NPA, entire scope", "LPP_Footage": 1760, "LPP_Mileage_": 0.33, "lat": 42.5002982, "lon": -71.2071144, "Mapped_address": "Maud Graham Cir, Burlington, MA 01803, USA", "FID": 773}}, {"type": "Feature", "id": 774, "geometry": {"type": "Point", "coordinates": [-71.0348279419215, 42.3918207789672]}, "properties": {"Line": 338, "Company": "Boston Gas", "Division": "Malden", "Town": "Chelsea", "Town_Code": "CHE", "State": "MA", "Description__street_segment_": "102-175 HAWTHORN ST, CHE, CHESTER AV & DIVISION ST", "Diameter": 6, "Material": "Cast Iron", "Operating_Pressure": "LP", "NPA_Opportunity": "No - Impact to System Integration", "LPP_Footage": 1175, "LPP_Mileage_": 0.22, "lat": 42.3918207789672, "lon": -71.0348279419215, "Mapped_address": "138 Hawthorne St, Chelsea, MA 02150, USA", "FID": 774}}, {"type": "Feature", "id": 775, "geometry": {"type": "Point", "coordinates": [-71.0372136, 42.390464]}, "properties": {"Line": 338, "Company": "Boston Gas", "Division": "Malden", "Town": "Chelsea", "Town_Code": "CHE", "State": "MA", "Description__street_segment_": "102-175 HAWTHORN ST, CHE, CHESTER AV & DIVISION ST", "Diameter": 6, "Material": "Cast Iron", "Operating_Pressure": "LP", "NPA_Opportunity": "No - Impact to System Integration", "LPP_Footage": 1175, "LPP_Mileage_": 0.22, "lat": 42.390464, "lon": -71.0372136, "Mapped_address": "Division St, Chelsea, MA 02150, USA", "FID": 775}}, {"type": "Feature", "id": 776, "geometry": {"type": "Point", "coordinates": [-71.0374309880703, 42.3931011885689]}, "properties": {"Line": 339, "Company": "Boston Gas", "Division": "Malden", "Town": "Chelsea", "Town_Code": "CHE", "State": "MA", "Description__street_segment_": "115-180 WALNUT ST, CHE, & FOURTH ST", "Diameter": 6, "Material": "Cast Iron", "Operating_Pressure": "LP", "NPA_Opportunity": "Yes - Potential NPA, partial scope", "LPP_Footage": 1475, "LPP_Mileage_": 0.28, "lat": 42.3931011885689, "lon": -71.0374309880703, "Mapped_address": "147 Walnut St, Chelsea, MA 02150, USA", "FID": 776}}, {"type": "Feature", "id": 777, "geometry": {"type": "Point", "coordinates": [-71.0345954004805, 42.4037651587928]}, "properties": {"Line": 340, "Company": "Boston Gas", "Division": "Malden", "Town": "Chelsea", "Town_Code": "CHE", "State": "MA", "Description__street_segment_": "170-220 REVERE BEACH PKWY, CHE, 331-350 WASHINTON,", "Diameter": 6, "Material": "Cast Iron", "Operating_Pressure": "LP", "NPA_Opportunity": "No - Impact to System Integration", "LPP_Footage": 1570, "LPP_Mileage_": 0.3, "lat": 42.4037651587928, "lon": -71.0345954004805, "Mapped_address": "195 Revere Beach Pkwy, Chelsea, MA 02150, USA", "FID": 777}}, {"type": "Feature", "id": 778, "geometry": {"type": "Point", "coordinates": [-71.0361981421918, 42.392275105063]}, "properties": {"Line": 341, "Company": "Boston Gas", "Division": "Malden", "Town": "Chelsea", "Town_Code": "CHE", "State": "MA", "Description__street_segment_": "35-39 FOURTH ST, CHE", "Diameter": 4, "Material": "Cast Iron", "Operating_Pressure": "LP", "NPA_Opportunity": "No - Impact to System Integration", "LPP_Footage": 170, "LPP_Mileage_": 0.03, "lat": 42.392275105063, "lon": -71.0361981421918, "Mapped_address": "37 4th St, Chelsea, MA 02150, USA", "FID": 778}}, {"type": "Feature", "id": 779, "geometry": {"type": "Point", "coordinates": [-71.0375334557171, 42.3887237820902]}, "properties": {"Line": 342, "Company": "Boston Gas", "Division": "Malden", "Town": "Chelsea", "Town_Code": "CHE", "State": "MA", "Description__street_segment_": "6-12 ELLSWORTH ST, CHE", "Diameter": 3, "Material": "Cast Iron", "Operating_Pressure": "LP", "NPA_Opportunity": "Yes - Potential NPA, entire scope", "LPP_Footage": 250, "LPP_Mileage_": 0.05, "lat": 42.3887237820902, "lon": -71.0375334557171, "Mapped_address": "9 Ellsworth St, Chelsea, MA 02150, USA", "FID": 779}}, {"type": "Feature", "id": 780, "geometry": {"type": "Point", "coordinates": [-71.0332041591726, 42.3970288650789]}, "properties": {"Line": 343, "Company": "Boston Gas", "Division": "Malden", "Town": "Chelsea", "Town_Code": "CHE", "State": "MA", "Description__street_segment_": "8-65 BLOSSOM ST, CHE, 17-61 ADDISON, 2-38 EDEN", "Diameter": 4, "Material": "Cast Iron", "Operating_Pressure": "LP", "NPA_Opportunity": "No - Impact to System Integration", "LPP_Footage": 2105, "LPP_Mileage_": 0.4, "lat": 42.3970288650789, "lon": -71.0332041591726, "Mapped_address": "20 Eden St, Chelsea, MA 02150, USA", "FID": 780}}, {"type": "Feature", "id": 781, "geometry": {"type": "Point", "coordinates": [-71.0335599371047, 42.3968714739721]}, "properties": {"Line": 343, "Company": "Boston Gas", "Division": "Malden", "Town": "Chelsea", "Town_Code": "CHE", "State": "MA", "Description__street_segment_": "8-65 BLOSSOM ST, CHE, 17-61 ADDISON, 2-38 EDEN", "Diameter": 4, "Material": "Cast Iron", "Operating_Pressure": "LP", "NPA_Opportunity": "No - Impact to System Integration", "LPP_Footage": 2105, "LPP_Mileage_": 0.4, "lat": 42.3968714739721, "lon": -71.0335599371047, "Mapped_address": "36 Blossom St, Chelsea, MA 02150, USA", "FID": 781}}, {"type": "Feature", "id": 782, "geometry": {"type": "Point", "coordinates": [-71.033438078432, 42.3976342486243]}, "properties": {"Line": 343, "Company": "Boston Gas", "Division": "Malden", "Town": "Chelsea", "Town_Code": "CHE", "State": "MA", "Description__street_segment_": "8-65 BLOSSOM ST, CHE, 17-61 ADDISON, 2-38 EDEN", "Diameter": 4, "Material": "Cast Iron", "Operating_Pressure": "LP", "NPA_Opportunity": "No - Impact to System Integration", "LPP_Footage": 2105, "LPP_Mileage_": 0.4, "lat": 42.3976342486243, "lon": -71.033438078432, "Mapped_address": "39 Addison St, Chelsea, MA 02150, USA", "FID": 782}}, {"type": "Feature", "id": 783, "geometry": {"type": "Point", "coordinates": [-71.0436303633506, 42.3912228638517]}, "properties": {"Line": 344, "Company": "Boston Gas", "Division": "Malden", "Town": "Chelsea", "Town_Code": "CHE", "State": "MA", "Description__street_segment_": "90-222 WILLIAMS ST, CHE", "Diameter": 12, "Material": "Cast Iron", "Operating_Pressure": "LP", "NPA_Opportunity": "No - Impact to System Integration", "LPP_Footage": 1395, "LPP_Mileage_": 0.26, "lat": 42.3912228638517, "lon": -71.0436303633506, "Mapped_address": "156 Williams St, Chelsea, MA 02150, USA", "FID": 783}}, {"type": "Feature", "id": 784, "geometry": {"type": "Point", "coordinates": [-71.0367836170426, 42.3716225307354]}, "properties": {"Line": 349, "Company": "Boston Gas", "Division": "Malden", "Town": "East Boston", "Town_Code": "EBO", "State": "MA", "Description__street_segment_": "2-132 CHELSEA ST, EBO, 1-13 EMMONS, 1-4 ELBOW ST", "Diameter": 12, "Material": "Cast Iron", "Operating_Pressure": "LP", "NPA_Opportunity": "No - Impact to System Integration", "LPP_Footage": 2920, "LPP_Mileage_": 0.55, "lat": 42.3716225307354, "lon": -71.0367836170426, "Mapped_address": "67 Chelsea St, East Boston, MA 02128, USA", "FID": 784}}, {"type": "Feature", "id": 785, "geometry": {"type": "Point", "coordinates": [-71.017907703881, 42.3827632911377]}, "properties": {"Line": 353, "Company": "Boston Gas", "Division": "Malden", "Town": "East Boston", "Town_Code": "EBO", "State": "MA", "Description__street_segment_": "490-669 BENNINGTON ST, EBO, CURTIS,WORDSWORTH ST", "Diameter": 10, "Material": "Cast Iron", "Operating_Pressure": "LP", "NPA_Opportunity": "No - Critical Main", "LPP_Footage": 2820, "LPP_Mileage_": 0.53, "lat": 42.3827632911377, "lon": -71.017907703881, "Mapped_address": "579 Bennington St, East Boston, MA 02128, USA", "FID": 785}}, {"type": "Feature", "id": 786, "geometry": {"type": "Point", "coordinates": [-71.0167988168099, 42.3823784144271]}, "properties": {"Line": 354, "Company": "Boston Gas", "Division": "Malden", "Town": "East Boston", "Town_Code": "EBO", "State": "MA", "Description__street_segment_": "57-97 HORACE ST, EBO, HOMER ST, BYRON ST", "Diameter": 4, "Material": "Cast Iron", "Operating_Pressure": "LP", "NPA_Opportunity": "No - Impact to System Integration", "LPP_Footage": 1920, "LPP_Mileage_": 0.36, "lat": 42.3823784144271, "lon": -71.0167988168099, "Mapped_address": "77 Horace St, East Boston, MA 02128, USA", "FID": 786}}, {"type": "Feature", "id": 787, "geometry": {"type": "Point", "coordinates": [-71.0552197, 42.410513]}, "properties": {"Line": 355, "Company": "Boston Gas", "Division": "Malden", "Town": "Everett", "Town_Code": "EVE", "State": "MA", "Description__street_segment_": "120-213 LINDEN ST, EVE, WARREN,CHURCH ST,MAPLE AV", "Diameter": 12, "Material": "Cast Iron", "Operating_Pressure": "LP", "NPA_Opportunity": "Yes - Potential NPA, partial scope", "LPP_Footage": 2870, "LPP_Mileage_": 0.54, "lat": 42.410513, "lon": -71.0552197, "Mapped_address": "166 Linden St, Everett, MA 02149, USA", "FID": 787}}, {"type": "Feature", "id": 788, "geometry": {"type": "Point", "coordinates": [-71.0554719, 42.4086624]}, "properties": {"Line": 355, "Company": "Boston Gas", "Division": "Malden", "Town": "Everett", "Town_Code": "EVE", "State": "MA", "Description__street_segment_": "120-213 LINDEN ST, EVE, WARREN,CHURCH ST,MAPLE AV", "Diameter": 12, "Material": "Cast Iron", "Operating_Pressure": "LP", "NPA_Opportunity": "Yes - Potential NPA, partial scope", "LPP_Footage": 2870, "LPP_Mileage_": 0.54, "lat": 42.4086624, "lon": -71.0554719, "Mapped_address": "Church St, Everett, MA 02149, USA", "FID": 788}}, {"type": "Feature", "id": 789, "geometry": {"type": "Point", "coordinates": [-71.0533019, 42.4109875]}, "properties": {"Line": 355, "Company": "Boston Gas", "Division": "Malden", "Town": "Everett", "Town_Code": "EVE", "State": "MA", "Description__street_segment_": "120-213 LINDEN ST, EVE, WARREN,CHURCH ST,MAPLE AV", "Diameter": 12, "Material": "Cast Iron", "Operating_Pressure": "LP", "NPA_Opportunity": "Yes - Potential NPA, partial scope", "LPP_Footage": 2870, "LPP_Mileage_": 0.54, "lat": 42.4109875, "lon": -71.0533019, "Mapped_address": "Maple Ave, Everett, MA 02149, USA", "FID": 789}}, {"type": "Feature", "id": 790, "geometry": {"type": "Point", "coordinates": [-71.0556716667882, 42.4089206986494]}, "properties": {"Line": 356, "Company": "Boston Gas", "Division": "Malden", "Town": "Everett", "Town_Code": "EVE", "State": "MA", "Description__street_segment_": "17-43 WEBSTER ST, EVE", "Diameter": 3, "Material": "Cast Iron", "Operating_Pressure": "LP", "NPA_Opportunity": "No - Impact to System Integration", "LPP_Footage": 570, "LPP_Mileage_": 0.11, "lat": 42.4089206986494, "lon": -71.0556716667882, "Mapped_address": "30 Webster St, Everett, MA 02149, USA", "FID": 790}}, {"type": "Feature", "id": 791, "geometry": {"type": "Point", "coordinates": [-71.0339516347751, 42.4155040116167]}, "properties": {"Line": 358, "Company": "Boston Gas", "Division": "Malden", "Town": "Everett", "Town_Code": "EVE", "State": "MA", "Description__street_segment_": "277-400 ELM ST, EVE", "Diameter": 8, "Material": "Steel-WI", "Operating_Pressure": "60", "NPA_Opportunity": "No - Critical Main", "LPP_Footage": 805, "LPP_Mileage_": 0.15, "lat": 42.4155040116167, "lon": -71.0339516347751, "Mapped_address": "338 Elm St, Everett, MA 02149, USA", "FID": 791}}, {"type": "Feature", "id": 792, "geometry": {"type": "Point", "coordinates": [-71.0412612, 42.4133009]}, "properties": {"Line": 359, "Company": "Boston Gas", "Division": "Malden", "Town": "Everett", "Town_Code": "EVE", "State": "MA", "Description__street_segment_": "43-240 ELM ST, EVE", "Diameter": 8, "Material": "Steel-WI", "Operating_Pressure": "60", "NPA_Opportunity": "No - Critical Main", "LPP_Footage": 2565, "LPP_Mileage_": 0.49, "lat": 42.4133009, "lon": -71.0412612, "Mapped_address": "141 Elm St, Everett, MA 02149, USA", "FID": 792}}, {"type": "Feature", "id": 793, "geometry": {"type": "Point", "coordinates": [-71.0553604795942, 42.4161776358117]}, "properties": {"Line": 360, "Company": "Boston Gas", "Division": "Malden", "Town": "Everett", "Town_Code": "EVE", "State": "MA", "Description__street_segment_": "53-108 CENTRAL AV, EVE, 8-26 HERBERT ST", "Diameter": 4, "Material": "Cast Iron", "Operating_Pressure": "LP", "NPA_Opportunity": "No - Impact to System Integration", "LPP_Footage": 1695, "LPP_Mileage_": 0.32, "lat": 42.4161776358117, "lon": -71.0553604795942, "Mapped_address": "17 Herbert St, Everett, MA 02149, USA", "FID": 793}}, {"type": "Feature", "id": 794, "geometry": {"type": "Point", "coordinates": [-71.0542727, 42.4161294]}, "properties": {"Line": 360, "Company": "Boston Gas", "Division": "Malden", "Town": "Everett", "Town_Code": "EVE", "State": "MA", "Description__street_segment_": "53-108 CENTRAL AV, EVE, 8-26 HERBERT ST", "Diameter": 4, "Material": "Cast Iron", "Operating_Pressure": "LP", "NPA_Opportunity": "No - Impact to System Integration", "LPP_Footage": 1695, "LPP_Mileage_": 0.32, "lat": 42.4161294, "lon": -71.0542727, "Mapped_address": "80 Central Ave, Everett, MA 02149, USA", "FID": 794}}, {"type": "Feature", "id": 795, "geometry": {"type": "Point", "coordinates": [-71.0371158074212, 42.4222328520504]}, "properties": {"Line": 361, "Company": "Boston Gas", "Division": "Malden", "Town": "Everett", "Town_Code": "EVE", "State": "MA", "Description__street_segment_": "57-168 FULLER ST, EVE, MEADOWVIEW RD", "Diameter": 2, "Material": "Steel-WI", "Operating_Pressure": "2", "NPA_Opportunity": "Yes - Potential NPA, partial scope", "LPP_Footage": 1680, "LPP_Mileage_": 0.32, "lat": 42.4222328520504, "lon": -71.0371158074212, "Mapped_address": "112 Fuller St, Everett, MA 02149, USA", "FID": 795}}, {"type": "Feature", "id": 796, "geometry": {"type": "Point", "coordinates": [-71.0353424446648, 42.4226891428462]}, "properties": {"Line": 361, "Company": "Boston Gas", "Division": "Malden", "Town": "Everett", "Town_Code": "EVE", "State": "MA", "Description__street_segment_": "57-168 FULLER ST, EVE, MEADOWVIEW RD", "Diameter": 2, "Material": "Steel-WI", "Operating_Pressure": "2", "NPA_Opportunity": "Yes - Potential NPA, partial scope", "LPP_Footage": 1680, "LPP_Mileage_": 0.32, "lat": 42.4226891428462, "lon": -71.0353424446648, "Mapped_address": "Meadowview Rd, Everett, MA 02149, USA", "FID": 796}}, {"type": "Feature", "id": 797, "geometry": {"type": "Point", "coordinates": [-71.0406224211201, 42.4057861129912]}, "properties": {"Line": 362, "Company": "Boston Gas", "Division": "Malden", "Town": "Everett", "Town_Code": "EVE", "State": "MA", "Description__street_segment_": "58-118 MALDEN ST, EVE, HAMILTON ST,FISHER TER", "Diameter": 6, "Material": "Cast Iron", "Operating_Pressure": "LP", "NPA_Opportunity": "Yes - Potential NPA, partial scope", "LPP_Footage": 1715, "LPP_Mileage_": 0.32, "lat": 42.4057861129912, "lon": -71.0406224211201, "Mapped_address": "88 Malden St, Everett, MA 02149, USA", "FID": 797}}, {"type": "Feature", "id": 798, "geometry": {"type": "Point", "coordinates": [-71.0408597, 42.4067728]}, "properties": {"Line": 362, "Company": "Boston Gas", "Division": "Malden", "Town": "Everett", "Town_Code": "EVE", "State": "MA", "Description__street_segment_": "58-118 MALDEN ST, EVE, HAMILTON ST,FISHER TER", "Diameter": 6, "Material": "Cast Iron", "Operating_Pressure": "LP", "NPA_Opportunity": "Yes - Potential NPA, partial scope", "LPP_Footage": 1715, "LPP_Mileage_": 0.32, "lat": 42.4067728, "lon": -71.0408597, "Mapped_address": "Fisher Terrace, Everett, MA 02149, USA", "FID": 798}}, {"type": "Feature", "id": 799, "geometry": {"type": "Point", "coordinates": [-71.0392568, 42.4058545]}, "properties": {"Line": 362, "Company": "Boston Gas", "Division": "Malden", "Town": "Everett", "Town_Code": "EVE", "State": "MA", "Description__street_segment_": "58-118 MALDEN ST, EVE, HAMILTON ST,FISHER TER", "Diameter": 6, "Material": "Cast Iron", "Operating_Pressure": "LP", "NPA_Opportunity": "Yes - Potential NPA, partial scope", "LPP_Footage": 1715, "LPP_Mileage_": 0.32, "lat": 42.4058545, "lon": -71.0392568, "Mapped_address": "Hamilton St, Everett, MA 02149, USA", "FID": 799}}, {"type": "Feature", "id": 800, "geometry": {"type": "Point", "coordinates": [-71.0469126263377, 42.4098197581298]}, "properties": {"Line": 363, "Company": "Boston Gas", "Division": "Malden", "Town": "Everett", "Town_Code": "EVE", "State": "MA", "Description__street_segment_": "7-80 FOSTER ST, EVE, 10-40 PLEASANT VIEW AV", "Diameter": 6, "Material": "Cast Iron", "Operating_Pressure": "LP", "NPA_Opportunity": "No - Impact to System Integration", "LPP_Footage": 1590, "LPP_Mileage_": 0.3, "lat": 42.4098197581298, "lon": -71.0469126263377, "Mapped_address": "25 Pleasantview Ave, Everett, MA 02149, USA", "FID": 800}}, {"type": "Feature", "id": 801, "geometry": {"type": "Point", "coordinates": [-71.0481568331167, 42.4099587155893]}, "properties": {"Line": 363, "Company": "Boston Gas", "Division": "Malden", "Town": "Everett", "Town_Code": "EVE", "State": "MA", "Description__street_segment_": "7-80 FOSTER ST, EVE, 10-40 PLEASANT VIEW AV", "Diameter": 6, "Material": "Cast Iron", "Operating_Pressure": "LP", "NPA_Opportunity": "No - Impact to System Integration", "LPP_Footage": 1590, "LPP_Mileage_": 0.3, "lat": 42.4099587155893, "lon": -71.0481568331167, "Mapped_address": "43 Foster St, Everett, MA 02149, USA", "FID": 801}}, {"type": "Feature", "id": 802, "geometry": {"type": "Point", "coordinates": [-71.1002854, 42.2405049]}, "properties": {"Line": 245, "Company": "Boston Gas", "Division": "Braintree", "Town": "Milton", "Town_Code": "MIL", "State": "MA", "Description__street_segment_": "939-1258 CANTON AV, MIL, & APPLE LN, THE LEDGEWAY", "Diameter": 8, "Material": "Cast Iron", "Operating_Pressure": "LP", "NPA_Opportunity": "Yes - Potential NPA, partial scope", "LPP_Footage": 4935, "LPP_Mileage_": 0.93, "lat": 42.2405049, "lon": -71.1002854, "Mapped_address": "The Ledgeway, Milton, MA 02186, USA", "FID": 802}}, {"type": "Feature", "id": 803, "geometry": {"type": "Point", "coordinates": [-70.9936562952397, 42.2439480614191]}, "properties": {"Line": 246, "Company": "Boston Gas", "Division": "Braintree", "Town": "Quincy", "Town_Code": "QUI", "State": "MA", "Description__street_segment_": "10-118 DYSART ST, QUI, & 38-71 SCAMMELL ST", "Diameter": 6, "Material": "Cast Iron", "Operating_Pressure": "LP", "NPA_Opportunity": "No - Impact to System Integration", "LPP_Footage": 1785, "LPP_Mileage_": 0.34, "lat": 42.2439480614191, "lon": -70.9936562952397, "Mapped_address": "54 Scammell St, Quincy, MA 02169, USA", "FID": 803}}, {"type": "Feature", "id": 804, "geometry": {"type": "Point", "coordinates": [-70.9963292410358, 42.2447556597203]}, "properties": {"Line": 246, "Company": "Boston Gas", "Division": "Braintree", "Town": "Quincy", "Town_Code": "QUI", "State": "MA", "Description__street_segment_": "10-118 DYSART ST, QUI, & 38-71 SCAMMELL ST", "Diameter": 6, "Material": "Cast Iron", "Operating_Pressure": "LP", "NPA_Opportunity": "No - Impact to System Integration", "LPP_Footage": 1785, "LPP_Mileage_": 0.34, "lat": 42.2447556597203, "lon": -70.9963292410358, "Mapped_address": "64 Dysart St, Quincy, MA 02169, USA", "FID": 804}}, {"type": "Feature", "id": 805, "geometry": {"type": "Point", "coordinates": [-71.0178857681404, 42.2615881869349]}, "properties": {"Line": 247, "Company": "Boston Gas", "Division": "Braintree", "Town": "Quincy", "Town_Code": "QUI", "State": "MA", "Description__street_segment_": "10-164 GRAND VIEW AV, QUI, & 115-145 WARREN AV", "Diameter": 6, "Material": "Cast Iron", "Operating_Pressure": "LP", "NPA_Opportunity": "No - Impact to System Integration", "LPP_Footage": 2385, "LPP_Mileage_": 0.45, "lat": 42.2615881869349, "lon": -71.0178857681404, "Mapped_address": "130 Warren Ave, Quincy, MA 02170, USA", "FID": 805}}, {"type": "Feature", "id": 806, "geometry": {"type": "Point", "coordinates": [-71.018673377656, 42.2626644800996]}, "properties": {"Line": 247, "Company": "Boston Gas", "Division": "Braintree", "Town": "Quincy", "Town_Code": "QUI", "State": "MA", "Description__street_segment_": "10-164 GRAND VIEW AV, QUI, & 115-145 WARREN AV", "Diameter": 6, "Material": "Cast Iron", "Operating_Pressure": "LP", "NPA_Opportunity": "No - Impact to System Integration", "LPP_Footage": 2385, "LPP_Mileage_": 0.45, "lat": 42.2626644800996, "lon": -71.018673377656, "Mapped_address": "87 Grandview Ave, Quincy, MA 02170, USA", "FID": 806}}, {"type": "Feature", "id": 807, "geometry": {"type": "Point", "coordinates": [-71.0321579598434, 42.2498660017961]}, "properties": {"Line": 248, "Company": "Boston Gas", "Division": "Braintree", "Town": "Quincy", "Town_Code": "QUI", "State": "MA", "Description__street_segment_": "1-116 HALL PL, QUI, & 3-34 MARTELL RD", "Diameter": 4, "Material": "Cast Iron", "Operating_Pressure": "LP", "NPA_Opportunity": "No - Impact to System Integration", "LPP_Footage": 2165, "LPP_Mileage_": 0.41, "lat": 42.2498660017961, "lon": -71.0321579598434, "Mapped_address": "18 Martell Rd, Quincy, MA 02169, USA", "FID": 807}}, {"type": "Feature", "id": 808, "geometry": {"type": "Point", "coordinates": [-71.0310404423339, 42.2487308499056]}, "properties": {"Line": 248, "Company": "Boston Gas", "Division": "Braintree", "Town": "Quincy", "Town_Code": "QUI", "State": "MA", "Description__street_segment_": "1-116 HALL PL, QUI, & 3-34 MARTELL RD", "Diameter": 4, "Material": "Cast Iron", "Operating_Pressure": "LP", "NPA_Opportunity": "No - Impact to System Integration", "LPP_Footage": 2165, "LPP_Mileage_": 0.41, "lat": 42.2487308499056, "lon": -71.0310404423339, "Mapped_address": "58 Hall Pl, Quincy, MA 02169, USA", "FID": 808}}, {"type": "Feature", "id": 809, "geometry": {"type": "Point", "coordinates": [-70.9839055753099, 42.249692734917]}, "properties": {"Line": 249, "Company": "Boston Gas", "Division": "Braintree", "Town": "Quincy", "Town_Code": "QUI", "State": "MA", "Description__street_segment_": "11-64 RIVER ST, QUI, & FARNUM & GRAHAM ST", "Diameter": 6, "Material": "Cast Iron", "Operating_Pressure": "LP", "NPA_Opportunity": "No - Impact to System Integration", "LPP_Footage": 1890, "LPP_Mileage_": 0.36, "lat": 42.249692734917, "lon": -70.9839055753099, "Mapped_address": "37 River St, Quincy, MA 02169, USA", "FID": 809}}, {"type": "Feature", "id": 810, "geometry": {"type": "Point", "coordinates": [-70.9844797, 42.2504506]}, "properties": {"Line": 249, "Company": "Boston Gas", "Division": "Braintree", "Town": "Quincy", "Town_Code": "QUI", "State": "MA", "Description__street_segment_": "11-64 RIVER ST, QUI, & FARNUM & GRAHAM ST", "Diameter": 6, "Material": "Cast Iron", "Operating_Pressure": "LP", "NPA_Opportunity": "No - Impact to System Integration", "LPP_Footage": 1890, "LPP_Mileage_": 0.36, "lat": 42.2504506, "lon": -70.9844797, "Mapped_address": "Farnum St, Quincy, MA 02169, USA", "FID": 810}}, {"type": "Feature", "id": 811, "geometry": {"type": "Point", "coordinates": [-70.9845076, 42.2497767]}, "properties": {"Line": 249, "Company": "Boston Gas", "Division": "Braintree", "Town": "Quincy", "Town_Code": "QUI", "State": "MA", "Description__street_segment_": "11-64 RIVER ST, QUI, & FARNUM & GRAHAM ST", "Diameter": 6, "Material": "Cast Iron", "Operating_Pressure": "LP", "NPA_Opportunity": "No - Impact to System Integration", "LPP_Footage": 1890, "LPP_Mileage_": 0.36, "lat": 42.2497767, "lon": -70.9845076, "Mapped_address": "Graham St, Quincy, MA 02169, USA", "FID": 811}}, {"type": "Feature", "id": 812, "geometry": {"type": "Point", "coordinates": [-71.0186419135334, 42.2792444641324]}, "properties": {"Line": 250, "Company": "Boston Gas", "Division": "Braintree", "Town": "Quincy", "Town_Code": "QUI", "State": "MA", "Description__street_segment_": "11-76 ARNOLD RD, QUI, & 2-23 CANTON RD", "Diameter": 6, "Material": "Cast Iron", "Operating_Pressure": "LP", "NPA_Opportunity": "No - Impact to System Integration", "LPP_Footage": 1195, "LPP_Mileage_": 0.23, "lat": 42.2792444641324, "lon": -71.0186419135334, "Mapped_address": "12 Canton Rd, Quincy, MA 02171, USA", "FID": 812}}, {"type": "Feature", "id": 813, "geometry": {"type": "Point", "coordinates": [-71.0181762839459, 42.2788410604657]}, "properties": {"Line": 250, "Company": "Boston Gas", "Division": "Braintree", "Town": "Quincy", "Town_Code": "QUI", "State": "MA", "Description__street_segment_": "11-76 ARNOLD RD, QUI, & 2-23 CANTON RD", "Diameter": 6, "Material": "Cast Iron", "Operating_Pressure": "LP", "NPA_Opportunity": "No - Impact to System Integration", "LPP_Footage": 1195, "LPP_Mileage_": 0.23, "lat": 42.2788410604657, "lon": -71.0181762839459, "Mapped_address": "43 Arnold Rd, Quincy, MA 02171, USA", "FID": 813}}, {"type": "Feature", "id": 814, "geometry": {"type": "Point", "coordinates": [-71.0276996529451, 42.2623230218304]}, "properties": {"Line": 251, "Company": "Boston Gas", "Division": "Braintree", "Town": "Quincy", "Town_Code": "QUI", "State": "MA", "Description__street_segment_": "129-196 NORFOLK ST, QUI, & ELMWOOD AV, EVERETT ST", "Diameter": 6, "Material": "Cast Iron", "Operating_Pressure": "LP", "NPA_Opportunity": "No - Impact to System Integration", "LPP_Footage": 1895, "LPP_Mileage_": 0.36, "lat": 42.2623230218304, "lon": -71.0276996529451, "Mapped_address": "162 Norfolk St, Quincy, MA 02170, USA", "FID": 814}}, {"type": "Feature", "id": 815, "geometry": {"type": "Point", "coordinates": [-71.0281549, 42.2636248]}, "properties": {"Line": 251, "Company": "Boston Gas", "Division": "Braintree", "Town": "Quincy", "Town_Code": "QUI", "State": "MA", "Description__street_segment_": "129-196 NORFOLK ST, QUI, & ELMWOOD AV, EVERETT ST", "Diameter": 6, "Material": "Cast Iron", "Operating_Pressure": "LP", "NPA_Opportunity": "No - Impact to System Integration", "LPP_Footage": 1895, "LPP_Mileage_": 0.36, "lat": 42.2636248, "lon": -71.0281549, "Mapped_address": "Elmwood Ave, Quincy, MA 02170, USA", "FID": 815}}, {"type": "Feature", "id": 816, "geometry": {"type": "Point", "coordinates": [-71.0268793, 42.2624233]}, "properties": {"Line": 251, "Company": "Boston Gas", "Division": "Braintree", "Town": "Quincy", "Town_Code": "QUI", "State": "MA", "Description__street_segment_": "129-196 NORFOLK ST, QUI, & ELMWOOD AV, EVERETT ST", "Diameter": 6, "Material": "Cast Iron", "Operating_Pressure": "LP", "NPA_Opportunity": "No - Impact to System Integration", "LPP_Footage": 1895, "LPP_Mileage_": 0.36, "lat": 42.2624233, "lon": -71.0268793, "Mapped_address": "Everett St, Quincy, MA 02170, USA", "FID": 816}}, {"type": "Feature", "id": 817, "geometry": {"type": "Point", "coordinates": [-71.030395899898, 42.253347051957]}, "properties": {"Line": 252, "Company": "Boston Gas", "Division": "Braintree", "Town": "Quincy", "Town_Code": "QUI", "State": "MA", "Description__street_segment_": "12-92 CONNELL ST, QUI", "Diameter": 6, "Material": "Cast Iron", "Operating_Pressure": "LP", "NPA_Opportunity": "No - Impact to System Integration", "LPP_Footage": 1075, "LPP_Mileage_": 0.2, "lat": 42.253347051957, "lon": -71.030395899898, "Mapped_address": "52 Connell St, Quincy, MA 02169, USA", "FID": 817}}, {"type": "Feature", "id": 818, "geometry": {"type": "Point", "coordinates": [-71.0314437397644, 42.2460964020954]}, "properties": {"Line": 253, "Company": "Boston Gas", "Division": "Braintree", "Town": "Quincy", "Town_Code": "QUI", "State": "MA", "Description__street_segment_": "136-142 HALL PL, QUI", "Diameter": 4, "Material": "Cast Iron", "Operating_Pressure": "LP", "NPA_Opportunity": "No - Critical Main", "LPP_Footage": 245, "LPP_Mileage_": 0.05, "lat": 42.2460964020954, "lon": -71.0314437397644, "Mapped_address": "139 Hall Pl, Quincy, MA 02169, USA", "FID": 818}}, {"type": "Feature", "id": 819, "geometry": {"type": "Point", "coordinates": [-71.0366269297066, 42.2668069073479]}, "properties": {"Line": 254, "Company": "Boston Gas", "Division": "Braintree", "Town": "Quincy", "Town_Code": "QUI", "State": "MA", "Description__street_segment_": "139-192 ELLIOT AV, QUI, & 37-51 HARVARD ST", "Diameter": 6, "Material": "Cast Iron", "Operating_Pressure": "LP", "NPA_Opportunity": "No - Impact to System Integration", "LPP_Footage": 935, "LPP_Mileage_": 0.18, "lat": 42.2668069073479, "lon": -71.0366269297066, "Mapped_address": "165 Elliot Ave, Quincy, MA 02171, USA", "FID": 819}}, {"type": "Feature", "id": 820, "geometry": {"type": "Point", "coordinates": [-71.0363194175413, 42.2673143367727]}, "properties": {"Line": 254, "Company": "Boston Gas", "Division": "Braintree", "Town": "Quincy", "Town_Code": "QUI", "State": "MA", "Description__street_segment_": "139-192 ELLIOT AV, QUI, & 37-51 HARVARD ST", "Diameter": 6, "Material": "Cast Iron", "Operating_Pressure": "LP", "NPA_Opportunity": "No - Impact to System Integration", "LPP_Footage": 935, "LPP_Mileage_": 0.18, "lat": 42.2673143367727, "lon": -71.0363194175413, "Mapped_address": "44 Harvard St, Quincy, MA 02171, USA", "FID": 820}}, {"type": "Feature", "id": 821, "geometry": {"type": "Point", "coordinates": [-71.0014792723516, 42.2479858289321]}, "properties": {"Line": 255, "Company": "Boston Gas", "Division": "Braintree", "Town": "Quincy", "Town_Code": "QUI", "State": "MA", "Description__street_segment_": "1436-1576 HANCOCK ST, QUI, & CLIVEDEN ST", "Diameter": 8, "Material": "Cast Iron", "Operating_Pressure": "LP", "NPA_Opportunity": "No - Critical Main", "LPP_Footage": 775, "LPP_Mileage_": 0.15, "lat": 42.2479858289321, "lon": -71.0014792723516, "Mapped_address": "1506 Hancock St, Quincy, MA 02169, USA", "FID": 821}}, {"type": "Feature", "id": 822, "geometry": {"type": "Point", "coordinates": [-71.0023728, 42.2471849]}, "properties": {"Line": 255, "Company": "Boston Gas", "Division": "Braintree", "Town": "Quincy", "Town_Code": "QUI", "State": "MA", "Description__street_segment_": "1436-1576 HANCOCK ST, QUI, & CLIVEDEN ST", "Diameter": 8, "Material": "Cast Iron", "Operating_Pressure": "LP", "NPA_Opportunity": "No - Critical Main", "LPP_Footage": 775, "LPP_Mileage_": 0.15, "lat": 42.2471849, "lon": -71.0023728, "Mapped_address": "Cliveden St, Quincy, MA 02169, USA", "FID": 822}}, {"type": "Feature", "id": 823, "geometry": {"type": "Point", "coordinates": [-71.0011623925367, 42.2601455284404]}, "properties": {"Line": 256, "Company": "Boston Gas", "Division": "Braintree", "Town": "Quincy", "Town_Code": "QUI", "State": "MA", "Description__street_segment_": "148-208 MERRYMOUNT RD, QUI", "Diameter": 6, "Material": "Cast Iron", "Operating_Pressure": "LP", "NPA_Opportunity": "No - Impact to System Integration", "LPP_Footage": 930, "LPP_Mileage_": 0.18, "lat": 42.2601455284404, "lon": -71.0011623925367, "Mapped_address": "178 Merrymount Rd, Quincy, MA 02169, USA", "FID": 823}}, {"type": "Feature", "id": 824, "geometry": {"type": "Point", "coordinates": [-71.0030569709809, 42.2532726444897]}, "properties": {"Line": 257, "Company": "Boston Gas", "Division": "Braintree", "Town": "Quincy", "Town_Code": "QUI", "State": "MA", "Description__street_segment_": "15-58 SAVILLE AV, QUI, & 17-48 HUNTLEY RD", "Diameter": 4, "Material": "Cast Iron", "Operating_Pressure": "LP", "NPA_Opportunity": "No - Impact to System Integration", "LPP_Footage": 1255, "LPP_Mileage_": 0.24, "lat": 42.2532726444897, "lon": -71.0030569709809, "Mapped_address": "32 Huntley Rd, Quincy, MA 02169, USA", "FID": 824}}, {"type": "Feature", "id": 825, "geometry": {"type": "Point", "coordinates": [-71.0027681845275, 42.2530688048969]}, "properties": {"Line": 257, "Company": "Boston Gas", "Division": "Braintree", "Town": "Quincy", "Town_Code": "QUI", "State": "MA", "Description__street_segment_": "15-58 SAVILLE AV, QUI, & 17-48 HUNTLEY RD", "Diameter": 4, "Material": "Cast Iron", "Operating_Pressure": "LP", "NPA_Opportunity": "No - Impact to System Integration", "LPP_Footage": 1255, "LPP_Mileage_": 0.24, "lat": 42.2530688048969, "lon": -71.0027681845275, "Mapped_address": "36 Saville Ave, Quincy, MA 02169, USA", "FID": 825}}, {"type": "Feature", "id": 826, "geometry": {"type": "Point", "coordinates": [-71.006575480124, 42.2423188868137]}, "properties": {"Line": 258, "Company": "Boston Gas", "Division": "Braintree", "Town": "Quincy", "Town_Code": "QUI", "State": "MA", "Description__street_segment_": "15-98 PLEASANT ST, QUI, & QUINCY ST, JACKSON ST", "Diameter": 6, "Material": "Cast Iron", "Operating_Pressure": "LP", "NPA_Opportunity": "No - High Customer Concentration", "LPP_Footage": 3780, "LPP_Mileage_": 0.72, "lat": 42.2423188868137, "lon": -71.006575480124, "Mapped_address": "56 Pleasant St, Quincy, MA 02169, USA", "FID": 826}}, {"type": "Feature", "id": 827, "geometry": {"type": "Point", "coordinates": [-71.0065769, 42.2416701]}, "properties": {"Line": 258, "Company": "Boston Gas", "Division": "Braintree", "Town": "Quincy", "Town_Code": "QUI", "State": "MA", "Description__street_segment_": "15-98 PLEASANT ST, QUI, & QUINCY ST, JACKSON ST", "Diameter": 6, "Material": "Cast Iron", "Operating_Pressure": "LP", "NPA_Opportunity": "No - High Customer Concentration", "LPP_Footage": 3780, "LPP_Mileage_": 0.72, "lat": 42.2416701, "lon": -71.0065769, "Mapped_address": "Jackson St, Quincy, MA 02169, USA", "FID": 827}}, {"type": "Feature", "id": 828, "geometry": {"type": "Point", "coordinates": [-71.0079874, 42.2398451]}, "properties": {"Line": 258, "Company": "Boston Gas", "Division": "Braintree", "Town": "Quincy", "Town_Code": "QUI", "State": "MA", "Description__street_segment_": "15-98 PLEASANT ST, QUI, & QUINCY ST, JACKSON ST", "Diameter": 6, "Material": "Cast Iron", "Operating_Pressure": "LP", "NPA_Opportunity": "No - High Customer Concentration", "LPP_Footage": 3780, "LPP_Mileage_": 0.72, "lat": 42.2398451, "lon": -71.0079874, "Mapped_address": "Quincy St, Quincy, MA 02169, USA", "FID": 828}}, {"type": "Feature", "id": 829, "geometry": {"type": "Point", "coordinates": [-71.0045893, 42.2406975]}, "properties": {"Line": 259, "Company": "Boston Gas", "Division": "Braintree", "Town": "Quincy", "Town_Code": "QUI", "State": "MA", "Description__street_segment_": "16-164 WATER ST, QUI, & 6-14 FEDERAL AV", "Diameter": 12, "Material": "Cast Iron", "Operating_Pressure": "LP", "NPA_Opportunity": "No - Critical Main", "LPP_Footage": 2265, "LPP_Mileage_": 0.43, "lat": 42.2406975, "lon": -71.0045893, "Mapped_address": "10 Federal Ave, Quincy, MA 02169, USA", "FID": 829}}, {"type": "Feature", "id": 830, "geometry": {"type": "Point", "coordinates": [-71.0013681085924, 42.2424181215678]}, "properties": {"Line": 259, "Company": "Boston Gas", "Division": "Braintree", "Town": "Quincy", "Town_Code": "QUI", "State": "MA", "Description__street_segment_": "16-164 WATER ST, QUI, & 6-14 FEDERAL AV", "Diameter": 12, "Material": "Cast Iron", "Operating_Pressure": "LP", "NPA_Opportunity": "No - Critical Main", "LPP_Footage": 2265, "LPP_Mileage_": 0.43, "lat": 42.2424181215678, "lon": -71.0013681085924, "Mapped_address": "90 Water St, Quincy, MA 02169, USA", "FID": 830}}, {"type": "Feature", "id": 831, "geometry": {"type": "Point", "coordinates": [-71.0216887931203, 42.2624071039873]}, "properties": {"Line": 260, "Company": "Boston Gas", "Division": "Braintree", "Town": "Quincy", "Town_Code": "QUI", "State": "MA", "Description__street_segment_": "163-356 BEALE ST, QUI, & 5-45 PROSPECT AV", "Diameter": 12, "Material": "Cast Iron", "Operating_Pressure": "LP", "NPA_Opportunity": "No - Critical Main", "LPP_Footage": 3555, "LPP_Mileage_": 0.67, "lat": 42.2624071039873, "lon": -71.0216887931203, "Mapped_address": "25 Prospect Ave, Quincy, MA 02170, USA", "FID": 831}}, {"type": "Feature", "id": 832, "geometry": {"type": "Point", "coordinates": [-71.0252022738961, 42.2617102841813]}, "properties": {"Line": 260, "Company": "Boston Gas", "Division": "Braintree", "Town": "Quincy", "Town_Code": "QUI", "State": "MA", "Description__street_segment_": "163-356 BEALE ST, QUI, & 5-45 PROSPECT AV", "Diameter": 12, "Material": "Cast Iron", "Operating_Pressure": "LP", "NPA_Opportunity": "No - Critical Main", "LPP_Footage": 3555, "LPP_Mileage_": 0.67, "lat": 42.2617102841813, "lon": -71.0252022738961, "Mapped_address": "259 Beale St, Quincy, MA 02170, USA", "FID": 832}}, {"type": "Feature", "id": 833, "geometry": {"type": "Point", "coordinates": [-71.0132587464982, 42.2994499488464]}, "properties": {"Line": 261, "Company": "Boston Gas", "Division": "Braintree", "Town": "Quincy", "Town_Code": "QUI", "State": "MA", "Description__street_segment_": "17-83 PRATT RD, QUI, & SEAWAY RD, MAYFLOWER RD", "Diameter": 6, "Material": "Cast Iron", "Operating_Pressure": "LP", "NPA_Opportunity": "No - Impact to System Integration", "LPP_Footage": 1190, "LPP_Mileage_": 0.23, "lat": 42.2994499488464, "lon": -71.0132587464982, "Mapped_address": "50 Pratt Rd, Quincy, MA 02171, USA", "FID": 833}}, {"type": "Feature", "id": 834, "geometry": {"type": "Point", "coordinates": [-71.0130892, 42.2977943]}, "properties": {"Line": 261, "Company": "Boston Gas", "Division": "Braintree", "Town": "Quincy", "Town_Code": "QUI", "State": "MA", "Description__street_segment_": "17-83 PRATT RD, QUI, & SEAWAY RD, MAYFLOWER RD", "Diameter": 6, "Material": "Cast Iron", "Operating_Pressure": "LP", "NPA_Opportunity": "No - Impact to System Integration", "LPP_Footage": 1190, "LPP_Mileage_": 0.23, "lat": 42.2977943, "lon": -71.0130892, "Mapped_address": "Mayflower Rd, Quincy, MA 02171, USA", "FID": 834}}, {"type": "Feature", "id": 835, "geometry": {"type": "Point", "coordinates": [-71.0147862, 42.2984723]}, "properties": {"Line": 261, "Company": "Boston Gas", "Division": "Braintree", "Town": "Quincy", "Town_Code": "QUI", "State": "MA", "Description__street_segment_": "17-83 PRATT RD, QUI, & SEAWAY RD, MAYFLOWER RD", "Diameter": 6, "Material": "Cast Iron", "Operating_Pressure": "LP", "NPA_Opportunity": "No - Impact to System Integration", "LPP_Footage": 1190, "LPP_Mileage_": 0.23, "lat": 42.2984723, "lon": -71.0147862, "Mapped_address": "Seaway Rd, Quincy, MA 02171, USA", "FID": 835}}, {"type": "Feature", "id": 836, "geometry": {"type": "Point", "coordinates": [-71.0015720891504, 42.2403711143425]}, "properties": {"Line": 262, "Company": "Boston Gas", "Division": "Braintree", "Town": "Quincy", "Town_Code": "QUI", "State": "MA", "Description__street_segment_": "18-76 PAYNE ST, QUI, & ENDICOTT ST", "Diameter": 6, "Material": "Cast Iron", "Operating_Pressure": "LP", "NPA_Opportunity": "No - Impact to System Integration", "LPP_Footage": 1200, "LPP_Mileage_": 0.23, "lat": 42.2403711143425, "lon": -71.0015720891504, "Mapped_address": "47 Payne St, Quincy, MA 02169, USA", "FID": 836}}, {"type": "Feature", "id": 837, "geometry": {"type": "Point", "coordinates": [-71.0016826, 42.2387251]}, "properties": {"Line": 262, "Company": "Boston Gas", "Division": "Braintree", "Town": "Quincy", "Town_Code": "QUI", "State": "MA", "Description__street_segment_": "18-76 PAYNE ST, QUI, & ENDICOTT ST", "Diameter": 6, "Material": "Cast Iron", "Operating_Pressure": "LP", "NPA_Opportunity": "No - Impact to System Integration", "LPP_Footage": 1200, "LPP_Mileage_": 0.23, "lat": 42.2387251, "lon": -71.0016826, "Mapped_address": "Endicott St, Quincy, MA 02169, USA", "FID": 837}}, {"type": "Feature", "id": 838, "geometry": {"type": "Point", "coordinates": [-71.0036362901393, 42.2604139817235]}, "properties": {"Line": 263, "Company": "Boston Gas", "Division": "Braintree", "Town": "Quincy", "Town_Code": "QUI", "State": "MA", "Description__street_segment_": "188-242 FURNACE BROOK PKWY, QUI", "Diameter": 12, "Material": "Cast Iron", "Operating_Pressure": "LP", "NPA_Opportunity": "No - Critical Main", "LPP_Footage": 365, "LPP_Mileage_": 0.07, "lat": 42.2604139817235, "lon": -71.0036362901393, "Mapped_address": "215 Furnace Brook Pkwy, Quincy, MA 02169, USA", "FID": 838}}, {"type": "Feature", "id": 839, "geometry": {"type": "Point", "coordinates": [-70.9735013635376, 42.2471459450356]}, "properties": {"Line": 264, "Company": "Boston Gas", "Division": "Braintree", "Town": "Quincy", "Town_Code": "QUI", "State": "MA", "Description__street_segment_": "1-90 LAWN AV, QUI, & 1-90 WHITON AV", "Diameter": 6, "Material": "Cast Iron", "Operating_Pressure": "LP", "NPA_Opportunity": "No - Impact to System Integration", "LPP_Footage": 3315, "LPP_Mileage_": 0.63, "lat": 42.2471459450356, "lon": -70.9735013635376, "Mapped_address": "45 Lawn Ave, Quincy, MA 02169, USA", "FID": 839}}, {"type": "Feature", "id": 840, "geometry": {"type": "Point", "coordinates": [-70.9739632507635, 42.246621974399]}, "properties": {"Line": 264, "Company": "Boston Gas", "Division": "Braintree", "Town": "Quincy", "Town_Code": "QUI", "State": "MA", "Description__street_segment_": "1-90 LAWN AV, QUI, & 1-90 WHITON AV", "Diameter": 6, "Material": "Cast Iron", "Operating_Pressure": "LP", "NPA_Opportunity": "No - Impact to System Integration", "LPP_Footage": 3315, "LPP_Mileage_": 0.63, "lat": 42.246621974399, "lon": -70.9739632507635, "Mapped_address": "45 Whiton Ave, Quincy, MA 02169, USA", "FID": 840}}, {"type": "Feature", "id": 841, "geometry": {"type": "Point", "coordinates": [-71.0189486439359, 42.2427367823217]}, "properties": {"Line": 265, "Company": "Boston Gas", "Division": "Braintree", "Town": "Quincy", "Town_Code": "QUI", "State": "MA", "Description__street_segment_": "2-163 COPELAND ST, QUI", "Diameter": 12, "Material": "Cast Iron", "Operating_Pressure": "LP", "NPA_Opportunity": "No - Critical Main", "LPP_Footage": 2875, "LPP_Mileage_": 0.54, "lat": 42.2427367823217, "lon": -71.0189486439359, "Mapped_address": "82 Copeland St, Quincy, MA 02169, USA", "FID": 841}}, {"type": "Feature", "id": 842, "geometry": {"type": "Point", "coordinates": [-71.035855, 42.2815187]}, "properties": {"Line": 266, "Company": "Boston Gas", "Division": "Braintree", "Town": "Quincy", "Town_Code": "QUI", "State": "MA", "Description__street_segment_": "23-144 HANCOCK ST, QUI, & NEWBURY ST", "Diameter": 12, "Material": "Steel-WI", "Operating_Pressure": "LP", "NPA_Opportunity": "No - Critical Main", "LPP_Footage": 515, "LPP_Mileage_": 0.1, "lat": 42.2815187, "lon": -71.035855, "Mapped_address": "83 Hancock St, Quincy, MA 02171, USA", "FID": 842}}, {"type": "Feature", "id": 843, "geometry": {"type": "Point", "coordinates": [-71.0377881354325, 42.2811091796221]}, "properties": {"Line": 266, "Company": "Boston Gas", "Division": "Braintree", "Town": "Quincy", "Town_Code": "QUI", "State": "MA", "Description__street_segment_": "23-144 HANCOCK ST, QUI, & NEWBURY ST", "Diameter": 12, "Material": "Steel-WI", "Operating_Pressure": "LP", "NPA_Opportunity": "No - Critical Main", "LPP_Footage": 515, "LPP_Mileage_": 0.1, "lat": 42.2811091796221, "lon": -71.0377881354325, "Mapped_address": "Newbury St, Quincy, MA 02171, USA", "FID": 843}}, {"type": "Feature", "id": 844, "geometry": {"type": "Point", "coordinates": [-71.0246504090439, 42.2842663399677]}, "properties": {"Line": 267, "Company": "Boston Gas", "Division": "Braintree", "Town": "Quincy", "Town_Code": "QUI", "State": "MA", "Description__street_segment_": "235-312 E SQUANTUM ST, QUI, & ATLANTIC ST", "Diameter": 8, "Material": "Cast Iron", "Operating_Pressure": "LP", "NPA_Opportunity": "No - Critical Main", "LPP_Footage": 2160, "LPP_Mileage_": 0.41, "lat": 42.2842663399677, "lon": -71.0246504090439, "Mapped_address": "273 E Squantum St, Quincy, MA 02171, USA", "FID": 844}}, {"type": "Feature", "id": 845, "geometry": {"type": "Point", "coordinates": [-71.0264598, 42.2836049]}, "properties": {"Line": 267, "Company": "Boston Gas", "Division": "Braintree", "Town": "Quincy", "Town_Code": "QUI", "State": "MA", "Description__street_segment_": "235-312 E SQUANTUM ST, QUI, & ATLANTIC ST", "Diameter": 8, "Material": "Cast Iron", "Operating_Pressure": "LP", "NPA_Opportunity": "No - Critical Main", "LPP_Footage": 2160, "LPP_Mileage_": 0.41, "lat": 42.2836049, "lon": -71.0264598, "Mapped_address": "Atlantic St, Quincy, MA 02171, USA", "FID": 845}}, {"type": "Feature", "id": 846, "geometry": {"type": "Point", "coordinates": [-71.0114715036796, 42.2963316428523]}, "properties": {"Line": 268, "Company": "Boston Gas", "Division": "Braintree", "Town": "Quincy", "Town_Code": "QUI", "State": "MA", "Description__street_segment_": "2-40 RICHFIELD ST, QUI", "Diameter": 6, "Material": "Cast Iron", "Operating_Pressure": "LP", "NPA_Opportunity": "No - Critical Main", "LPP_Footage": 535, "LPP_Mileage_": 0.1, "lat": 42.2963316428523, "lon": -71.0114715036796, "Mapped_address": "21 Richfield St, Quincy, MA 02171, USA", "FID": 846}}, {"type": "Feature", "id": 847, "geometry": {"type": "Point", "coordinates": [-71.0217589745182, 42.2605700276575]}, "properties": {"Line": 269, "Company": "Boston Gas", "Division": "Braintree", "Town": "Quincy", "Town_Code": "QUI", "State": "MA", "Description__street_segment_": "278-420 HIGHLAND AV, QUI", "Diameter": 4, "Material": "Cast Iron", "Operating_Pressure": "LP", "NPA_Opportunity": "No - Impact to System Integration", "LPP_Footage": 1865, "LPP_Mileage_": 0.35, "lat": 42.2605700276575, "lon": -71.0217589745182, "Mapped_address": "349 Highland Ave, Quincy, MA 02170, USA", "FID": 847}}, {"type": "Feature", "id": 848, "geometry": {"type": "Point", "coordinates": [-70.9555529415526, 42.2699259384888]}, "properties": {"Line": 270, "Company": "Boston Gas", "Division": "Braintree", "Town": "Quincy", "Town_Code": "QUI", "State": "MA", "Description__street_segment_": "28-38 PARKHURST ST, QUI, & WINTHROP ST", "Diameter": 4, "Material": "Cast Iron", "Operating_Pressure": "LP", "NPA_Opportunity": "No - Impact to System Integration", "LPP_Footage": 450, "LPP_Mileage_": 0.09, "lat": 42.2699259384888, "lon": -70.9555529415526, "Mapped_address": "33 Parkhurst St, Quincy, MA 02169, USA", "FID": 848}}, {"type": "Feature", "id": 849, "geometry": {"type": "Point", "coordinates": [-70.9556583, 42.2701611]}, "properties": {"Line": 270, "Company": "Boston Gas", "Division": "Braintree", "Town": "Quincy", "Town_Code": "QUI", "State": "MA", "Description__street_segment_": "28-38 PARKHURST ST, QUI, & WINTHROP ST", "Diameter": 4, "Material": "Cast Iron", "Operating_Pressure": "LP", "NPA_Opportunity": "No - Impact to System Integration", "LPP_Footage": 450, "LPP_Mileage_": 0.09, "lat": 42.2701611, "lon": -70.9556583, "Mapped_address": "Winthrop St, Quincy, MA 02169, USA", "FID": 849}}, {"type": "Feature", "id": 850, "geometry": {"type": "Point", "coordinates": [-71.0339241170457, 42.2492809683143]}, "properties": {"Line": 271, "Company": "Boston Gas", "Division": "Braintree", "Town": "Quincy", "Town_Code": "QUI", "State": "MA", "Description__street_segment_": "2-95 ROGERS ST, QUI, & 8-35 PERKINS ST", "Diameter": 4, "Material": "Cast Iron", "Operating_Pressure": "LP", "NPA_Opportunity": "No - High Customer Concentration", "LPP_Footage": 1700, "LPP_Mileage_": 0.32, "lat": 42.2492809683143, "lon": -71.0339241170457, "Mapped_address": "21 Perkins St, Quincy, MA 02169, USA", "FID": 850}}, {"type": "Feature", "id": 851, "geometry": {"type": "Point", "coordinates": [-71.0330112003709, 42.2497213933594]}, "properties": {"Line": 271, "Company": "Boston Gas", "Division": "Braintree", "Town": "Quincy", "Town_Code": "QUI", "State": "MA", "Description__street_segment_": "2-95 ROGERS ST, QUI, & 8-35 PERKINS ST", "Diameter": 4, "Material": "Cast Iron", "Operating_Pressure": "LP", "NPA_Opportunity": "No - High Customer Concentration", "LPP_Footage": 1700, "LPP_Mileage_": 0.32, "lat": 42.2497213933594, "lon": -71.0330112003709, "Mapped_address": "48 Rogers St, Quincy, MA 02169, USA", "FID": 851}}, {"type": "Feature", "id": 852, "geometry": {"type": "Point", "coordinates": [-71.020586705196, 42.2689297554756]}, "properties": {"Line": 272, "Company": "Boston Gas", "Division": "Braintree", "Town": "Quincy", "Town_Code": "QUI", "State": "MA", "Description__street_segment_": "29-65 BERLIN ST, QUI, & CHESTER ST, LINDEN ST", "Diameter": 4, "Material": "Cast Iron", "Operating_Pressure": "LP", "NPA_Opportunity": "No - Impact to System Integration", "LPP_Footage": 1235, "LPP_Mileage_": 0.23, "lat": 42.2689297554756, "lon": -71.020586705196, "Mapped_address": "47 Berlin St, Quincy, MA 02170, USA", "FID": 852}}, {"type": "Feature", "id": 853, "geometry": {"type": "Point", "coordinates": [-71.0204195, 42.2688003]}, "properties": {"Line": 272, "Company": "Boston Gas", "Division": "Braintree", "Town": "Quincy", "Town_Code": "QUI", "State": "MA", "Description__street_segment_": "29-65 BERLIN ST, QUI, & CHESTER ST, LINDEN ST", "Diameter": 4, "Material": "Cast Iron", "Operating_Pressure": "LP", "NPA_Opportunity": "No - Impact to System Integration", "LPP_Footage": 1235, "LPP_Mileage_": 0.23, "lat": 42.2688003, "lon": -71.0204195, "Mapped_address": "Chester St, Quincy, MA 02170, USA", "FID": 853}}, {"type": "Feature", "id": 854, "geometry": {"type": "Point", "coordinates": [-71.0215215, 42.2696533]}, "properties": {"Line": 272, "Company": "Boston Gas", "Division": "Braintree", "Town": "Quincy", "Town_Code": "QUI", "State": "MA", "Description__street_segment_": "29-65 BERLIN ST, QUI, & CHESTER ST, LINDEN ST", "Diameter": 4, "Material": "Cast Iron", "Operating_Pressure": "LP", "NPA_Opportunity": "No - Impact to System Integration", "LPP_Footage": 1235, "LPP_Mileage_": 0.23, "lat": 42.2696533, "lon": -71.0215215, "Mapped_address": "Linden St, Quincy, MA, USA", "FID": 854}}, {"type": "Feature", "id": 855, "geometry": {"type": "Point", "coordinates": [-70.9638675, 42.2673262]}, "properties": {"Line": 273, "Company": "Boston Gas", "Division": "Braintree", "Town": "Quincy", "Town_Code": "QUI", "State": "MA", "Description__street_segment_": "29-70 NEWTON ST, QUI, & 35-120 LENOX ST", "Diameter": 4, "Material": "Cast Iron", "Operating_Pressure": "LP", "NPA_Opportunity": "Yes - Potential NPA, partial scope", "LPP_Footage": 3070, "LPP_Mileage_": 0.58, "lat": 42.2673262, "lon": -70.9638675, "Mapped_address": "49 Newton St, Quincy, MA 02169, USA", "FID": 855}}, {"type": "Feature", "id": 856, "geometry": {"type": "Point", "coordinates": [-70.9623781518116, 42.2665495755981]}, "properties": {"Line": 273, "Company": "Boston Gas", "Division": "Braintree", "Town": "Quincy", "Town_Code": "QUI", "State": "MA", "Description__street_segment_": "29-70 NEWTON ST, QUI, & 35-120 LENOX ST", "Diameter": 4, "Material": "Cast Iron", "Operating_Pressure": "LP", "NPA_Opportunity": "Yes - Potential NPA, partial scope", "LPP_Footage": 3070, "LPP_Mileage_": 0.58, "lat": 42.2665495755981, "lon": -70.9623781518116, "Mapped_address": "77 Lenox St, Quincy, MA 02169, USA", "FID": 856}}, {"type": "Feature", "id": 857, "geometry": {"type": "Point", "coordinates": [-71.0302268713723, 42.2451821158601]}, "properties": {"Line": 274, "Company": "Boston Gas", "Division": "Braintree", "Town": "Quincy", "Town_Code": "QUI", "State": "MA", "Description__street_segment_": "307-370 COPELAND ST, QUI", "Diameter": 12, "Material": "Cast Iron", "Operating_Pressure": "LP", "NPA_Opportunity": "No - Critical Main", "LPP_Footage": 810, "LPP_Mileage_": 0.15, "lat": 42.2451821158601, "lon": -71.0302268713723, "Mapped_address": "338 Copeland St, Quincy, MA 02169, USA", "FID": 857}}, {"type": "Feature", "id": 858, "geometry": {"type": "Point", "coordinates": [-71.0214746030452, 42.2805764117926]}, "properties": {"Line": 275, "Company": "Boston Gas", "Division": "Braintree", "Town": "Quincy", "Town_Code": "QUI", "State": "MA", "Description__street_segment_": "32-103 COLBY RD, QUI", "Diameter": 6, "Material": "Cast Iron", "Operating_Pressure": "LP", "NPA_Opportunity": "No - Impact to System Integration", "LPP_Footage": 885, "LPP_Mileage_": 0.17, "lat": 42.2805764117926, "lon": -71.0214746030452, "Mapped_address": "67 Colby Rd, Quincy, MA 02171, USA", "FID": 858}}, {"type": "Feature", "id": 859, "geometry": {"type": "Point", "coordinates": [-71.0296778035383, 42.2433401255356]}, "properties": {"Line": 276, "Company": "Boston Gas", "Division": "Braintree", "Town": "Quincy", "Town_Code": "QUI", "State": "MA", "Description__street_segment_": "373-402 WILLARD ST, QUI, & FURNACE AV", "Diameter": 8, "Material": "Steel-WI", "Operating_Pressure": "LP", "NPA_Opportunity": "No - Critical Main", "LPP_Footage": 570, "LPP_Mileage_": 0.11, "lat": 42.2433401255356, "lon": -71.0296778035383, "Mapped_address": "387 Willard St, Quincy, MA 02169, USA", "FID": 859}}, {"type": "Feature", "id": 860, "geometry": {"type": "Point", "coordinates": [-71.0283088, 42.2446012]}, "properties": {"Line": 276, "Company": "Boston Gas", "Division": "Braintree", "Town": "Quincy", "Town_Code": "QUI", "State": "MA", "Description__street_segment_": "373-402 WILLARD ST, QUI, & FURNACE AV", "Diameter": 8, "Material": "Steel-WI", "Operating_Pressure": "LP", "NPA_Opportunity": "No - Critical Main", "LPP_Footage": 570, "LPP_Mileage_": 0.11, "lat": 42.2446012, "lon": -71.0283088, "Mapped_address": "Furnace Ave, Quincy, MA 02169, USA", "FID": 860}}, {"type": "Feature", "id": 861, "geometry": {"type": "Point", "coordinates": [-71.0261265425055, 42.2488736086498]}, "properties": {"Line": 277, "Company": "Boston Gas", "Division": "Braintree", "Town": "Quincy", "Town_Code": "QUI", "State": "MA", "Description__street_segment_": "4-52 BARRY ST, QUI, & 5-58 HARRIS ST", "Diameter": 6, "Material": "Cast Iron", "Operating_Pressure": "LP", "NPA_Opportunity": "Yes - Potential NPA", "LPP_Footage": 1500, "LPP_Mileage_": 0.28, "lat": 42.2488736086498, "lon": -71.0261265425055, "Mapped_address": "28 Barry St, Quincy, MA 02169, USA", "FID": 861}}, {"type": "Feature", "id": 862, "geometry": {"type": "Point", "coordinates": [-71.0269748918664, 42.2487499299142]}, "properties": {"Line": 277, "Company": "Boston Gas", "Division": "Braintree", "Town": "Quincy", "Town_Code": "QUI", "State": "MA", "Description__street_segment_": "4-52 BARRY ST, QUI, & 5-58 HARRIS ST", "Diameter": 6, "Material": "Cast Iron", "Operating_Pressure": "LP", "NPA_Opportunity": "Yes - Potential NPA", "LPP_Footage": 1500, "LPP_Mileage_": 0.28, "lat": 42.2487499299142, "lon": -71.0269748918664, "Mapped_address": "31 Harris St, Quincy, MA 02169, USA", "FID": 862}}, {"type": "Feature", "id": 863, "geometry": {"type": "Point", "coordinates": [-71.0171919978529, 42.2413501053376]}, "properties": {"Line": 278, "Company": "Boston Gas", "Division": "Braintree", "Town": "Quincy", "Town_Code": "QUI", "State": "MA", "Description__street_segment_": "4-75 KENT ST, QUI, & 2-17 TOWN HILL ST", "Diameter": 6, "Material": "Cast Iron", "Operating_Pressure": "LP", "NPA_Opportunity": "No - Impact to System Integration", "LPP_Footage": 1145, "LPP_Mileage_": 0.22, "lat": 42.2413501053376, "lon": -71.0171919978529, "Mapped_address": "39 Kent St, Quincy, MA 02169, USA", "FID": 863}}, {"type": "Feature", "id": 864, "geometry": {"type": "Point", "coordinates": [-71.0159333476945, 42.2418215478331]}, "properties": {"Line": 278, "Company": "Boston Gas", "Division": "Braintree", "Town": "Quincy", "Town_Code": "QUI", "State": "MA", "Description__street_segment_": "4-75 KENT ST, QUI, & 2-17 TOWN HILL ST", "Diameter": 6, "Material": "Cast Iron", "Operating_Pressure": "LP", "NPA_Opportunity": "No - Impact to System Integration", "LPP_Footage": 1145, "LPP_Mileage_": 0.22, "lat": 42.2418215478331, "lon": -71.0159333476945, "Mapped_address": "9 Town Hill St, Quincy, MA 02169, USA", "FID": 864}}, {"type": "Feature", "id": 865, "geometry": {"type": "Point", "coordinates": [-70.9713841199536, 42.2633810666389]}, "properties": {"Line": 279, "Company": "Boston Gas", "Division": "Braintree", "Town": "Quincy", "Town_Code": "QUI", "State": "MA", "Description__street_segment_": "5 HIBBARD ST, QUI, & RHODA ST & KILBY ST", "Diameter": 8, "Material": "Cast Iron", "Operating_Pressure": "LP", "NPA_Opportunity": "No - Impact to System Integration", "LPP_Footage": 550, "LPP_Mileage_": 0.1, "lat": 42.2633810666389, "lon": -70.9713841199536, "Mapped_address": "5 Hibbard St, Quincy, MA 02169, USA", "FID": 865}}, {"type": "Feature", "id": 866, "geometry": {"type": "Point", "coordinates": [-70.9728202, 42.2622775]}, "properties": {"Line": 279, "Company": "Boston Gas", "Division": "Braintree", "Town": "Quincy", "Town_Code": "QUI", "State": "MA", "Description__street_segment_": "5 HIBBARD ST, QUI, & RHODA ST & KILBY ST", "Diameter": 8, "Material": "Cast Iron", "Operating_Pressure": "LP", "NPA_Opportunity": "No - Impact to System Integration", "LPP_Footage": 550, "LPP_Mileage_": 0.1, "lat": 42.2622775, "lon": -70.9728202, "Mapped_address": "Kilby St, Quincy, MA 02169, USA", "FID": 866}}, {"type": "Feature", "id": 867, "geometry": {"type": "Point", "coordinates": [-70.9654474, 42.2627877]}, "properties": {"Line": 279, "Company": "Boston Gas", "Division": "Braintree", "Town": "Quincy", "Town_Code": "QUI", "State": "MA", "Description__street_segment_": "5 HIBBARD ST, QUI, & RHODA ST & KILBY ST", "Diameter": 8, "Material": "Cast Iron", "Operating_Pressure": "LP", "NPA_Opportunity": "No - Impact to System Integration", "LPP_Footage": 550, "LPP_Mileage_": 0.1, "lat": 42.2627877, "lon": -70.9654474, "Mapped_address": "Rhoda St, Quincy, MA 02169, USA", "FID": 867}}, {"type": "Feature", "id": 868, "geometry": {"type": "Point", "coordinates": [-71.0191119978161, 42.2718208487952]}, "properties": {"Line": 280, "Company": "Boston Gas", "Division": "Braintree", "Town": "Quincy", "Town_Code": "QUI", "State": "MA", "Description__street_segment_": "5-64 ELLINGTON RD, QUI, & 1-34 DUNBARTON RD", "Diameter": 4, "Material": "Cast Iron", "Operating_Pressure": "LP", "NPA_Opportunity": "No - Impact to System Integration", "LPP_Footage": 1735, "LPP_Mileage_": 0.33, "lat": 42.2718208487952, "lon": -71.0191119978161, "Mapped_address": "17 Dunbarton Rd, Quincy, MA 02170, USA", "FID": 868}}, {"type": "Feature", "id": 869, "geometry": {"type": "Point", "coordinates": [-71.0189374809565, 42.2710251872191]}, "properties": {"Line": 280, "Company": "Boston Gas", "Division": "Braintree", "Town": "Quincy", "Town_Code": "QUI", "State": "MA", "Description__street_segment_": "5-64 ELLINGTON RD, QUI, & 1-34 DUNBARTON RD", "Diameter": 4, "Material": "Cast Iron", "Operating_Pressure": "LP", "NPA_Opportunity": "No - Impact to System Integration", "LPP_Footage": 1735, "LPP_Mileage_": 0.33, "lat": 42.2710251872191, "lon": -71.0189374809565, "Mapped_address": "34 Ellington Rd, Quincy, MA 02170, USA", "FID": 869}}, {"type": "Feature", "id": 870, "geometry": {"type": "Point", "coordinates": [-71.0241579712234, 42.277456211452]}, "properties": {"Line": 281, "Company": "Boston Gas", "Division": "Braintree", "Town": "Quincy", "Town_Code": "QUI", "State": "MA", "Description__street_segment_": "57-116 HOLLIS AV, QUI, & BIRCH ST", "Diameter": 6, "Material": "Cast Iron", "Operating_Pressure": "LP to 22", "NPA_Opportunity": "No - Impact to System Integration", "LPP_Footage": 1495, "LPP_Mileage_": 0.28, "lat": 42.277456211452, "lon": -71.0241579712234, "Mapped_address": "86 Hollis Ave, Quincy, MA 02171, USA", "FID": 870}}, {"type": "Feature", "id": 871, "geometry": {"type": "Point", "coordinates": [-71.0242148, 42.2762357]}, "properties": {"Line": 281, "Company": "Boston Gas", "Division": "Braintree", "Town": "Quincy", "Town_Code": "QUI", "State": "MA", "Description__street_segment_": "57-116 HOLLIS AV, QUI, & BIRCH ST", "Diameter": 6, "Material": "Cast Iron", "Operating_Pressure": "LP to 22", "NPA_Opportunity": "No - Impact to System Integration", "LPP_Footage": 1495, "LPP_Mileage_": 0.28, "lat": 42.2762357, "lon": -71.0242148, "Mapped_address": "Birch St, Quincy, MA 02171, USA", "FID": 871}}, {"type": "Feature", "id": 872, "geometry": {"type": "Point", "coordinates": [-71.0353630256511, 42.2811446821041]}, "properties": {"Line": 282, "Company": "Boston Gas", "Division": "Braintree", "Town": "Quincy", "Town_Code": "QUI", "State": "MA", "Description__street_segment_": "61-150 HANCOCK ST, QUI, & DENSMORE ST", "Diameter": 6, "Material": "Steel-WI", "Operating_Pressure": "22 & LP to 22", "NPA_Opportunity": "No - Critical Main", "LPP_Footage": 3875, "LPP_Mileage_": 0.73, "lat": 42.2811446821041, "lon": -71.0353630256511, "Mapped_address": "105 Hancock St, Quincy, MA 02171, USA", "FID": 872}}, {"type": "Feature", "id": 873, "geometry": {"type": "Point", "coordinates": [-71.0376092155848, 42.2818347107913]}, "properties": {"Line": 282, "Company": "Boston Gas", "Division": "Braintree", "Town": "Quincy", "Town_Code": "QUI", "State": "MA", "Description__street_segment_": "61-150 HANCOCK ST, QUI, & DENSMORE ST", "Diameter": 6, "Material": "Steel-WI", "Operating_Pressure": "22 & LP to 22", "NPA_Opportunity": "No - Critical Main", "LPP_Footage": 3875, "LPP_Mileage_": 0.73, "lat": 42.2818347107913, "lon": -71.0376092155848, "Mapped_address": "Densmore St, Quincy, MA 02171, USA", "FID": 873}}, {"type": "Feature", "id": 874, "geometry": {"type": "Point", "coordinates": [-71.0285833162981, 42.2347015049448]}, "properties": {"Line": 283, "Company": "Boston Gas", "Division": "Braintree", "Town": "Quincy", "Town_Code": "QUI", "State": "MA", "Description__street_segment_": "625-750 WILLARD ST, QUI", "Diameter": 2, "Material": "Cast Iron", "Operating_Pressure": "LP to 60", "NPA_Opportunity": "No - Critical Main", "LPP_Footage": 1640, "LPP_Mileage_": 0.31, "lat": 42.2347015049448, "lon": -71.0285833162981, "Mapped_address": "687 Willard St, Quincy, MA 02169, USA", "FID": 874}}, {"type": "Feature", "id": 875, "geometry": {"type": "Point", "coordinates": [-71.0129517832966, 42.2662878297361]}, "properties": {"Line": 284, "Company": "Boston Gas", "Division": "Braintree", "Town": "Quincy", "Town_Code": "QUI", "State": "MA", "Description__street_segment_": "6-49 WOLLASTON AV, QUI", "Diameter": 6, "Material": "Cast Iron", "Operating_Pressure": "LP", "NPA_Opportunity": "No - Impact to System Integration", "LPP_Footage": 695, "LPP_Mileage_": 0.13, "lat": 42.2662878297361, "lon": -71.0129517832966, "Mapped_address": "27 Wollaston Ave, Quincy, MA 02170, USA", "FID": 875}}, {"type": "Feature", "id": 876, "geometry": {"type": "Point", "coordinates": [-71.0161809781795, 42.2985664819359]}, "properties": {"Line": 285, "Company": "Boston Gas", "Division": "Braintree", "Town": "Quincy", "Town_Code": "QUI", "State": "MA", "Description__street_segment_": "651-731 E SQUANTUM ST, QUI, & 3-45 DORCHESTER", "Diameter": 12, "Material": "Cast Iron", "Operating_Pressure": "LP", "NPA_Opportunity": "No - Critical Main", "LPP_Footage": 1775, "LPP_Mileage_": 0.34, "lat": 42.2985664819359, "lon": -71.0161809781795, "Mapped_address": "24 Dorchester St, Quincy, MA 02171, USA", "FID": 876}}, {"type": "Feature", "id": 877, "geometry": {"type": "Point", "coordinates": [-71.0179351814981, 42.2966243676232]}, "properties": {"Line": 285, "Company": "Boston Gas", "Division": "Braintree", "Town": "Quincy", "Town_Code": "QUI", "State": "MA", "Description__street_segment_": "651-731 E SQUANTUM ST, QUI, & 3-45 DORCHESTER", "Diameter": 12, "Material": "Cast Iron", "Operating_Pressure": "LP", "NPA_Opportunity": "No - Critical Main", "LPP_Footage": 1775, "LPP_Mileage_": 0.34, "lat": 42.2966243676232, "lon": -71.0179351814981, "Mapped_address": "691 E Squantum St, Quincy, MA 02171, USA", "FID": 877}}, {"type": "Feature", "id": 878, "geometry": {"type": "Point", "coordinates": [-71.0182654878668, 42.2699163084294]}, "properties": {"Line": 286, "Company": "Boston Gas", "Division": "Braintree", "Town": "Quincy", "Town_Code": "QUI", "State": "MA", "Description__street_segment_": "6-61 FERNDALE RD, QUI, & 10-18 EARLE ST", "Diameter": 6, "Material": "Cast Iron", "Operating_Pressure": "LP", "NPA_Opportunity": "No - Impact to System Integration", "LPP_Footage": 960, "LPP_Mileage_": 0.18, "lat": 42.2699163084294, "lon": -71.0182654878668, "Mapped_address": "14 Earle St, Quincy, MA 02170, USA", "FID": 878}}, {"type": "Feature", "id": 879, "geometry": {"type": "Point", "coordinates": [-71.0183128147637, 42.2706422433123]}, "properties": {"Line": 286, "Company": "Boston Gas", "Division": "Braintree", "Town": "Quincy", "Town_Code": "QUI", "State": "MA", "Description__street_segment_": "6-61 FERNDALE RD, QUI, & 10-18 EARLE ST", "Diameter": 6, "Material": "Cast Iron", "Operating_Pressure": "LP", "NPA_Opportunity": "No - Impact to System Integration", "LPP_Footage": 960, "LPP_Mileage_": 0.18, "lat": 42.2706422433123, "lon": -71.0183128147637, "Mapped_address": "33 Ferndale Rd, Quincy, MA 02170, USA", "FID": 879}}, {"type": "Feature", "id": 880, "geometry": {"type": "Point", "coordinates": [-70.9863018732533, 42.2608456224159]}, "properties": {"Line": 287, "Company": "Boston Gas", "Division": "Braintree", "Town": "Quincy", "Town_Code": "QUI", "State": "MA", "Description__street_segment_": "7-77 MOFFAT RD, QUI, & FORD ST, CALVIN RD", "Diameter": 6, "Material": "Cast Iron", "Operating_Pressure": "LP", "NPA_Opportunity": "No - High Customer Concentration", "LPP_Footage": 2220, "LPP_Mileage_": 0.42, "lat": 42.2608456224159, "lon": -70.9863018732533, "Mapped_address": "42 Moffat Rd, Quincy, MA 02169, USA", "FID": 880}}, {"type": "Feature", "id": 881, "geometry": {"type": "Point", "coordinates": [-70.9858389384592, 42.2602688536861]}, "properties": {"Line": 287, "Company": "Boston Gas", "Division": "Braintree", "Town": "Quincy", "Town_Code": "QUI", "State": "MA", "Description__street_segment_": "7-77 MOFFAT RD, QUI, & FORD ST, CALVIN RD", "Diameter": 6, "Material": "Cast Iron", "Operating_Pressure": "LP", "NPA_Opportunity": "No - High Customer Concentration", "LPP_Footage": 2220, "LPP_Mileage_": 0.42, "lat": 42.2602688536861, "lon": -70.9858389384592, "Mapped_address": "Calvin Rd, Quincy, MA 02169, USA", "FID": 881}}, {"type": "Feature", "id": 882, "geometry": {"type": "Point", "coordinates": [-70.9874489, 42.2606815]}, "properties": {"Line": 287, "Company": "Boston Gas", "Division": "Braintree", "Town": "Quincy", "Town_Code": "QUI", "State": "MA", "Description__street_segment_": "7-77 MOFFAT RD, QUI, & FORD ST, CALVIN RD", "Diameter": 6, "Material": "Cast Iron", "Operating_Pressure": "LP", "NPA_Opportunity": "No - High Customer Concentration", "LPP_Footage": 2220, "LPP_Mileage_": 0.42, "lat": 42.2606815, "lon": -70.9874489, "Mapped_address": "Ford St, Quincy, MA 02169, USA", "FID": 882}}, {"type": "Feature", "id": 883, "geometry": {"type": "Point", "coordinates": [-71.0338800888727, 42.2649115058105]}, "properties": {"Line": 288, "Company": "Boston Gas", "Division": "Braintree", "Town": "Quincy", "Town_Code": "QUI", "State": "MA", "Description__street_segment_": "83-182 HARVARD ST, QUI, WILSON AV & BARHAM AV", "Diameter": 8, "Material": "Cast Iron", "Operating_Pressure": "LP", "NPA_Opportunity": "Yes - Potential NPA, partial scope", "LPP_Footage": 2380, "LPP_Mileage_": 0.45, "lat": 42.2649115058105, "lon": -71.0338800888727, "Mapped_address": "132 Harvard St, Quincy, MA 02170, USA", "FID": 883}}, {"type": "Feature", "id": 884, "geometry": {"type": "Point", "coordinates": [-71.0377088, 42.2660117]}, "properties": {"Line": 288, "Company": "Boston Gas", "Division": "Braintree", "Town": "Quincy", "Town_Code": "QUI", "State": "MA", "Description__street_segment_": "83-182 HARVARD ST, QUI, WILSON AV & BARHAM AV", "Diameter": 8, "Material": "Cast Iron", "Operating_Pressure": "LP", "NPA_Opportunity": "Yes - Potential NPA, partial scope", "LPP_Footage": 2380, "LPP_Mileage_": 0.45, "lat": 42.2660117, "lon": -71.0377088, "Mapped_address": "Barham Ave, Quincy, MA, USA", "FID": 884}}, {"type": "Feature", "id": 885, "geometry": {"type": "Point", "coordinates": [-71.0311485, 42.267702]}, "properties": {"Line": 288, "Company": "Boston Gas", "Division": "Braintree", "Town": "Quincy", "Town_Code": "QUI", "State": "MA", "Description__street_segment_": "83-182 HARVARD ST, QUI, WILSON AV & BARHAM AV", "Diameter": 8, "Material": "Cast Iron", "Operating_Pressure": "LP", "NPA_Opportunity": "Yes - Potential NPA, partial scope", "LPP_Footage": 2380, "LPP_Mileage_": 0.45, "lat": 42.267702, "lon": -71.0311485, "Mapped_address": "Wilson Ave, Quincy, MA, USA", "FID": 885}}, {"type": "Feature", "id": 886, "geometry": {"type": "Point", "coordinates": [-70.9942382209719, 42.2648984295306]}, "properties": {"Line": 289, "Company": "Boston Gas", "Division": "Braintree", "Town": "Quincy", "Town_Code": "QUI", "State": "MA", "Description__street_segment_": "8-90 VIRGINIA RD, QUI, & 5-23 AGAWAM RD", "Diameter": 6, "Material": "Cast Iron", "Operating_Pressure": "LP", "NPA_Opportunity": "No - Impact to System Integration", "LPP_Footage": 1780, "LPP_Mileage_": 0.34, "lat": 42.2648984295306, "lon": -70.9942382209719, "Mapped_address": "14 Agawam Rd, Quincy, MA 02169, USA", "FID": 886}}, {"type": "Feature", "id": 887, "geometry": {"type": "Point", "coordinates": [-70.9943489718972, 42.2636396370552]}, "properties": {"Line": 289, "Company": "Boston Gas", "Division": "Braintree", "Town": "Quincy", "Town_Code": "QUI", "State": "MA", "Description__street_segment_": "8-90 VIRGINIA RD, QUI, & 5-23 AGAWAM RD", "Diameter": 6, "Material": "Cast Iron", "Operating_Pressure": "LP", "NPA_Opportunity": "No - Impact to System Integration", "LPP_Footage": 1780, "LPP_Mileage_": 0.34, "lat": 42.2636396370552, "lon": -70.9943489718972, "Mapped_address": "49 Virginia Rd, Quincy, MA 02169, USA", "FID": 887}}, {"type": "Feature", "id": 888, "geometry": {"type": "Point", "coordinates": [-70.9932942, 42.2467589]}, "properties": {"Line": 290, "Company": "Boston Gas", "Division": "Braintree", "Town": "Quincy", "Town_Code": "QUI", "State": "MA", "Description__street_segment_": "9-164 S WALNUT ST, QUI, & OAK ST, HITCHCOCK TER.", "Diameter": 6, "Material": "Cast Iron", "Operating_Pressure": "LP", "NPA_Opportunity": "No - Impact to System Integration", "LPP_Footage": 2450, "LPP_Mileage_": 0.46, "lat": 42.2467589, "lon": -70.9932942, "Mapped_address": "86 S Walnut St, Quincy, MA 02169, USA", "FID": 888}}, {"type": "Feature", "id": 889, "geometry": {"type": "Point", "coordinates": [-70.9954916, 42.2472155]}, "properties": {"Line": 290, "Company": "Boston Gas", "Division": "Braintree", "Town": "Quincy", "Town_Code": "QUI", "State": "MA", "Description__street_segment_": "9-164 S WALNUT ST, QUI, & OAK ST, HITCHCOCK TER.", "Diameter": 6, "Material": "Cast Iron", "Operating_Pressure": "LP", "NPA_Opportunity": "No - Impact to System Integration", "LPP_Footage": 2450, "LPP_Mileage_": 0.46, "lat": 42.2472155, "lon": -70.9954916, "Mapped_address": "Hitchcock Terrace, Quincy, MA 02169, USA", "FID": 889}}, {"type": "Feature", "id": 890, "geometry": {"type": "Point", "coordinates": [-70.9924353344005, 42.2464909052959]}, "properties": {"Line": 290, "Company": "Boston Gas", "Division": "Braintree", "Town": "Quincy", "Town_Code": "QUI", "State": "MA", "Description__street_segment_": "9-164 S WALNUT ST, QUI, & OAK ST, HITCHCOCK TER.", "Diameter": 6, "Material": "Cast Iron", "Operating_Pressure": "LP", "NPA_Opportunity": "No - Impact to System Integration", "LPP_Footage": 2450, "LPP_Mileage_": 0.46, "lat": 42.2464909052959, "lon": -70.9924353344005, "Mapped_address": "Oak St, Quincy, MA 02169, USA", "FID": 890}}, {"type": "Feature", "id": 891, "geometry": {"type": "Point", "coordinates": [-71.0313310469145, 42.2611838425668]}, "properties": {"Line": 291, "Company": "Boston Gas", "Division": "Braintree", "Town": "Quincy", "Town_Code": "QUI", "State": "MA", "Description__street_segment_": "93-132 PIERMONT ST, QUI, & 120-160 GRANGER ST", "Diameter": 8, "Material": "Cast Iron", "Operating_Pressure": "LP", "NPA_Opportunity": "No - Impact to System Integration", "LPP_Footage": 1035, "LPP_Mileage_": 0.2, "lat": 42.2611838425668, "lon": -71.0313310469145, "Mapped_address": "112 Piermont St, Quincy, MA 02170, USA", "FID": 891}}, {"type": "Feature", "id": 892, "geometry": {"type": "Point", "coordinates": [-71.0313457156276, 42.2602235117448]}, "properties": {"Line": 291, "Company": "Boston Gas", "Division": "Braintree", "Town": "Quincy", "Town_Code": "QUI", "State": "MA", "Description__street_segment_": "93-132 PIERMONT ST, QUI, & 120-160 GRANGER ST", "Diameter": 8, "Material": "Cast Iron", "Operating_Pressure": "LP", "NPA_Opportunity": "No - Impact to System Integration", "LPP_Footage": 1035, "LPP_Mileage_": 0.2, "lat": 42.2602235117448, "lon": -71.0313457156276, "Mapped_address": "140 Granger St, Quincy, MA 02170, USA", "FID": 892}}, {"type": "Feature", "id": 893, "geometry": {"type": "Point", "coordinates": [-71.0153128106552, 42.2367840001749]}, "properties": {"Line": 292, "Company": "Boston Gas", "Division": "Braintree", "Town": "Quincy", "Town_Code": "QUI", "State": "MA", "Description__street_segment_": "9-51 BRANCH ST, QUI", "Diameter": 4, "Material": "Cast Iron", "Operating_Pressure": "LP to 60", "NPA_Opportunity": "Yes - Potential NPA", "LPP_Footage": 455, "LPP_Mileage_": 0.09, "lat": 42.2367840001749, "lon": -71.0153128106552, "Mapped_address": "30 Branch St, Quincy, MA 02169, USA", "FID": 893}}, {"type": "Feature", "id": 894, "geometry": {"type": "Point", "coordinates": [-71.0269175755972, 42.244351442176]}, "properties": {"Line": 293, "Company": "Boston Gas", "Division": "Braintree", "Town": "Quincy", "Town_Code": "QUI", "State": "MA", "Description__street_segment_": "96-117 CROSS ST, QUI, & 2-81 MILLER ST", "Diameter": 6, "Material": "Cast Iron", "Operating_Pressure": "LP", "NPA_Opportunity": "No - Impact to System Integration", "LPP_Footage": 1790, "LPP_Mileage_": 0.34, "lat": 42.244351442176, "lon": -71.0269175755972, "Mapped_address": "106 Cross St, Quincy, MA 02169, USA", "FID": 894}}, {"type": "Feature", "id": 895, "geometry": {"type": "Point", "coordinates": [-71.0252532, 42.2434388]}, "properties": {"Line": 293, "Company": "Boston Gas", "Division": "Braintree", "Town": "Quincy", "Town_Code": "QUI", "State": "MA", "Description__street_segment_": "96-117 CROSS ST, QUI, & 2-81 MILLER ST", "Diameter": 6, "Material": "Cast Iron", "Operating_Pressure": "LP", "NPA_Opportunity": "No - Impact to System Integration", "LPP_Footage": 1790, "LPP_Mileage_": 0.34, "lat": 42.2434388, "lon": -71.0252532, "Mapped_address": "41 Miller St, Quincy, MA 02169, USA", "FID": 895}}, {"type": "Feature", "id": 896, "geometry": {"type": "Point", "coordinates": [-70.9126671816026, 42.1283807764057]}, "properties": {"Line": 294, "Company": "Boston Gas", "Division": "Braintree", "Town": "Rockland", "Town_Code": "ROC", "State": "MA", "Description__street_segment_": "18-112 E WATER ST, ROC", "Diameter": 2, "Material": "Steel-WI", "Operating_Pressure": "60", "NPA_Opportunity": "No - Impact to System Integration", "LPP_Footage": 1215, "LPP_Mileage_": 0.23, "lat": 42.1283807764057, "lon": -70.9126671816026, "Mapped_address": "65 E Water St, Rockland, MA 02370, USA", "FID": 896}}, {"type": "Feature", "id": 897, "geometry": {"type": "Point", "coordinates": [-70.9304446549236, 42.1309536298959]}, "properties": {"Line": 295, "Company": "Boston Gas", "Division": "Braintree", "Town": "Rockland", "Town_Code": "ROC", "State": "MA", "Description__street_segment_": "22-47 WARDSON CIR, ROC", "Diameter": 2, "Material": "Steel-WI", "Operating_Pressure": "60", "NPA_Opportunity": "Yes - Potential NPA", "LPP_Footage": 510, "LPP_Mileage_": 0.1, "lat": 42.1309536298959, "lon": -70.9304446549236, "Mapped_address": "34 Wardson Cir, Rockland, MA 02370, USA", "FID": 897}}, {"type": "Feature", "id": 898, "geometry": {"type": "Point", "coordinates": [-70.9027137263728, 42.1362973684372]}, "properties": {"Line": 296, "Company": "Boston Gas", "Division": "Braintree", "Town": "Rockland", "Town_Code": "ROC", "State": "MA", "Description__street_segment_": "369-432 WEBSTER ST, ROC", "Diameter": 3, "Material": "Steel-WI", "Operating_Pressure": "60", "NPA_Opportunity": "No - Impact to System Integration", "LPP_Footage": 600, "LPP_Mileage_": 0.11, "lat": 42.1362973684372, "lon": -70.9027137263728, "Mapped_address": "400 Webster St, Rockland, MA 02370, USA", "FID": 898}}, {"type": "Feature", "id": 899, "geometry": {"type": "Point", "coordinates": [-70.9102447, 42.1347073]}, "properties": {"Line": 297, "Company": "Boston Gas", "Division": "Braintree", "Town": "Rockland", "Town_Code": "ROC", "State": "MA", "Description__street_segment_": "406-459 LIBERTY ST, ROC", "Diameter": 2, "Material": "Steel-WI", "Operating_Pressure": "60", "NPA_Opportunity": "No - Impact to System Integration", "LPP_Footage": 640, "LPP_Mileage_": 0.12, "lat": 42.1347073, "lon": -70.9102447, "Mapped_address": "432 Liberty St, Rockland, MA 02370, USA", "FID": 899}}, {"type": "Feature", "id": 900, "geometry": {"type": "Point", "coordinates": [-70.9693542499569, 42.2132779512825]}, "properties": {"Line": 298, "Company": "Boston Gas", "Division": "Braintree", "Town": "Weymouth", "Town_Code": "WEY", "State": "MA", "Description__street_segment_": "11-51 THAYER AV, WEY, & GARFIELD AV", "Diameter": 2, "Material": "Steel-WI", "Operating_Pressure": "60", "NPA_Opportunity": "No - Impact to System Integration", "LPP_Footage": 795, "LPP_Mileage_": 0.15, "lat": 42.2132779512825, "lon": -70.9693542499569, "Mapped_address": "31 Thayer Ave, Weymouth, MA 02188, USA", "FID": 900}}, {"type": "Feature", "id": 901, "geometry": {"type": "Point", "coordinates": [-71.0548971, 42.4729271]}, "properties": {"Line": 408, "Company": "Boston Gas", "Division": "Malden", "Town": "Melrose", "Town_Code": "MEL", "State": "MA", "Description__street_segment_": "116-171 BOARDMAN AV, MEL, ARLINGTON RD &COOLIDGE R", "Diameter": 6, "Material": "Cast Iron", "Operating_Pressure": "LP", "NPA_Opportunity": "Yes - Potential NPA, partial scope", "LPP_Footage": 1770, "LPP_Mileage_": 0.34, "lat": 42.4729271, "lon": -71.0548971, "Mapped_address": "Arlington Rd, Melrose, MA 02176, USA", "FID": 901}}, {"type": "Feature", "id": 902, "geometry": {"type": "Point", "coordinates": [-71.0550436881629, 42.4725899337347]}, "properties": {"Line": 408, "Company": "Boston Gas", "Division": "Malden", "Town": "Melrose", "Town_Code": "MEL", "State": "MA", "Description__street_segment_": "116-171 BOARDMAN AV, MEL, ARLINGTON RD &COOLIDGE R", "Diameter": 6, "Material": "Cast Iron", "Operating_Pressure": "LP", "NPA_Opportunity": "Yes - Potential NPA, partial scope", "LPP_Footage": 1770, "LPP_Mileage_": 0.34, "lat": 42.4725899337347, "lon": -71.0550436881629, "Mapped_address": "Coolidge Rd, Melrose, MA 02176, USA", "FID": 902}}, {"type": "Feature", "id": 903, "geometry": {"type": "Point", "coordinates": [-71.0770802034441, 42.4616008246356]}, "properties": {"Line": 409, "Company": "Boston Gas", "Division": "Malden", "Town": "Melrose", "Town_Code": "MEL", "State": "MA", "Description__street_segment_": "15-104 LYNN FELLS PKWY, MEL", "Diameter": 8, "Material": "Cast Iron", "Operating_Pressure": "LP", "NPA_Opportunity": "No - Impact to System Integration", "LPP_Footage": 1615, "LPP_Mileage_": 0.31, "lat": 42.4616008246356, "lon": -71.0770802034441, "Mapped_address": "59 Lynn Fells Pkwy, Melrose, MA 02176, USA", "FID": 903}}, {"type": "Feature", "id": 904, "geometry": {"type": "Point", "coordinates": [-71.0570481396652, 42.4540913437352]}, "properties": {"Line": 410, "Company": "Boston Gas", "Division": "Malden", "Town": "Melrose", "Town_Code": "MEL", "State": "MA", "Description__street_segment_": "208-300 GROVE ST, MEL, FAXON ST, RADCLIFF RD", "Diameter": 6, "Material": "Cast Iron", "Operating_Pressure": "LP", "NPA_Opportunity": "No - Impact to System Integration", "LPP_Footage": 2115, "LPP_Mileage_": 0.4, "lat": 42.4540913437352, "lon": -71.0570481396652, "Mapped_address": "254 Grove St, Melrose, MA 02176, USA", "FID": 904}}, {"type": "Feature", "id": 905, "geometry": {"type": "Point", "coordinates": [-71.0568618085604, 42.4533421242939]}, "properties": {"Line": 410, "Company": "Boston Gas", "Division": "Malden", "Town": "Melrose", "Town_Code": "MEL", "State": "MA", "Description__street_segment_": "208-300 GROVE ST, MEL, FAXON ST, RADCLIFF RD", "Diameter": 6, "Material": "Cast Iron", "Operating_Pressure": "LP", "NPA_Opportunity": "No - Impact to System Integration", "LPP_Footage": 2115, "LPP_Mileage_": 0.4, "lat": 42.4533421242939, "lon": -71.0568618085604, "Mapped_address": "Faxon St, Melrose, MA 02176, USA", "FID": 905}}, {"type": "Feature", "id": 906, "geometry": {"type": "Point", "coordinates": [-71.0581801, 42.453669]}, "properties": {"Line": 410, "Company": "Boston Gas", "Division": "Malden", "Town": "Melrose", "Town_Code": "MEL", "State": "MA", "Description__street_segment_": "208-300 GROVE ST, MEL, FAXON ST, RADCLIFF RD", "Diameter": 6, "Material": "Cast Iron", "Operating_Pressure": "LP", "NPA_Opportunity": "No - Impact to System Integration", "LPP_Footage": 2115, "LPP_Mileage_": 0.4, "lat": 42.453669, "lon": -71.0581801, "Mapped_address": "Radcliffe Rd, Melrose, MA 02176, USA", "FID": 906}}, {"type": "Feature", "id": 907, "geometry": {"type": "Point", "coordinates": [-71.0519725453165, 42.456399743792]}, "properties": {"Line": 411, "Company": "Boston Gas", "Division": "Malden", "Town": "Melrose", "Town_Code": "MEL", "State": "MA", "Description__street_segment_": "236-372 E FOSTER ST, MEL, 31-62 SIXTH ST", "Diameter": 6, "Material": "Cast Iron", "Operating_Pressure": "LP", "NPA_Opportunity": "No - Impact to System Integration", "LPP_Footage": 2180, "LPP_Mileage_": 0.41, "lat": 42.456399743792, "lon": -71.0519725453165, "Mapped_address": "304 E Foster St, Melrose, MA 02176, USA", "FID": 907}}, {"type": "Feature", "id": 908, "geometry": {"type": "Point", "coordinates": [-71.0522795845938, 42.4563652880538]}, "properties": {"Line": 411, "Company": "Boston Gas", "Division": "Malden", "Town": "Melrose", "Town_Code": "MEL", "State": "MA", "Description__street_segment_": "236-372 E FOSTER ST, MEL, 31-62 SIXTH ST", "Diameter": 6, "Material": "Cast Iron", "Operating_Pressure": "LP", "NPA_Opportunity": "No - Impact to System Integration", "LPP_Footage": 2180, "LPP_Mileage_": 0.41, "lat": 42.4563652880538, "lon": -71.0522795845938, "Mapped_address": "46 6th St, Melrose, MA 02176, USA", "FID": 908}}, {"type": "Feature", "id": 909, "geometry": {"type": "Point", "coordinates": [-71.0661176721314, 42.4537218715013]}, "properties": {"Line": 412, "Company": "Boston Gas", "Division": "Malden", "Town": "Melrose", "Town_Code": "MEL", "State": "MA", "Description__street_segment_": "296-562 MAIN ST, MEL, CENTRAL TER, FAULKNER PL", "Diameter": 12, "Material": "Cast Iron", "Operating_Pressure": "LP", "NPA_Opportunity": "No - Critical Main", "LPP_Footage": 3115, "LPP_Mileage_": 0.59, "lat": 42.4537218715013, "lon": -71.0661176721314, "Mapped_address": "429 Main St, Melrose, MA 02176, USA", "FID": 909}}, {"type": "Feature", "id": 910, "geometry": {"type": "Point", "coordinates": [-71.0647772025059, 42.4550709457475]}, "properties": {"Line": 412, "Company": "Boston Gas", "Division": "Malden", "Town": "Melrose", "Town_Code": "MEL", "State": "MA", "Description__street_segment_": "296-562 MAIN ST, MEL, CENTRAL TER, FAULKNER PL", "Diameter": 12, "Material": "Cast Iron", "Operating_Pressure": "LP", "NPA_Opportunity": "No - Critical Main", "LPP_Footage": 3115, "LPP_Mileage_": 0.59, "lat": 42.4550709457475, "lon": -71.0647772025059, "Mapped_address": "Central Terrace, Melrose, MA 02176, USA", "FID": 910}}, {"type": "Feature", "id": 911, "geometry": {"type": "Point", "coordinates": [-71.067101, 42.4533]}, "properties": {"Line": 412, "Company": "Boston Gas", "Division": "Malden", "Town": "Melrose", "Town_Code": "MEL", "State": "MA", "Description__street_segment_": "296-562 MAIN ST, MEL, CENTRAL TER, FAULKNER PL", "Diameter": 12, "Material": "Cast Iron", "Operating_Pressure": "LP", "NPA_Opportunity": "No - Critical Main", "LPP_Footage": 3115, "LPP_Mileage_": 0.59, "lat": 42.4533, "lon": -71.067101, "Mapped_address": "Faulkner Pl, Melrose, MA 02176, USA", "FID": 911}}, {"type": "Feature", "id": 912, "geometry": {"type": "Point", "coordinates": [-71.0553063551777, 42.4517591064997]}, "properties": {"Line": 413, "Company": "Boston Gas", "Division": "Malden", "Town": "Melrose", "Town_Code": "MEL", "State": "MA", "Description__street_segment_": "3-109 MERIDIAN ST, MEL, ARGYLE ST, BEECH AV", "Diameter": 6, "Material": "Cast Iron", "Operating_Pressure": "LP", "NPA_Opportunity": "No - Impact to System Integration", "LPP_Footage": 3445, "LPP_Mileage_": 0.65, "lat": 42.4517591064997, "lon": -71.0553063551777, "Mapped_address": "56 Meridian St, Melrose, MA 02176, USA", "FID": 912}}, {"type": "Feature", "id": 913, "geometry": {"type": "Point", "coordinates": [-71.0547179193438, 42.4523579532343]}, "properties": {"Line": 413, "Company": "Boston Gas", "Division": "Malden", "Town": "Melrose", "Town_Code": "MEL", "State": "MA", "Description__street_segment_": "3-109 MERIDIAN ST, MEL, ARGYLE ST, BEECH AV", "Diameter": 6, "Material": "Cast Iron", "Operating_Pressure": "LP", "NPA_Opportunity": "No - Impact to System Integration", "LPP_Footage": 3445, "LPP_Mileage_": 0.65, "lat": 42.4523579532343, "lon": -71.0547179193438, "Mapped_address": "Argyle St, Melrose, MA 02176, USA", "FID": 913}}, {"type": "Feature", "id": 914, "geometry": {"type": "Point", "coordinates": [-71.0519037, 42.4523888]}, "properties": {"Line": 413, "Company": "Boston Gas", "Division": "Malden", "Town": "Melrose", "Town_Code": "MEL", "State": "MA", "Description__street_segment_": "3-109 MERIDIAN ST, MEL, ARGYLE ST, BEECH AV", "Diameter": 6, "Material": "Cast Iron", "Operating_Pressure": "LP", "NPA_Opportunity": "No - Impact to System Integration", "LPP_Footage": 3445, "LPP_Mileage_": 0.65, "lat": 42.4523888, "lon": -71.0519037, "Mapped_address": "Beech Ave, Melrose, MA 02176, USA", "FID": 914}}, {"type": "Feature", "id": 915, "geometry": {"type": "Point", "coordinates": [-71.0637229384527, 42.4546511192499]}, "properties": {"Line": 414, "Company": "Boston Gas", "Division": "Malden", "Town": "Melrose", "Town_Code": "MEL", "State": "MA", "Description__street_segment_": "3-78 E FOSTER ST, MEL, LEONARD RD", "Diameter": 6, "Material": "Cast Iron", "Operating_Pressure": "LP", "NPA_Opportunity": "No - Impact to System Integration", "LPP_Footage": 1370, "LPP_Mileage_": 0.26, "lat": 42.4546511192499, "lon": -71.0637229384527, "Mapped_address": "40 E Foster St, Melrose, MA 02176, USA", "FID": 915}}, {"type": "Feature", "id": 916, "geometry": {"type": "Point", "coordinates": [-71.0634315441331, 42.454150878143]}, "properties": {"Line": 414, "Company": "Boston Gas", "Division": "Malden", "Town": "Melrose", "Town_Code": "MEL", "State": "MA", "Description__street_segment_": "3-78 E FOSTER ST, MEL, LEONARD RD", "Diameter": 6, "Material": "Cast Iron", "Operating_Pressure": "LP", "NPA_Opportunity": "No - Impact to System Integration", "LPP_Footage": 1370, "LPP_Mileage_": 0.26, "lat": 42.454150878143, "lon": -71.0634315441331, "Mapped_address": "Leonard Rd, Melrose, MA 02176, USA", "FID": 916}}, {"type": "Feature", "id": 917, "geometry": {"type": "Point", "coordinates": [-71.0592723260309, 42.4635038955823]}, "properties": {"Line": 415, "Company": "Boston Gas", "Division": "Malden", "Town": "Melrose", "Town_Code": "MEL", "State": "MA", "Description__street_segment_": "7-52 BATCHELDER ST, MEL, & 170-180 BELLEVUE AV", "Diameter": 6, "Material": "Cast Iron", "Operating_Pressure": "LP", "NPA_Opportunity": "No - Impact to System Integration", "LPP_Footage": 1805, "LPP_Mileage_": 0.34, "lat": 42.4635038955823, "lon": -71.0592723260309, "Mapped_address": "175 Bellevue Ave, Melrose, MA 02176, USA", "FID": 917}}, {"type": "Feature", "id": 918, "geometry": {"type": "Point", "coordinates": [-71.0581667750094, 42.462417812357]}, "properties": {"Line": 415, "Company": "Boston Gas", "Division": "Malden", "Town": "Melrose", "Town_Code": "MEL", "State": "MA", "Description__street_segment_": "7-52 BATCHELDER ST, MEL, & 170-180 BELLEVUE AV", "Diameter": 6, "Material": "Cast Iron", "Operating_Pressure": "LP", "NPA_Opportunity": "No - Impact to System Integration", "LPP_Footage": 1805, "LPP_Mileage_": 0.34, "lat": 42.462417812357, "lon": -71.0581667750094, "Mapped_address": "29 Batchelder St, Melrose, MA 02176, USA", "FID": 918}}, {"type": "Feature", "id": 919, "geometry": {"type": "Point", "coordinates": [-71.0517867183922, 42.4685229873093]}, "properties": {"Line": 416, "Company": "Boston Gas", "Division": "Malden", "Town": "Melrose", "Town_Code": "MEL", "State": "MA", "Description__street_segment_": "84-279 HOWARD ST, MEL, 3-4 SUNSET RD", "Diameter": 6, "Material": "Cast Iron", "Operating_Pressure": "LP", "NPA_Opportunity": "Yes - Potential NPA, entire scope", "LPP_Footage": 2355, "LPP_Mileage_": 0.45, "lat": 42.4685229873093, "lon": -71.0517867183922, "Mapped_address": "181 Howard St, Melrose, MA 02176, USA", "FID": 919}}, {"type": "Feature", "id": 920, "geometry": {"type": "Point", "coordinates": [-71.0533241184949, 42.4684632908673]}, "properties": {"Line": 416, "Company": "Boston Gas", "Division": "Malden", "Town": "Melrose", "Town_Code": "MEL", "State": "MA", "Description__street_segment_": "84-279 HOWARD ST, MEL, 3-4 SUNSET RD", "Diameter": 6, "Material": "Cast Iron", "Operating_Pressure": "LP", "NPA_Opportunity": "Yes - Potential NPA, entire scope", "LPP_Footage": 2355, "LPP_Mileage_": 0.45, "lat": 42.4684632908673, "lon": -71.0533241184949, "Mapped_address": "3 Sunset Rd, Melrose, MA 02176, USA", "FID": 920}}, {"type": "Feature", "id": 921, "geometry": {"type": "Point", "coordinates": [-71.0460015348527, 42.4584191670781]}, "properties": {"Line": 417, "Company": "Boston Gas", "Division": "Malden", "Town": "Melrose", "Town_Code": "MEL", "State": "MA", "Description__street_segment_": "9-19 SIMONDS RD, MEL", "Diameter": 4, "Material": "Cast Iron", "Operating_Pressure": "LP", "NPA_Opportunity": "Yes - Potential NPA, entire scope", "LPP_Footage": 255, "LPP_Mileage_": 0.05, "lat": 42.4584191670781, "lon": -71.0460015348527, "Mapped_address": "14 Simonds Rd, Melrose, MA 02176, USA", "FID": 921}}, {"type": "Feature", "id": 922, "geometry": {"type": "Point", "coordinates": [-71.0526607368464, 42.4483741310409]}, "properties": {"Line": 418, "Company": "Boston Gas", "Division": "Malden", "Town": "Melrose", "Town_Code": "MEL", "State": "MA", "Description__street_segment_": "9-81 WHITMAN AV, MEL, 2-16 GLENDOWER RD", "Diameter": 6, "Material": "Cast Iron", "Operating_Pressure": "LP", "NPA_Opportunity": "Yes - Potential NPA, partial scope", "LPP_Footage": 1900, "LPP_Mileage_": 0.36, "lat": 42.4483741310409, "lon": -71.0526607368464, "Mapped_address": "45 Whitman Ave, Melrose, MA 02176, USA", "FID": 922}}, {"type": "Feature", "id": 923, "geometry": {"type": "Point", "coordinates": [-71.0518399059328, 42.449396239688]}, "properties": {"Line": 418, "Company": "Boston Gas", "Division": "Malden", "Town": "Melrose", "Town_Code": "MEL", "State": "MA", "Description__street_segment_": "9-81 WHITMAN AV, MEL, 2-16 GLENDOWER RD", "Diameter": 6, "Material": "Cast Iron", "Operating_Pressure": "LP", "NPA_Opportunity": "Yes - Potential NPA, partial scope", "LPP_Footage": 1900, "LPP_Mileage_": 0.36, "lat": 42.449396239688, "lon": -71.0518399059328, "Mapped_address": "9 Glendower Rd, Melrose, MA 02176, USA", "FID": 923}}, {"type": "Feature", "id": 924, "geometry": {"type": "Point", "coordinates": [-71.1009272890301, 42.5252233461442]}, "properties": {"Line": 419, "Company": "Boston Gas", "Division": "Malden", "Town": "Reading", "Town_Code": "RDG", "State": "MA", "Description__street_segment_": "15-29 UNION ST, RDG", "Diameter": 6, "Material": "Cast Iron", "Operating_Pressure": "LP", "NPA_Opportunity": "Yes - Potential NPA, entire scope", "LPP_Footage": 395, "LPP_Mileage_": 0.07, "lat": 42.5252233461442, "lon": -71.1009272890301, "Mapped_address": "22 Union St, Reading, MA 01867, USA", "FID": 924}}, {"type": "Feature", "id": 925, "geometry": {"type": "Point", "coordinates": [-71.1070262428884, 42.5274829851044]}, "properties": {"Line": 420, "Company": "Boston Gas", "Division": "Malden", "Town": "Reading", "Town_Code": "RDG", "State": "MA", "Description__street_segment_": "32-134 LOWELL ST, RDG, HANSCOM AV,HIGHLAND ST", "Diameter": 6, "Material": "Cast Iron", "Operating_Pressure": "LP", "NPA_Opportunity": "No - Impact to System Integration", "LPP_Footage": 3400, "LPP_Mileage_": 0.64, "lat": 42.5274829851044, "lon": -71.1070262428884, "Mapped_address": "83 Lowell St, Reading, MA 01867, USA", "FID": 925}}, {"type": "Feature", "id": 926, "geometry": {"type": "Point", "coordinates": [-71.1109228214909, 42.5316719423483]}, "properties": {"Line": 420, "Company": "Boston Gas", "Division": "Malden", "Town": "Reading", "Town_Code": "RDG", "State": "MA", "Description__street_segment_": "32-134 LOWELL ST, RDG, HANSCOM AV,HIGHLAND ST", "Diameter": 6, "Material": "Cast Iron", "Operating_Pressure": "LP", "NPA_Opportunity": "No - Impact to System Integration", "LPP_Footage": 3400, "LPP_Mileage_": 0.64, "lat": 42.5316719423483, "lon": -71.1109228214909, "Mapped_address": "Hanscom Ave, Reading, MA 01867, USA", "FID": 926}}, {"type": "Feature", "id": 927, "geometry": {"type": "Point", "coordinates": [-71.1068348143454, 42.5284495886174]}, "properties": {"Line": 420, "Company": "Boston Gas", "Division": "Malden", "Town": "Reading", "Town_Code": "RDG", "State": "MA", "Description__street_segment_": "32-134 LOWELL ST, RDG, HANSCOM AV,HIGHLAND ST", "Diameter": 6, "Material": "Cast Iron", "Operating_Pressure": "LP", "NPA_Opportunity": "No - Impact to System Integration", "LPP_Footage": 3400, "LPP_Mileage_": 0.64, "lat": 42.5284495886174, "lon": -71.1068348143454, "Mapped_address": "Highland St, Reading, MA 01867, USA", "FID": 927}}, {"type": "Feature", "id": 928, "geometry": {"type": "Point", "coordinates": [-71.1190651, 42.5256261]}, "properties": {"Line": 421, "Company": "Boston Gas", "Division": "Malden", "Town": "Reading", "Town_Code": "RDG", "State": "MA", "Description__street_segment_": "52-149 SUMMER AV, RDG, HANCOCK,MINERAL,GRANT ST", "Diameter": 6, "Material": "Cast Iron", "Operating_Pressure": "LP to 60", "NPA_Opportunity": "Yes - Potential NPA, partial scope", "LPP_Footage": 3770, "LPP_Mileage_": 0.71, "lat": 42.5256261, "lon": -71.1190651, "Mapped_address": "Grant St, Reading, MA 01867, USA", "FID": 928}}, {"type": "Feature", "id": 929, "geometry": {"type": "Point", "coordinates": [-71.118006667232, 42.5355033304435]}, "properties": {"Line": 422, "Company": "Boston Gas", "Division": "Malden", "Town": "Reading", "Town_Code": "RDG", "State": "MA", "Description__street_segment_": "8-110 GROVE ST, RDG, 9-35 HENZIE ST", "Diameter": 6, "Material": "Cast Iron", "Operating_Pressure": "LP", "NPA_Opportunity": "No - Critical Main", "LPP_Footage": 2555, "LPP_Mileage_": 0.48, "lat": 42.5355033304435, "lon": -71.118006667232, "Mapped_address": "22 Henzie St, Reading, MA 01867, USA", "FID": 929}}, {"type": "Feature", "id": 930, "geometry": {"type": "Point", "coordinates": [-71.1192567978921, 42.534659586714]}, "properties": {"Line": 422, "Company": "Boston Gas", "Division": "Malden", "Town": "Reading", "Town_Code": "RDG", "State": "MA", "Description__street_segment_": "8-110 GROVE ST, RDG, 9-35 HENZIE ST", "Diameter": 6, "Material": "Cast Iron", "Operating_Pressure": "LP", "NPA_Opportunity": "No - Critical Main", "LPP_Footage": 2555, "LPP_Mileage_": 0.48, "lat": 42.534659586714, "lon": -71.1192567978921, "Mapped_address": "59 Grove St, Reading, MA 01867, USA", "FID": 930}}, {"type": "Feature", "id": 931, "geometry": {"type": "Point", "coordinates": [-71.0201798666474, 42.4113938888936]}, "properties": {"Line": 423, "Company": "Boston Gas", "Division": "Malden", "Town": "Revere", "Town_Code": "REV", "State": "MA", "Description__street_segment_": "100-165 WARREN ST, REV, S FURNESS, VANE ST", "Diameter": 4, "Material": "Cast Iron", "Operating_Pressure": "LP to 60", "NPA_Opportunity": "Yes - Potential NPA, entire scope", "LPP_Footage": 775, "LPP_Mileage_": 0.15, "lat": 42.4113938888936, "lon": -71.0201798666474, "Mapped_address": "132 Warren St, Revere, MA 02151, USA", "FID": 931}}, {"type": "Feature", "id": 932, "geometry": {"type": "Point", "coordinates": [-71.0214633, 42.4117484]}, "properties": {"Line": 423, "Company": "Boston Gas", "Division": "Malden", "Town": "Revere", "Town_Code": "REV", "State": "MA", "Description__street_segment_": "100-165 WARREN ST, REV, S FURNESS, VANE ST", "Diameter": 4, "Material": "Cast Iron", "Operating_Pressure": "LP to 60", "NPA_Opportunity": "Yes - Potential NPA, entire scope", "LPP_Footage": 775, "LPP_Mileage_": 0.15, "lat": 42.4117484, "lon": -71.0214633, "Mapped_address": "S Furness St, Revere, MA 02151, USA", "FID": 932}}, {"type": "Feature", "id": 933, "geometry": {"type": "Point", "coordinates": [-71.022607119941, 42.4113596602251]}, "properties": {"Line": 423, "Company": "Boston Gas", "Division": "Malden", "Town": "Revere", "Town_Code": "REV", "State": "MA", "Description__street_segment_": "100-165 WARREN ST, REV, S FURNESS, VANE ST", "Diameter": 4, "Material": "Cast Iron", "Operating_Pressure": "LP to 60", "NPA_Opportunity": "Yes - Potential NPA, entire scope", "LPP_Footage": 775, "LPP_Mileage_": 0.15, "lat": 42.4113596602251, "lon": -71.022607119941, "Mapped_address": "Vane St, Revere, MA 02151, USA", "FID": 933}}, {"type": "Feature", "id": 934, "geometry": {"type": "Point", "coordinates": [-71.0097699624224, 42.4201876953362]}, "properties": {"Line": 424, "Company": "Boston Gas", "Division": "Malden", "Town": "Revere", "Town_Code": "REV", "State": "MA", "Description__street_segment_": "11-106 RUMNEY RD, REV, 5-51 DAWES ST,66-96 STARK", "Diameter": 6, "Material": "Cast Iron", "Operating_Pressure": "LP to 25", "NPA_Opportunity": "No - Impact to System Integration", "LPP_Footage": 2100, "LPP_Mileage_": 0.4, "lat": 42.4201876953362, "lon": -71.0097699624224, "Mapped_address": "28 Dawes St, Revere, MA 02151, USA", "FID": 934}}, {"type": "Feature", "id": 935, "geometry": {"type": "Point", "coordinates": [-71.0077146818831, 42.4202666243549]}, "properties": {"Line": 424, "Company": "Boston Gas", "Division": "Malden", "Town": "Revere", "Town_Code": "REV", "State": "MA", "Description__street_segment_": "11-106 RUMNEY RD, REV, 5-51 DAWES ST,66-96 STARK", "Diameter": 6, "Material": "Cast Iron", "Operating_Pressure": "LP to 25", "NPA_Opportunity": "No - Impact to System Integration", "LPP_Footage": 2100, "LPP_Mileage_": 0.4, "lat": 42.4202666243549, "lon": -71.0077146818831, "Mapped_address": "58 Rumney Rd, Revere, MA 02151, USA", "FID": 935}}, {"type": "Feature", "id": 936, "geometry": {"type": "Point", "coordinates": [-71.0089982655769, 42.4199249621408]}, "properties": {"Line": 424, "Company": "Boston Gas", "Division": "Malden", "Town": "Revere", "Town_Code": "REV", "State": "MA", "Description__street_segment_": "11-106 RUMNEY RD, REV, 5-51 DAWES ST,66-96 STARK", "Diameter": 6, "Material": "Cast Iron", "Operating_Pressure": "LP to 25", "NPA_Opportunity": "No - Impact to System Integration", "LPP_Footage": 2100, "LPP_Mileage_": 0.4, "lat": 42.4199249621408, "lon": -71.0089982655769, "Mapped_address": "81 Stark Ave, Revere, MA 02151, USA", "FID": 936}}, {"type": "Feature", "id": 937, "geometry": {"type": "Point", "coordinates": [-70.987781603077, 42.3945758639736]}, "properties": {"Line": 425, "Company": "Boston Gas", "Division": "Malden", "Town": "Revere", "Town_Code": "REV", "State": "MA", "Description__street_segment_": "12-309 CRESCENT AV, REV, SUMMER,WEBSTER ST,CRYSTAL", "Diameter": 4, "Material": "Cast Iron", "Operating_Pressure": "LP to 60", "NPA_Opportunity": "Yes - Potential NPA, partial scope", "LPP_Footage": 4690, "LPP_Mileage_": 0.89, "lat": 42.3945758639736, "lon": -70.987781603077, "Mapped_address": "160 Crescent Ave, Revere, MA 02151, USA", "FID": 937}}, {"type": "Feature", "id": 938, "geometry": {"type": "Point", "coordinates": [-70.9865393, 42.3940701]}, "properties": {"Line": 425, "Company": "Boston Gas", "Division": "Malden", "Town": "Revere", "Town_Code": "REV", "State": "MA", "Description__street_segment_": "12-309 CRESCENT AV, REV, SUMMER,WEBSTER ST,CRYSTAL", "Diameter": 4, "Material": "Cast Iron", "Operating_Pressure": "LP to 60", "NPA_Opportunity": "Yes - Potential NPA, partial scope", "LPP_Footage": 4690, "LPP_Mileage_": 0.89, "lat": 42.3940701, "lon": -70.9865393, "Mapped_address": "Webster St, Revere, MA 02151, USA", "FID": 938}}, {"type": "Feature", "id": 939, "geometry": {"type": "Point", "coordinates": [-71.0106637209364, 42.4151660138638]}, "properties": {"Line": 426, "Company": "Boston Gas", "Division": "Malden", "Town": "Revere", "Town_Code": "REV", "State": "MA", "Description__street_segment_": "12-65 CUSHMAN AV, REV, TUCKERMN ST", "Diameter": 6, "Material": "Cast Iron", "Operating_Pressure": "LP to 25", "NPA_Opportunity": "No - Impact to System Integration", "LPP_Footage": 1375, "LPP_Mileage_": 0.26, "lat": 42.4151660138638, "lon": -71.0106637209364, "Mapped_address": "38 Cushman Ave, Revere, MA 02151, USA", "FID": 939}}, {"type": "Feature", "id": 940, "geometry": {"type": "Point", "coordinates": [-71.0095566, 42.4159511]}, "properties": {"Line": 426, "Company": "Boston Gas", "Division": "Malden", "Town": "Revere", "Town_Code": "REV", "State": "MA", "Description__street_segment_": "12-65 CUSHMAN AV, REV, TUCKERMN ST", "Diameter": 6, "Material": "Cast Iron", "Operating_Pressure": "LP to 25", "NPA_Opportunity": "No - Impact to System Integration", "LPP_Footage": 1375, "LPP_Mileage_": 0.26, "lat": 42.4159511, "lon": -71.0095566, "Mapped_address": "Tuckerman St, Revere, MA 02151, USA", "FID": 940}}, {"type": "Feature", "id": 941, "geometry": {"type": "Point", "coordinates": [-70.9888183463856, 42.3997981682375]}, "properties": {"Line": 427, "Company": "Boston Gas", "Division": "Malden", "Town": "Revere", "Town_Code": "REV", "State": "MA", "Description__street_segment_": "12-90 JONES RD, REV", "Diameter": 4, "Material": "Plastic", "Operating_Pressure": "2", "NPA_Opportunity": "No - Impact to System Integration", "LPP_Footage": 1015, "LPP_Mileage_": 0.19, "lat": 42.3997981682375, "lon": -70.9888183463856, "Mapped_address": "51 Jones Rd, Revere, MA 02151, USA", "FID": 941}}, {"type": "Feature", "id": 942, "geometry": {"type": "Point", "coordinates": [-70.9937093729141, 42.4078583247833]}, "properties": {"Line": 428, "Company": "Boston Gas", "Division": "Malden", "Town": "Revere", "Town_Code": "REV", "State": "MA", "Description__street_segment_": "1497-1533 N SHORE RD, REV, DEHON ST", "Diameter": 4, "Material": "Cast Iron", "Operating_Pressure": "LP", "NPA_Opportunity": "No - Impact to System Integration", "LPP_Footage": 1355, "LPP_Mileage_": 0.26, "lat": 42.4078583247833, "lon": -70.9937093729141, "Mapped_address": "1515 N Shore Rd, Revere, MA 02151, USA", "FID": 942}}, {"type": "Feature", "id": 943, "geometry": {"type": "Point", "coordinates": [-70.9942871508612, 42.4068902100678]}, "properties": {"Line": 428, "Company": "Boston Gas", "Division": "Malden", "Town": "Revere", "Town_Code": "REV", "State": "MA", "Description__street_segment_": "1497-1533 N SHORE RD, REV, DEHON ST", "Diameter": 4, "Material": "Cast Iron", "Operating_Pressure": "LP", "NPA_Opportunity": "No - Impact to System Integration", "LPP_Footage": 1355, "LPP_Mileage_": 0.26, "lat": 42.4068902100678, "lon": -70.9942871508612, "Mapped_address": "Dehon St, Revere, MA 02151, USA", "FID": 943}}, {"type": "Feature", "id": 944, "geometry": {"type": "Point", "coordinates": [-71.0017294013831, 42.4165081045834]}, "properties": {"Line": 429, "Company": "Boston Gas", "Division": "Malden", "Town": "Revere", "Town_Code": "REV", "State": "MA", "Description__street_segment_": "2-95 STOWERS ST, REV", "Diameter": 4, "Material": "Cast Iron", "Operating_Pressure": "LP", "NPA_Opportunity": "Yes - Potential NPA, entire scope", "LPP_Footage": 870, "LPP_Mileage_": 0.16, "lat": 42.4165081045834, "lon": -71.0017294013831, "Mapped_address": "48 Stowers St, Revere, MA 02151, USA", "FID": 944}}, {"type": "Feature", "id": 945, "geometry": {"type": "Point", "coordinates": [-71.0124501808323, 42.4112415892587]}, "properties": {"Line": 430, "Company": "Boston Gas", "Division": "Malden", "Town": "Revere", "Town_Code": "REV", "State": "MA", "Description__street_segment_": "311-585 BROADWAY, REV, AUCELLA CT", "Diameter": 8, "Material": "Cast Iron", "Operating_Pressure": "LP", "NPA_Opportunity": "No - Critical Main", "LPP_Footage": 2565, "LPP_Mileage_": 0.49, "lat": 42.4112415892587, "lon": -71.0124501808323, "Mapped_address": "448 Broadway, Revere, MA 02151, USA", "FID": 945}}, {"type": "Feature", "id": 946, "geometry": {"type": "Point", "coordinates": [-71.0112794639269, 42.4089227647617]}, "properties": {"Line": 430, "Company": "Boston Gas", "Division": "Malden", "Town": "Revere", "Town_Code": "REV", "State": "MA", "Description__street_segment_": "311-585 BROADWAY, REV, AUCELLA CT", "Diameter": 8, "Material": "Cast Iron", "Operating_Pressure": "LP", "NPA_Opportunity": "No - Critical Main", "LPP_Footage": 2565, "LPP_Mileage_": 0.49, "lat": 42.4089227647617, "lon": -71.0112794639269, "Mapped_address": "Aucella Ct, Revere, MA 02151, USA", "FID": 946}}, {"type": "Feature", "id": 947, "geometry": {"type": "Point", "coordinates": [-70.9949205558484, 42.4020124397977]}, "properties": {"Line": 431, "Company": "Boston Gas", "Division": "Malden", "Town": "Revere", "Town_Code": "REV", "State": "MA", "Description__street_segment_": "3-59 CLARK RD, REV, WOLCOTT, CURTIS RD", "Diameter": 6, "Material": "Cast Iron", "Operating_Pressure": "LP", "NPA_Opportunity": "No - Impact to System Integration", "LPP_Footage": 1000, "LPP_Mileage_": 0.19, "lat": 42.4020124397977, "lon": -70.9949205558484, "Mapped_address": "31 Clark Rd, Revere, MA 02151, USA", "FID": 947}}, {"type": "Feature", "id": 948, "geometry": {"type": "Point", "coordinates": [-70.9939827, 42.4018751]}, "properties": {"Line": 431, "Company": "Boston Gas", "Division": "Malden", "Town": "Revere", "Town_Code": "REV", "State": "MA", "Description__street_segment_": "3-59 CLARK RD, REV, WOLCOTT, CURTIS RD", "Diameter": 6, "Material": "Cast Iron", "Operating_Pressure": "LP", "NPA_Opportunity": "No - Impact to System Integration", "LPP_Footage": 1000, "LPP_Mileage_": 0.19, "lat": 42.4018751, "lon": -70.9939827, "Mapped_address": "Curtis Rd, Revere, MA 02151, USA", "FID": 948}}, {"type": "Feature", "id": 949, "geometry": {"type": "Point", "coordinates": [-70.9980742394315, 42.4199576222246]}, "properties": {"Line": 432, "Company": "Boston Gas", "Division": "Malden", "Town": "Revere", "Town_Code": "REV", "State": "MA", "Description__street_segment_": "5-105 BATES ST, REV", "Diameter": 4, "Material": "Cast Iron", "Operating_Pressure": "LP", "NPA_Opportunity": "Yes - Potential NPA, entire scope", "LPP_Footage": 1015, "LPP_Mileage_": 0.19, "lat": 42.4199576222246, "lon": -70.9980742394315, "Mapped_address": "55 Bates St, Revere, MA 02151, USA", "FID": 949}}, {"type": "Feature", "id": 950, "geometry": {"type": "Point", "coordinates": [-70.9860363508543, 42.3994454176666]}, "properties": {"Line": 433, "Company": "Boston Gas", "Division": "Malden", "Town": "Revere", "Town_Code": "REV", "State": "MA", "Description__street_segment_": "78-181 WINTHROP PKWY, REV, BROADSOUND,OCEANVIEW AV", "Diameter": 6, "Material": "Cast Iron", "Operating_Pressure": "2", "NPA_Opportunity": "No - Impact to System Integration", "LPP_Footage": 2555, "LPP_Mileage_": 0.48, "lat": 42.3994454176666, "lon": -70.9860363508543, "Mapped_address": "129 Winthrop Pkwy, Revere, MA 02151, USA", "FID": 950}}, {"type": "Feature", "id": 951, "geometry": {"type": "Point", "coordinates": [-70.9845243990626, 42.3989223646222]}, "properties": {"Line": 433, "Company": "Boston Gas", "Division": "Malden", "Town": "Revere", "Town_Code": "REV", "State": "MA", "Description__street_segment_": "78-181 WINTHROP PKWY, REV, BROADSOUND,OCEANVIEW AV", "Diameter": 6, "Material": "Cast Iron", "Operating_Pressure": "2", "NPA_Opportunity": "No - Impact to System Integration", "LPP_Footage": 2555, "LPP_Mileage_": 0.48, "lat": 42.3989223646222, "lon": -70.9845243990626, "Mapped_address": "Ocean View Ave, Revere, MA 02151, USA", "FID": 951}}, {"type": "Feature", "id": 952, "geometry": {"type": "Point", "coordinates": [-71.0051975, 42.4222889]}, "properties": {"Line": 434, "Company": "Boston Gas", "Division": "Malden", "Town": "Revere", "Town_Code": "REV", "State": "MA", "Description__street_segment_": "977-1081 BROADWAY, REV, FERRAGAMO WY", "Diameter": 8, "Material": "Cast Iron", "Operating_Pressure": "LP to 25", "NPA_Opportunity": "Yes - Potential NPA, entire scope", "LPP_Footage": 1070, "LPP_Mileage_": 0.2, "lat": 42.4222889, "lon": -71.0051975, "Mapped_address": "Ferragamo Way, Revere, MA 02151, USA", "FID": 952}}, {"type": "Feature", "id": 953, "geometry": {"type": "Point", "coordinates": [-71.0969987639114, 42.3893893604486]}, "properties": {"Line": 435, "Company": "Boston Gas", "Division": "Malden", "Town": "Somerville", "Town_Code": "SOM", "State": "MA", "Description__street_segment_": "1-115 THURSTON ST, SOM, 345-390 MEDFORD ST", "Diameter": 6, "Material": "Cast Iron", "Operating_Pressure": "1", "NPA_Opportunity": "No - Impact to System Integration", "LPP_Footage": 2565, "LPP_Mileage_": 0.49, "lat": 42.3893893604486, "lon": -71.0969987639114, "Mapped_address": "367 Medford St, Somerville, MA 02145, USA", "FID": 953}}, {"type": "Feature", "id": 954, "geometry": {"type": "Point", "coordinates": [-71.0974965986505, 42.3918537024914]}, "properties": {"Line": 435, "Company": "Boston Gas", "Division": "Malden", "Town": "Somerville", "Town_Code": "SOM", "State": "MA", "Description__street_segment_": "1-115 THURSTON ST, SOM, 345-390 MEDFORD ST", "Diameter": 6, "Material": "Cast Iron", "Operating_Pressure": "1", "NPA_Opportunity": "No - Impact to System Integration", "LPP_Footage": 2565, "LPP_Mileage_": 0.49, "lat": 42.3918537024914, "lon": -71.0974965986505, "Mapped_address": "58 Thurston St, Somerville, MA 02145, USA", "FID": 954}}, {"type": "Feature", "id": 955, "geometry": {"type": "Point", "coordinates": [-71.1289856019986, 42.4161281600441]}, "properties": {"Line": 436, "Company": "Boston Gas", "Division": "Malden", "Town": "Somerville", "Town_Code": "SOM", "State": "MA", "Description__street_segment_": "136-190 BOSTON AV, SOM", "Diameter": 10, "Material": "Cast Iron", "Operating_Pressure": "25", "NPA_Opportunity": "No - Critical Main", "LPP_Footage": 1055, "LPP_Mileage_": 0.2, "lat": 42.4161281600441, "lon": -71.1289856019986, "Mapped_address": "163 Boston Ave, Somerville, MA 02144, USA", "FID": 955}}, {"type": "Feature", "id": 956, "geometry": {"type": "Point", "coordinates": [-71.1000516579911, 42.3932592760309]}, "properties": {"Line": 437, "Company": "Boston Gas", "Division": "Malden", "Town": "Somerville", "Town_Code": "SOM", "State": "MA", "Description__street_segment_": "390-432 MEDFORD ST, SOM, 122-201 CENTRAL ST", "Diameter": 8, "Material": "Cast Iron", "Operating_Pressure": "1", "NPA_Opportunity": "No - Impact to System Integration", "LPP_Footage": 2625, "LPP_Mileage_": 0.5, "lat": 42.3932592760309, "lon": -71.1000516579911, "Mapped_address": "161 Central St, Somerville, MA 02145, USA", "FID": 956}}, {"type": "Feature", "id": 957, "geometry": {"type": "Point", "coordinates": [-71.0986171, 42.3913292]}, "properties": {"Line": 437, "Company": "Boston Gas", "Division": "Malden", "Town": "Somerville", "Town_Code": "SOM", "State": "MA", "Description__street_segment_": "390-432 MEDFORD ST, SOM, 122-201 CENTRAL ST", "Diameter": 8, "Material": "Cast Iron", "Operating_Pressure": "1", "NPA_Opportunity": "No - Impact to System Integration", "LPP_Footage": 2625, "LPP_Mileage_": 0.5, "lat": 42.3913292, "lon": -71.0986171, "Mapped_address": "411 Medford St, Somerville, MA 02145, USA", "FID": 957}}, {"type": "Feature", "id": 958, "geometry": {"type": "Point", "coordinates": [-71.1014184371319, 42.39353566733]}, "properties": {"Line": 438, "Company": "Boston Gas", "Division": "Malden", "Town": "Somerville", "Town_Code": "SOM", "State": "MA", "Description__street_segment_": "432-475 MEDFORD ST, SOM, ADAMS ST", "Diameter": 6, "Material": "Cast Iron", "Operating_Pressure": "1", "NPA_Opportunity": "No - Impact to System Integration", "LPP_Footage": 1570, "LPP_Mileage_": 0.3, "lat": 42.39353566733, "lon": -71.1014184371319, "Mapped_address": "453 Medford St, Somerville, MA 02145, USA", "FID": 958}}, {"type": "Feature", "id": 959, "geometry": {"type": "Point", "coordinates": [-71.1003924927914, 42.3944318336519]}, "properties": {"Line": 438, "Company": "Boston Gas", "Division": "Malden", "Town": "Somerville", "Town_Code": "SOM", "State": "MA", "Description__street_segment_": "432-475 MEDFORD ST, SOM, ADAMS ST", "Diameter": 6, "Material": "Cast Iron", "Operating_Pressure": "1", "NPA_Opportunity": "No - Impact to System Integration", "LPP_Footage": 1570, "LPP_Mileage_": 0.3, "lat": 42.3944318336519, "lon": -71.1003924927914, "Mapped_address": "Adams St, Somerville, MA 02145, USA", "FID": 959}}, {"type": "Feature", "id": 960, "geometry": {"type": "Point", "coordinates": [-71.096460297627, 42.4663255437777]}, "properties": {"Line": 439, "Company": "Boston Gas", "Division": "Malden", "Town": "Stoneham", "Town_Code": "STO", "State": "MA", "Description__street_segment_": "104-136 POND ST, STO, CAMPBELL RD, 51-62 GORHAM", "Diameter": 6, "Material": "Cast Iron", "Operating_Pressure": "2", "NPA_Opportunity": "Yes - Potential NPA, partial scope", "LPP_Footage": 2140, "LPP_Mileage_": 0.41, "lat": 42.4663255437777, "lon": -71.096460297627, "Mapped_address": "120 Pond St, Stoneham, MA 02180, USA", "FID": 960}}, {"type": "Feature", "id": 961, "geometry": {"type": "Point", "coordinates": [-71.097501978791, 42.4678305571756]}, "properties": {"Line": 439, "Company": "Boston Gas", "Division": "Malden", "Town": "Stoneham", "Town_Code": "STO", "State": "MA", "Description__street_segment_": "104-136 POND ST, STO, CAMPBELL RD, 51-62 GORHAM", "Diameter": 6, "Material": "Cast Iron", "Operating_Pressure": "2", "NPA_Opportunity": "Yes - Potential NPA, partial scope", "LPP_Footage": 2140, "LPP_Mileage_": 0.41, "lat": 42.4678305571756, "lon": -71.097501978791, "Mapped_address": "56 Gorham Ave, Stoneham, MA 02180, USA", "FID": 961}}, {"type": "Feature", "id": 962, "geometry": {"type": "Point", "coordinates": [-71.0942136037312, 42.4652943624077]}, "properties": {"Line": 439, "Company": "Boston Gas", "Division": "Malden", "Town": "Stoneham", "Town_Code": "STO", "State": "MA", "Description__street_segment_": "104-136 POND ST, STO, CAMPBELL RD, 51-62 GORHAM", "Diameter": 6, "Material": "Cast Iron", "Operating_Pressure": "2", "NPA_Opportunity": "Yes - Potential NPA, partial scope", "LPP_Footage": 2140, "LPP_Mileage_": 0.41, "lat": 42.4652943624077, "lon": -71.0942136037312, "Mapped_address": "Campbell Rd, Stoneham, MA 02180, USA", "FID": 962}}, {"type": "Feature", "id": 963, "geometry": {"type": "Point", "coordinates": [-71.1022446345002, 42.4973385935357]}, "properties": {"Line": 440, "Company": "Boston Gas", "Division": "Malden", "Town": "Stoneham", "Town_Code": "STO", "State": "MA", "Description__street_segment_": "12-53 GOVERNOR RD, STO", "Diameter": 6, "Material": "Cast Iron", "Operating_Pressure": "2 to 25", "NPA_Opportunity": "No - Impact to System Integration", "LPP_Footage": 5990, "LPP_Mileage_": 1.13, "lat": 42.4973385935357, "lon": -71.1022446345002, "Mapped_address": "32 Governor Rd, Stoneham, MA 02180, USA", "FID": 963}}, {"type": "Feature", "id": 964, "geometry": {"type": "Point", "coordinates": [-71.0933849410476, 42.4827523085463]}, "properties": {"Line": 441, "Company": "Boston Gas", "Division": "Malden", "Town": "Stoneham", "Town_Code": "STO", "State": "MA", "Description__street_segment_": "1-35 WASHINGTON ST, STO, POMEWORTH ST,WASHNTON AV", "Diameter": 8, "Material": "Steel-WI", "Operating_Pressure": "LP", "NPA_Opportunity": "No - Impact to System Integration", "LPP_Footage": 2280, "LPP_Mileage_": 0.43, "lat": 42.4827523085463, "lon": -71.0933849410476, "Mapped_address": "18 Washington St, Stoneham, MA 02180, USA", "FID": 964}}, {"type": "Feature", "id": 965, "geometry": {"type": "Point", "coordinates": [-71.0963354995282, 42.4833495986856]}, "properties": {"Line": 441, "Company": "Boston Gas", "Division": "Malden", "Town": "Stoneham", "Town_Code": "STO", "State": "MA", "Description__street_segment_": "1-35 WASHINGTON ST, STO, POMEWORTH ST,WASHNTON AV", "Diameter": 8, "Material": "Steel-WI", "Operating_Pressure": "LP", "NPA_Opportunity": "No - Impact to System Integration", "LPP_Footage": 2280, "LPP_Mileage_": 0.43, "lat": 42.4833495986856, "lon": -71.0963354995282, "Mapped_address": "Pomeworth St, Stoneham, MA 02180, USA", "FID": 965}}, {"type": "Feature", "id": 966, "geometry": {"type": "Point", "coordinates": [-71.0915187, 42.4844734]}, "properties": {"Line": 441, "Company": "Boston Gas", "Division": "Malden", "Town": "Stoneham", "Town_Code": "STO", "State": "MA", "Description__street_segment_": "1-35 WASHINGTON ST, STO, POMEWORTH ST,WASHNTON AV", "Diameter": 8, "Material": "Steel-WI", "Operating_Pressure": "LP", "NPA_Opportunity": "No - Impact to System Integration", "LPP_Footage": 2280, "LPP_Mileage_": 0.43, "lat": 42.4844734, "lon": -71.0915187, "Mapped_address": "Washington Ave, Stoneham, MA 02180, USA", "FID": 966}}, {"type": "Feature", "id": 967, "geometry": {"type": "Point", "coordinates": [-71.0886239, 42.4852043]}, "properties": {"Line": 442, "Company": "Boston Gas", "Division": "Malden", "Town": "Stoneham", "Town_Code": "STO", "State": "MA", "Description__street_segment_": "3-219 GREEN ST, STO, KEITHS LN", "Diameter": 6, "Material": "Cast Iron", "Operating_Pressure": "LP", "NPA_Opportunity": "No - Impact to System Integration", "LPP_Footage": 2645, "LPP_Mileage_": 0.5, "lat": 42.4852043, "lon": -71.0886239, "Mapped_address": "111 Green St, Stoneham, MA 02180, USA", "FID": 967}}, {"type": "Feature", "id": 968, "geometry": {"type": "Point", "coordinates": [-71.0894154, 42.4849777]}, "properties": {"Line": 442, "Company": "Boston Gas", "Division": "Malden", "Town": "Stoneham", "Town_Code": "STO", "State": "MA", "Description__street_segment_": "3-219 GREEN ST, STO, KEITHS LN", "Diameter": 6, "Material": "Cast Iron", "Operating_Pressure": "LP", "NPA_Opportunity": "No - Impact to System Integration", "LPP_Footage": 2645, "LPP_Mileage_": 0.5, "lat": 42.4849777, "lon": -71.0894154, "Mapped_address": "Keiths Ln, Stoneham, MA 02180, USA", "FID": 968}}, {"type": "Feature", "id": 969, "geometry": {"type": "Point", "coordinates": [-71.1131913457885, 42.4941155698324]}, "properties": {"Line": 443, "Company": "Boston Gas", "Division": "Malden", "Town": "Stoneham", "Town_Code": "STO", "State": "MA", "Description__street_segment_": "4-22 DANBY RD, STO", "Diameter": 4, "Material": "Cast Iron", "Operating_Pressure": "25", "NPA_Opportunity": "Yes - Potential NPA, entire scope", "LPP_Footage": 1130, "LPP_Mileage_": 0.21, "lat": 42.4941155698324, "lon": -71.1131913457885, "Mapped_address": "13 Danby Rd, Stoneham, MA 02180, USA", "FID": 969}}, {"type": "Feature", "id": 970, "geometry": {"type": "Point", "coordinates": [-71.0961357009692, 42.4938794518951]}, "properties": {"Line": 444, "Company": "Boston Gas", "Division": "Malden", "Town": "Stoneham", "Town_Code": "STO", "State": "MA", "Description__street_segment_": "5-58 BROADWAY, STO, 47-70 HGH ST, HILLSIDE AV", "Diameter": 6, "Material": "Cast Iron", "Operating_Pressure": "LP", "NPA_Opportunity": "Yes - Potential NPA, partial scope", "LPP_Footage": 3955, "LPP_Mileage_": 0.75, "lat": 42.4938794518951, "lon": -71.0961357009692, "Mapped_address": "31 Broadway, Stoneham, MA 02180, USA", "FID": 970}}, {"type": "Feature", "id": 971, "geometry": {"type": "Point", "coordinates": [-71.0942913, 42.4944527]}, "properties": {"Line": 444, "Company": "Boston Gas", "Division": "Malden", "Town": "Stoneham", "Town_Code": "STO", "State": "MA", "Description__street_segment_": "5-58 BROADWAY, STO, 47-70 HGH ST, HILLSIDE AV", "Diameter": 6, "Material": "Cast Iron", "Operating_Pressure": "LP", "NPA_Opportunity": "Yes - Potential NPA, partial scope", "LPP_Footage": 3955, "LPP_Mileage_": 0.75, "lat": 42.4944527, "lon": -71.0942913, "Mapped_address": "58 High St, Stoneham, MA 02180, USA", "FID": 971}}, {"type": "Feature", "id": 972, "geometry": {"type": "Point", "coordinates": [-71.0926257487267, 42.4944956018991]}, "properties": {"Line": 444, "Company": "Boston Gas", "Division": "Malden", "Town": "Stoneham", "Town_Code": "STO", "State": "MA", "Description__street_segment_": "5-58 BROADWAY, STO, 47-70 HGH ST, HILLSIDE AV", "Diameter": 6, "Material": "Cast Iron", "Operating_Pressure": "LP", "NPA_Opportunity": "Yes - Potential NPA, partial scope", "LPP_Footage": 3955, "LPP_Mileage_": 0.75, "lat": 42.4944956018991, "lon": -71.0926257487267, "Mapped_address": "Hillside Ave, Stoneham, MA 02180, USA", "FID": 972}}, {"type": "Feature", "id": 973, "geometry": {"type": "Point", "coordinates": [-71.0970901649446, 42.489232077573]}, "properties": {"Line": 445, "Company": "Boston Gas", "Division": "Malden", "Town": "Stoneham", "Town_Code": "STO", "State": "MA", "Description__street_segment_": "6-140 COLLINCOTE ST, STO", "Diameter": 6, "Material": "Cast Iron", "Operating_Pressure": "LP", "NPA_Opportunity": "Yes - Potential NPA, partial scope", "LPP_Footage": 1760, "LPP_Mileage_": 0.33, "lat": 42.489232077573, "lon": -71.0970901649446, "Mapped_address": "73 Collincote St, Stoneham, MA 02180, USA", "FID": 973}}, {"type": "Feature", "id": 974, "geometry": {"type": "Point", "coordinates": [-71.1034263013837, 42.4841008347985]}, "properties": {"Line": 446, "Company": "Boston Gas", "Division": "Malden", "Town": "Stoneham", "Town_Code": "STO", "State": "MA", "Description__street_segment_": "8-52 LINDENWOOD RD, STO, ROWE,WEST ST,RICHARDSN RD", "Diameter": 6, "Material": "Cast Iron", "Operating_Pressure": "LP to 25", "NPA_Opportunity": "Yes - Potential NPA, partial scope", "LPP_Footage": 2275, "LPP_Mileage_": 0.43, "lat": 42.4841008347985, "lon": -71.1034263013837, "Mapped_address": "30 Lindenwood Rd, Stoneham, MA 02180, USA", "FID": 974}}, {"type": "Feature", "id": 975, "geometry": {"type": "Point", "coordinates": [-71.1066632227907, 42.4845827148419]}, "properties": {"Line": 446, "Company": "Boston Gas", "Division": "Malden", "Town": "Stoneham", "Town_Code": "STO", "State": "MA", "Description__street_segment_": "8-52 LINDENWOOD RD, STO, ROWE,WEST ST,RICHARDSN RD", "Diameter": 6, "Material": "Cast Iron", "Operating_Pressure": "LP to 25", "NPA_Opportunity": "Yes - Potential NPA, partial scope", "LPP_Footage": 2275, "LPP_Mileage_": 0.43, "lat": 42.4845827148419, "lon": -71.1066632227907, "Mapped_address": "Richardson Rd, Stoneham, MA 02180, USA", "FID": 975}}, {"type": "Feature", "id": 976, "geometry": {"type": "Point", "coordinates": [-71.1043010239344, 42.4850330381029]}, "properties": {"Line": 446, "Company": "Boston Gas", "Division": "Malden", "Town": "Stoneham", "Town_Code": "STO", "State": "MA", "Description__street_segment_": "8-52 LINDENWOOD RD, STO, ROWE,WEST ST,RICHARDSN RD", "Diameter": 6, "Material": "Cast Iron", "Operating_Pressure": "LP to 25", "NPA_Opportunity": "Yes - Potential NPA, partial scope", "LPP_Footage": 2275, "LPP_Mileage_": 0.43, "lat": 42.4850330381029, "lon": -71.1043010239344, "Mapped_address": "West St, Stoneham, MA 02180, USA", "FID": 976}}, {"type": "Feature", "id": 977, "geometry": {"type": "Point", "coordinates": [-71.1245808178464, 42.4602967095794]}, "properties": {"Line": 447, "Company": "Boston Gas", "Division": "Malden", "Town": "Winchester", "Town_Code": "WNC", "State": "MA", "Description__street_segment_": "111-149 HIGHLAND AV, WNC, PRINCE,EUCLID,STONE AV", "Diameter": 4, "Material": "Cast Iron", "Operating_Pressure": "LP", "NPA_Opportunity": "No - Impact to System Integration", "LPP_Footage": 4130, "LPP_Mileage_": 0.78, "lat": 42.4602967095794, "lon": -71.1245808178464, "Mapped_address": "130 Highland Ave, Winchester, MA 01890, USA", "FID": 977}}, {"type": "Feature", "id": 978, "geometry": {"type": "Point", "coordinates": [-71.1259647748777, 42.4616160525989]}, "properties": {"Line": 447, "Company": "Boston Gas", "Division": "Malden", "Town": "Winchester", "Town_Code": "WNC", "State": "MA", "Description__street_segment_": "111-149 HIGHLAND AV, WNC, PRINCE,EUCLID,STONE AV", "Diameter": 4, "Material": "Cast Iron", "Operating_Pressure": "LP", "NPA_Opportunity": "No - Impact to System Integration", "LPP_Footage": 4130, "LPP_Mileage_": 0.78, "lat": 42.4616160525989, "lon": -71.1259647748777, "Mapped_address": "Stone Ave, Winchester, MA 01890, USA", "FID": 978}}, {"type": "Feature", "id": 979, "geometry": {"type": "Point", "coordinates": [-71.1290355047565, 42.4561807610694]}, "properties": {"Line": 448, "Company": "Boston Gas", "Division": "Malden", "Town": "Winchester", "Town_Code": "WNC", "State": "MA", "Description__street_segment_": "1-17 WEBSTER ST, WNC", "Diameter": 3, "Material": "Cast Iron", "Operating_Pressure": "LP", "NPA_Opportunity": "No - Impact to System Integration", "LPP_Footage": 735, "LPP_Mileage_": 0.14, "lat": 42.4561807610694, "lon": -71.1290355047565, "Mapped_address": "9 Webster St, Winchester, MA 01890, USA", "FID": 979}}, {"type": "Feature", "id": 980, "geometry": {"type": "Point", "coordinates": [-71.1590609, 42.4451864]}, "properties": {"Line": 449, "Company": "Boston Gas", "Division": "Malden", "Town": "Winchester", "Town_Code": "WNC", "State": "MA", "Description__street_segment_": "1-25 INDIAN HILL RD, WNC, SACHEM,EMERSON,SQUANTO", "Diameter": 6, "Material": "Cast Iron", "Operating_Pressure": "LP to 25", "NPA_Opportunity": "Yes - Potential NPA, entire scope", "LPP_Footage": 2860, "LPP_Mileage_": 0.54, "lat": 42.4451864, "lon": -71.1590609, "Mapped_address": "13 Indian Hill Rd, Winchester, MA 01890, USA", "FID": 980}}, {"type": "Feature", "id": 981, "geometry": {"type": "Point", "coordinates": [-71.1268172051829, 42.4576565822615]}, "properties": {"Line": 450, "Company": "Boston Gas", "Division": "Malden", "Town": "Winchester", "Town_Code": "WNC", "State": "MA", "Description__street_segment_": "154-203 HIGHLAND AV, WNC, HANCOCK ST,PARK,GOVNRS A", "Diameter": 4, "Material": "Cast Iron", "Operating_Pressure": "LP", "NPA_Opportunity": "No - Impact to System Integration", "LPP_Footage": 3610, "LPP_Mileage_": 0.68, "lat": 42.4576565822615, "lon": -71.1268172051829, "Mapped_address": "178 Highland Ave, Winchester, MA 01890, USA", "FID": 981}}, {"type": "Feature", "id": 982, "geometry": {"type": "Point", "coordinates": [-71.1276002, 42.4589326]}, "properties": {"Line": 450, "Company": "Boston Gas", "Division": "Malden", "Town": "Winchester", "Town_Code": "WNC", "State": "MA", "Description__street_segment_": "154-203 HIGHLAND AV, WNC, HANCOCK ST,PARK,GOVNRS A", "Diameter": 4, "Material": "Cast Iron", "Operating_Pressure": "LP", "NPA_Opportunity": "No - Impact to System Integration", "LPP_Footage": 3610, "LPP_Mileage_": 0.68, "lat": 42.4589326, "lon": -71.1276002, "Mapped_address": "Governors Ave, Winchester, MA 01890, USA", "FID": 982}}, {"type": "Feature", "id": 983, "geometry": {"type": "Point", "coordinates": [-71.1287835631479, 42.4571590608547]}, "properties": {"Line": 450, "Company": "Boston Gas", "Division": "Malden", "Town": "Winchester", "Town_Code": "WNC", "State": "MA", "Description__street_segment_": "154-203 HIGHLAND AV, WNC, HANCOCK ST,PARK,GOVNRS A", "Diameter": 4, "Material": "Cast Iron", "Operating_Pressure": "LP", "NPA_Opportunity": "No - Impact to System Integration", "LPP_Footage": 3610, "LPP_Mileage_": 0.68, "lat": 42.4571590608547, "lon": -71.1287835631479, "Mapped_address": "Hancock St, Winchester, MA 01890, USA", "FID": 983}}, {"type": "Feature", "id": 984, "geometry": {"type": "Point", "coordinates": [-71.1491858971685, 42.4503647358319]}, "properties": {"Line": 451, "Company": "Boston Gas", "Division": "Malden", "Town": "Winchester", "Town_Code": "WNC", "State": "MA", "Description__street_segment_": "2-26 CABOT ST, WNC, CALUMET RD,OXFORD,WARREN", "Diameter": 3, "Material": "Cast Iron", "Operating_Pressure": "LP to 25", "NPA_Opportunity": "No - Impact to System Integration", "LPP_Footage": 5175, "LPP_Mileage_": 0.98, "lat": 42.4503647358319, "lon": -71.1491858971685, "Mapped_address": "14 Cabot St, Winchester, MA 01890, USA", "FID": 984}}, {"type": "Feature", "id": 985, "geometry": {"type": "Point", "coordinates": [-71.1510783289548, 42.448537740488]}, "properties": {"Line": 451, "Company": "Boston Gas", "Division": "Malden", "Town": "Winchester", "Town_Code": "WNC", "State": "MA", "Description__street_segment_": "2-26 CABOT ST, WNC, CALUMET RD,OXFORD,WARREN", "Diameter": 3, "Material": "Cast Iron", "Operating_Pressure": "LP to 25", "NPA_Opportunity": "No - Impact to System Integration", "LPP_Footage": 5175, "LPP_Mileage_": 0.98, "lat": 42.448537740488, "lon": -71.1510783289548, "Mapped_address": "Calumet Rd, Winchester, MA 01890, USA", "FID": 985}}, {"type": "Feature", "id": 986, "geometry": {"type": "Point", "coordinates": [-71.1525806, 42.4394773]}, "properties": {"Line": 452, "Company": "Boston Gas", "Division": "Malden", "Town": "Winchester", "Town_Code": "WNC", "State": "MA", "Description__street_segment_": "2-81 CAMBRIDGE ST, WNC, 45-54 EVERETT,468 MYSTIC", "Diameter": 12, "Material": "Cast Iron", "Operating_Pressure": "25", "NPA_Opportunity": "No - Critical Main", "LPP_Footage": 3780, "LPP_Mileage_": 0.72, "lat": 42.4394773, "lon": -71.1525806, "Mapped_address": "41 Cambridge St, Winchester, MA 01890, USA", "FID": 986}}, {"type": "Feature", "id": 987, "geometry": {"type": "Point", "coordinates": [-71.1563683502298, 42.4359382471314]}, "properties": {"Line": 452, "Company": "Boston Gas", "Division": "Malden", "Town": "Winchester", "Town_Code": "WNC", "State": "MA", "Description__street_segment_": "2-81 CAMBRIDGE ST, WNC, 45-54 EVERETT,468 MYSTIC", "Diameter": 12, "Material": "Cast Iron", "Operating_Pressure": "25", "NPA_Opportunity": "No - Critical Main", "LPP_Footage": 3780, "LPP_Mileage_": 0.72, "lat": 42.4359382471314, "lon": -71.1563683502298, "Mapped_address": "468 Mystic St, Winchester, MA 01890, USA", "FID": 987}}, {"type": "Feature", "id": 988, "geometry": {"type": "Point", "coordinates": [-71.1513794, 42.4428683]}, "properties": {"Line": 452, "Company": "Boston Gas", "Division": "Malden", "Town": "Winchester", "Town_Code": "WNC", "State": "MA", "Description__street_segment_": "2-81 CAMBRIDGE ST, WNC, 45-54 EVERETT,468 MYSTIC", "Diameter": 12, "Material": "Cast Iron", "Operating_Pressure": "25", "NPA_Opportunity": "No - Critical Main", "LPP_Footage": 3780, "LPP_Mileage_": 0.72, "lat": 42.4428683, "lon": -71.1513794, "Mapped_address": "49 Everett Ave, Winchester, MA 01890, USA", "FID": 988}}, {"type": "Feature", "id": 989, "geometry": {"type": "Point", "coordinates": [-71.1597673281862, 42.448058843365]}, "properties": {"Line": 453, "Company": "Boston Gas", "Division": "Malden", "Town": "Winchester", "Town_Code": "WNC", "State": "MA", "Description__street_segment_": "29-70 WESTLAND AV, WNC, & 2-8 ATHERTON RD", "Diameter": 6, "Material": "Cast Iron", "Operating_Pressure": "LP to 25", "NPA_Opportunity": "Yes - Potential NPA, partial scope", "LPP_Footage": 2485, "LPP_Mileage_": 0.47, "lat": 42.448058843365, "lon": -71.1597673281862, "Mapped_address": "49 Westland Ave, Winchester, MA 01890, USA", "FID": 989}}, {"type": "Feature", "id": 990, "geometry": {"type": "Point", "coordinates": [-71.1612712790759, 42.4475165275106]}, "properties": {"Line": 453, "Company": "Boston Gas", "Division": "Malden", "Town": "Winchester", "Town_Code": "WNC", "State": "MA", "Description__street_segment_": "29-70 WESTLAND AV, WNC, & 2-8 ATHERTON RD", "Diameter": 6, "Material": "Cast Iron", "Operating_Pressure": "LP to 25", "NPA_Opportunity": "Yes - Potential NPA, partial scope", "LPP_Footage": 2485, "LPP_Mileage_": 0.47, "lat": 42.4475165275106, "lon": -71.1612712790759, "Mapped_address": "5 Atherton Rd, Winchester, MA 01890, USA", "FID": 990}}, {"type": "Feature", "id": 991, "geometry": {"type": "Point", "coordinates": [-71.1278934689571, 42.4679247080297]}, "properties": {"Line": 454, "Company": "Boston Gas", "Division": "Malden", "Town": "Winchester", "Town_Code": "WNC", "State": "MA", "Description__street_segment_": "3-81 BROOKSIDE AV, WNC, 8-32 GARFIELD AV", "Diameter": 4, "Material": "Cast Iron", "Operating_Pressure": "LP to 25", "NPA_Opportunity": "Yes - Potential NPA, entire scope", "LPP_Footage": 1540, "LPP_Mileage_": 0.29, "lat": 42.4679247080297, "lon": -71.1278934689571, "Mapped_address": "20 Garfield Ave, Winchester, MA 01890, USA", "FID": 991}}, {"type": "Feature", "id": 992, "geometry": {"type": "Point", "coordinates": [-71.1272881054702, 42.4684415290893]}, "properties": {"Line": 454, "Company": "Boston Gas", "Division": "Malden", "Town": "Winchester", "Town_Code": "WNC", "State": "MA", "Description__street_segment_": "3-81 BROOKSIDE AV, WNC, 8-32 GARFIELD AV", "Diameter": 4, "Material": "Cast Iron", "Operating_Pressure": "LP to 25", "NPA_Opportunity": "Yes - Potential NPA, entire scope", "LPP_Footage": 1540, "LPP_Mileage_": 0.29, "lat": 42.4684415290893, "lon": -71.1272881054702, "Mapped_address": "42 Brookside Ave, Winchester, MA 01890, USA", "FID": 992}}, {"type": "Feature", "id": 993, "geometry": {"type": "Point", "coordinates": [-71.144839414178, 42.4507759603551]}, "properties": {"Line": 455, "Company": "Boston Gas", "Division": "Malden", "Town": "Winchester", "Town_Code": "WNC", "State": "MA", "Description__street_segment_": "59-94 CHURCH ST, WNC, 1-9 LEWIS RD,2-8 WYMAN CT", "Diameter": 6, "Material": "Cast Iron", "Operating_Pressure": "LP", "NPA_Opportunity": "No - Impact to System Integration", "LPP_Footage": 3895, "LPP_Mileage_": 0.74, "lat": 42.4507759603551, "lon": -71.144839414178, "Mapped_address": "5 Lewis Rd, Winchester, MA 01890, USA", "FID": 993}}, {"type": "Feature", "id": 994, "geometry": {"type": "Point", "coordinates": [-71.1453285068457, 42.4503008032886]}, "properties": {"Line": 455, "Company": "Boston Gas", "Division": "Malden", "Town": "Winchester", "Town_Code": "WNC", "State": "MA", "Description__street_segment_": "59-94 CHURCH ST, WNC, 1-9 LEWIS RD,2-8 WYMAN CT", "Diameter": 6, "Material": "Cast Iron", "Operating_Pressure": "LP", "NPA_Opportunity": "No - Impact to System Integration", "LPP_Footage": 3895, "LPP_Mileage_": 0.74, "lat": 42.4503008032886, "lon": -71.1453285068457, "Mapped_address": "5 Wyman Ct, Winchester, MA 01890, USA", "FID": 994}}, {"type": "Feature", "id": 995, "geometry": {"type": "Point", "coordinates": [-71.1449978288539, 42.4495852454984]}, "properties": {"Line": 455, "Company": "Boston Gas", "Division": "Malden", "Town": "Winchester", "Town_Code": "WNC", "State": "MA", "Description__street_segment_": "59-94 CHURCH ST, WNC, 1-9 LEWIS RD,2-8 WYMAN CT", "Diameter": 6, "Material": "Cast Iron", "Operating_Pressure": "LP", "NPA_Opportunity": "No - Impact to System Integration", "LPP_Footage": 3895, "LPP_Mileage_": 0.74, "lat": 42.4495852454984, "lon": -71.1449978288539, "Mapped_address": "76 Church St, Winchester, MA 01890, USA", "FID": 995}}, {"type": "Feature", "id": 996, "geometry": {"type": "Point", "coordinates": [-71.1424456502281, 42.4506917135294]}, "properties": {"Line": 456, "Company": "Boston Gas", "Division": "Malden", "Town": "Winchester", "Town_Code": "WNC", "State": "MA", "Description__street_segment_": "7-60 CHURCH ST, WNC, 3-18 RAVINE RD, VINE ST", "Diameter": 6, "Material": "Cast Iron", "Operating_Pressure": "LP", "NPA_Opportunity": "Yes - Potential NPA, partial scope", "LPP_Footage": 2520, "LPP_Mileage_": 0.48, "lat": 42.4506917135294, "lon": -71.1424456502281, "Mapped_address": "10 Ravine Rd, Winchester, MA 01890, USA", "FID": 996}}, {"type": "Feature", "id": 997, "geometry": {"type": "Point", "coordinates": [-71.1387304, 42.451778]}, "properties": {"Line": 456, "Company": "Boston Gas", "Division": "Malden", "Town": "Winchester", "Town_Code": "WNC", "State": "MA", "Description__street_segment_": "7-60 CHURCH ST, WNC, 3-18 RAVINE RD, VINE ST", "Diameter": 6, "Material": "Cast Iron", "Operating_Pressure": "LP", "NPA_Opportunity": "Yes - Potential NPA, partial scope", "LPP_Footage": 2520, "LPP_Mileage_": 0.48, "lat": 42.451778, "lon": -71.1387304, "Mapped_address": "33 Church St, Winchester, MA 01890, USA", "FID": 997}}, {"type": "Feature", "id": 998, "geometry": {"type": "Point", "coordinates": [-71.1389288574626, 42.4537461837762]}, "properties": {"Line": 456, "Company": "Boston Gas", "Division": "Malden", "Town": "Winchester", "Town_Code": "WNC", "State": "MA", "Description__street_segment_": "7-60 CHURCH ST, WNC, 3-18 RAVINE RD, VINE ST", "Diameter": 6, "Material": "Cast Iron", "Operating_Pressure": "LP", "NPA_Opportunity": "Yes - Potential NPA, partial scope", "LPP_Footage": 2520, "LPP_Mileage_": 0.48, "lat": 42.4537461837762, "lon": -71.1389288574626, "Mapped_address": "Vine St, Winchester, MA 01890, USA", "FID": 998}}, {"type": "Feature", "id": 999, "geometry": {"type": "Point", "coordinates": [-71.132351, 42.4585871]}, "properties": {"Line": 457, "Company": "Boston Gas", "Division": "Malden", "Town": "Winchester", "Town_Code": "WNC", "State": "MA", "Description__street_segment_": "8-85 OAK ST, WNC, HOLLAND ST,NELSON ST", "Diameter": 4, "Material": "Cast Iron", "Operating_Pressure": "LP to 25", "NPA_Opportunity": "Yes - Potential NPA, entire scope", "LPP_Footage": 3515, "LPP_Mileage_": 0.67, "lat": 42.4585871, "lon": -71.132351, "Mapped_address": "46 Oak St, Winchester, MA 01890, USA", "FID": 999}}, {"type": "Feature", "id": 1000, "geometry": {"type": "Point", "coordinates": [-71.1332995, 42.4585154]}, "properties": {"Line": 457, "Company": "Boston Gas", "Division": "Malden", "Town": "Winchester", "Town_Code": "WNC", "State": "MA", "Description__street_segment_": "8-85 OAK ST, WNC, HOLLAND ST,NELSON ST", "Diameter": 4, "Material": "Cast Iron", "Operating_Pressure": "LP to 25", "NPA_Opportunity": "Yes - Potential NPA, entire scope", "LPP_Footage": 3515, "LPP_Mileage_": 0.67, "lat": 42.4585154, "lon": -71.1332995, "Mapped_address": "Holland St, Winchester, MA 01890, USA", "FID": 1000}}, {"type": "Feature", "id": 1001, "geometry": {"type": "Point", "coordinates": [-71.1330121, 42.4572663]}, "properties": {"Line": 457, "Company": "Boston Gas", "Division": "Malden", "Town": "Winchester", "Town_Code": "WNC", "State": "MA", "Description__street_segment_": "8-85 OAK ST, WNC, HOLLAND ST,NELSON ST", "Diameter": 4, "Material": "Cast Iron", "Operating_Pressure": "LP to 25", "NPA_Opportunity": "Yes - Potential NPA, entire scope", "LPP_Footage": 3515, "LPP_Mileage_": 0.67, "lat": 42.4572663, "lon": -71.1330121, "Mapped_address": "Nelson St, Winchester, MA 01890, USA", "FID": 1001}}, {"type": "Feature", "id": 1002, "geometry": {"type": "Point", "coordinates": [-70.99226853, 42.37295877]}, "properties": {"Line": 458, "Company": "Boston Gas", "Division": "Malden", "Town": "Winthrop", "Town_Code": "WNT", "State": "MA", "Description__street_segment_": "10-85 LOWELL RD, WNT, 62-190 CIRCUT RD,MAPLE RD", "Diameter": 6, "Material": "Cast Iron", "Operating_Pressure": "LP", "NPA_Opportunity": "No - Impact to System Integration", "LPP_Footage": 2950, "LPP_Mileage_": 0.56, "lat": 42.37295877, "lon": -70.99226853, "Mapped_address": "126 Circuit Rd, Winthrop, MA 02152, USA", "FID": 1002}}, {"type": "Feature", "id": 1003, "geometry": {"type": "Point", "coordinates": [-71.24845721, 42.34568687]}, "properties": {"Line": 538, "Company": "Boston Gas", "Division": "Waltham", "Town": "Newton", "Town_Code": "NEW", "State": "MA", "Description__street_segment_": "150-257 AUBURN ST, NEW, CENTRAL ST", "Diameter": 8, "Material": "Cast Iron", "Operating_Pressure": "LP", "NPA_Opportunity": "No - Impact to System Integration", "LPP_Footage": 2370, "LPP_Mileage_": 0.45, "lat": 42.34568687, "lon": -71.24845721, "Mapped_address": "Central St, Newton, MA 02466, USA", "FID": 1003}}, {"type": "Feature", "id": 1004, "geometry": {"type": "Point", "coordinates": [-70.99278293, 42.3736706]}, "properties": {"Line": 458, "Company": "Boston Gas", "Division": "Malden", "Town": "Winthrop", "Town_Code": "WNT", "State": "MA", "Description__street_segment_": "10-85 LOWELL RD, WNT, 62-190 CIRCUT RD,MAPLE RD", "Diameter": 6, "Material": "Cast Iron", "Operating_Pressure": "LP", "NPA_Opportunity": "No - Impact to System Integration", "LPP_Footage": 2950, "LPP_Mileage_": 0.56, "lat": 42.3736706, "lon": -70.99278293, "Mapped_address": "47 Lowell Rd, Winthrop, MA 02152, USA", "FID": 1004}}, {"type": "Feature", "id": 1005, "geometry": {"type": "Point", "coordinates": [-70.9938837, 42.3725373]}, "properties": {"Line": 458, "Company": "Boston Gas", "Division": "Malden", "Town": "Winthrop", "Town_Code": "WNT", "State": "MA", "Description__street_segment_": "10-85 LOWELL RD, WNT, 62-190 CIRCUT RD,MAPLE RD", "Diameter": 6, "Material": "Cast Iron", "Operating_Pressure": "LP", "NPA_Opportunity": "No - Impact to System Integration", "LPP_Footage": 2950, "LPP_Mileage_": 0.56, "lat": 42.3725373, "lon": -70.9938837, "Mapped_address": "Maple Rd, Winthrop, MA 02152, USA", "FID": 1005}}, {"type": "Feature", "id": 1006, "geometry": {"type": "Point", "coordinates": [-71.1954367, 42.35290556]}, "properties": {"Line": 540, "Company": "Boston Gas", "Division": "Waltham", "Town": "Newton", "Town_Code": "NEW", "State": "MA", "Description__street_segment_": "158-255 NEWTONVILLE AV, NEW", "Diameter": 8, "Material": "Cast Iron", "Operating_Pressure": "LP", "NPA_Opportunity": "Yes - Potential NPA, partial scope", "LPP_Footage": 3640, "LPP_Mileage_": 0.69, "lat": 42.35290556, "lon": -71.1954367, "Mapped_address": "206 Newtonville Ave, Newton, MA 02458, USA", "FID": 1006}}, {"type": "Feature", "id": 1007, "geometry": {"type": "Point", "coordinates": [-70.98587002, 42.3802797]}, "properties": {"Line": 459, "Company": "Boston Gas", "Division": "Malden", "Town": "Winthrop", "Town_Code": "WNT", "State": "MA", "Description__street_segment_": "146-242 LINCOLN ST, WNT, 100-160 HERMON, CENTRE ST", "Diameter": 4, "Material": "Cast Iron", "Operating_Pressure": "LP", "NPA_Opportunity": "No - Impact to System Integration", "LPP_Footage": 2595, "LPP_Mileage_": 0.49, "lat": 42.3802797, "lon": -70.98587002, "Mapped_address": "130 Hermon St, Winthrop, MA 02152, USA", "FID": 1007}}, {"type": "Feature", "id": 1008, "geometry": {"type": "Point", "coordinates": [-71.1916639, 42.3286977]}, "properties": {"Line": 541, "Company": "Boston Gas", "Division": "Waltham", "Town": "Newton", "Town_Code": "NEW", "State": "MA", "Description__street_segment_": "1-67 CHASE ST, NEW", "Diameter": 8, "Material": "Cast Iron", "Operating_Pressure": "LP", "NPA_Opportunity": "No - Impact to System Integration", "LPP_Footage": 2465, "LPP_Mileage_": 0.47, "lat": 42.3286977, "lon": -71.1916639, "Mapped_address": "34 Chase St, Newton, MA 02459, USA", "FID": 1008}}, {"type": "Feature", "id": 1009, "geometry": {"type": "Point", "coordinates": [-70.98489077, 42.3796191]}, "properties": {"Line": 459, "Company": "Boston Gas", "Division": "Malden", "Town": "Winthrop", "Town_Code": "WNT", "State": "MA", "Description__street_segment_": "146-242 LINCOLN ST, WNT, 100-160 HERMON, CENTRE ST", "Diameter": 4, "Material": "Cast Iron", "Operating_Pressure": "LP", "NPA_Opportunity": "No - Impact to System Integration", "LPP_Footage": 2595, "LPP_Mileage_": 0.49, "lat": 42.3796191, "lon": -70.98489077, "Mapped_address": "194 Lincoln St, Winthrop, MA 02152, USA", "FID": 1009}}, {"type": "Feature", "id": 1010, "geometry": {"type": "Point", "coordinates": [-71.21869168, 42.31950648]}, "properties": {"Line": 542, "Company": "Boston Gas", "Division": "Waltham", "Town": "Newton", "Town_Code": "NEW", "State": "MA", "Description__street_segment_": "1-73 CANTERBURY RD, NEW", "Diameter": 8, "Material": "Cast Iron", "Operating_Pressure": "LP to 22", "NPA_Opportunity": "Yes - Potential NPA", "LPP_Footage": 3310, "LPP_Mileage_": 0.63, "lat": 42.31950648, "lon": -71.21869168, "Mapped_address": "37 Canterbury Rd, Newton, MA 02461, USA", "FID": 1010}}, {"type": "Feature", "id": 1011, "geometry": {"type": "Point", "coordinates": [-71.24051217, 42.33936269]}, "properties": {"Line": 543, "Company": "Boston Gas", "Division": "Waltham", "Town": "Newton", "Town_Code": "NEW", "State": "MA", "Description__street_segment_": "1750-1940 WASHINGTON ST, NEW, SETON HILL RD", "Diameter": 10, "Material": "Cast Iron", "Operating_Pressure": "LP to 22", "NPA_Opportunity": "Yes - Potential NPA, partial scope", "LPP_Footage": 4815, "LPP_Mileage_": 0.91, "lat": 42.33936269, "lon": -71.24051217, "Mapped_address": "Seton Hill Rd, Newton, MA 02466, USA", "FID": 1011}}, {"type": "Feature", "id": 1012, "geometry": {"type": "Point", "coordinates": [-70.9837451, 42.3802974]}, "properties": {"Line": 459, "Company": "Boston Gas", "Division": "Malden", "Town": "Winthrop", "Town_Code": "WNT", "State": "MA", "Description__street_segment_": "146-242 LINCOLN ST, WNT, 100-160 HERMON, CENTRE ST", "Diameter": 4, "Material": "Cast Iron", "Operating_Pressure": "LP", "NPA_Opportunity": "No - Impact to System Integration", "LPP_Footage": 2595, "LPP_Mileage_": 0.49, "lat": 42.3802974, "lon": -70.9837451, "Mapped_address": "Centre St, Winthrop, MA 02152, USA", "FID": 1012}}, {"type": "Feature", "id": 1013, "geometry": {"type": "Point", "coordinates": [-71.24787704, 42.33079062]}, "properties": {"Line": 544, "Company": "Boston Gas", "Division": "Waltham", "Town": "Newton", "Town_Code": "NEW", "State": "MA", "Description__street_segment_": "1958-2150 WASHINGTON ST, NEW", "Diameter": 10, "Material": "Cast Iron", "Operating_Pressure": "LP to 22", "NPA_Opportunity": "Yes - Potential NPA, partial scope", "LPP_Footage": 5000, "LPP_Mileage_": 0.95, "lat": 42.33079062, "lon": -71.24787704, "Mapped_address": "2054 Washington St, Newton, MA 02462, USA", "FID": 1013}}, {"type": "Feature", "id": 1014, "geometry": {"type": "Point", "coordinates": [-71.1966943, 42.322314]}, "properties": {"Line": 545, "Company": "Boston Gas", "Division": "Waltham", "Town": "Newton", "Town_Code": "NEW", "State": "MA", "Description__street_segment_": "2-112 ATHELSTANE RD, NEW", "Diameter": 6, "Material": "Cast Iron", "Operating_Pressure": "LP", "NPA_Opportunity": "No - Impact to System Integration", "LPP_Footage": 2530, "LPP_Mileage_": 0.48, "lat": 42.322314, "lon": -71.1966943, "Mapped_address": "57 Athelstane Rd, Newton, MA 02459, USA", "FID": 1014}}, {"type": "Feature", "id": 1015, "geometry": {"type": "Point", "coordinates": [-70.98964831, 42.38227994]}, "properties": {"Line": 460, "Company": "Boston Gas", "Division": "Malden", "Town": "Winthrop", "Town_Code": "WNT", "State": "MA", "Description__street_segment_": "20-220 MAIN ST, WNT, 12-42 SUNSET RD", "Diameter": 10, "Material": "Cast Iron", "Operating_Pressure": "LP", "NPA_Opportunity": "No - Critical Main", "LPP_Footage": 2470, "LPP_Mileage_": 0.47, "lat": 42.38227994, "lon": -70.98964831, "Mapped_address": "120 Main St, Winthrop, MA 02152, USA", "FID": 1015}}, {"type": "Feature", "id": 1016, "geometry": {"type": "Point", "coordinates": [-71.25494298, 42.32597287]}, "properties": {"Line": 546, "Company": "Boston Gas", "Division": "Waltham", "Town": "Newton", "Town_Code": "NEW", "State": "MA", "Description__street_segment_": "2251-2362 WASHINGTON ST, NEW", "Diameter": 12, "Material": "Cast Iron", "Operating_Pressure": "2", "NPA_Opportunity": "No - Impact to System Integration", "LPP_Footage": 1770, "LPP_Mileage_": 0.34, "lat": 42.32597287, "lon": -71.25494298, "Mapped_address": "2306 Washington St, Newton, MA 02462, USA", "FID": 1016}}, {"type": "Feature", "id": 1017, "geometry": {"type": "Point", "coordinates": [-70.99079339, 42.38167595]}, "properties": {"Line": 460, "Company": "Boston Gas", "Division": "Malden", "Town": "Winthrop", "Town_Code": "WNT", "State": "MA", "Description__street_segment_": "20-220 MAIN ST, WNT, 12-42 SUNSET RD", "Diameter": 10, "Material": "Cast Iron", "Operating_Pressure": "LP", "NPA_Opportunity": "No - Critical Main", "LPP_Footage": 2470, "LPP_Mileage_": 0.47, "lat": 42.38167595, "lon": -70.99079339, "Mapped_address": "27 Sunset Rd, Winthrop, MA 02152, USA", "FID": 1017}}, {"type": "Feature", "id": 1018, "geometry": {"type": "Point", "coordinates": [-71.23654357, 42.3559501]}, "properties": {"Line": 547, "Company": "Boston Gas", "Division": "Waltham", "Town": "Newton", "Town_Code": "NEW", "State": "MA", "Description__street_segment_": "225-293 RIVER ST, NEW", "Diameter": 8, "Material": "Cast Iron", "Operating_Pressure": "LP", "NPA_Opportunity": "No - Impact to System Integration", "LPP_Footage": 3770, "LPP_Mileage_": 0.71, "lat": 42.3559501, "lon": -71.23654357, "Mapped_address": "259 River St, Newton, MA 02465, USA", "FID": 1018}}, {"type": "Feature", "id": 1019, "geometry": {"type": "Point", "coordinates": [-70.97386423, 42.38239185]}, "properties": {"Line": 461, "Company": "Boston Gas", "Division": "Malden", "Town": "Winthrop", "Town_Code": "WNT", "State": "MA", "Description__street_segment_": "2-110 BEACH RD, WNT, MYRTLE,HAWTHORNE,LOCUST", "Diameter": 4, "Material": "Cast Iron", "Operating_Pressure": "LP to 60", "NPA_Opportunity": "Yes - Potential NPA, partial scope", "LPP_Footage": 2500, "LPP_Mileage_": 0.47, "lat": 42.38239185, "lon": -70.97386423, "Mapped_address": "56 Beach Rd, Winthrop, MA 02152, USA", "FID": 1019}}, {"type": "Feature", "id": 1020, "geometry": {"type": "Point", "coordinates": [-71.20020452, 42.36106606]}, "properties": {"Line": 548, "Company": "Boston Gas", "Division": "Waltham", "Town": "Newton", "Town_Code": "NEW", "State": "MA", "Description__street_segment_": "229-429 WATERTOWN ST, NEW", "Diameter": 6, "Material": "Cast Iron", "Operating_Pressure": "LP", "NPA_Opportunity": "No - Impact to System Integration", "LPP_Footage": 3280, "LPP_Mileage_": 0.62, "lat": 42.36106606, "lon": -71.20020452, "Mapped_address": "329 Watertown St, Newton, MA 02458, USA", "FID": 1020}}, {"type": "Feature", "id": 1021, "geometry": {"type": "Point", "coordinates": [-70.97476584, 42.38835361]}, "properties": {"Line": 462, "Company": "Boston Gas", "Division": "Malden", "Town": "Winthrop", "Town_Code": "WNT", "State": "MA", "Description__street_segment_": "4-108 CLIFF AV, WNT, UPLAND RD,NAHANT AV", "Diameter": 4, "Material": "Cast Iron", "Operating_Pressure": "LP", "NPA_Opportunity": "No - Impact to System Integration", "LPP_Footage": 2670, "LPP_Mileage_": 0.51, "lat": 42.38835361, "lon": -70.97476584, "Mapped_address": "56 Cliff Ave, Winthrop, MA 02152, USA", "FID": 1021}}, {"type": "Feature", "id": 1022, "geometry": {"type": "Point", "coordinates": [-71.1664531, 42.3317905]}, "properties": {"Line": 549, "Company": "Boston Gas", "Division": "Waltham", "Town": "Newton", "Town_Code": "NEW", "State": "MA", "Description__street_segment_": "240-450 HAMMOND ST, NEW, RESERVOIR AV, WOODMAN RD", "Diameter": 8, "Material": "Cast Iron", "Operating_Pressure": "LP", "NPA_Opportunity": "No - Impact to System Integration", "LPP_Footage": 3000, "LPP_Mileage_": 0.57, "lat": 42.3317905, "lon": -71.1664531, "Mapped_address": "Reservoir Ave, Newton, MA 02467, USA", "FID": 1022}}, {"type": "Feature", "id": 1023, "geometry": {"type": "Point", "coordinates": [-70.9737497, 42.3898144]}, "properties": {"Line": 462, "Company": "Boston Gas", "Division": "Malden", "Town": "Winthrop", "Town_Code": "WNT", "State": "MA", "Description__street_segment_": "4-108 CLIFF AV, WNT, UPLAND RD,NAHANT AV", "Diameter": 4, "Material": "Cast Iron", "Operating_Pressure": "LP", "NPA_Opportunity": "No - Impact to System Integration", "LPP_Footage": 2670, "LPP_Mileage_": 0.51, "lat": 42.3898144, "lon": -70.9737497, "Mapped_address": "Nahant Ave, Winthrop, MA 02152, USA", "FID": 1023}}, {"type": "Feature", "id": 1024, "geometry": {"type": "Point", "coordinates": [-71.1722065, 42.3304355]}, "properties": {"Line": 549, "Company": "Boston Gas", "Division": "Waltham", "Town": "Newton", "Town_Code": "NEW", "State": "MA", "Description__street_segment_": "240-450 HAMMOND ST, NEW, RESERVOIR AV, WOODMAN RD", "Diameter": 8, "Material": "Cast Iron", "Operating_Pressure": "LP", "NPA_Opportunity": "No - Impact to System Integration", "LPP_Footage": 3000, "LPP_Mileage_": 0.57, "lat": 42.3304355, "lon": -71.1722065, "Mapped_address": "Woodman Rd, Newton, MA 02467, USA", "FID": 1024}}, {"type": "Feature", "id": 1025, "geometry": {"type": "Point", "coordinates": [-70.9783159, 42.3892702]}, "properties": {"Line": 462, "Company": "Boston Gas", "Division": "Malden", "Town": "Winthrop", "Town_Code": "WNT", "State": "MA", "Description__street_segment_": "4-108 CLIFF AV, WNT, UPLAND RD,NAHANT AV", "Diameter": 4, "Material": "Cast Iron", "Operating_Pressure": "LP", "NPA_Opportunity": "No - Impact to System Integration", "LPP_Footage": 2670, "LPP_Mileage_": 0.51, "lat": 42.3892702, "lon": -70.9783159, "Mapped_address": "Upland Rd, Winthrop, MA 02152, USA", "FID": 1025}}, {"type": "Feature", "id": 1026, "geometry": {"type": "Point", "coordinates": [-71.22679811, 42.36049831]}, "properties": {"Line": 550, "Company": "Boston Gas", "Division": "Waltham", "Town": "Newton", "Town_Code": "NEW", "State": "MA", "Description__street_segment_": "26-188 CHERRY ST, NEW", "Diameter": 8, "Material": "Cast Iron", "Operating_Pressure": "LP", "NPA_Opportunity": "Yes - Potential NPA", "LPP_Footage": 3800, "LPP_Mileage_": 0.72, "lat": 42.36049831, "lon": -71.22679811, "Mapped_address": "107 Cherry St, Newton, MA 02465, USA", "FID": 1026}}, {"type": "Feature", "id": 1027, "geometry": {"type": "Point", "coordinates": [-70.99016649, 42.37556474]}, "properties": {"Line": 463, "Company": "Boston Gas", "Division": "Malden", "Town": "Winthrop", "Town_Code": "WNT", "State": "MA", "Description__street_segment_": "4-83 WALDEMAR AV, WNT, WHEELOCK ST,EDGEHILL RD", "Diameter": 6, "Material": "Cast Iron", "Operating_Pressure": "LP", "NPA_Opportunity": "No - Impact to System Integration", "LPP_Footage": 2555, "LPP_Mileage_": 0.48, "lat": 42.37556474, "lon": -70.99016649, "Mapped_address": "43 Waldemar Ave, Winthrop, MA 02152, USA", "FID": 1027}}, {"type": "Feature", "id": 1028, "geometry": {"type": "Point", "coordinates": [-71.20308167, 42.33282151]}, "properties": {"Line": 552, "Company": "Boston Gas", "Division": "Waltham", "Town": "Newton", "Town_Code": "NEW", "State": "MA", "Description__street_segment_": "3-76 PARK LN, NEW, TARLETON RD, CHAPIN RD", "Diameter": 6, "Material": "Cast Iron", "Operating_Pressure": "LP", "NPA_Opportunity": "Yes - Potential NPA, partial scope", "LPP_Footage": 4325, "LPP_Mileage_": 0.82, "lat": 42.33282151, "lon": -71.20308167, "Mapped_address": "39 Park Ln, Newton, MA 02459, USA", "FID": 1028}}, {"type": "Feature", "id": 1029, "geometry": {"type": "Point", "coordinates": [-70.9907226, 42.37740726]}, "properties": {"Line": 463, "Company": "Boston Gas", "Division": "Malden", "Town": "Winthrop", "Town_Code": "WNT", "State": "MA", "Description__street_segment_": "4-83 WALDEMAR AV, WNT, WHEELOCK ST,EDGEHILL RD", "Diameter": 6, "Material": "Cast Iron", "Operating_Pressure": "LP", "NPA_Opportunity": "No - Impact to System Integration", "LPP_Footage": 2555, "LPP_Mileage_": 0.48, "lat": 42.37740726, "lon": -70.9907226, "Mapped_address": "Edgehill Rd, Winthrop, MA 02152, USA", "FID": 1029}}, {"type": "Feature", "id": 1030, "geometry": {"type": "Point", "coordinates": [-71.2002424, 42.3337894]}, "properties": {"Line": 552, "Company": "Boston Gas", "Division": "Waltham", "Town": "Newton", "Town_Code": "NEW", "State": "MA", "Description__street_segment_": "3-76 PARK LN, NEW, TARLETON RD, CHAPIN RD", "Diameter": 6, "Material": "Cast Iron", "Operating_Pressure": "LP", "NPA_Opportunity": "Yes - Potential NPA, partial scope", "LPP_Footage": 4325, "LPP_Mileage_": 0.82, "lat": 42.3337894, "lon": -71.2002424, "Mapped_address": "Chapin Rd, Newton, MA 02459, USA", "FID": 1030}}, {"type": "Feature", "id": 1031, "geometry": {"type": "Point", "coordinates": [-71.20266915, 42.33399797]}, "properties": {"Line": 552, "Company": "Boston Gas", "Division": "Waltham", "Town": "Newton", "Town_Code": "NEW", "State": "MA", "Description__street_segment_": "3-76 PARK LN, NEW, TARLETON RD, CHAPIN RD", "Diameter": 6, "Material": "Cast Iron", "Operating_Pressure": "LP", "NPA_Opportunity": "Yes - Potential NPA, partial scope", "LPP_Footage": 4325, "LPP_Mileage_": 0.82, "lat": 42.33399797, "lon": -71.20266915, "Mapped_address": "Tarleton Rd, Newton, MA 02459, USA", "FID": 1031}}, {"type": "Feature", "id": 1032, "geometry": {"type": "Point", "coordinates": [-71.20603143, 42.3456172]}, "properties": {"Line": 553, "Company": "Boston Gas", "Division": "Waltham", "Town": "Newton", "Town_Code": "NEW", "State": "MA", "Description__street_segment_": "406-506 WALNUT ST, NEW", "Diameter": 12, "Material": "Cast Iron", "Operating_Pressure": "LP", "NPA_Opportunity": "No - Impact to System Integration", "LPP_Footage": 1450, "LPP_Mileage_": 0.27, "lat": 42.3456172, "lon": -71.20603143, "Mapped_address": "456 Walnut St, Newton, MA 02460, USA", "FID": 1032}}, {"type": "Feature", "id": 1033, "geometry": {"type": "Point", "coordinates": [-71.22083094, 42.31091425]}, "properties": {"Line": 554, "Company": "Boston Gas", "Division": "Waltham", "Town": "Newton", "Town_Code": "NEW", "State": "MA", "Description__street_segment_": "4-100 OAK ST, NEW", "Diameter": 12, "Material": "Steel-WI", "Operating_Pressure": "LP to 22", "NPA_Opportunity": "No - Impact to System Integration", "LPP_Footage": 4810, "LPP_Mileage_": 0.91, "lat": 42.31091425, "lon": -71.22083094, "Mapped_address": "52 Oak St, Newton, MA 02464, USA", "FID": 1033}}, {"type": "Feature", "id": 1034, "geometry": {"type": "Point", "coordinates": [-71.1865493, 42.3546066]}, "properties": {"Line": 556, "Company": "Boston Gas", "Division": "Waltham", "Town": "Newton", "Town_Code": "NEW", "State": "MA", "Description__street_segment_": "430-497 CENTRE ST, NEW, MT IDA ST", "Diameter": 6, "Material": "Cast Iron", "Operating_Pressure": "LP", "NPA_Opportunity": "Yes - Potential NPA, partial scope", "LPP_Footage": 4070, "LPP_Mileage_": 0.77, "lat": 42.3546066, "lon": -71.1865493, "Mapped_address": "463 Centre St, Newton, MA 02458, USA", "FID": 1034}}, {"type": "Feature", "id": 1035, "geometry": {"type": "Point", "coordinates": [-71.18681595, 42.35260578]}, "properties": {"Line": 556, "Company": "Boston Gas", "Division": "Waltham", "Town": "Newton", "Town_Code": "NEW", "State": "MA", "Description__street_segment_": "430-497 CENTRE ST, NEW, MT IDA ST", "Diameter": 6, "Material": "Cast Iron", "Operating_Pressure": "LP", "NPA_Opportunity": "Yes - Potential NPA, partial scope", "LPP_Footage": 4070, "LPP_Mileage_": 0.77, "lat": 42.35260578, "lon": -71.18681595, "Mapped_address": "Mt Ida St, Newton, MA 02458, USA", "FID": 1035}}, {"type": "Feature", "id": 1036, "geometry": {"type": "Point", "coordinates": [-71.26181052, 42.32790585]}, "properties": {"Line": 557, "Company": "Boston Gas", "Division": "Waltham", "Town": "Newton", "Town_Code": "NEW", "State": "MA", "Description__street_segment_": "50-275 CONCORD ST, NEW", "Diameter": 6, "Material": "Cast Iron", "Operating_Pressure": "2", "NPA_Opportunity": "No - Impact to System Integration", "LPP_Footage": 3915, "LPP_Mileage_": 0.74, "lat": 42.32790585, "lon": -71.26181052, "Mapped_address": "162 Concord St, Newton, MA 02462, USA", "FID": 1036}}, {"type": "Feature", "id": 1037, "geometry": {"type": "Point", "coordinates": [-71.19063975, 42.31876123]}, "properties": {"Line": 558, "Company": "Boston Gas", "Division": "Waltham", "Town": "Newton", "Town_Code": "NEW", "State": "MA", "Description__street_segment_": "504-528 BOYLSTON ST, NEW", "Diameter": 3, "Material": "Steel-WI", "Operating_Pressure": "22", "NPA_Opportunity": "No - Impact to System Integration", "LPP_Footage": 1010, "LPP_Mileage_": 0.19, "lat": 42.31876123, "lon": -71.19063975, "Mapped_address": "516 Boylston St, Newton, MA 02459, USA", "FID": 1037}}, {"type": "Feature", "id": 1038, "geometry": {"type": "Point", "coordinates": [-71.19160856, 42.3169429]}, "properties": {"Line": 559, "Company": "Boston Gas", "Division": "Waltham", "Town": "Newton", "Town_Code": "NEW", "State": "MA", "Description__street_segment_": "5-100 OLDE FIELD RD, NEW, HAGEN,PHILBRICK,SHELDON", "Diameter": 4, "Material": "Steel-WI", "Operating_Pressure": "22", "NPA_Opportunity": "Yes - Potential NPA, partial scope", "LPP_Footage": 4280, "LPP_Mileage_": 0.81, "lat": 42.3169429, "lon": -71.19160856, "Mapped_address": "52 Olde Field Rd, Newton, MA 02459, USA", "FID": 1038}}, {"type": "Feature", "id": 1039, "geometry": {"type": "Point", "coordinates": [-71.19907865, 42.33810982]}, "properties": {"Line": 560, "Company": "Boston Gas", "Division": "Waltham", "Town": "Newton", "Town_Code": "NEW", "State": "MA", "Description__street_segment_": "8-150 CEDAR ST, NEW", "Diameter": 8, "Material": "Cast Iron", "Operating_Pressure": "LP to 22", "NPA_Opportunity": "No - Impact to System Integration", "LPP_Footage": 3500, "LPP_Mileage_": 0.66, "lat": 42.33810982, "lon": -71.19907865, "Mapped_address": "79 Cedar St, Newton, MA 02459, USA", "FID": 1039}}, {"type": "Feature", "id": 1040, "geometry": {"type": "Point", "coordinates": [-71.21545321, 42.35043881]}, "properties": {"Line": 561, "Company": "Boston Gas", "Division": "Waltham", "Town": "Newton", "Town_Code": "NEW", "State": "MA", "Description__street_segment_": "821-1251 WASHINGTON ST, NEW, DUNSTAN,KEMPTON,ARMOR", "Diameter": 10, "Material": "Cast Iron", "Operating_Pressure": "LP", "NPA_Opportunity": "Yes - Potential NPA, partial scope", "LPP_Footage": 6685, "LPP_Mileage_": 1.27, "lat": 42.35043881, "lon": -71.21545321, "Mapped_address": "1036 Washington St, Newton, MA 02465, USA", "FID": 1040}}, {"type": "Feature", "id": 1041, "geometry": {"type": "Point", "coordinates": [-71.20011101, 42.33088559]}, "properties": {"Line": 562, "Company": "Boston Gas", "Division": "Waltham", "Town": "Newton", "Town_Code": "NEW", "State": "MA", "Description__street_segment_": "900-991 BEACON ST, NEW", "Diameter": 8, "Material": "Cast Iron", "Operating_Pressure": "LP", "NPA_Opportunity": "No - Impact to System Integration", "LPP_Footage": 2500, "LPP_Mileage_": 0.47, "lat": 42.33088559, "lon": -71.20011101, "Mapped_address": "945 Beacon St, Newton Centre, MA 02459, USA", "FID": 1041}}, {"type": "Feature", "id": 1042, "geometry": {"type": "Point", "coordinates": [-71.18951342, 42.32865772]}, "properties": {"Line": 563, "Company": "Boston Gas", "Division": "Waltham", "Town": "Newton", "Town_Code": "NEW", "State": "MA", "Description__street_segment_": "92-157 LANGLEY RD, NEW", "Diameter": 8, "Material": "Steel-WI", "Operating_Pressure": "LP", "NPA_Opportunity": "Yes - Potential NPA, partial scope", "LPP_Footage": 1275, "LPP_Mileage_": 0.24, "lat": 42.32865772, "lon": -71.18951342, "Mapped_address": "124 Langley Rd, Newton, MA 02459, USA", "FID": 1042}}, {"type": "Feature", "id": 1043, "geometry": {"type": "Point", "coordinates": [-71.1913563, 42.3247469]}, "properties": {"Line": 564, "Company": "Boston Gas", "Division": "Waltham", "Town": "Newton", "Town_Code": "NEW", "State": "MA", "Description__street_segment_": "9-305 CYPRESS ST, NEW", "Diameter": 6, "Material": "Cast Iron", "Operating_Pressure": "LP", "NPA_Opportunity": "No - Critical Main", "LPP_Footage": 2955, "LPP_Mileage_": 0.56, "lat": 42.3247469, "lon": -71.1913563, "Mapped_address": "157 Cypress St, Newton, MA 02459, USA", "FID": 1043}}, {"type": "Feature", "id": 1044, "geometry": {"type": "Point", "coordinates": [-71.2412488, 42.365346]}, "properties": {"Line": 566, "Company": "Boston Gas", "Division": "Waltham", "Town": "Waltham", "Town_Code": "WAL", "State": "MA", "Description__street_segment_": "107-225 ADAMS ST, WAL", "Diameter": 6, "Material": "Cast Iron", "Operating_Pressure": "LP & LP to 60", "NPA_Opportunity": "No - Impact to System Integration", "LPP_Footage": 2900, "LPP_Mileage_": 0.55, "lat": 42.365346, "lon": -71.2412488, "Mapped_address": "166 Adams St, Waltham, MA 02453, USA", "FID": 1044}}, {"type": "Feature", "id": 1045, "geometry": {"type": "Point", "coordinates": [-71.21020791, 42.37690827]}, "properties": {"Line": 567, "Company": "Boston Gas", "Division": "Waltham", "Town": "Waltham", "Town_Code": "WAL", "State": "MA", "Description__street_segment_": "1-105 BARBARA RD, WAL", "Diameter": 8, "Material": "Cast Iron", "Operating_Pressure": "LP", "NPA_Opportunity": "No - Impact to System Integration", "LPP_Footage": 3995, "LPP_Mileage_": 0.76, "lat": 42.37690827, "lon": -71.21020791, "Mapped_address": "53 Barbara Rd, Waltham, MA 02453, USA", "FID": 1045}}, {"type": "Feature", "id": 1046, "geometry": {"type": "Point", "coordinates": [-71.22447323, 42.37684863]}, "properties": {"Line": 568, "Company": "Boston Gas", "Division": "Waltham", "Town": "Waltham", "Town_Code": "WAL", "State": "MA", "Description__street_segment_": "1-162 MASSASOIT ST, WAL", "Diameter": 12, "Material": "Cast Iron", "Operating_Pressure": "LP", "NPA_Opportunity": "Yes - Potential NPA", "LPP_Footage": 5770, "LPP_Mileage_": 1.09, "lat": 42.37684863, "lon": -71.22447323, "Mapped_address": "81 Massasoit St, Waltham, MA 02453, USA", "FID": 1046}}, {"type": "Feature", "id": 1047, "geometry": {"type": "Point", "coordinates": [-71.24096969, 42.38837478]}, "properties": {"Line": 569, "Company": "Boston Gas", "Division": "Waltham", "Town": "Waltham", "Town_Code": "WAL", "State": "MA", "Description__street_segment_": "13-73 CLARK LN, WAL, & 14-15 BUXTON LN", "Diameter": 6, "Material": "Cast Iron", "Operating_Pressure": "LP", "NPA_Opportunity": "Yes - Potential NPA, partial scope", "LPP_Footage": 865, "LPP_Mileage_": 0.16, "lat": 42.38837478, "lon": -71.24096969, "Mapped_address": "14 Buxton Ln, Waltham, MA 02451, USA", "FID": 1047}}, {"type": "Feature", "id": 1048, "geometry": {"type": "Point", "coordinates": [-71.2420416, 42.3881839]}, "properties": {"Line": 569, "Company": "Boston Gas", "Division": "Waltham", "Town": "Waltham", "Town_Code": "WAL", "State": "MA", "Description__street_segment_": "13-73 CLARK LN, WAL, & 14-15 BUXTON LN", "Diameter": 6, "Material": "Cast Iron", "Operating_Pressure": "LP", "NPA_Opportunity": "Yes - Potential NPA, partial scope", "LPP_Footage": 865, "LPP_Mileage_": 0.16, "lat": 42.3881839, "lon": -71.2420416, "Mapped_address": "43 Clark Ln, Waltham, MA 02451, USA", "FID": 1048}}, {"type": "Feature", "id": 1049, "geometry": {"type": "Point", "coordinates": [-71.2294032, 42.3712396]}, "properties": {"Line": 570, "Company": "Boston Gas", "Division": "Waltham", "Town": "Waltham", "Town_Code": "WAL", "State": "MA", "Description__street_segment_": "145-207 NEWTON ST, WAL", "Diameter": 6, "Material": "Cast Iron", "Operating_Pressure": "LP", "NPA_Opportunity": "No - Impact to System Integration", "LPP_Footage": 4275, "LPP_Mileage_": 0.81, "lat": 42.3712396, "lon": -71.2294032, "Mapped_address": "176 Newton St, Waltham, MA 02453, USA", "FID": 1049}}, {"type": "Feature", "id": 1050, "geometry": {"type": "Point", "coordinates": [-71.2369271, 42.4096882]}, "properties": {"Line": 571, "Company": "Boston Gas", "Division": "Waltham", "Town": "Waltham", "Town_Code": "WAL", "State": "MA", "Description__street_segment_": "1-6200 STEARNS HILL RD, WAL", "Diameter": 3, "Material": "Steel-WI", "Operating_Pressure": "60", "NPA_Opportunity": "No - High Customer Concentration", "LPP_Footage": 7435, "LPP_Mileage_": 1.41, "lat": 42.4096882, "lon": -71.2369271, "Mapped_address": "3100 Stearns Hill Rd, Waltham, MA 02451, USA", "FID": 1050}}, {"type": "Feature", "id": 1051, "geometry": {"type": "Point", "coordinates": [-71.25140438, 42.37601055]}, "properties": {"Line": 572, "Company": "Boston Gas", "Division": "Waltham", "Town": "Waltham", "Town_Code": "WAL", "State": "MA", "Description__street_segment_": "17-85 WESTON ST, WAL, & 1-9 ELM AV", "Diameter": 3, "Material": "Cast Iron", "Operating_Pressure": "LP to 60", "NPA_Opportunity": "No - Impact to System Integration", "LPP_Footage": 1100, "LPP_Mileage_": 0.21, "lat": 42.37601055, "lon": -71.25140438, "Mapped_address": "5 Elm Ave, Waltham, MA 02453, USA", "FID": 1051}}, {"type": "Feature", "id": 1052, "geometry": {"type": "Point", "coordinates": [-71.2517076, 42.3751647]}, "properties": {"Line": 572, "Company": "Boston Gas", "Division": "Waltham", "Town": "Waltham", "Town_Code": "WAL", "State": "MA", "Description__street_segment_": "17-85 WESTON ST, WAL, & 1-9 ELM AV", "Diameter": 3, "Material": "Cast Iron", "Operating_Pressure": "LP to 60", "NPA_Opportunity": "No - Impact to System Integration", "LPP_Footage": 1100, "LPP_Mileage_": 0.21, "lat": 42.3751647, "lon": -71.2517076, "Mapped_address": "51 Weston St, Waltham, MA 02453, USA", "FID": 1052}}, {"type": "Feature", "id": 1053, "geometry": {"type": "Point", "coordinates": [-71.23825512, 42.40509372]}, "properties": {"Line": 573, "Company": "Boston Gas", "Division": "Waltham", "Town": "Waltham", "Town_Code": "WAL", "State": "MA", "Description__street_segment_": "1-94 INDIAN RD, WAL", "Diameter": 8, "Material": "Cast Iron", "Operating_Pressure": "LP", "NPA_Opportunity": "Yes - Potential NPA, partial scope", "LPP_Footage": 3855, "LPP_Mileage_": 0.73, "lat": 42.40509372, "lon": -71.23825512, "Mapped_address": "47 Indian Rd, Waltham, MA 02451, USA", "FID": 1053}}, {"type": "Feature", "id": 1054, "geometry": {"type": "Point", "coordinates": [-71.24122539, 42.37832989]}, "properties": {"Line": 574, "Company": "Boston Gas", "Division": "Waltham", "Town": "Waltham", "Town_Code": "WAL", "State": "MA", "Description__street_segment_": "195-274 SCHOOL ST, WAL", "Diameter": 8, "Material": "Cast Iron", "Operating_Pressure": "LP", "NPA_Opportunity": "No - Impact to System Integration", "LPP_Footage": 2760, "LPP_Mileage_": 0.52, "lat": 42.37832989, "lon": -71.24122539, "Mapped_address": "234 School St, Waltham, MA 02451, USA", "FID": 1054}}, {"type": "Feature", "id": 1055, "geometry": {"type": "Point", "coordinates": [-71.23177785, 42.37614065]}, "properties": {"Line": 575, "Company": "Boston Gas", "Division": "Waltham", "Town": "Waltham", "Town_Code": "WAL", "State": "MA", "Description__street_segment_": "2-40 APPLETON ST, WAL", "Diameter": 3, "Material": "Cast Iron", "Operating_Pressure": "LP", "NPA_Opportunity": "Yes - Potential NPA, entire scope", "LPP_Footage": 550, "LPP_Mileage_": 0.1, "lat": 42.37614065, "lon": -71.23177785, "Mapped_address": "21 Appleton St, Waltham, MA 02453, USA", "FID": 1055}}, {"type": "Feature", "id": 1056, "geometry": {"type": "Point", "coordinates": [-71.24609624, 42.3989698]}, "properties": {"Line": 576, "Company": "Boston Gas", "Division": "Waltham", "Town": "Waltham", "Town_Code": "WAL", "State": "MA", "Description__street_segment_": "280-356 LINCOLN ST, WAL", "Diameter": 8, "Material": "Cast Iron", "Operating_Pressure": "LP", "NPA_Opportunity": "No - Impact to System Integration", "LPP_Footage": 1740, "LPP_Mileage_": 0.33, "lat": 42.3989698, "lon": -71.24609624, "Mapped_address": "318 Lincoln St, Waltham, MA 02451, USA", "FID": 1056}}, {"type": "Feature", "id": 1057, "geometry": {"type": "Point", "coordinates": [-71.24145227, 42.3624888]}, "properties": {"Line": 577, "Company": "Boston Gas", "Division": "Waltham", "Town": "Waltham", "Town_Code": "WAL", "State": "MA", "Description__street_segment_": "298-414 CRESCENT ST, WAL, ADAMS ST & NORUMBEGA TER", "Diameter": 3, "Material": "Cast Iron", "Operating_Pressure": "LP", "NPA_Opportunity": "Yes - Potential NPA", "LPP_Footage": 3120, "LPP_Mileage_": 0.59, "lat": 42.3624888, "lon": -71.24145227, "Mapped_address": "356 Crescent St, Waltham, MA 02453, USA", "FID": 1057}}, {"type": "Feature", "id": 1058, "geometry": {"type": "Point", "coordinates": [-71.24065162, 42.36708613]}, "properties": {"Line": 577, "Company": "Boston Gas", "Division": "Waltham", "Town": "Waltham", "Town_Code": "WAL", "State": "MA", "Description__street_segment_": "298-414 CRESCENT ST, WAL, ADAMS ST & NORUMBEGA TER", "Diameter": 3, "Material": "Cast Iron", "Operating_Pressure": "LP", "NPA_Opportunity": "Yes - Potential NPA", "LPP_Footage": 3120, "LPP_Mileage_": 0.59, "lat": 42.36708613, "lon": -71.24065162, "Mapped_address": "Adams St, Waltham, MA 02453, USA", "FID": 1058}}, {"type": "Feature", "id": 1059, "geometry": {"type": "Point", "coordinates": [-71.2408327, 42.3615487]}, "properties": {"Line": 577, "Company": "Boston Gas", "Division": "Waltham", "Town": "Waltham", "Town_Code": "WAL", "State": "MA", "Description__street_segment_": "298-414 CRESCENT ST, WAL, ADAMS ST & NORUMBEGA TER", "Diameter": 3, "Material": "Cast Iron", "Operating_Pressure": "LP", "NPA_Opportunity": "Yes - Potential NPA", "LPP_Footage": 3120, "LPP_Mileage_": 0.59, "lat": 42.3615487, "lon": -71.2408327, "Mapped_address": "Norumbega Terrace, Waltham, MA 02453, USA", "FID": 1059}}, {"type": "Feature", "id": 1060, "geometry": {"type": "Point", "coordinates": [-71.20771881, 42.37710627]}, "properties": {"Line": 578, "Company": "Boston Gas", "Division": "Waltham", "Town": "Waltham", "Town_Code": "WAL", "State": "MA", "Description__street_segment_": "34-158 WARREN ST, WAL", "Diameter": 12, "Material": "Cast Iron", "Operating_Pressure": "LP", "NPA_Opportunity": "Yes - Potential NPA, partial scope", "LPP_Footage": 3855, "LPP_Mileage_": 0.73, "lat": 42.37710627, "lon": -71.20771881, "Mapped_address": "96 Warren St, Waltham, MA 02453, USA", "FID": 1060}}, {"type": "Feature", "id": 1061, "geometry": {"type": "Point", "coordinates": [-71.23885423, 42.40340177]}, "properties": {"Line": 579, "Company": "Boston Gas", "Division": "Waltham", "Town": "Waltham", "Town_Code": "WAL", "State": "MA", "Description__street_segment_": "34-183 LAKE ST, WAL", "Diameter": 12, "Material": "Cast Iron", "Operating_Pressure": "LP", "NPA_Opportunity": "No - Impact to System Integration", "LPP_Footage": 2920, "LPP_Mileage_": 0.55, "lat": 42.40340177, "lon": -71.23885423, "Mapped_address": "108 Lake St, Waltham, MA 02451, USA", "FID": 1061}}, {"type": "Feature", "id": 1062, "geometry": {"type": "Point", "coordinates": [-71.24983414, 42.38053548]}, "properties": {"Line": 580, "Company": "Boston Gas", "Division": "Waltham", "Town": "Waltham", "Town_Code": "WAL", "State": "MA", "Description__street_segment_": "36-112 PRENTICE ST, WAL", "Diameter": 6, "Material": "Cast Iron", "Operating_Pressure": "LP", "NPA_Opportunity": "No - Critical Main", "LPP_Footage": 2020, "LPP_Mileage_": 0.38, "lat": 42.38053548, "lon": -71.24983414, "Mapped_address": "74 Prentice St, Waltham, MA 02451, USA", "FID": 1062}}, {"type": "Feature", "id": 1063, "geometry": {"type": "Point", "coordinates": [-71.2246449, 42.37812295]}, "properties": {"Line": 581, "Company": "Boston Gas", "Division": "Waltham", "Town": "Waltham", "Town_Code": "WAL", "State": "MA", "Description__street_segment_": "390-600 MAIN ST, WAL, & 16-50 LINDEN ST", "Diameter": 4, "Material": "Cast Iron", "Operating_Pressure": "LP", "NPA_Opportunity": "Yes - Potential NPA, partial scope", "LPP_Footage": 5535, "LPP_Mileage_": 1.05, "lat": 42.37812295, "lon": -71.2246449, "Mapped_address": "33 Linden St, Waltham, MA 02452, USA", "FID": 1063}}, {"type": "Feature", "id": 1064, "geometry": {"type": "Point", "coordinates": [-71.23047523, 42.37738973]}, "properties": {"Line": 581, "Company": "Boston Gas", "Division": "Waltham", "Town": "Waltham", "Town_Code": "WAL", "State": "MA", "Description__street_segment_": "390-600 MAIN ST, WAL, & 16-50 LINDEN ST", "Diameter": 4, "Material": "Cast Iron", "Operating_Pressure": "LP", "NPA_Opportunity": "Yes - Potential NPA, partial scope", "LPP_Footage": 5535, "LPP_Mileage_": 1.05, "lat": 42.37738973, "lon": -71.23047523, "Mapped_address": "495 Main St, Waltham, MA 02452, USA", "FID": 1064}}, {"type": "Feature", "id": 1065, "geometry": {"type": "Point", "coordinates": [-71.22866336, 42.37548071]}, "properties": {"Line": 582, "Company": "Boston Gas", "Division": "Waltham", "Town": "Waltham", "Town_Code": "WAL", "State": "MA", "Description__street_segment_": "5-97 NEWTON ST, WAL", "Diameter": 12, "Material": "Cast Iron", "Operating_Pressure": "LP", "NPA_Opportunity": "No - Impact to System Integration", "LPP_Footage": 2310, "LPP_Mileage_": 0.44, "lat": 42.37548071, "lon": -71.22866336, "Mapped_address": "51 Newton St, Waltham, MA 02453, USA", "FID": 1065}}, {"type": "Feature", "id": 1066, "geometry": {"type": "Point", "coordinates": [-71.23989056, 42.36929625]}, "properties": {"Line": 583, "Company": "Boston Gas", "Division": "Waltham", "Town": "Waltham", "Town_Code": "WAL", "State": "MA", "Description__street_segment_": "7-107 ADAMS ST, WAL", "Diameter": 6, "Material": "Cast Iron", "Operating_Pressure": "LP to 60", "NPA_Opportunity": "No - Impact to System Integration", "LPP_Footage": 3270, "LPP_Mileage_": 0.62, "lat": 42.36929625, "lon": -71.23989056, "Mapped_address": "57 Adams St, Waltham, MA 02453, USA", "FID": 1066}}, {"type": "Feature", "id": 1067, "geometry": {"type": "Point", "coordinates": [-71.23819477, 42.37427611]}, "properties": {"Line": 584, "Company": "Boston Gas", "Division": "Waltham", "Town": "Waltham", "Town_Code": "WAL", "State": "MA", "Description__street_segment_": "7-56 FELTON ST, WAL", "Diameter": 6, "Material": "Cast Iron", "Operating_Pressure": "LP", "NPA_Opportunity": "No - Impact to System Integration", "LPP_Footage": 785, "LPP_Mileage_": 0.15, "lat": 42.37427611, "lon": -71.23819477, "Mapped_address": "31 Felton St, Waltham, MA 02453, USA", "FID": 1067}}, {"type": "Feature", "id": 1068, "geometry": {"type": "Point", "coordinates": [-71.2461204, 42.37628079]}, "properties": {"Line": 585, "Company": "Boston Gas", "Division": "Waltham", "Town": "Waltham", "Town_Code": "WAL", "State": "MA", "Description__street_segment_": "789-965 MAIN ST, WAL", "Diameter": 8, "Material": "Cast Iron", "Operating_Pressure": "LP", "NPA_Opportunity": "No - Impact to System Integration", "LPP_Footage": 5505, "LPP_Mileage_": 1.04, "lat": 42.37628079, "lon": -71.2461204, "Mapped_address": "877 Main St, Waltham, MA 02451, USA", "FID": 1068}}, {"type": "Feature", "id": 1069, "geometry": {"type": "Point", "coordinates": [-71.2489072, 42.37924617]}, "properties": {"Line": 586, "Company": "Boston Gas", "Division": "Waltham", "Town": "Waltham", "Town_Code": "WAL", "State": "MA", "Description__street_segment_": "8-100 ELSON RD, WAL", "Diameter": 6, "Material": "Cast Iron", "Operating_Pressure": "LP", "NPA_Opportunity": "No - Impact to System Integration", "LPP_Footage": 1385, "LPP_Mileage_": 0.26, "lat": 42.37924617, "lon": -71.2489072, "Mapped_address": "54 Elson Rd, Waltham, MA 02451, USA", "FID": 1069}}, {"type": "Feature", "id": 1070, "geometry": {"type": "Point", "coordinates": [-71.25009578, 42.3717147]}, "properties": {"Line": 587, "Company": "Boston Gas", "Division": "Waltham", "Town": "Waltham", "Town_Code": "WAL", "State": "MA", "Description__street_segment_": "82-161 SOUTH ST, WAL", "Diameter": 12, "Material": "Cast Iron", "Operating_Pressure": "LP and LP to 60", "NPA_Opportunity": "No - Impact to System Integration", "LPP_Footage": 5040, "LPP_Mileage_": 0.95, "lat": 42.3717147, "lon": -71.25009578, "Mapped_address": "121 South St, Waltham, MA 02453, USA", "FID": 1070}}, {"type": "Feature", "id": 1071, "geometry": {"type": "Point", "coordinates": [-71.25019125, 42.37699853]}, "properties": {"Line": 588, "Company": "Boston Gas", "Division": "Waltham", "Town": "Waltham", "Town_Code": "WAL", "State": "MA", "Description__street_segment_": "8-33 PALMER ST, WAL", "Diameter": 3, "Material": "Cast Iron", "Operating_Pressure": "LP", "NPA_Opportunity": "Yes - Potential NPA, entire scope", "LPP_Footage": 450, "LPP_Mileage_": 0.09, "lat": 42.37699853, "lon": -71.25019125, "Mapped_address": "20 Palmer St, Waltham, MA 02451, USA", "FID": 1071}}, {"type": "Feature", "id": 1072, "geometry": {"type": "Point", "coordinates": [-71.23989721, 42.40548451]}, "properties": {"Line": 589, "Company": "Boston Gas", "Division": "Waltham", "Town": "Waltham", "Town_Code": "WAL", "State": "MA", "Description__street_segment_": "9-70 HIAWATHA AV, WAL", "Diameter": 6, "Material": "Cast Iron", "Operating_Pressure": "LP", "NPA_Opportunity": "Yes - Potential NPA, partial scope", "LPP_Footage": 1315, "LPP_Mileage_": 0.25, "lat": 42.40548451, "lon": -71.23989721, "Mapped_address": "39 Hiawatha Ave, Waltham, MA 02451, USA", "FID": 1072}}, {"type": "Feature", "id": 1073, "geometry": {"type": "Point", "coordinates": [-71.19004969, 42.36461255]}, "properties": {"Line": 590, "Company": "Boston Gas", "Division": "Waltham", "Town": "Watertown", "Town_Code": "WAT", "State": "MA", "Description__street_segment_": "1-108 CALIFORNIA ST, WAT", "Diameter": 6, "Material": "Cast Iron", "Operating_Pressure": "LP", "NPA_Opportunity": "Yes - Potential NPA, partial scope", "LPP_Footage": 2325, "LPP_Mileage_": 0.44, "lat": 42.36461255, "lon": -71.19004969, "Mapped_address": "54 California St, Watertown, MA 02472, USA", "FID": 1073}}, {"type": "Feature", "id": 1074, "geometry": {"type": "Point", "coordinates": [-71.18582611, 42.36026712]}, "properties": {"Line": 591, "Company": "Boston Gas", "Division": "Waltham", "Town": "Watertown", "Town_Code": "WAT", "State": "MA", "Description__street_segment_": "111-164 GALEN ST, WAT", "Diameter": 12, "Material": "Cast Iron", "Operating_Pressure": "LP", "NPA_Opportunity": "No - Impact to System Integration", "LPP_Footage": 870, "LPP_Mileage_": 0.16, "lat": 42.36026712, "lon": -71.18582611, "Mapped_address": "137 Galen St, Watertown, MA 02472, USA", "FID": 1074}}, {"type": "Feature", "id": 1075, "geometry": {"type": "Point", "coordinates": [-71.1560778, 42.36489]}, "properties": {"Line": 592, "Company": "Boston Gas", "Division": "Waltham", "Town": "Watertown", "Town_Code": "WAT", "State": "MA", "Description__street_segment_": "1-120 ELM ST, WAT", "Diameter": 6, "Material": "Cast Iron", "Operating_Pressure": "LP to 22", "NPA_Opportunity": "Yes - Potential NPA, partial scope", "LPP_Footage": 2165, "LPP_Mileage_": 0.41, "lat": 42.36489, "lon": -71.1560778, "Mapped_address": "60 Elm St, Watertown, MA 02472, USA", "FID": 1075}}, {"type": "Feature", "id": 1076, "geometry": {"type": "Point", "coordinates": [-71.16993287, 42.36780117]}, "properties": {"Line": 593, "Company": "Boston Gas", "Division": "Waltham", "Town": "Watertown", "Town_Code": "WAT", "State": "MA", "Description__street_segment_": "15-135 BOYLSTON ST, WAT", "Diameter": 8, "Material": "Cast Iron", "Operating_Pressure": "LP", "NPA_Opportunity": "Yes - Potential NPA", "LPP_Footage": 3645, "LPP_Mileage_": 0.69, "lat": 42.36780117, "lon": -71.16993287, "Mapped_address": "75 Boylston St, Watertown, MA 02472, USA", "FID": 1076}}, {"type": "Feature", "id": 1077, "geometry": {"type": "Point", "coordinates": [-71.18101185, 42.37153299]}, "properties": {"Line": 594, "Company": "Boston Gas", "Division": "Waltham", "Town": "Watertown", "Town_Code": "WAT", "State": "MA", "Description__street_segment_": "1-90 MARION RD, WAT", "Diameter": 4, "Material": "Cast Iron", "Operating_Pressure": "LP", "NPA_Opportunity": "Yes - Potential NPA, partial scope", "LPP_Footage": 2025, "LPP_Mileage_": 0.38, "lat": 42.37153299, "lon": -71.18101185, "Mapped_address": "45 Marion Rd, Watertown, MA 02472, USA", "FID": 1077}}, {"type": "Feature", "id": 1078, "geometry": {"type": "Point", "coordinates": [-71.1810678, 42.364971]}, "properties": {"Line": 595, "Company": "Boston Gas", "Division": "Waltham", "Town": "Watertown", "Town_Code": "WAT", "State": "MA", "Description__street_segment_": "22-92 ARSENAL ST, WAT", "Diameter": 12, "Material": "Cast Iron", "Operating_Pressure": "LP", "NPA_Opportunity": "No - Impact to System Integration", "LPP_Footage": 4140, "LPP_Mileage_": 0.78, "lat": 42.364971, "lon": -71.1810678, "Mapped_address": "57 Arsenal St, Watertown, MA 02472, USA", "FID": 1078}}, {"type": "Feature", "id": 1079, "geometry": {"type": "Point", "coordinates": [-71.19781888, 42.37131437]}, "properties": {"Line": 596, "Company": "Boston Gas", "Division": "Waltham", "Town": "Watertown", "Town_Code": "WAT", "State": "MA", "Description__street_segment_": "462-555 MAIN ST, WAT", "Diameter": 12, "Material": "Cast Iron", "Operating_Pressure": "LP", "NPA_Opportunity": "No - Impact to System Integration", "LPP_Footage": 3415, "LPP_Mileage_": 0.65, "lat": 42.37131437, "lon": -71.19781888, "Mapped_address": "508 Main St, Watertown, MA 02472, USA", "FID": 1079}}, {"type": "Feature", "id": 1080, "geometry": {"type": "Point", "coordinates": [-71.20300706, 42.37456135]}, "properties": {"Line": 597, "Company": "Boston Gas", "Division": "Waltham", "Town": "Watertown", "Town_Code": "WAT", "State": "MA", "Description__street_segment_": "4-69 STUART ST, WAT", "Diameter": 10, "Material": "Cast Iron", "Operating_Pressure": "LP", "NPA_Opportunity": "No - Impact to System Integration", "LPP_Footage": 2130, "LPP_Mileage_": 0.4, "lat": 42.37456135, "lon": -71.20300706, "Mapped_address": "36 Stuart St, Watertown, MA 02472, USA", "FID": 1080}}, {"type": "Feature", "id": 1081, "geometry": {"type": "Point", "coordinates": [-71.16228778, 42.36961]}, "properties": {"Line": 598, "Company": "Boston Gas", "Division": "Waltham", "Town": "Watertown", "Town_Code": "WAT", "State": "MA", "Description__street_segment_": "5-37 ADAMS ST, WAT", "Diameter": 4, "Material": "Cast Iron", "Operating_Pressure": "LP", "NPA_Opportunity": "No - Impact to System Integration", "LPP_Footage": 2055, "LPP_Mileage_": 0.39, "lat": 42.36961, "lon": -71.16228778, "Mapped_address": "21 Adams St, Watertown, MA 02472, USA", "FID": 1081}}, {"type": "Feature", "id": 1082, "geometry": {"type": "Point", "coordinates": [-71.17237781, 42.36707511]}, "properties": {"Line": 599, "Company": "Boston Gas", "Division": "Waltham", "Town": "Watertown", "Town_Code": "WAT", "State": "MA", "Description__street_segment_": "6-116 WALNUT ST, WAT", "Diameter": 6, "Material": "Cast Iron", "Operating_Pressure": "LP", "NPA_Opportunity": "No - Impact to System Integration", "LPP_Footage": 3315, "LPP_Mileage_": 0.63, "lat": 42.36707511, "lon": -71.17237781, "Mapped_address": "61 Walnut St, Watertown, MA 02472, USA", "FID": 1082}}, {"type": "Feature", "id": 1083, "geometry": {"type": "Point", "coordinates": [-71.16149163, 42.36688338]}, "properties": {"Line": 600, "Company": "Boston Gas", "Division": "Waltham", "Town": "Watertown", "Town_Code": "WAT", "State": "MA", "Description__street_segment_": "6-96 QUIMBY ST, WAT, & 67-99 MELENDY AV", "Diameter": 4, "Material": "Cast Iron", "Operating_Pressure": "LP", "NPA_Opportunity": "No - Impact to System Integration", "LPP_Footage": 1895, "LPP_Mileage_": 0.36, "lat": 42.36688338, "lon": -71.16149163, "Mapped_address": "51 Quimby St, Watertown, MA 02472, USA", "FID": 1083}}, {"type": "Feature", "id": 1084, "geometry": {"type": "Point", "coordinates": [-71.15976592, 42.36750511]}, "properties": {"Line": 600, "Company": "Boston Gas", "Division": "Waltham", "Town": "Watertown", "Town_Code": "WAT", "State": "MA", "Description__street_segment_": "6-96 QUIMBY ST, WAT, & 67-99 MELENDY AV", "Diameter": 4, "Material": "Cast Iron", "Operating_Pressure": "LP", "NPA_Opportunity": "No - Impact to System Integration", "LPP_Footage": 1895, "LPP_Mileage_": 0.36, "lat": 42.36750511, "lon": -71.15976592, "Mapped_address": "83 Melendy Ave, Watertown, MA 02472, USA", "FID": 1084}}, {"type": "Feature", "id": 1085, "geometry": {"type": "Point", "coordinates": [-71.16200121, 42.37361016]}, "properties": {"Line": 601, "Company": "Boston Gas", "Division": "Waltham", "Town": "Watertown", "Town_Code": "WAT", "State": "MA", "Description__street_segment_": "83-147 MAPLEWOOD ST, WAT", "Diameter": 6, "Material": "Cast Iron", "Operating_Pressure": "LP", "NPA_Opportunity": "No - Impact to System Integration", "LPP_Footage": 4320, "LPP_Mileage_": 0.82, "lat": 42.37361016, "lon": -71.16200121, "Mapped_address": "115 Maplewood St, Watertown, MA 02472, USA", "FID": 1085}}, {"type": "Feature", "id": 1086, "geometry": {"type": "Point", "coordinates": [-71.19435956, 42.38144824]}, "properties": {"Line": 602, "Company": "Boston Gas", "Division": "Waltham", "Town": "Watertown", "Town_Code": "WAT", "State": "MA", "Description__street_segment_": "980-1016 BELMONT ST, WAT", "Diameter": 10, "Material": "Cast Iron", "Operating_Pressure": "LP", "NPA_Opportunity": "No - Impact to System Integration", "LPP_Footage": 2835, "LPP_Mileage_": 0.54, "lat": 42.38144824, "lon": -71.19435956, "Mapped_address": "998 Belmont St, Watertown, MA 02472, USA", "FID": 1086}}, {"type": "Feature", "id": 1087, "geometry": {"type": "Point", "coordinates": [-71.29397574, 42.29878985]}, "properties": {"Line": 603, "Company": "Boston Gas", "Division": "Waltham", "Town": "Wellesley", "Town_Code": "WEL", "State": "MA", "Description__street_segment_": "101-177 LINDEN ST, WEL", "Diameter": 12, "Material": "Cast Iron", "Operating_Pressure": "2", "NPA_Opportunity": "No - Impact to System Integration", "LPP_Footage": 2400, "LPP_Mileage_": 0.45, "lat": 42.29878985, "lon": -71.29397574, "Mapped_address": "139 Linden St, Wellesley, MA 02482, USA", "FID": 1087}}, {"type": "Feature", "id": 1088, "geometry": {"type": "Point", "coordinates": [-71.2792328, 42.3228739]}, "properties": {"Line": 604, "Company": "Boston Gas", "Division": "Waltham", "Town": "Wellesley", "Town_Code": "WEL", "State": "MA", "Description__street_segment_": "10-57 VALLEY RD, WEL, & 11-44 HIGHGATE RD", "Diameter": 2, "Material": "Steel-WI", "Operating_Pressure": "2", "NPA_Opportunity": "Yes - Potential NPA, partial scope", "LPP_Footage": 3495, "LPP_Mileage_": 0.66, "lat": 42.3228739, "lon": -71.2792328, "Mapped_address": "27 Highgate Rd, Wellesley, MA 02481, USA", "FID": 1088}}, {"type": "Feature", "id": 1089, "geometry": {"type": "Point", "coordinates": [-71.27869727, 42.32115496]}, "properties": {"Line": 604, "Company": "Boston Gas", "Division": "Waltham", "Town": "Wellesley", "Town_Code": "WEL", "State": "MA", "Description__street_segment_": "10-57 VALLEY RD, WEL, & 11-44 HIGHGATE RD", "Diameter": 2, "Material": "Steel-WI", "Operating_Pressure": "2", "NPA_Opportunity": "Yes - Potential NPA, partial scope", "LPP_Footage": 3495, "LPP_Mileage_": 0.66, "lat": 42.32115496, "lon": -71.27869727, "Mapped_address": "33 Valley Rd, Wellesley, MA 02481, USA", "FID": 1089}}, {"type": "Feature", "id": 1090, "geometry": {"type": "Point", "coordinates": [-71.26671819, 42.31751255]}, "properties": {"Line": 605, "Company": "Boston Gas", "Division": "Waltham", "Town": "Wellesley", "Town_Code": "WEL", "State": "MA", "Description__street_segment_": "111-186 WASHINGTON ST, WEL", "Diameter": 12, "Material": "Cast Iron", "Operating_Pressure": "2", "NPA_Opportunity": "Yes - Potential NPA, partial scope", "LPP_Footage": 6385, "LPP_Mileage_": 1.21, "lat": 42.31751255, "lon": -71.26671819, "Mapped_address": "148 Washington St, Wellesley Hills, MA 02481, USA", "FID": 1090}}, {"type": "Feature", "id": 1091, "geometry": {"type": "Point", "coordinates": [-71.3270995, 42.3089942]}, "properties": {"Line": 606, "Company": "Boston Gas", "Division": "Waltham", "Town": "Wellesley", "Town_Code": "WEL", "State": "MA", "Description__street_segment_": "1-140 OVERBROOK DR, WEL", "Diameter": 8, "Material": "Cast Iron", "Operating_Pressure": "2", "NPA_Opportunity": "Yes - Potential NPA, partial scope", "LPP_Footage": 3905, "LPP_Mileage_": 0.74, "lat": 42.3089942, "lon": -71.3270995, "Mapped_address": "70 Overbrook Dr, Wellesley, MA 02482, USA", "FID": 1091}}, {"type": "Feature", "id": 1092, "geometry": {"type": "Point", "coordinates": [-71.26339835, 42.30317588]}, "properties": {"Line": 607, "Company": "Boston Gas", "Division": "Waltham", "Town": "Wellesley", "Town_Code": "WEL", "State": "MA", "Description__street_segment_": "11-58 LINCOLN RD, WEL", "Diameter": 6, "Material": "Cast Iron", "Operating_Pressure": "2", "NPA_Opportunity": "Yes - Potential NPA, partial scope", "LPP_Footage": 1130, "LPP_Mileage_": 0.21, "lat": 42.30317588, "lon": -71.26339835, "Mapped_address": "34 Lincoln Rd, Wellesley, MA 02481, USA", "FID": 1092}}, {"type": "Feature", "id": 1093, "geometry": {"type": "Point", "coordinates": [-71.29117381, 42.30204051]}, "properties": {"Line": 608, "Company": "Boston Gas", "Division": "Waltham", "Town": "Wellesley", "Town_Code": "WEL", "State": "MA", "Description__street_segment_": "1-33 HILL TOP RD, WEL, HLAND RD, 2-26 PINE TREE", "Diameter": 6, "Material": "Cast Iron", "Operating_Pressure": "2", "NPA_Opportunity": "Yes - Potential NPA", "LPP_Footage": 1790, "LPP_Mileage_": 0.34, "lat": 42.30204051, "lon": -71.29117381, "Mapped_address": "14 Pine Tree Rd, Wellesley, MA 02482, USA", "FID": 1093}}, {"type": "Feature", "id": 1094, "geometry": {"type": "Point", "coordinates": [-71.29060748, 42.30256374]}, "properties": {"Line": 608, "Company": "Boston Gas", "Division": "Waltham", "Town": "Wellesley", "Town_Code": "WEL", "State": "MA", "Description__street_segment_": "1-33 HILL TOP RD, WEL, HLAND RD, 2-26 PINE TREE", "Diameter": 6, "Material": "Cast Iron", "Operating_Pressure": "2", "NPA_Opportunity": "Yes - Potential NPA", "LPP_Footage": 1790, "LPP_Mileage_": 0.34, "lat": 42.30256374, "lon": -71.29060748, "Mapped_address": "17 Hill Top Rd, Wellesley, MA 02482, USA", "FID": 1094}}, {"type": "Feature", "id": 1095, "geometry": {"type": "Point", "coordinates": [-71.2928117, 42.3020136]}, "properties": {"Line": 608, "Company": "Boston Gas", "Division": "Waltham", "Town": "Wellesley", "Town_Code": "WEL", "State": "MA", "Description__street_segment_": "1-33 HILL TOP RD, WEL, HLAND RD, 2-26 PINE TREE", "Diameter": 6, "Material": "Cast Iron", "Operating_Pressure": "2", "NPA_Opportunity": "Yes - Potential NPA", "LPP_Footage": 1790, "LPP_Mileage_": 0.34, "lat": 42.3020136, "lon": -71.2928117, "Mapped_address": "Highland Rd, Wellesley, MA 02482, USA", "FID": 1095}}, {"type": "Feature", "id": 1096, "geometry": {"type": "Point", "coordinates": [-71.26689172, 42.32009783]}, "properties": {"Line": 609, "Company": "Boston Gas", "Division": "Waltham", "Town": "Wellesley", "Town_Code": "WEL", "State": "MA", "Description__street_segment_": "1-44 BAY STATE RD, WEL", "Diameter": 6, "Material": "Cast Iron", "Operating_Pressure": "2", "NPA_Opportunity": "Yes - Potential NPA, partial scope", "LPP_Footage": 2620, "LPP_Mileage_": 0.5, "lat": 42.32009783, "lon": -71.26689172, "Mapped_address": "22 Bay State Rd, Wellesley, MA 02481, USA", "FID": 1096}}, {"type": "Feature", "id": 1097, "geometry": {"type": "Point", "coordinates": [-71.2915333, 42.28685056]}, "properties": {"Line": 610, "Company": "Boston Gas", "Division": "Waltham", "Town": "Wellesley", "Town_Code": "WEL", "State": "MA", "Description__street_segment_": "1-54 INGRAHAM RD, WEL", "Diameter": 8, "Material": "Cast Iron", "Operating_Pressure": "2", "NPA_Opportunity": "Yes - Potential NPA", "LPP_Footage": 3280, "LPP_Mileage_": 0.62, "lat": 42.28685056, "lon": -71.2915333, "Mapped_address": "27 Ingraham Rd, Wellesley, MA 02482, USA", "FID": 1097}}, {"type": "Feature", "id": 1098, "geometry": {"type": "Point", "coordinates": [-71.28164825, 42.31972437]}, "properties": {"Line": 611, "Company": "Boston Gas", "Division": "Waltham", "Town": "Wellesley", "Town_Code": "WEL", "State": "MA", "Description__street_segment_": "1-63 HUNDREDS CIR, WEL", "Diameter": 6, "Material": "Cast Iron", "Operating_Pressure": "2", "NPA_Opportunity": "No - Impact to System Integration", "LPP_Footage": 3325, "LPP_Mileage_": 0.63, "lat": 42.31972437, "lon": -71.28164825, "Mapped_address": "32 Hundreds Cir, Wellesley, MA 02481, USA", "FID": 1098}}, {"type": "Feature", "id": 1099, "geometry": {"type": "Point", "coordinates": [-71.28878797, 42.285672]}, "properties": {"Line": 612, "Company": "Boston Gas", "Division": "Waltham", "Town": "Wellesley", "Town_Code": "WEL", "State": "MA", "Description__street_segment_": "175-211 GROVE ST, WEL", "Diameter": 8, "Material": "Cast Iron", "Operating_Pressure": "2", "NPA_Opportunity": "No - Impact to System Integration", "LPP_Footage": 4245, "LPP_Mileage_": 0.8, "lat": 42.285672, "lon": -71.28878797, "Mapped_address": "193 Grove St, Wellesley, MA 02482, USA", "FID": 1099}}, {"type": "Feature", "id": 1100, "geometry": {"type": "Point", "coordinates": [-71.27815995, 42.30219895]}, "properties": {"Line": 613, "Company": "Boston Gas", "Division": "Waltham", "Town": "Wellesley", "Town_Code": "WEL", "State": "MA", "Description__street_segment_": "17-85 SEAVER ST, WEL, PECK, PARK AV & FRAMAR RD", "Diameter": 8, "Material": "Cast Iron", "Operating_Pressure": "2", "NPA_Opportunity": "Yes - Potential NPA, partial scope", "LPP_Footage": 3530, "LPP_Mileage_": 0.67, "lat": 42.30219895, "lon": -71.27815995, "Mapped_address": "51 Seaver St, Wellesley, MA 02481, USA", "FID": 1100}}, {"type": "Feature", "id": 1101, "geometry": {"type": "Point", "coordinates": [-71.27579552, 42.30396144]}, "properties": {"Line": 613, "Company": "Boston Gas", "Division": "Waltham", "Town": "Wellesley", "Town_Code": "WEL", "State": "MA", "Description__street_segment_": "17-85 SEAVER ST, WEL, PECK, PARK AV & FRAMAR RD", "Diameter": 8, "Material": "Cast Iron", "Operating_Pressure": "2", "NPA_Opportunity": "Yes - Potential NPA, partial scope", "LPP_Footage": 3530, "LPP_Mileage_": 0.67, "lat": 42.30396144, "lon": -71.27579552, "Mapped_address": "Framar Rd, Wellesley, MA 02481, USA", "FID": 1101}}, {"type": "Feature", "id": 1102, "geometry": {"type": "Point", "coordinates": [-71.27557239, 42.3028154]}, "properties": {"Line": 613, "Company": "Boston Gas", "Division": "Waltham", "Town": "Wellesley", "Town_Code": "WEL", "State": "MA", "Description__street_segment_": "17-85 SEAVER ST, WEL, PECK, PARK AV & FRAMAR RD", "Diameter": 8, "Material": "Cast Iron", "Operating_Pressure": "2", "NPA_Opportunity": "Yes - Potential NPA, partial scope", "LPP_Footage": 3530, "LPP_Mileage_": 0.67, "lat": 42.3028154, "lon": -71.27557239, "Mapped_address": "Park Ave, Wellesley, MA 02481, USA", "FID": 1102}}, {"type": "Feature", "id": 1103, "geometry": {"type": "Point", "coordinates": [-71.2704437, 42.3149028]}, "properties": {"Line": 614, "Company": "Boston Gas", "Division": "Waltham", "Town": "Wellesley", "Town_Code": "WEL", "State": "MA", "Description__street_segment_": "186-219 WASHINGTON ST, WEL", "Diameter": 12, "Material": "Cast Iron", "Operating_Pressure": "2", "NPA_Opportunity": "No - Impact to System Integration", "LPP_Footage": 2260, "LPP_Mileage_": 0.43, "lat": 42.3149028, "lon": -71.2704437, "Mapped_address": "202 Washington St, Wellesley, MA 02481, USA", "FID": 1103}}, {"type": "Feature", "id": 1104, "geometry": {"type": "Point", "coordinates": [-71.28592625, 42.30095613]}, "properties": {"Line": 615, "Company": "Boston Gas", "Division": "Waltham", "Town": "Wellesley", "Town_Code": "WEL", "State": "MA", "Description__street_segment_": "1-98 ATWOOD ST, WEL", "Diameter": 6, "Material": "Cast Iron", "Operating_Pressure": "2", "NPA_Opportunity": "Yes - Potential NPA", "LPP_Footage": 2785, "LPP_Mileage_": 0.53, "lat": 42.30095613, "lon": -71.28592625, "Mapped_address": "49 Atwood St, Wellesley, MA 02482, USA", "FID": 1104}}, {"type": "Feature", "id": 1105, "geometry": {"type": "Point", "coordinates": [-71.3110976, 42.3037016]}, "properties": {"Line": 616, "Company": "Boston Gas", "Division": "Waltham", "Town": "Wellesley", "Town_Code": "WEL", "State": "MA", "Description__street_segment_": "259-311 WESTON RD, WEL", "Diameter": 12, "Material": "Cast Iron", "Operating_Pressure": "2", "NPA_Opportunity": "No - Impact to System Integration", "LPP_Footage": 4365, "LPP_Mileage_": 0.83, "lat": 42.3037016, "lon": -71.3110976, "Mapped_address": "285 Weston Rd, Wellesley, MA 02482, USA", "FID": 1105}}, {"type": "Feature", "id": 1106, "geometry": {"type": "Point", "coordinates": [-71.28543375, 42.30433961]}, "properties": {"Line": 617, "Company": "Boston Gas", "Division": "Waltham", "Town": "Wellesley", "Town_Code": "WEL", "State": "MA", "Description__street_segment_": "289-349 LINDEN ST, WEL", "Diameter": 10, "Material": "Cast Iron", "Operating_Pressure": "2", "NPA_Opportunity": "No - Impact to System Integration", "LPP_Footage": 3520, "LPP_Mileage_": 0.67, "lat": 42.30433961, "lon": -71.28543375, "Mapped_address": "319 Linden St, Wellesley, MA 02481, USA", "FID": 1106}}, {"type": "Feature", "id": 1107, "geometry": {"type": "Point", "coordinates": [-71.28322186, 42.29808651]}, "properties": {"Line": 618, "Company": "Boston Gas", "Division": "Waltham", "Town": "Wellesley", "Town_Code": "WEL", "State": "MA", "Description__street_segment_": "38-86 WELLESLEY AV, WEL", "Diameter": 6, "Material": "Steel-WI", "Operating_Pressure": "2", "NPA_Opportunity": "Yes - Potential NPA", "LPP_Footage": 4540, "LPP_Mileage_": 0.86, "lat": 42.29808651, "lon": -71.28322186, "Mapped_address": "62 Wellesley Ave, Wellesley, MA 02482, USA", "FID": 1107}}, {"type": "Feature", "id": 1108, "geometry": {"type": "Point", "coordinates": [-71.29931481, 42.29806362]}, "properties": {"Line": 619, "Company": "Boston Gas", "Division": "Waltham", "Town": "Wellesley", "Town_Code": "WEL", "State": "MA", "Description__street_segment_": "4-84 LINDEN ST, WEL, & 1-31 CURVE ST", "Diameter": 8, "Material": "Cast Iron", "Operating_Pressure": "2", "NPA_Opportunity": "No - Impact to System Integration", "LPP_Footage": 1595, "LPP_Mileage_": 0.3, "lat": 42.29806362, "lon": -71.29931481, "Mapped_address": "16 Curve St, Wellesley, MA 02482, USA", "FID": 1108}}, {"type": "Feature", "id": 1109, "geometry": {"type": "Point", "coordinates": [-71.29778921, 42.29735194]}, "properties": {"Line": 619, "Company": "Boston Gas", "Division": "Waltham", "Town": "Wellesley", "Town_Code": "WEL", "State": "MA", "Description__street_segment_": "4-84 LINDEN ST, WEL, & 1-31 CURVE ST", "Diameter": 8, "Material": "Cast Iron", "Operating_Pressure": "2", "NPA_Opportunity": "No - Impact to System Integration", "LPP_Footage": 1595, "LPP_Mileage_": 0.3, "lat": 42.29735194, "lon": -71.29778921, "Mapped_address": "44 Linden St, Wellesley, MA 02482, USA", "FID": 1109}}, {"type": "Feature", "id": 1110, "geometry": {"type": "Point", "coordinates": [-71.29620864, 42.28929848]}, "properties": {"Line": 620, "Company": "Boston Gas", "Division": "Waltham", "Town": "Wellesley", "Town_Code": "WEL", "State": "MA", "Description__street_segment_": "5-25 BELAIR RD, WEL, 8-72 DOVER RD, BIRCH, ROA", "Diameter": 4, "Material": "Cast Iron", "Operating_Pressure": "2", "NPA_Opportunity": "No - Impact to System Integration", "LPP_Footage": 4105, "LPP_Mileage_": 0.78, "lat": 42.28929848, "lon": -71.29620864, "Mapped_address": "15 Belair Rd, Wellesley, MA 02482, USA", "FID": 1110}}, {"type": "Feature", "id": 1111, "geometry": {"type": "Point", "coordinates": [-71.29629237, 42.2882029]}, "properties": {"Line": 620, "Company": "Boston Gas", "Division": "Waltham", "Town": "Wellesley", "Town_Code": "WEL", "State": "MA", "Description__street_segment_": "5-25 BELAIR RD, WEL, 8-72 DOVER RD, BIRCH, ROA", "Diameter": 4, "Material": "Cast Iron", "Operating_Pressure": "2", "NPA_Opportunity": "No - Impact to System Integration", "LPP_Footage": 4105, "LPP_Mileage_": 0.78, "lat": 42.2882029, "lon": -71.29629237, "Mapped_address": "40 Dover Rd, Wellesley, MA 02482, USA", "FID": 1111}}, {"type": "Feature", "id": 1112, "geometry": {"type": "Point", "coordinates": [-71.40153104, 42.45928554]}, "properties": {"Line": 621, "Company": "Boston Gas", "Division": "Waltham-Concord", "Town": "Concord", "Town_Code": "CON", "State": "MA", "Description__street_segment_": "3-46 POND ST, CON", "Diameter": 2, "Material": "Steel-WI", "Operating_Pressure": "60", "NPA_Opportunity": "Yes - Potential NPA", "LPP_Footage": 425, "LPP_Mileage_": 0.08, "lat": 42.45928554, "lon": -71.40153104, "Mapped_address": "24 Pond St, Concord, MA 01742, USA", "FID": 1112}}, {"type": "Feature", "id": 1113, "geometry": {"type": "Point", "coordinates": [-71.35651454, 42.45688076]}, "properties": {"Line": 622, "Company": "Boston Gas", "Division": "Waltham-Concord", "Town": "Concord", "Town_Code": "CON", "State": "MA", "Description__street_segment_": "4-195 THOREAU ST, CON", "Diameter": 4, "Material": "Steel-WI", "Operating_Pressure": "60", "NPA_Opportunity": "Yes - Potential NPA", "LPP_Footage": 3590, "LPP_Mileage_": 0.68, "lat": 42.45688076, "lon": -71.35651454, "Mapped_address": "99 Thoreau St, Concord, MA 01742, USA", "FID": 1113}}, {"type": "Feature", "id": 1114, "geometry": {"type": "Point", "coordinates": [-71.37584526, 42.46057361]}, "properties": {"Line": 623, "Company": "Boston Gas", "Division": "Waltham-Concord", "Town": "Concord", "Town_Code": "CON", "State": "MA", "Description__street_segment_": "42-138 CRESCENT RD, CON", "Diameter": 2, "Material": "Steel-WI", "Operating_Pressure": "60", "NPA_Opportunity": "Yes - Potential NPA, entire scope", "LPP_Footage": 4055, "LPP_Mileage_": 0.77, "lat": 42.46057361, "lon": -71.37584526, "Mapped_address": "90 Crescent Rd, Concord, MA 01742, USA", "FID": 1114}}, {"type": "Feature", "id": 1115, "geometry": {"type": "Point", "coordinates": [-71.34249841, 42.41207745]}, "properties": {"Line": 624, "Company": "Boston Gas", "Division": "Waltham-Concord", "Town": "Lincoln", "Town_Code": "LIN", "State": "MA", "Description__street_segment_": "202-222 CONCORD RD, LIN", "Diameter": 2, "Material": "Steel-WI", "Operating_Pressure": "60", "NPA_Opportunity": "Yes - Potential NPA, entire scope", "LPP_Footage": 945, "LPP_Mileage_": 0.18, "lat": 42.41207745, "lon": -71.34249841, "Mapped_address": "212 Concord Rd, Lincoln, MA 01773, USA", "FID": 1115}}, {"type": "Feature", "id": 1116, "geometry": {"type": "Point", "coordinates": [-71.44885124, 42.38136263]}, "properties": {"Line": 625, "Company": "Boston Gas", "Division": "Waltham-Concord", "Town": "Sudbury", "Town_Code": "SUD", "State": "MA", "Description__street_segment_": "6-46 POPLAR ST, SUD, HEMLOCK,LINDEN,MAGNOLIA", "Diameter": 2, "Material": "Steel-WI", "Operating_Pressure": "60", "NPA_Opportunity": "Yes - Potential NPA, partial scope", "LPP_Footage": 5660, "LPP_Mileage_": 1.07, "lat": 42.38136263, "lon": -71.44885124, "Mapped_address": "26 Poplar St, Sudbury, MA 01776, USA", "FID": 1116}}, {"type": "Feature", "id": 1117, "geometry": {"type": "Point", "coordinates": [-71.34358393, 42.32260208]}, "properties": {"Line": 626, "Company": "Boston Gas", "Division": "Waltham-Concord", "Town": "Wayland", "Town_Code": "WAY", "State": "MA", "Description__street_segment_": "3-29 OAK ST, WAY, & VALLEY VIEW RD", "Diameter": 2, "Material": "Steel-WI", "Operating_Pressure": "60", "NPA_Opportunity": "Yes - Potential NPA", "LPP_Footage": 2055, "LPP_Mileage_": 0.39, "lat": 42.32260208, "lon": -71.34358393, "Mapped_address": "16 Oak St, Wayland, MA 01778, USA", "FID": 1117}}, {"type": "Feature", "id": 1118, "geometry": {"type": "Point", "coordinates": [-71.3422624, 42.322114]}, "properties": {"Line": 626, "Company": "Boston Gas", "Division": "Waltham-Concord", "Town": "Wayland", "Town_Code": "WAY", "State": "MA", "Description__street_segment_": "3-29 OAK ST, WAY, & VALLEY VIEW RD", "Diameter": 2, "Material": "Steel-WI", "Operating_Pressure": "60", "NPA_Opportunity": "Yes - Potential NPA", "LPP_Footage": 2055, "LPP_Mileage_": 0.39, "lat": 42.322114, "lon": -71.3422624, "Mapped_address": "Valley View Rd, Wayland, MA 01778, USA", "FID": 1118}}, {"type": "Feature", "id": 1119, "geometry": {"type": "Point", "coordinates": [-71.34725978, 42.31922588]}, "properties": {"Line": 627, "Company": "Boston Gas", "Division": "Waltham-Concord", "Town": "Wayland", "Town_Code": "WAY", "State": "MA", "Description__street_segment_": "3-66 DEAN RD, WAY, TIMBER, HAVEN LN &EDEN RD", "Diameter": 2, "Material": "Steel-WI", "Operating_Pressure": "60", "NPA_Opportunity": "Yes - Potential NPA", "LPP_Footage": 5610, "LPP_Mileage_": 1.06, "lat": 42.31922588, "lon": -71.34725978, "Mapped_address": "34 Dean Rd, Wayland, MA 01778, USA", "FID": 1119}}, {"type": "Feature", "id": 1120, "geometry": {"type": "Point", "coordinates": [-71.3459565, 42.31998]}, "properties": {"Line": 627, "Company": "Boston Gas", "Division": "Waltham-Concord", "Town": "Wayland", "Town_Code": "WAY", "State": "MA", "Description__street_segment_": "3-66 DEAN RD, WAY, TIMBER, HAVEN LN &EDEN RD", "Diameter": 2, "Material": "Steel-WI", "Operating_Pressure": "60", "NPA_Opportunity": "Yes - Potential NPA", "LPP_Footage": 5610, "LPP_Mileage_": 1.06, "lat": 42.31998, "lon": -71.3459565, "Mapped_address": "Eden Rd, Wayland, MA 01778, USA", "FID": 1120}}, {"type": "Feature", "id": 1121, "geometry": {"type": "Point", "coordinates": [-71.3442836, 42.3204259]}, "properties": {"Line": 627, "Company": "Boston Gas", "Division": "Waltham-Concord", "Town": "Wayland", "Town_Code": "WAY", "State": "MA", "Description__street_segment_": "3-66 DEAN RD, WAY, TIMBER, HAVEN LN &EDEN RD", "Diameter": 2, "Material": "Steel-WI", "Operating_Pressure": "60", "NPA_Opportunity": "Yes - Potential NPA", "LPP_Footage": 5610, "LPP_Mileage_": 1.06, "lat": 42.3204259, "lon": -71.3442836, "Mapped_address": "Haven Ln, Wayland, MA 01778, USA", "FID": 1121}}, {"type": "Feature", "id": 1122, "geometry": {"type": "Point", "coordinates": [-71.2958132, 42.3655661]}, "properties": {"Line": 628, "Company": "Boston Gas", "Division": "Waltham-Concord", "Town": "Weston", "Town_Code": "WES", "State": "MA", "Description__street_segment_": "2-78 SCHOOL ST, WES, & MAPLE RD", "Diameter": 8, "Material": "Cast Iron", "Operating_Pressure": "2", "NPA_Opportunity": "No - Impact to System Integration", "LPP_Footage": 2130, "LPP_Mileage_": 0.4, "lat": 42.3655661, "lon": -71.2958132, "Mapped_address": "40 School St, Weston, MA 02493, USA", "FID": 1122}}, {"type": "Feature", "id": 1123, "geometry": {"type": "Point", "coordinates": [-71.29275712, 42.36429026]}, "properties": {"Line": 628, "Company": "Boston Gas", "Division": "Waltham-Concord", "Town": "Weston", "Town_Code": "WES", "State": "MA", "Description__street_segment_": "2-78 SCHOOL ST, WES, & MAPLE RD", "Diameter": 8, "Material": "Cast Iron", "Operating_Pressure": "2", "NPA_Opportunity": "No - Impact to System Integration", "LPP_Footage": 2130, "LPP_Mileage_": 0.4, "lat": 42.36429026, "lon": -71.29275712, "Mapped_address": "Maple Rd, Weston, MA 02493, USA", "FID": 1123}}, {"type": "Feature", "id": 1124, "geometry": {"type": "Point", "coordinates": [-71.29949541, 42.36986591]}, "properties": {"Line": 629, "Company": "Boston Gas", "Division": "Waltham-Concord", "Town": "Weston", "Town_Code": "WES", "State": "MA", "Description__street_segment_": "3-42 CONANT RD, WES, GOWELL LN & WOODWARD LN", "Diameter": 2, "Material": "Steel-WI", "Operating_Pressure": "60", "NPA_Opportunity": "Yes - Potential NPA", "LPP_Footage": 1895, "LPP_Mileage_": 0.36, "lat": 42.36986591, "lon": -71.29949541, "Mapped_address": "22 Conant Rd, Weston, MA 02493, USA", "FID": 1124}}, {"type": "Feature", "id": 1125, "geometry": {"type": "Point", "coordinates": [-71.29801535, 42.37102073]}, "properties": {"Line": 629, "Company": "Boston Gas", "Division": "Waltham-Concord", "Town": "Weston", "Town_Code": "WES", "State": "MA", "Description__street_segment_": "3-42 CONANT RD, WES, GOWELL LN & WOODWARD LN", "Diameter": 2, "Material": "Steel-WI", "Operating_Pressure": "60", "NPA_Opportunity": "Yes - Potential NPA", "LPP_Footage": 1895, "LPP_Mileage_": 0.36, "lat": 42.37102073, "lon": -71.29801535, "Mapped_address": "Gowell Ln, Weston, MA 02493, USA", "FID": 1125}}, {"type": "Feature", "id": 1126, "geometry": {"type": "Point", "coordinates": [-71.2998676, 42.3717494]}, "properties": {"Line": 629, "Company": "Boston Gas", "Division": "Waltham-Concord", "Town": "Weston", "Town_Code": "WES", "State": "MA", "Description__street_segment_": "3-42 CONANT RD, WES, GOWELL LN & WOODWARD LN", "Diameter": 2, "Material": "Steel-WI", "Operating_Pressure": "60", "NPA_Opportunity": "Yes - Potential NPA", "LPP_Footage": 1895, "LPP_Mileage_": 0.36, "lat": 42.3717494, "lon": -71.2998676, "Mapped_address": "Woodward Ln, Weston, MA 02493, USA", "FID": 1126}}, {"type": "Feature", "id": 1127, "geometry": {"type": "Point", "coordinates": [-72.11578976, 42.21878843]}, "properties": {"Line": 630, "Company": "Boston Gas", "Division": "Webster", "Town": "Brookfield", "Town_Code": "BRK", "State": "MA", "Description__street_segment_": "27-100 W MAIN ST, BRK", "Diameter": 6, "Material": "Steel-WI", "Operating_Pressure": "58", "NPA_Opportunity": "No - Impact to System Integration", "LPP_Footage": 4765, "LPP_Mileage_": 0.9, "lat": 42.21878843, "lon": -72.11578976, "Mapped_address": "63 W Main St, Brookfield, MA 01506, USA", "FID": 1127}}, {"type": "Feature", "id": 1128, "geometry": {"type": "Point", "coordinates": [-71.89144747, 42.03952124]}, "properties": {"Line": 631, "Company": "Boston Gas", "Division": "Webster", "Town": "Dudley", "Town_Code": "DUD", "State": "MA", "Description__street_segment_": "137-144 SCHOFIELD AV, DUD, CARPENTER RD & RIDGE DR", "Diameter": 4, "Material": "Steel-WI", "Operating_Pressure": "56", "NPA_Opportunity": "Yes - Potential NPA, entire scope", "LPP_Footage": 1915, "LPP_Mileage_": 0.36, "lat": 42.03952124, "lon": -71.89144747, "Mapped_address": "140 Schofield Ave, Dudley, MA 01571, USA", "FID": 1128}}, {"type": "Feature", "id": 1129, "geometry": {"type": "Point", "coordinates": [-71.894194, 42.031139]}, "properties": {"Line": 631, "Company": "Boston Gas", "Division": "Webster", "Town": "Dudley", "Town_Code": "DUD", "State": "MA", "Description__street_segment_": "137-144 SCHOFIELD AV, DUD, CARPENTER RD & RIDGE DR", "Diameter": 4, "Material": "Steel-WI", "Operating_Pressure": "56", "NPA_Opportunity": "Yes - Potential NPA, entire scope", "LPP_Footage": 1915, "LPP_Mileage_": 0.36, "lat": 42.031139, "lon": -71.894194, "Mapped_address": "Carpenter Rd, Dudley, MA 01571, USA", "FID": 1129}}, {"type": "Feature", "id": 1130, "geometry": {"type": "Point", "coordinates": [-71.89295626, 42.0319493]}, "properties": {"Line": 631, "Company": "Boston Gas", "Division": "Webster", "Town": "Dudley", "Town_Code": "DUD", "State": "MA", "Description__street_segment_": "137-144 SCHOFIELD AV, DUD, CARPENTER RD & RIDGE DR", "Diameter": 4, "Material": "Steel-WI", "Operating_Pressure": "56", "NPA_Opportunity": "Yes - Potential NPA, entire scope", "LPP_Footage": 1915, "LPP_Mileage_": 0.36, "lat": 42.0319493, "lon": -71.89295626, "Mapped_address": "Ridge Dr, Dudley, MA 01571, USA", "FID": 1130}}, {"type": "Feature", "id": 1131, "geometry": {"type": "Point", "coordinates": [-71.97678786, 42.06078434]}, "properties": {"Line": 632, "Company": "Boston Gas", "Division": "Webster", "Town": "Dudley", "Town_Code": "DUD", "State": "MA", "Description__street_segment_": "263-344 DUDLEY SOUTHBRIDGE RD, DUD", "Diameter": 8, "Material": "Steel-WI", "Operating_Pressure": "56", "NPA_Opportunity": "No - Critical Main", "LPP_Footage": 4825, "LPP_Mileage_": 0.91, "lat": 42.06078434, "lon": -71.97678786, "Mapped_address": "303 Dudley Southbridge Rd, Dudley, MA 01571, USA", "FID": 1131}}, {"type": "Feature", "id": 1132, "geometry": {"type": "Point", "coordinates": [-71.90262919, 42.24564923]}, "properties": {"Line": 633, "Company": "Boston Gas", "Division": "Webster", "Town": "Leicester", "Town_Code": "LEI", "State": "MA", "Description__street_segment_": "865-1033 MAIN ST, LEI", "Diameter": 2, "Material": "Plastic", "Operating_Pressure": "58", "NPA_Opportunity": "No - Critical Main", "LPP_Footage": 2190, "LPP_Mileage_": 0.41, "lat": 42.24564923, "lon": -71.90262919, "Mapped_address": "949 Main St, Leicester, MA 01524, USA", "FID": 1132}}, {"type": "Feature", "id": 1133, "geometry": {"type": "Point", "coordinates": [-72.0383993, 42.07952193]}, "properties": {"Line": 634, "Company": "Boston Gas", "Division": "Webster", "Town": "Southbridge", "Town_Code": "SOU", "State": "MA", "Description__street_segment_": "11-114 PINE ST, SOU", "Diameter": 4, "Material": "Steel-WI", "Operating_Pressure": "LP to 56", "NPA_Opportunity": "No - High Customer Concentration", "LPP_Footage": 1240, "LPP_Mileage_": 0.23, "lat": 42.07952193, "lon": -72.0383993, "Mapped_address": "62 Pine St, Southbridge, MA 01550, USA", "FID": 1133}}, {"type": "Feature", "id": 1134, "geometry": {"type": "Point", "coordinates": [-72.04157979, 42.07992872]}, "properties": {"Line": 635, "Company": "Boston Gas", "Division": "Webster", "Town": "Southbridge", "Town_Code": "SOU", "State": "MA", "Description__street_segment_": "608-761 MAIN ST, SOU", "Diameter": 8, "Material": "Steel-WI", "Operating_Pressure": "LP", "NPA_Opportunity": "No - Impact to System Integration", "LPP_Footage": 1350, "LPP_Mileage_": 0.26, "lat": 42.07992872, "lon": -72.04157979, "Mapped_address": "684 Main St, Southbridge, MA 01550, USA", "FID": 1134}}, {"type": "Feature", "id": 1135, "geometry": {"type": "Point", "coordinates": [-70.9896304, 42.3764098]}, "properties": {"Line": 463, "Company": "Boston Gas", "Division": "Malden", "Town": "Winthrop", "Town_Code": "WNT", "State": "MA", "Description__street_segment_": "4-83 WALDEMAR AV, WNT, WHEELOCK ST,EDGEHILL RD", "Diameter": 6, "Material": "Cast Iron", "Operating_Pressure": "LP", "NPA_Opportunity": "No - Impact to System Integration", "LPP_Footage": 2555, "LPP_Mileage_": 0.48, "lat": 42.3764098, "lon": -70.9896304, "Mapped_address": "Wheelock St, Winthrop, MA 02152, USA", "FID": 1135}}, {"type": "Feature", "id": 1136, "geometry": {"type": "Point", "coordinates": [-71.12365506, 42.48411563]}, "properties": {"Line": 464, "Company": "Boston Gas", "Division": "Malden", "Town": "Woburn", "Town_Code": "WOB", "State": "MA", "Description__street_segment_": "100-131 PINE ST, WOB, 1-30 CENTRAL ST, PERRY ST", "Diameter": 3, "Material": "Steel-WI", "Operating_Pressure": "2", "NPA_Opportunity": "No - Impact to System Integration", "LPP_Footage": 1860, "LPP_Mileage_": 0.35, "lat": 42.48411563, "lon": -71.12365506, "Mapped_address": "115 Pine St, Woburn, MA 01801, USA", "FID": 1136}}, {"type": "Feature", "id": 1137, "geometry": {"type": "Point", "coordinates": [-71.12315392, 42.48235032]}, "properties": {"Line": 464, "Company": "Boston Gas", "Division": "Malden", "Town": "Woburn", "Town_Code": "WOB", "State": "MA", "Description__street_segment_": "100-131 PINE ST, WOB, 1-30 CENTRAL ST, PERRY ST", "Diameter": 3, "Material": "Steel-WI", "Operating_Pressure": "2", "NPA_Opportunity": "No - Impact to System Integration", "LPP_Footage": 1860, "LPP_Mileage_": 0.35, "lat": 42.48235032, "lon": -71.12315392, "Mapped_address": "15 Central St, Woburn, MA 01801, USA", "FID": 1137}}, {"type": "Feature", "id": 1138, "geometry": {"type": "Point", "coordinates": [-71.12485226, 42.48487148]}, "properties": {"Line": 464, "Company": "Boston Gas", "Division": "Malden", "Town": "Woburn", "Town_Code": "WOB", "State": "MA", "Description__street_segment_": "100-131 PINE ST, WOB, 1-30 CENTRAL ST, PERRY ST", "Diameter": 3, "Material": "Steel-WI", "Operating_Pressure": "2", "NPA_Opportunity": "No - Impact to System Integration", "LPP_Footage": 1860, "LPP_Mileage_": 0.35, "lat": 42.48487148, "lon": -71.12485226, "Mapped_address": "Perry St, Woburn, MA 01801, USA", "FID": 1138}}, {"type": "Feature", "id": 1139, "geometry": {"type": "Point", "coordinates": [-71.1588754, 42.4843904]}, "properties": {"Line": 465, "Company": "Boston Gas", "Division": "Malden", "Town": "Woburn", "Town_Code": "WOB", "State": "MA", "Description__street_segment_": "104-137 WINN ST, WOB, 23-83 KILBY ST, KIBLY DR", "Diameter": 4, "Material": "Cast Iron", "Operating_Pressure": "LP to 60", "NPA_Opportunity": "No - Impact to System Integration", "LPP_Footage": 3010, "LPP_Mileage_": 0.57, "lat": 42.4843904, "lon": -71.1588754, "Mapped_address": "120 Winn St, Woburn, MA 01801, USA", "FID": 1139}}, {"type": "Feature", "id": 1140, "geometry": {"type": "Point", "coordinates": [-71.1565051, 42.4869561]}, "properties": {"Line": 465, "Company": "Boston Gas", "Division": "Malden", "Town": "Woburn", "Town_Code": "WOB", "State": "MA", "Description__street_segment_": "104-137 WINN ST, WOB, 23-83 KILBY ST, KIBLY DR", "Diameter": 4, "Material": "Cast Iron", "Operating_Pressure": "LP to 60", "NPA_Opportunity": "No - Impact to System Integration", "LPP_Footage": 3010, "LPP_Mileage_": 0.57, "lat": 42.4869561, "lon": -71.1565051, "Mapped_address": "53 Kilby St, Woburn, MA 01801, USA", "FID": 1140}}, {"type": "Feature", "id": 1141, "geometry": {"type": "Point", "coordinates": [-71.1542073, 42.4869181]}, "properties": {"Line": 465, "Company": "Boston Gas", "Division": "Malden", "Town": "Woburn", "Town_Code": "WOB", "State": "MA", "Description__street_segment_": "104-137 WINN ST, WOB, 23-83 KILBY ST, KIBLY DR", "Diameter": 4, "Material": "Cast Iron", "Operating_Pressure": "LP to 60", "NPA_Opportunity": "No - Impact to System Integration", "LPP_Footage": 3010, "LPP_Mileage_": 0.57, "lat": 42.4869181, "lon": -71.1542073, "Mapped_address": "Kilby Dr, Woburn, MA 01801, USA", "FID": 1141}}, {"type": "Feature", "id": 1142, "geometry": {"type": "Point", "coordinates": [-71.14967513, 42.47443403]}, "properties": {"Line": 466, "Company": "Boston Gas", "Division": "Malden", "Town": "Woburn", "Town_Code": "WOB", "State": "MA", "Description__street_segment_": "158-257 MAIN ST, WOB", "Diameter": 8, "Material": "Cast Iron", "Operating_Pressure": "LP", "NPA_Opportunity": "No - Impact to System Integration", "LPP_Footage": 1335, "LPP_Mileage_": 0.25, "lat": 42.47443403, "lon": -71.14967513, "Mapped_address": "207 Main St, Woburn, MA 01801, USA", "FID": 1142}}, {"type": "Feature", "id": 1143, "geometry": {"type": "Point", "coordinates": [-71.1632889, 42.5074358]}, "properties": {"Line": 467, "Company": "Boston Gas", "Division": "Malden", "Town": "Woburn", "Town_Code": "WOB", "State": "MA", "Description__street_segment_": "2-16 EDWARDS RD, WOB, 1-8 KEITH CIR", "Diameter": 2, "Material": "Steel-WI", "Operating_Pressure": "25", "NPA_Opportunity": "Yes - Potential NPA", "LPP_Footage": 1170, "LPP_Mileage_": 0.22, "lat": 42.5074358, "lon": -71.1632889, "Mapped_address": "4 Keith Cir, Woburn, MA 01801, USA", "FID": 1143}}, {"type": "Feature", "id": 1144, "geometry": {"type": "Point", "coordinates": [-71.16458431, 42.50702453]}, "properties": {"Line": 467, "Company": "Boston Gas", "Division": "Malden", "Town": "Woburn", "Town_Code": "WOB", "State": "MA", "Description__street_segment_": "2-16 EDWARDS RD, WOB, 1-8 KEITH CIR", "Diameter": 2, "Material": "Steel-WI", "Operating_Pressure": "25", "NPA_Opportunity": "Yes - Potential NPA", "LPP_Footage": 1170, "LPP_Mileage_": 0.22, "lat": 42.50702453, "lon": -71.16458431, "Mapped_address": "9 Edwards Rd, Woburn, MA 01801, USA", "FID": 1144}}, {"type": "Feature", "id": 1145, "geometry": {"type": "Point", "coordinates": [-71.1421153, 42.48960923]}, "properties": {"Line": 468, "Company": "Boston Gas", "Division": "Malden", "Town": "Woburn", "Town_Code": "WOB", "State": "MA", "Description__street_segment_": "2-21 MAPLE AV, WOB, 1-9 ALPENA AV", "Diameter": 4, "Material": "Steel-WI", "Operating_Pressure": "25", "NPA_Opportunity": "Yes - Potential NPA, entire scope", "LPP_Footage": 1240, "LPP_Mileage_": 0.23, "lat": 42.48960923, "lon": -71.1421153, "Mapped_address": "11 Maple Ave, Woburn, MA 01801, USA", "FID": 1145}}, {"type": "Feature", "id": 1146, "geometry": {"type": "Point", "coordinates": [-71.14168551, 42.49043186]}, "properties": {"Line": 468, "Company": "Boston Gas", "Division": "Malden", "Town": "Woburn", "Town_Code": "WOB", "State": "MA", "Description__street_segment_": "2-21 MAPLE AV, WOB, 1-9 ALPENA AV", "Diameter": 4, "Material": "Steel-WI", "Operating_Pressure": "25", "NPA_Opportunity": "Yes - Potential NPA, entire scope", "LPP_Footage": 1240, "LPP_Mileage_": 0.23, "lat": 42.49043186, "lon": -71.14168551, "Mapped_address": "5 Alpena Ave, Woburn, MA 01801, USA", "FID": 1146}}, {"type": "Feature", "id": 1147, "geometry": {"type": "Point", "coordinates": [-71.1504751, 42.47779176]}, "properties": {"Line": 469, "Company": "Boston Gas", "Division": "Malden", "Town": "Woburn", "Town_Code": "WOB", "State": "MA", "Description__street_segment_": "286-339 MAIN ST, WOB, 6-29 HIGH ST", "Diameter": 8, "Material": "Cast Iron", "Operating_Pressure": "LP", "NPA_Opportunity": "Yes - Potential NPA, partial scope", "LPP_Footage": 1085, "LPP_Mileage_": 0.21, "lat": 42.47779176, "lon": -71.1504751, "Mapped_address": "17 High St, Woburn, MA 01801, USA", "FID": 1147}}, {"type": "Feature", "id": 1148, "geometry": {"type": "Point", "coordinates": [-71.1514435, 42.47842756]}, "properties": {"Line": 469, "Company": "Boston Gas", "Division": "Malden", "Town": "Woburn", "Town_Code": "WOB", "State": "MA", "Description__street_segment_": "286-339 MAIN ST, WOB, 6-29 HIGH ST", "Diameter": 8, "Material": "Cast Iron", "Operating_Pressure": "LP", "NPA_Opportunity": "Yes - Potential NPA, partial scope", "LPP_Footage": 1085, "LPP_Mileage_": 0.21, "lat": 42.47842756, "lon": -71.1514435, "Mapped_address": "312 Main St, Woburn, MA 01801, USA", "FID": 1148}}, {"type": "Feature", "id": 1149, "geometry": {"type": "Point", "coordinates": [-71.14732748, 42.4788653]}, "properties": {"Line": 470, "Company": "Boston Gas", "Division": "Malden", "Town": "Woburn", "Town_Code": "WOB", "State": "MA", "Description__street_segment_": "41-74 HIGH ST, WOB, PROSPECT ST, MONTVALE AV", "Diameter": 4, "Material": "Steel-WI", "Operating_Pressure": "LP to 25 & 25", "NPA_Opportunity": "Yes - Potential NPA, entire scope", "LPP_Footage": 3385, "LPP_Mileage_": 0.64, "lat": 42.4788653, "lon": -71.14732748, "Mapped_address": "57 High St, Woburn, MA 01801, USA", "FID": 1149}}, {"type": "Feature", "id": 1150, "geometry": {"type": "Point", "coordinates": [-71.1321827, 42.4809339]}, "properties": {"Line": 470, "Company": "Boston Gas", "Division": "Malden", "Town": "Woburn", "Town_Code": "WOB", "State": "MA", "Description__street_segment_": "41-74 HIGH ST, WOB, PROSPECT ST, MONTVALE AV", "Diameter": 4, "Material": "Steel-WI", "Operating_Pressure": "LP to 25 & 25", "NPA_Opportunity": "Yes - Potential NPA, entire scope", "LPP_Footage": 3385, "LPP_Mileage_": 0.64, "lat": 42.4809339, "lon": -71.1321827, "Mapped_address": "Montvale Ave, Woburn, MA, USA", "FID": 1150}}, {"type": "Feature", "id": 1151, "geometry": {"type": "Point", "coordinates": [-71.14786243, 42.47639424]}, "properties": {"Line": 470, "Company": "Boston Gas", "Division": "Malden", "Town": "Woburn", "Town_Code": "WOB", "State": "MA", "Description__street_segment_": "41-74 HIGH ST, WOB, PROSPECT ST, MONTVALE AV", "Diameter": 4, "Material": "Steel-WI", "Operating_Pressure": "LP to 25 & 25", "NPA_Opportunity": "Yes - Potential NPA, entire scope", "LPP_Footage": 3385, "LPP_Mileage_": 0.64, "lat": 42.47639424, "lon": -71.14786243, "Mapped_address": "Prospect St, Woburn, MA 01801, USA", "FID": 1151}}, {"type": "Feature", "id": 1152, "geometry": {"type": "Point", "coordinates": [-71.16012658, 42.47626233]}, "properties": {"Line": 471, "Company": "Boston Gas", "Division": "Malden", "Town": "Woburn", "Town_Code": "WOB", "State": "MA", "Description__street_segment_": "5-9 WOBURN PKWY, WOB", "Diameter": 2, "Material": "Steel-WI", "Operating_Pressure": "LP", "NPA_Opportunity": "Yes - Potential NPA, entire scope", "LPP_Footage": 395, "LPP_Mileage_": 0.07, "lat": 42.47626233, "lon": -71.16012658, "Mapped_address": "7 Woburn Pkwy, Woburn, MA 01801, USA", "FID": 1152}}, {"type": "Feature", "id": 1153, "geometry": {"type": "Point", "coordinates": [-71.15245651, 42.4929162]}, "properties": {"Line": 472, "Company": "Boston Gas", "Division": "Malden", "Town": "Woburn", "Town_Code": "WOB", "State": "MA", "Description__street_segment_": "6-49 EATON AV, WOB, &, 61-89 MISHAWUM RD", "Diameter": 3, "Material": "Steel-WI", "Operating_Pressure": "2 to 25", "NPA_Opportunity": "Yes - Potential NPA, partial scope", "LPP_Footage": 3070, "LPP_Mileage_": 0.58, "lat": 42.4929162, "lon": -71.15245651, "Mapped_address": "27 Eaton Ave, Woburn, MA 01801, USA", "FID": 1153}}, {"type": "Feature", "id": 1154, "geometry": {"type": "Point", "coordinates": [-71.1490407, 42.49440338]}, "properties": {"Line": 472, "Company": "Boston Gas", "Division": "Malden", "Town": "Woburn", "Town_Code": "WOB", "State": "MA", "Description__street_segment_": "6-49 EATON AV, WOB, &, 61-89 MISHAWUM RD", "Diameter": 3, "Material": "Steel-WI", "Operating_Pressure": "2 to 25", "NPA_Opportunity": "Yes - Potential NPA, partial scope", "LPP_Footage": 3070, "LPP_Mileage_": 0.58, "lat": 42.49440338, "lon": -71.1490407, "Mapped_address": "75 Mishawum Rd, Woburn, MA 01801, USA", "FID": 1154}}, {"type": "Feature", "id": 1155, "geometry": {"type": "Point", "coordinates": [-71.1443792, 42.48149581]}, "properties": {"Line": 473, "Company": "Boston Gas", "Division": "Malden", "Town": "Woburn", "Town_Code": "WOB", "State": "MA", "Description__street_segment_": "87-118 MONTVALE AV, WOB, & 59-82 CAMPBELL ST", "Diameter": 6, "Material": "Steel-WI", "Operating_Pressure": "25", "NPA_Opportunity": "No - Critical Main", "LPP_Footage": 1605, "LPP_Mileage_": 0.3, "lat": 42.48149581, "lon": -71.1443792, "Mapped_address": "102 Montvale Ave, Woburn, MA 01801, USA", "FID": 1155}}, {"type": "Feature", "id": 1156, "geometry": {"type": "Point", "coordinates": [-71.14599369, 42.48164881]}, "properties": {"Line": 473, "Company": "Boston Gas", "Division": "Malden", "Town": "Woburn", "Town_Code": "WOB", "State": "MA", "Description__street_segment_": "87-118 MONTVALE AV, WOB, & 59-82 CAMPBELL ST", "Diameter": 6, "Material": "Steel-WI", "Operating_Pressure": "25", "NPA_Opportunity": "No - Critical Main", "LPP_Footage": 1605, "LPP_Mileage_": 0.3, "lat": 42.48164881, "lon": -71.14599369, "Mapped_address": "70 Campbell St, Woburn, MA 01801, USA", "FID": 1156}}, {"type": "Feature", "id": 1157, "geometry": {"type": "Point", "coordinates": [-71.17565835, 42.42531952]}, "properties": {"Line": 475, "Company": "Boston Gas", "Division": "Waltham", "Town": "Arlington", "Town_Code": "ARL", "State": "MA", "Description__street_segment_": "1-100 FOREST ST, ARL", "Diameter": 8, "Material": "Cast Iron", "Operating_Pressure": "LP to 25", "NPA_Opportunity": "Yes - Potential NPA, partial scope", "LPP_Footage": 3000, "LPP_Mileage_": 0.57, "lat": 42.42531952, "lon": -71.17565835, "Mapped_address": "50 Forest St, Arlington, MA 02476, USA", "FID": 1157}}, {"type": "Feature", "id": 1158, "geometry": {"type": "Point", "coordinates": [-71.14535102, 42.40260693]}, "properties": {"Line": 476, "Company": "Boston Gas", "Division": "Waltham", "Town": "Arlington", "Town_Code": "ARL", "State": "MA", "Description__street_segment_": "1-112 BROOKS AV, ARL", "Diameter": 6, "Material": "Cast Iron", "Operating_Pressure": "LP to 25", "NPA_Opportunity": "No - Impact to System Integration", "LPP_Footage": 4210, "LPP_Mileage_": 0.8, "lat": 42.40260693, "lon": -71.14535102, "Mapped_address": "56 Brooks Ave, Arlington, MA 02474, USA", "FID": 1158}}, {"type": "Feature", "id": 1159, "geometry": {"type": "Point", "coordinates": [-71.16434778, 42.42953636]}, "properties": {"Line": 477, "Company": "Boston Gas", "Division": "Waltham", "Town": "Arlington", "Town_Code": "ARL", "State": "MA", "Description__street_segment_": "1-15 GREENWOOD RD, ARL", "Diameter": 4, "Material": "Steel-WI", "Operating_Pressure": "LP", "NPA_Opportunity": "Yes - Potential NPA", "LPP_Footage": 3245, "LPP_Mileage_": 0.61, "lat": 42.42953636, "lon": -71.16434778, "Mapped_address": "8 Greenwood Rd, Arlington, MA 02474, USA", "FID": 1159}}, {"type": "Feature", "id": 1160, "geometry": {"type": "Point", "coordinates": [-71.15397097, 42.40249749]}, "properties": {"Line": 478, "Company": "Boston Gas", "Division": "Waltham", "Town": "Arlington", "Town_Code": "ARL", "State": "MA", "Description__street_segment_": "117-201 LAKE ST, ARL, & 1-22 WILSON AV", "Diameter": 10, "Material": "Cast Iron", "Operating_Pressure": "LP", "NPA_Opportunity": "Yes - Potential NPA, partial scope", "LPP_Footage": 2425, "LPP_Mileage_": 0.46, "lat": 42.40249749, "lon": -71.15397097, "Mapped_address": "11 Wilson Ave, Arlington, MA 02474, USA", "FID": 1160}}, {"type": "Feature", "id": 1161, "geometry": {"type": "Point", "coordinates": [-71.15263161, 42.40343211]}, "properties": {"Line": 478, "Company": "Boston Gas", "Division": "Waltham", "Town": "Arlington", "Town_Code": "ARL", "State": "MA", "Description__street_segment_": "117-201 LAKE ST, ARL, & 1-22 WILSON AV", "Diameter": 10, "Material": "Cast Iron", "Operating_Pressure": "LP", "NPA_Opportunity": "Yes - Potential NPA, partial scope", "LPP_Footage": 2425, "LPP_Mileage_": 0.46, "lat": 42.40343211, "lon": -71.15263161, "Mapped_address": "159 Lake St, Arlington, MA 02474, USA", "FID": 1161}}, {"type": "Feature", "id": 1162, "geometry": {"type": "Point", "coordinates": [-71.184824, 42.4257065]}, "properties": {"Line": 479, "Company": "Boston Gas", "Division": "Waltham", "Town": "Arlington", "Town_Code": "ARL", "State": "MA", "Description__street_segment_": "118-269 LOWELL ST, ARL, 10-24 NOURSE&RESERVOIR RD", "Diameter": 4, "Material": "Cast Iron", "Operating_Pressure": "LP to 60", "NPA_Opportunity": "Yes - Potential NPA, partial scope", "LPP_Footage": 2940, "LPP_Mileage_": 0.56, "lat": 42.4257065, "lon": -71.184824, "Mapped_address": "17 Nourse St, Arlington, MA 02474, USA", "FID": 1162}}, {"type": "Feature", "id": 1163, "geometry": {"type": "Point", "coordinates": [-71.1857338, 42.42801377]}, "properties": {"Line": 479, "Company": "Boston Gas", "Division": "Waltham", "Town": "Arlington", "Town_Code": "ARL", "State": "MA", "Description__street_segment_": "118-269 LOWELL ST, ARL, 10-24 NOURSE&RESERVOIR RD", "Diameter": 4, "Material": "Cast Iron", "Operating_Pressure": "LP to 60", "NPA_Opportunity": "Yes - Potential NPA, partial scope", "LPP_Footage": 2940, "LPP_Mileage_": 0.56, "lat": 42.42801377, "lon": -71.1857338, "Mapped_address": "193 Lowell St, Arlington, MA 02474, USA", "FID": 1163}}, {"type": "Feature", "id": 1164, "geometry": {"type": "Point", "coordinates": [-71.18516394, 42.42578105]}, "properties": {"Line": 479, "Company": "Boston Gas", "Division": "Waltham", "Town": "Arlington", "Town_Code": "ARL", "State": "MA", "Description__street_segment_": "118-269 LOWELL ST, ARL, 10-24 NOURSE&RESERVOIR RD", "Diameter": 4, "Material": "Cast Iron", "Operating_Pressure": "LP to 60", "NPA_Opportunity": "Yes - Potential NPA, partial scope", "LPP_Footage": 2940, "LPP_Mileage_": 0.56, "lat": 42.42578105, "lon": -71.18516394, "Mapped_address": "Reservoir Rd, Arlington, MA 02474, USA", "FID": 1164}}, {"type": "Feature", "id": 1165, "geometry": {"type": "Point", "coordinates": [-71.1533542, 42.4153681]}, "properties": {"Line": 480, "Company": "Boston Gas", "Division": "Waltham", "Town": "Arlington", "Town_Code": "ARL", "State": "MA", "Description__street_segment_": "1-22 PLEASANT ST, ARL", "Diameter": 8, "Material": "Cast Iron", "Operating_Pressure": "LP", "NPA_Opportunity": "No - Impact to System Integration", "LPP_Footage": 405, "LPP_Mileage_": 0.08, "lat": 42.4153681, "lon": -71.1533542, "Mapped_address": "11 Pleasant St, Arlington, MA 02476, USA", "FID": 1165}}, {"type": "Feature", "id": 1166, "geometry": {"type": "Point", "coordinates": [-71.17230724, 42.4222018]}, "properties": {"Line": 481, "Company": "Boston Gas", "Division": "Waltham", "Town": "Arlington", "Town_Code": "ARL", "State": "MA", "Description__street_segment_": "1-26 HOBBS CT, ARL", "Diameter": 4, "Material": "Steel-WI", "Operating_Pressure": "25", "NPA_Opportunity": "Yes - Potential NPA, entire scope", "LPP_Footage": 445, "LPP_Mileage_": 0.08, "lat": 42.4222018, "lon": -71.17230724, "Mapped_address": "13 Hobbs Ct, Arlington, MA 02476, USA", "FID": 1166}}, {"type": "Feature", "id": 1167, "geometry": {"type": "Point", "coordinates": [-71.1719553, 42.42998286]}, "properties": {"Line": 482, "Company": "Boston Gas", "Division": "Waltham", "Town": "Arlington", "Town_Code": "ARL", "State": "MA", "Description__street_segment_": "1-32 CARL RD, ARL, &, 8-96 EDMUND RD", "Diameter": 6, "Material": "Cast Iron", "Operating_Pressure": "LP", "NPA_Opportunity": "Yes - Potential NPA, partial scope", "LPP_Footage": 2345, "LPP_Mileage_": 0.44, "lat": 42.42998286, "lon": -71.1719553, "Mapped_address": "16 Carl Rd, Arlington, MA 02474, USA", "FID": 1167}}, {"type": "Feature", "id": 1168, "geometry": {"type": "Point", "coordinates": [-71.17266733, 42.42903193]}, "properties": {"Line": 482, "Company": "Boston Gas", "Division": "Waltham", "Town": "Arlington", "Town_Code": "ARL", "State": "MA", "Description__street_segment_": "1-32 CARL RD, ARL, &, 8-96 EDMUND RD", "Diameter": 6, "Material": "Cast Iron", "Operating_Pressure": "LP", "NPA_Opportunity": "Yes - Potential NPA, partial scope", "LPP_Footage": 2345, "LPP_Mileage_": 0.44, "lat": 42.42903193, "lon": -71.17266733, "Mapped_address": "52 Edmund Rd, Arlington, MA 02474, USA", "FID": 1168}}, {"type": "Feature", "id": 1169, "geometry": {"type": "Point", "coordinates": [-71.14792109, 42.40510523]}, "properties": {"Line": 483, "Company": "Boston Gas", "Division": "Waltham", "Town": "Arlington", "Town_Code": "ARL", "State": "MA", "Description__street_segment_": "1-48 LAKEHILL AV, ARL", "Diameter": 4, "Material": "Cast Iron", "Operating_Pressure": "LP to 25", "NPA_Opportunity": "No - Impact to System Integration", "LPP_Footage": 1230, "LPP_Mileage_": 0.23, "lat": 42.40510523, "lon": -71.14792109, "Mapped_address": "24 Lakehill Ave, Arlington, MA 02474, USA", "FID": 1169}}, {"type": "Feature", "id": 1170, "geometry": {"type": "Point", "coordinates": [-71.17873534, 42.42164392]}, "properties": {"Line": 484, "Company": "Boston Gas", "Division": "Waltham", "Town": "Arlington", "Town_Code": "ARL", "State": "MA", "Description__street_segment_": "1-49 OAKLAND AV, ARL", "Diameter": 8, "Material": "Cast Iron", "Operating_Pressure": "LP to 25", "NPA_Opportunity": "Yes - Potential NPA, partial scope", "LPP_Footage": 4635, "LPP_Mileage_": 0.88, "lat": 42.42164392, "lon": -71.17873534, "Mapped_address": "25 Oakland Ave, Arlington, MA 02476, USA", "FID": 1170}}, {"type": "Feature", "id": 1171, "geometry": {"type": "Point", "coordinates": [-71.17594861, 42.4168852]}, "properties": {"Line": 485, "Company": "Boston Gas", "Division": "Waltham", "Town": "Arlington", "Town_Code": "ARL", "State": "MA", "Description__street_segment_": "1-52 KENILWORTH RD, ARL", "Diameter": 6, "Material": "Cast Iron", "Operating_Pressure": "LP", "NPA_Opportunity": "No - Impact to System Integration", "LPP_Footage": 3480, "LPP_Mileage_": 0.66, "lat": 42.4168852, "lon": -71.17594861, "Mapped_address": "26 Kenilworth Rd, Arlington, MA 02476, USA", "FID": 1171}}, {"type": "Feature", "id": 1172, "geometry": {"type": "Point", "coordinates": [-71.1898276, 42.4229358]}, "properties": {"Line": 486, "Company": "Boston Gas", "Division": "Waltham", "Town": "Arlington", "Town_Code": "ARL", "State": "MA", "Description__street_segment_": "1-53 KILSYTHE RD, ARL", "Diameter": 4, "Material": "Cast Iron", "Operating_Pressure": "LP to 25", "NPA_Opportunity": "Yes - Potential NPA, entire scope", "LPP_Footage": 1440, "LPP_Mileage_": 0.27, "lat": 42.4229358, "lon": -71.1898276, "Mapped_address": "27 Kilsythe Rd, Arlington, MA 02476, USA", "FID": 1172}}, {"type": "Feature", "id": 1173, "geometry": {"type": "Point", "coordinates": [-71.16057345, 42.40781579]}, "properties": {"Line": 487, "Company": "Boston Gas", "Division": "Waltham", "Town": "Arlington", "Town_Code": "ARL", "State": "MA", "Description__street_segment_": "190-246 PLEASANT ST, ARL", "Diameter": 8, "Material": "Cast Iron", "Operating_Pressure": "LP", "NPA_Opportunity": "No - Impact to System Integration", "LPP_Footage": 2495, "LPP_Mileage_": 0.47, "lat": 42.40781579, "lon": -71.16057345, "Mapped_address": "218 Pleasant St, Arlington, MA 02476, USA", "FID": 1173}}, {"type": "Feature", "id": 1174, "geometry": {"type": "Point", "coordinates": [-71.18031806, 42.41723164]}, "properties": {"Line": 488, "Company": "Boston Gas", "Division": "Waltham", "Town": "Arlington", "Town_Code": "ARL", "State": "MA", "Description__street_segment_": "212-281 PARK AV, ARL", "Diameter": 6, "Material": "Cast Iron", "Operating_Pressure": "LP to 25", "NPA_Opportunity": "No - Impact to System Integration", "LPP_Footage": 3710, "LPP_Mileage_": 0.7, "lat": 42.41723164, "lon": -71.18031806, "Mapped_address": "246 Park Ave, Arlington, MA 02476, USA", "FID": 1174}}, {"type": "Feature", "id": 1175, "geometry": {"type": "Point", "coordinates": [-71.16890434, 42.41770649]}, "properties": {"Line": 489, "Company": "Boston Gas", "Division": "Waltham", "Town": "Arlington", "Town_Code": "ARL", "State": "MA", "Description__street_segment_": "25-42 MT VERNON ST, ARL, & GLOUCESTER ST", "Diameter": 4, "Material": "Cast Iron", "Operating_Pressure": "LP", "NPA_Opportunity": "No - Impact to System Integration", "LPP_Footage": 3475, "LPP_Mileage_": 0.66, "lat": 42.41770649, "lon": -71.16890434, "Mapped_address": "33 Mt Vernon St, Arlington, MA 02476, USA", "FID": 1175}}, {"type": "Feature", "id": 1176, "geometry": {"type": "Point", "coordinates": [-71.1664891, 42.4157086]}, "properties": {"Line": 489, "Company": "Boston Gas", "Division": "Waltham", "Town": "Arlington", "Town_Code": "ARL", "State": "MA", "Description__street_segment_": "25-42 MT VERNON ST, ARL, & GLOUCESTER ST", "Diameter": 4, "Material": "Cast Iron", "Operating_Pressure": "LP", "NPA_Opportunity": "No - Impact to System Integration", "LPP_Footage": 3475, "LPP_Mileage_": 0.66, "lat": 42.4157086, "lon": -71.1664891, "Mapped_address": "Gloucester St, Arlington, MA 02476, USA", "FID": 1176}}, {"type": "Feature", "id": 1177, "geometry": {"type": "Point", "coordinates": [-71.18834407, 42.42417748]}, "properties": {"Line": 490, "Company": "Boston Gas", "Division": "Waltham", "Town": "Arlington", "Town_Code": "ARL", "State": "MA", "Description__street_segment_": "2-67 SUTHERLAND RD, ARL", "Diameter": 4, "Material": "Cast Iron", "Operating_Pressure": "LP", "NPA_Opportunity": "Yes - Potential NPA, entire scope", "LPP_Footage": 1200, "LPP_Mileage_": 0.23, "lat": 42.42417748, "lon": -71.18834407, "Mapped_address": "34 Sutherland Rd, Arlington, MA 02476, USA", "FID": 1177}}, {"type": "Feature", "id": 1178, "geometry": {"type": "Point", "coordinates": [-71.17868689, 42.41282684]}, "properties": {"Line": 491, "Company": "Boston Gas", "Division": "Waltham", "Town": "Arlington", "Town_Code": "ARL", "State": "MA", "Description__street_segment_": "30-63 EUSTIS ST, ARL, & 22-30 FISHER RD", "Diameter": 4, "Material": "Steel-WI", "Operating_Pressure": "LP", "NPA_Opportunity": "No - Impact to System Integration", "LPP_Footage": 880, "LPP_Mileage_": 0.17, "lat": 42.41282684, "lon": -71.17868689, "Mapped_address": "26 Fisher Rd, Arlington, MA 02476, USA", "FID": 1178}}, {"type": "Feature", "id": 1179, "geometry": {"type": "Point", "coordinates": [-71.17912797, 42.41307655]}, "properties": {"Line": 491, "Company": "Boston Gas", "Division": "Waltham", "Town": "Arlington", "Town_Code": "ARL", "State": "MA", "Description__street_segment_": "30-63 EUSTIS ST, ARL, & 22-30 FISHER RD", "Diameter": 4, "Material": "Steel-WI", "Operating_Pressure": "LP", "NPA_Opportunity": "No - Impact to System Integration", "LPP_Footage": 880, "LPP_Mileage_": 0.17, "lat": 42.41307655, "lon": -71.17912797, "Mapped_address": "46 Eustis St, Arlington, MA 02476, USA", "FID": 1179}}, {"type": "Feature", "id": 1180, "geometry": {"type": "Point", "coordinates": [-71.16877182, 42.42182758]}, "properties": {"Line": 492, "Company": "Boston Gas", "Division": "Waltham", "Town": "Arlington", "Town_Code": "ARL", "State": "MA", "Description__street_segment_": "3-26 BRATTLE ST, ARL", "Diameter": 4, "Material": "Steel-WI", "Operating_Pressure": "25", "NPA_Opportunity": "No - Impact to System Integration", "LPP_Footage": 500, "LPP_Mileage_": 0.09, "lat": 42.42182758, "lon": -71.16877182, "Mapped_address": "14 Brattle St, Arlington, MA 02476, USA", "FID": 1180}}, {"type": "Feature", "id": 1181, "geometry": {"type": "Point", "coordinates": [-71.16777611, 42.43242215]}, "properties": {"Line": 493, "Company": "Boston Gas", "Division": "Waltham", "Town": "Arlington", "Town_Code": "ARL", "State": "MA", "Description__street_segment_": "328-378 RIDGE ST, ARL", "Diameter": 6, "Material": "Steel-WI", "Operating_Pressure": "LP", "NPA_Opportunity": "No - Impact to System Integration", "LPP_Footage": 2195, "LPP_Mileage_": 0.42, "lat": 42.43242215, "lon": -71.16777611, "Mapped_address": "353 Ridge St, Arlington, MA 02474, USA", "FID": 1181}}, {"type": "Feature", "id": 1182, "geometry": {"type": "Point", "coordinates": [-71.15363067, 42.43004753]}, "properties": {"Line": 494, "Company": "Boston Gas", "Division": "Waltham", "Town": "Arlington", "Town_Code": "ARL", "State": "MA", "Description__street_segment_": "351-385 MYSTIC ST, ARL", "Diameter": 12, "Material": "Cast Iron", "Operating_Pressure": "LP to 25", "NPA_Opportunity": "Yes - Potential NPA, partial scope", "LPP_Footage": 2985, "LPP_Mileage_": 0.57, "lat": 42.43004753, "lon": -71.15363067, "Mapped_address": "368 Mystic St, Arlington, MA 02474, USA", "FID": 1182}}, {"type": "Feature", "id": 1183, "geometry": {"type": "Point", "coordinates": [-71.1367598, 42.41069455]}, "properties": {"Line": 495, "Company": "Boston Gas", "Division": "Waltham", "Town": "Arlington", "Town_Code": "ARL", "State": "MA", "Description__street_segment_": "3-55 NORCROSS ST, ARL", "Diameter": 4, "Material": "Cast Iron", "Operating_Pressure": "LP", "NPA_Opportunity": "Yes - Potential NPA, partial scope", "LPP_Footage": 3825, "LPP_Mileage_": 0.72, "lat": 42.41069455, "lon": -71.1367598, "Mapped_address": "29 Norcross St, Arlington, MA 02474, USA", "FID": 1183}}, {"type": "Feature", "id": 1184, "geometry": {"type": "Point", "coordinates": [-71.15468214, 42.43210285]}, "properties": {"Line": 496, "Company": "Boston Gas", "Division": "Waltham", "Town": "Arlington", "Town_Code": "ARL", "State": "MA", "Description__street_segment_": "355-455 MYSTIC ST, ARL, & OLD MYSTIC ST", "Diameter": 12, "Material": "Cast Iron", "Operating_Pressure": "LP to 25", "NPA_Opportunity": "No - Critical Main", "LPP_Footage": 3995, "LPP_Mileage_": 0.76, "lat": 42.43210285, "lon": -71.15468214, "Mapped_address": "405 Mystic St, Arlington, MA 02474, USA", "FID": 1184}}, {"type": "Feature", "id": 1185, "geometry": {"type": "Point", "coordinates": [-71.1560509, 42.4318188]}, "properties": {"Line": 496, "Company": "Boston Gas", "Division": "Waltham", "Town": "Arlington", "Town_Code": "ARL", "State": "MA", "Description__street_segment_": "355-455 MYSTIC ST, ARL, & OLD MYSTIC ST", "Diameter": 12, "Material": "Cast Iron", "Operating_Pressure": "LP to 25", "NPA_Opportunity": "No - Critical Main", "LPP_Footage": 3995, "LPP_Mileage_": 0.76, "lat": 42.4318188, "lon": -71.1560509, "Mapped_address": "Old Mystic St, Arlington, MA 02474, USA", "FID": 1185}}, {"type": "Feature", "id": 1186, "geometry": {"type": "Point", "coordinates": [-71.16364924, 42.42765803]}, "properties": {"Line": 497, "Company": "Boston Gas", "Division": "Waltham", "Town": "Arlington", "Town_Code": "ARL", "State": "MA", "Description__street_segment_": "3-74 YERXA RD, ARL", "Diameter": 6, "Material": "Steel-WI", "Operating_Pressure": "LP", "NPA_Opportunity": "No - Impact to System Integration", "LPP_Footage": 1225, "LPP_Mileage_": 0.23, "lat": 42.42765803, "lon": -71.16364924, "Mapped_address": "38 Yerxa Rd, Arlington, MA 02474, USA", "FID": 1186}}, {"type": "Feature", "id": 1187, "geometry": {"type": "Point", "coordinates": [-71.1740582, 42.4272701]}, "properties": {"Line": 498, "Company": "Boston Gas", "Division": "Waltham", "Town": "Arlington", "Town_Code": "ARL", "State": "MA", "Description__street_segment_": "425-483 SUMMER ST, ARL", "Diameter": 8, "Material": "Cast Iron", "Operating_Pressure": "LP", "NPA_Opportunity": "No - Impact to System Integration", "LPP_Footage": 900, "LPP_Mileage_": 0.17, "lat": 42.4272701, "lon": -71.1740582, "Mapped_address": "454 Summer St, Arlington, MA 02474, USA", "FID": 1187}}, {"type": "Feature", "id": 1188, "geometry": {"type": "Point", "coordinates": [-71.15978467, 42.42123429]}, "properties": {"Line": 499, "Company": "Boston Gas", "Division": "Waltham", "Town": "Arlington", "Town_Code": "ARL", "State": "MA", "Description__street_segment_": "4-35 JOYCE RD, ARL, & 3-19 IVY CIR", "Diameter": 6, "Material": "Cast Iron", "Operating_Pressure": "LP to 25", "NPA_Opportunity": "Yes - Potential NPA, entire scope", "LPP_Footage": 3130, "LPP_Mileage_": 0.59, "lat": 42.42123429, "lon": -71.15978467, "Mapped_address": "11 Ivy Cir, Arlington, MA 02474, USA", "FID": 1188}}, {"type": "Feature", "id": 1189, "geometry": {"type": "Point", "coordinates": [-71.15912145, 42.42177834]}, "properties": {"Line": 499, "Company": "Boston Gas", "Division": "Waltham", "Town": "Arlington", "Town_Code": "ARL", "State": "MA", "Description__street_segment_": "4-35 JOYCE RD, ARL, & 3-19 IVY CIR", "Diameter": 6, "Material": "Cast Iron", "Operating_Pressure": "LP to 25", "NPA_Opportunity": "Yes - Potential NPA, entire scope", "LPP_Footage": 3130, "LPP_Mileage_": 0.59, "lat": 42.42177834, "lon": -71.15912145, "Mapped_address": "19 Joyce Rd, Arlington, MA 02474, USA", "FID": 1189}}, {"type": "Feature", "id": 1190, "geometry": {"type": "Point", "coordinates": [-71.15779582, 42.4265381]}, "properties": {"Line": 500, "Company": "Boston Gas", "Division": "Waltham", "Town": "Arlington", "Town_Code": "ARL", "State": "MA", "Description__street_segment_": "44-112 COLLEGE AV, ARL", "Diameter": 6, "Material": "Steel-WI", "Operating_Pressure": "LP", "NPA_Opportunity": "No - Impact to System Integration", "LPP_Footage": 2275, "LPP_Mileage_": 0.43, "lat": 42.4265381, "lon": -71.15779582, "Mapped_address": "78 College Ave, Arlington, MA 02474, USA", "FID": 1190}}, {"type": "Feature", "id": 1191, "geometry": {"type": "Point", "coordinates": [-71.14649964, 42.41475845]}, "properties": {"Line": 501, "Company": "Boston Gas", "Division": "Waltham", "Town": "Arlington", "Town_Code": "ARL", "State": "MA", "Description__street_segment_": "84-152 WARREN ST, ARL", "Diameter": 8, "Material": "Cast Iron", "Operating_Pressure": "LP", "NPA_Opportunity": "No - Impact to System Integration", "LPP_Footage": 5855, "LPP_Mileage_": 1.11, "lat": 42.41475845, "lon": -71.14649964, "Mapped_address": "118 Warren St, Arlington, MA 02474, USA", "FID": 1191}}, {"type": "Feature", "id": 1192, "geometry": {"type": "Point", "coordinates": [-71.18492622, 42.42850248]}, "properties": {"Line": 502, "Company": "Boston Gas", "Division": "Waltham", "Town": "Arlington", "Town_Code": "ARL", "State": "MA", "Description__street_segment_": "9-195 WESTMINSTER AV, ARL", "Diameter": 6, "Material": "Cast Iron", "Operating_Pressure": "LP to 60", "NPA_Opportunity": "No - Critical Main", "LPP_Footage": 3790, "LPP_Mileage_": 0.72, "lat": 42.42850248, "lon": -71.18492622, "Mapped_address": "102 Westminster Ave, Arlington, MA 02474, USA", "FID": 1192}}, {"type": "Feature", "id": 1193, "geometry": {"type": "Point", "coordinates": [-71.14553117, 42.41909805]}, "properties": {"Line": 503, "Company": "Boston Gas", "Division": "Waltham", "Town": "Arlington", "Town_Code": "ARL", "State": "MA", "Description__street_segment_": "99-184 MEDFORD ST, ARL", "Diameter": 6, "Material": "Cast Iron", "Operating_Pressure": "LP", "NPA_Opportunity": "No - Impact to System Integration", "LPP_Footage": 3350, "LPP_Mileage_": 0.63, "lat": 42.41909805, "lon": -71.14553117, "Mapped_address": "141 Medford St, Arlington, MA 02474, USA", "FID": 1193}}, {"type": "Feature", "id": 1194, "geometry": {"type": "Point", "coordinates": [-71.17936265, 42.38810766]}, "properties": {"Line": 504, "Company": "Boston Gas", "Division": "Waltham", "Town": "Belmont", "Town_Code": "BEL", "State": "MA", "Description__street_segment_": "10-72 UPLAND RD, BEL", "Diameter": 4, "Material": "Cast Iron", "Operating_Pressure": "LP", "NPA_Opportunity": "No - Impact to System Integration", "LPP_Footage": 640, "LPP_Mileage_": 0.12, "lat": 42.38810766, "lon": -71.17936265, "Mapped_address": "41 Upland Rd, Belmont, MA 02478, USA", "FID": 1194}}, {"type": "Feature", "id": 1195, "geometry": {"type": "Point", "coordinates": [-71.18824408, 42.38211312]}, "properties": {"Line": 505, "Company": "Boston Gas", "Division": "Waltham", "Town": "Belmont", "Town_Code": "BEL", "State": "MA", "Description__street_segment_": "129-220 LEXINGTON ST, BEL, & 5-29 RIPLEY RD", "Diameter": 4, "Material": "Cast Iron", "Operating_Pressure": "LP", "NPA_Opportunity": "Yes - Potential NPA, partial scope", "LPP_Footage": 2120, "LPP_Mileage_": 0.4, "lat": 42.38211312, "lon": -71.18824408, "Mapped_address": "17 Ripley Rd, Belmont, MA 02478, USA", "FID": 1195}}, {"type": "Feature", "id": 1196, "geometry": {"type": "Point", "coordinates": [-71.18907946, 42.38241124]}, "properties": {"Line": 505, "Company": "Boston Gas", "Division": "Waltham", "Town": "Belmont", "Town_Code": "BEL", "State": "MA", "Description__street_segment_": "129-220 LEXINGTON ST, BEL, & 5-29 RIPLEY RD", "Diameter": 4, "Material": "Cast Iron", "Operating_Pressure": "LP", "NPA_Opportunity": "Yes - Potential NPA, partial scope", "LPP_Footage": 2120, "LPP_Mileage_": 0.4, "lat": 42.38241124, "lon": -71.18907946, "Mapped_address": "174 Lexington St, Belmont, MA 02478, USA", "FID": 1196}}, {"type": "Feature", "id": 1197, "geometry": {"type": "Point", "coordinates": [-71.16531412, 42.38247374]}, "properties": {"Line": 506, "Company": "Boston Gas", "Division": "Waltham", "Town": "Belmont", "Town_Code": "BEL", "State": "MA", "Description__street_segment_": "1-78 ELIZABETH RD, BEL", "Diameter": 6, "Material": "Cast Iron", "Operating_Pressure": "LP to 25", "NPA_Opportunity": "Yes - Potential NPA, partial scope", "LPP_Footage": 3970, "LPP_Mileage_": 0.75, "lat": 42.38247374, "lon": -71.16531412, "Mapped_address": "39 Elizabeth Rd, Belmont, MA 02478, USA", "FID": 1197}}, {"type": "Feature", "id": 1198, "geometry": {"type": "Point", "coordinates": [-71.16178383, 42.39046556]}, "properties": {"Line": 507, "Company": "Boston Gas", "Division": "Waltham", "Town": "Belmont", "Town_Code": "BEL", "State": "MA", "Description__street_segment_": "1-95 WATSON RD, BEL", "Diameter": 6, "Material": "Cast Iron", "Operating_Pressure": "LP to 25", "NPA_Opportunity": "Yes - Potential NPA, partial scope", "LPP_Footage": 2000, "LPP_Mileage_": 0.38, "lat": 42.39046556, "lon": -71.16178383, "Mapped_address": "48 Watson Rd, Belmont, MA 02478, USA", "FID": 1198}}, {"type": "Feature", "id": 1199, "geometry": {"type": "Point", "coordinates": [-71.184396, 42.3883414]}, "properties": {"Line": 508, "Company": "Boston Gas", "Division": "Waltham", "Town": "Belmont", "Town_Code": "BEL", "State": "MA", "Description__street_segment_": "2-172 WAVERLEY ST, BEL", "Diameter": 12, "Material": "Cast Iron", "Operating_Pressure": "LP", "NPA_Opportunity": "No - Impact to System Integration", "LPP_Footage": 5225, "LPP_Mileage_": 0.99, "lat": 42.3883414, "lon": -71.184396, "Mapped_address": "87 Waverley St, Belmont, MA 02478, USA", "FID": 1199}}, {"type": "Feature", "id": 1200, "geometry": {"type": "Point", "coordinates": [-71.19003561, 42.38742651]}, "properties": {"Line": 509, "Company": "Boston Gas", "Division": "Waltham", "Town": "Belmont", "Town_Code": "BEL", "State": "MA", "Description__street_segment_": "4-30 CHURCH ST, BEL, & 36-143 SYCAMORE ST", "Diameter": 4, "Material": "Cast Iron", "Operating_Pressure": "LP to 60", "NPA_Opportunity": "Yes - Potential NPA, partial scope", "LPP_Footage": 3270, "LPP_Mileage_": 0.62, "lat": 42.38742651, "lon": -71.19003561, "Mapped_address": "17 Church St, Belmont, MA 02478, USA", "FID": 1200}}, {"type": "Feature", "id": 1201, "geometry": {"type": "Point", "coordinates": [-71.19110924, 42.38581993]}, "properties": {"Line": 509, "Company": "Boston Gas", "Division": "Waltham", "Town": "Belmont", "Town_Code": "BEL", "State": "MA", "Description__street_segment_": "4-30 CHURCH ST, BEL, & 36-143 SYCAMORE ST", "Diameter": 4, "Material": "Cast Iron", "Operating_Pressure": "LP to 60", "NPA_Opportunity": "Yes - Potential NPA, partial scope", "LPP_Footage": 3270, "LPP_Mileage_": 0.62, "lat": 42.38581993, "lon": -71.19110924, "Mapped_address": "89 Sycamore St, Belmont, MA 02478, USA", "FID": 1201}}, {"type": "Feature", "id": 1202, "geometry": {"type": "Point", "coordinates": [-71.1923436, 42.3877498]}, "properties": {"Line": 510, "Company": "Boston Gas", "Division": "Waltham", "Town": "Belmont", "Town_Code": "BEL", "State": "MA", "Description__street_segment_": "521-563 TRAPELO RD, BEL, & 6-37 MORAINE ST", "Diameter": 6, "Material": "Cast Iron", "Operating_Pressure": "LP", "NPA_Opportunity": "No - Impact to System Integration", "LPP_Footage": 1235, "LPP_Mileage_": 0.23, "lat": 42.3877498, "lon": -71.1923436, "Mapped_address": "21 Moraine St, Belmont, MA 02478, USA", "FID": 1202}}, {"type": "Feature", "id": 1203, "geometry": {"type": "Point", "coordinates": [-71.19187934, 42.38843258]}, "properties": {"Line": 510, "Company": "Boston Gas", "Division": "Waltham", "Town": "Belmont", "Town_Code": "BEL", "State": "MA", "Description__street_segment_": "521-563 TRAPELO RD, BEL, & 6-37 MORAINE ST", "Diameter": 6, "Material": "Cast Iron", "Operating_Pressure": "LP", "NPA_Opportunity": "No - Impact to System Integration", "LPP_Footage": 1235, "LPP_Mileage_": 0.23, "lat": 42.38843258, "lon": -71.19187934, "Mapped_address": "542 Trapelo Rd, Belmont, MA 02478, USA", "FID": 1203}}, {"type": "Feature", "id": 1204, "geometry": {"type": "Point", "coordinates": [-71.18183848, 42.38151117]}, "properties": {"Line": 511, "Company": "Boston Gas", "Division": "Waltham", "Town": "Belmont", "Town_Code": "BEL", "State": "MA", "Description__street_segment_": "687-748 BELMONT ST, BEL, & 1-54 VINCENT AV", "Diameter": 4, "Material": "Cast Iron", "Operating_Pressure": "LP", "NPA_Opportunity": "No - Impact to System Integration", "LPP_Footage": 1345, "LPP_Mileage_": 0.25, "lat": 42.38151117, "lon": -71.18183848, "Mapped_address": "27 Vincent Ave, Belmont, MA 02478, USA", "FID": 1204}}, {"type": "Feature", "id": 1205, "geometry": {"type": "Point", "coordinates": [-71.18271953, 42.38058667]}, "properties": {"Line": 511, "Company": "Boston Gas", "Division": "Waltham", "Town": "Belmont", "Town_Code": "BEL", "State": "MA", "Description__street_segment_": "687-748 BELMONT ST, BEL, & 1-54 VINCENT AV", "Diameter": 4, "Material": "Cast Iron", "Operating_Pressure": "LP", "NPA_Opportunity": "No - Impact to System Integration", "LPP_Footage": 1345, "LPP_Mileage_": 0.25, "lat": 42.38058667, "lon": -71.18271953, "Mapped_address": "717 Belmont St, Belmont, MA 02478, USA", "FID": 1205}}, {"type": "Feature", "id": 1206, "geometry": {"type": "Point", "coordinates": [-71.16985858, 42.40336507]}, "properties": {"Line": 512, "Company": "Boston Gas", "Division": "Waltham", "Town": "Belmont", "Town_Code": "BEL", "State": "MA", "Description__street_segment_": "7-64 PROSPECT ST, BEL", "Diameter": 6, "Material": "Cast Iron", "Operating_Pressure": "LP", "NPA_Opportunity": "No - Impact to System Integration", "LPP_Footage": 1495, "LPP_Mileage_": 0.28, "lat": 42.40336507, "lon": -71.16985858, "Mapped_address": "35 Prospect St, Belmont, MA 02478, USA", "FID": 1206}}, {"type": "Feature", "id": 1207, "geometry": {"type": "Point", "coordinates": [-71.1642272, 42.3925698]}, "properties": {"Line": 513, "Company": "Boston Gas", "Division": "Waltham", "Town": "Belmont", "Town_Code": "BEL", "State": "MA", "Description__street_segment_": "90-232 CONCORD AV, BEL", "Diameter": 6, "Material": "Cast Iron", "Operating_Pressure": "LP", "NPA_Opportunity": "No - Impact to System Integration", "LPP_Footage": 1860, "LPP_Mileage_": 0.35, "lat": 42.3925698, "lon": -71.1642272, "Mapped_address": "161 Concord Ave, Belmont, MA 02478, USA", "FID": 1207}}, {"type": "Feature", "id": 1208, "geometry": {"type": "Point", "coordinates": [-71.16197102, 42.38744755]}, "properties": {"Line": 514, "Company": "Boston Gas", "Division": "Waltham", "Town": "Belmont", "Town_Code": "BEL", "State": "MA", "Description__street_segment_": "95-176 WATSON RD, BEL", "Diameter": 6, "Material": "Cast Iron", "Operating_Pressure": "LP to 25", "NPA_Opportunity": "Yes - Potential NPA, partial scope", "LPP_Footage": 4585, "LPP_Mileage_": 0.87, "lat": 42.38744755, "lon": -71.16197102, "Mapped_address": "135 Watson Rd, Belmont, MA 02478, USA", "FID": 1208}}, {"type": "Feature", "id": 1209, "geometry": {"type": "Point", "coordinates": [-71.1683775, 42.3864167]}, "properties": {"Line": 515, "Company": "Boston Gas", "Division": "Waltham", "Town": "Belmont", "Town_Code": "BEL", "State": "MA", "Description__street_segment_": "95-182 WASHINGTON ST, BEL", "Diameter": 8, "Material": "Cast Iron", "Operating_Pressure": "LP", "NPA_Opportunity": "Yes - Potential NPA, partial scope", "LPP_Footage": 2925, "LPP_Mileage_": 0.55, "lat": 42.3864167, "lon": -71.1683775, "Mapped_address": "138 Washington St, Belmont, MA 02478, USA", "FID": 1209}}, {"type": "Feature", "id": 1210, "geometry": {"type": "Point", "coordinates": [-71.1999636, 42.45485713]}, "properties": {"Line": 516, "Company": "Boston Gas", "Division": "Waltham", "Town": "Lexington", "Town_Code": "LEX", "State": "MA", "Description__street_segment_": "1-16 FULTON RD, LEX", "Diameter": 6, "Material": "Steel-WI", "Operating_Pressure": "60", "NPA_Opportunity": "No - Impact to System Integration", "LPP_Footage": 1975, "LPP_Mileage_": 0.37, "lat": 42.45485713, "lon": -71.1999636, "Mapped_address": "8 Fulton Rd, Lexington, MA 02420, USA", "FID": 1210}}, {"type": "Feature", "id": 1211, "geometry": {"type": "Point", "coordinates": [-71.2095761, 42.4374863]}, "properties": {"Line": 517, "Company": "Boston Gas", "Division": "Waltham", "Town": "Lexington", "Town_Code": "LEX", "State": "MA", "Description__street_segment_": "1-17 INGLESIDE RD, LEX", "Diameter": 4, "Material": "Steel-WI", "Operating_Pressure": "25", "NPA_Opportunity": "Yes - Potential NPA, partial scope", "LPP_Footage": 1685, "LPP_Mileage_": 0.32, "lat": 42.4374863, "lon": -71.2095761, "Mapped_address": "9 Ingleside Rd, Lexington, MA 02420, USA", "FID": 1211}}, {"type": "Feature", "id": 1212, "geometry": {"type": "Point", "coordinates": [-71.23711289, 42.44046505]}, "properties": {"Line": 518, "Company": "Boston Gas", "Division": "Waltham", "Town": "Lexington", "Town_Code": "LEX", "State": "MA", "Description__street_segment_": "1-19 LORING RD, LEX", "Diameter": 4, "Material": "Steel-WI", "Operating_Pressure": "25", "NPA_Opportunity": "No - Impact to System Integration", "LPP_Footage": 3030, "LPP_Mileage_": 0.57, "lat": 42.44046505, "lon": -71.23711289, "Mapped_address": "10 Loring Rd, Lexington, MA 02421, USA", "FID": 1212}}, {"type": "Feature", "id": 1213, "geometry": {"type": "Point", "coordinates": [-71.2092075, 42.41853507]}, "properties": {"Line": 519, "Company": "Boston Gas", "Division": "Waltham", "Town": "Lexington", "Town_Code": "LEX", "State": "MA", "Description__street_segment_": "1-21 CRESCENT RD, LEX", "Diameter": 4, "Material": "Steel-WI", "Operating_Pressure": "25", "NPA_Opportunity": "Yes - Potential NPA, partial scope", "LPP_Footage": 3655, "LPP_Mileage_": 0.69, "lat": 42.41853507, "lon": -71.2092075, "Mapped_address": "11 Crescent Rd, Lexington, MA 02421, USA", "FID": 1213}}, {"type": "Feature", "id": 1214, "geometry": {"type": "Point", "coordinates": [-71.21952853, 42.44376187]}, "properties": {"Line": 520, "Company": "Boston Gas", "Division": "Waltham", "Town": "Lexington", "Town_Code": "LEX", "State": "MA", "Description__street_segment_": "1358-1508 MASSACHUSETTS AV, LEX", "Diameter": 4, "Material": "Steel-WI", "Operating_Pressure": "25", "NPA_Opportunity": "No - Impact to System Integration", "LPP_Footage": 2060, "LPP_Mileage_": 0.39, "lat": 42.44376187, "lon": -71.21952853, "Mapped_address": "1433 Massachusetts Ave, Lexington, MA 02420, USA", "FID": 1214}}, {"type": "Feature", "id": 1215, "geometry": {"type": "Point", "coordinates": [-71.2382749, 42.4586923]}, "properties": {"Line": 521, "Company": "Boston Gas", "Division": "Waltham", "Town": "Lexington", "Town_Code": "LEX", "State": "MA", "Description__street_segment_": "143-218 BEDFORD ST, LEX", "Diameter": 6, "Material": "Cast Iron", "Operating_Pressure": "2", "NPA_Opportunity": "No - Impact to System Integration", "LPP_Footage": 2725, "LPP_Mileage_": 0.52, "lat": 42.4586923, "lon": -71.2382749, "Mapped_address": "180 Bedford St, Lexington, MA 02420, USA", "FID": 1215}}, {"type": "Feature", "id": 1216, "geometry": {"type": "Point", "coordinates": [-71.19887795, 42.42742933]}, "properties": {"Line": 522, "Company": "Boston Gas", "Division": "Waltham", "Town": "Lexington", "Town_Code": "LEX", "State": "MA", "Description__street_segment_": "1-669 MASSACHUSETTS AV, LEX", "Diameter": 4, "Material": "Steel-WI", "Operating_Pressure": "25", "NPA_Opportunity": "No - Impact to System Integration", "LPP_Footage": 4755, "LPP_Mileage_": 0.9, "lat": 42.42742933, "lon": -71.19887795, "Mapped_address": "335 Massachusetts Ave, Lexington, MA 02420, USA", "FID": 1216}}, {"type": "Feature", "id": 1217, "geometry": {"type": "Point", "coordinates": [-71.23230511, 42.44744061]}, "properties": {"Line": 523, "Company": "Boston Gas", "Division": "Waltham", "Town": "Lexington", "Town_Code": "LEX", "State": "MA", "Description__street_segment_": "20-58 FOREST ST, LEX", "Diameter": 4, "Material": "Cast Iron", "Operating_Pressure": "2", "NPA_Opportunity": "No - Impact to System Integration", "LPP_Footage": 2755, "LPP_Mileage_": 0.52, "lat": 42.44744061, "lon": -71.23230511, "Mapped_address": "39 Forest St, Lexington, MA 02421, USA", "FID": 1217}}, {"type": "Feature", "id": 1218, "geometry": {"type": "Point", "coordinates": [-71.22654687, 42.45917098]}, "properties": {"Line": 524, "Company": "Boston Gas", "Division": "Waltham", "Town": "Lexington", "Town_Code": "LEX", "State": "MA", "Description__street_segment_": "24-56 ADAMS ST, LEX, & 5-56 COOLIDGE AV", "Diameter": 6, "Material": "Steel-WI", "Operating_Pressure": "2 & 60", "NPA_Opportunity": "No - Impact to System Integration", "LPP_Footage": 4650, "LPP_Mileage_": 0.88, "lat": 42.45917098, "lon": -71.22654687, "Mapped_address": "30 Coolidge Ave, Lexington, MA 02420, USA", "FID": 1218}}, {"type": "Feature", "id": 1219, "geometry": {"type": "Point", "coordinates": [-71.2241355, 42.4593594]}, "properties": {"Line": 524, "Company": "Boston Gas", "Division": "Waltham", "Town": "Lexington", "Town_Code": "LEX", "State": "MA", "Description__street_segment_": "24-56 ADAMS ST, LEX, & 5-56 COOLIDGE AV", "Diameter": 6, "Material": "Steel-WI", "Operating_Pressure": "2 & 60", "NPA_Opportunity": "No - Impact to System Integration", "LPP_Footage": 4650, "LPP_Mileage_": 0.88, "lat": 42.4593594, "lon": -71.2241355, "Mapped_address": "40 Adams St, Lexington, MA 02420, USA", "FID": 1219}}, {"type": "Feature", "id": 1220, "geometry": {"type": "Point", "coordinates": [-71.2345483, 42.4659368]}, "properties": {"Line": 525, "Company": "Boston Gas", "Division": "Waltham", "Town": "Lexington", "Town_Code": "LEX", "State": "MA", "Description__street_segment_": "30-76 BLAKE RD, LEX", "Diameter": 8, "Material": "Steel-WI", "Operating_Pressure": "60", "NPA_Opportunity": "No - Impact to System Integration", "LPP_Footage": 2540, "LPP_Mileage_": 0.48, "lat": 42.4659368, "lon": -71.2345483, "Mapped_address": "53 Blake Rd, Lexington, MA 02420, USA", "FID": 1220}}, {"type": "Feature", "id": 1221, "geometry": {"type": "Point", "coordinates": [-71.2186846, 42.3083511]}, "properties": {"Line": 526, "Company": "Boston Gas", "Division": "Waltham", "Town": "Newton", "Town_Code": "NEW", "State": "MA", "Description__street_segment_": "100-200 OAK ST, NEW", "Diameter": 12, "Material": "Cast Iron", "Operating_Pressure": "LP to 22", "NPA_Opportunity": "Yes - Potential NPA, partial scope", "LPP_Footage": 2160, "LPP_Mileage_": 0.41, "lat": 42.3083511, "lon": -71.2186846, "Mapped_address": "150 Oak St, Newton, MA 02464, USA", "FID": 1221}}, {"type": "Feature", "id": 1222, "geometry": {"type": "Point", "coordinates": [-71.20760239, 42.330523]}, "properties": {"Line": 527, "Company": "Boston Gas", "Division": "Waltham", "Town": "Newton", "Town_Code": "NEW", "State": "MA", "Description__street_segment_": "1038-1150 BEACON ST, NEW", "Diameter": 10, "Material": "Cast Iron", "Operating_Pressure": "LP", "NPA_Opportunity": "No - Impact to System Integration", "LPP_Footage": 2200, "LPP_Mileage_": 0.42, "lat": 42.330523, "lon": -71.20760239, "Mapped_address": "1094 Beacon St, Newton, MA 02461, USA", "FID": 1222}}, {"type": "Feature", "id": 1223, "geometry": {"type": "Point", "coordinates": [-71.1934265, 42.3328228]}, "properties": {"Line": 528, "Company": "Boston Gas", "Division": "Waltham", "Town": "Newton", "Town_Code": "NEW", "State": "MA", "Description__street_segment_": "1046-1267 CENTRE ST, NEW, PELHAM ST, LANGLEY RD", "Diameter": 10, "Material": "Cast Iron", "Operating_Pressure": "LP", "NPA_Opportunity": "No - Impact to System Integration", "LPP_Footage": 5750, "LPP_Mileage_": 1.09, "lat": 42.3328228, "lon": -71.1934265, "Mapped_address": "1156 Centre St, Newton, MA 02459, USA", "FID": 1223}}, {"type": "Feature", "id": 1224, "geometry": {"type": "Point", "coordinates": [-71.1874373, 42.3259042]}, "properties": {"Line": 528, "Company": "Boston Gas", "Division": "Waltham", "Town": "Newton", "Town_Code": "NEW", "State": "MA", "Description__street_segment_": "1046-1267 CENTRE ST, NEW, PELHAM ST, LANGLEY RD", "Diameter": 10, "Material": "Cast Iron", "Operating_Pressure": "LP", "NPA_Opportunity": "No - Impact to System Integration", "LPP_Footage": 5750, "LPP_Mileage_": 1.09, "lat": 42.3259042, "lon": -71.1874373, "Mapped_address": "Langley Rd, Newton, MA 02459, USA", "FID": 1224}}, {"type": "Feature", "id": 1225, "geometry": {"type": "Point", "coordinates": [-71.1962969, 42.3310577]}, "properties": {"Line": 528, "Company": "Boston Gas", "Division": "Waltham", "Town": "Newton", "Town_Code": "NEW", "State": "MA", "Description__street_segment_": "1046-1267 CENTRE ST, NEW, PELHAM ST, LANGLEY RD", "Diameter": 10, "Material": "Cast Iron", "Operating_Pressure": "LP", "NPA_Opportunity": "No - Impact to System Integration", "LPP_Footage": 5750, "LPP_Mileage_": 1.09, "lat": 42.3310577, "lon": -71.1962969, "Mapped_address": "Pelham St, Newton, MA 02459, USA", "FID": 1225}}, {"type": "Feature", "id": 1226, "geometry": {"type": "Point", "coordinates": [-71.217956, 42.3221059]}, "properties": {"Line": 529, "Company": "Boston Gas", "Division": "Waltham", "Town": "Newton", "Town_Code": "NEW", "State": "MA", "Description__street_segment_": "107-230 WOODWARD ST, NEW, MAYFLOWER TERR", "Diameter": 8, "Material": "Cast Iron", "Operating_Pressure": "LP", "NPA_Opportunity": "Yes - Potential NPA", "LPP_Footage": 3515, "LPP_Mileage_": 0.67, "lat": 42.3221059, "lon": -71.217956, "Mapped_address": "168 Woodward St, Newton, MA 02461, USA", "FID": 1226}}, {"type": "Feature", "id": 1227, "geometry": {"type": "Point", "coordinates": [-71.22065119, 42.32150971]}, "properties": {"Line": 529, "Company": "Boston Gas", "Division": "Waltham", "Town": "Newton", "Town_Code": "NEW", "State": "MA", "Description__street_segment_": "107-230 WOODWARD ST, NEW, MAYFLOWER TERR", "Diameter": 8, "Material": "Cast Iron", "Operating_Pressure": "LP", "NPA_Opportunity": "Yes - Potential NPA", "LPP_Footage": 3515, "LPP_Mileage_": 0.67, "lat": 42.32150971, "lon": -71.22065119, "Mapped_address": "Mayflower Terrace, Newton, MA 02461, USA", "FID": 1227}}, {"type": "Feature", "id": 1228, "geometry": {"type": "Point", "coordinates": [-71.20712823, 42.32354568]}, "properties": {"Line": 530, "Company": "Boston Gas", "Division": "Waltham", "Town": "Newton", "Town_Code": "NEW", "State": "MA", "Description__street_segment_": "1080-1136 WALNUT ST, NEW, COLUMBUS ST", "Diameter": 12, "Material": "Cast Iron", "Operating_Pressure": "LP", "NPA_Opportunity": "Yes - Potential NPA", "LPP_Footage": 4185, "LPP_Mileage_": 0.79, "lat": 42.32354568, "lon": -71.20712823, "Mapped_address": "1108 Walnut St, Newton, MA 02461, USA", "FID": 1228}}, {"type": "Feature", "id": 1229, "geometry": {"type": "Point", "coordinates": [-71.20842933, 42.32269775]}, "properties": {"Line": 530, "Company": "Boston Gas", "Division": "Waltham", "Town": "Newton", "Town_Code": "NEW", "State": "MA", "Description__street_segment_": "1080-1136 WALNUT ST, NEW, COLUMBUS ST", "Diameter": 12, "Material": "Cast Iron", "Operating_Pressure": "LP", "NPA_Opportunity": "Yes - Potential NPA", "LPP_Footage": 4185, "LPP_Mileage_": 0.79, "lat": 42.32269775, "lon": -71.20842933, "Mapped_address": "Columbus St, Newton, MA 02461, USA", "FID": 1229}}, {"type": "Feature", "id": 1230, "geometry": {"type": "Point", "coordinates": [-71.20914118, 42.31325668]}, "properties": {"Line": 531, "Company": "Boston Gas", "Division": "Waltham", "Town": "Newton", "Town_Code": "NEW", "State": "MA", "Description__street_segment_": "112-284 WINCHESTER ST, NEW", "Diameter": 12, "Material": "Cast Iron", "Operating_Pressure": "22", "NPA_Opportunity": "Yes - Potential NPA, partial scope", "LPP_Footage": 2990, "LPP_Mileage_": 0.57, "lat": 42.31325668, "lon": -71.20914118, "Mapped_address": "198 Winchester St, Newton, MA 02461, USA", "FID": 1230}}, {"type": "Feature", "id": 1231, "geometry": {"type": "Point", "coordinates": [-71.19733428, 42.31739211]}, "properties": {"Line": 532, "Company": "Boston Gas", "Division": "Waltham", "Town": "Newton", "Town_Code": "NEW", "State": "MA", "Description__street_segment_": "1-124 PARKER AV, NEW", "Diameter": 8, "Material": "Cast Iron", "Operating_Pressure": "LP", "NPA_Opportunity": "No - Impact to System Integration", "LPP_Footage": 3925, "LPP_Mileage_": 0.74, "lat": 42.31739211, "lon": -71.19733428, "Mapped_address": "62 Parker Ave, Newton, MA 02461, USA", "FID": 1231}}, {"type": "Feature", "id": 1232, "geometry": {"type": "Point", "coordinates": [-71.20608169, 42.32161351]}, "properties": {"Line": 533, "Company": "Boston Gas", "Division": "Waltham", "Town": "Newton", "Town_Code": "NEW", "State": "MA", "Description__street_segment_": "1136-1208 WALNUT ST, NEW, HYDE ST", "Diameter": 10, "Material": "Cast Iron", "Operating_Pressure": "LP", "NPA_Opportunity": "Yes - Potential NPA, partial scope", "LPP_Footage": 3255, "LPP_Mileage_": 0.62, "lat": 42.32161351, "lon": -71.20608169, "Mapped_address": "1172 Walnut St, Newton, MA 02461, USA", "FID": 1232}}, {"type": "Feature", "id": 1233, "geometry": {"type": "Point", "coordinates": [-71.2045635, 42.3239026]}, "properties": {"Line": 533, "Company": "Boston Gas", "Division": "Waltham", "Town": "Newton", "Town_Code": "NEW", "State": "MA", "Description__street_segment_": "1136-1208 WALNUT ST, NEW, HYDE ST", "Diameter": 10, "Material": "Cast Iron", "Operating_Pressure": "LP", "NPA_Opportunity": "Yes - Potential NPA, partial scope", "LPP_Footage": 3255, "LPP_Mileage_": 0.62, "lat": 42.3239026, "lon": -71.2045635, "Mapped_address": "Hyde St, Newton, MA 02461, USA", "FID": 1233}}, {"type": "Feature", "id": 1234, "geometry": {"type": "Point", "coordinates": [-71.18689019, 42.3589773]}, "properties": {"Line": 534, "Company": "Boston Gas", "Division": "Waltham", "Town": "Newton", "Town_Code": "NEW", "State": "MA", "Description__street_segment_": "11-56 CARLETON ST, NEW", "Diameter": 4, "Material": "Cast Iron", "Operating_Pressure": "LP", "NPA_Opportunity": "Yes - Potential NPA, entire scope", "LPP_Footage": 820, "LPP_Mileage_": 0.16, "lat": 42.3589773, "lon": -71.18689019, "Mapped_address": "33 Carleton St, Newton, MA 02458, USA", "FID": 1234}}, {"type": "Feature", "id": 1235, "geometry": {"type": "Point", "coordinates": [-71.18638536, 42.35787069]}, "properties": {"Line": 535, "Company": "Boston Gas", "Division": "Waltham", "Town": "Newton", "Town_Code": "NEW", "State": "MA", "Description__street_segment_": "1-18 BACON ST, NEW", "Diameter": 4, "Material": "Cast Iron", "Operating_Pressure": "LP", "NPA_Opportunity": "No - Impact to System Integration", "LPP_Footage": 380, "LPP_Mileage_": 0.07, "lat": 42.35787069, "lon": -71.18638536, "Mapped_address": "9 Bacon St, Newton, MA 02458, USA", "FID": 1235}}, {"type": "Feature", "id": 1236, "geometry": {"type": "Point", "coordinates": [-71.252048, 42.3499621]}, "properties": {"Line": 536, "Company": "Boston Gas", "Division": "Waltham", "Town": "Newton", "Town_Code": "NEW", "State": "MA", "Description__street_segment_": "1-35 OWATONNA ST, NEW, KAPOSIA ST", "Diameter": 6, "Material": "Cast Iron", "Operating_Pressure": "LP", "NPA_Opportunity": "Yes - Potential NPA", "LPP_Footage": 3515, "LPP_Mileage_": 0.67, "lat": 42.3499621, "lon": -71.252048, "Mapped_address": "Kaposia St, Newton, MA 02466, USA", "FID": 1236}}, {"type": "Feature", "id": 1237, "geometry": {"type": "Point", "coordinates": [-71.2173078, 42.3130726]}, "properties": {"Line": 537, "Company": "Boston Gas", "Division": "Waltham", "Town": "Newton", "Town_Code": "NEW", "State": "MA", "Description__street_segment_": "144-251 ELLIOT ST, NEW, MECHANIC ST", "Diameter": 12, "Material": "Cast Iron", "Operating_Pressure": "LP to 22", "NPA_Opportunity": "Yes - Potential NPA, partial scope", "LPP_Footage": 4255, "LPP_Mileage_": 0.81, "lat": 42.3130726, "lon": -71.2173078, "Mapped_address": "197 Elliot St, Newton, MA 02464, USA", "FID": 1237}}, {"type": "Feature", "id": 1238, "geometry": {"type": "Point", "coordinates": [-71.21783399, 42.31172476]}, "properties": {"Line": 537, "Company": "Boston Gas", "Division": "Waltham", "Town": "Newton", "Town_Code": "NEW", "State": "MA", "Description__street_segment_": "144-251 ELLIOT ST, NEW, MECHANIC ST", "Diameter": 12, "Material": "Cast Iron", "Operating_Pressure": "LP to 22", "NPA_Opportunity": "Yes - Potential NPA, partial scope", "LPP_Footage": 4255, "LPP_Mileage_": 0.81, "lat": 42.31172476, "lon": -71.21783399, "Mapped_address": "Mechanic St, Newton, MA 02464, USA", "FID": 1238}}]}