{"type": "FeatureCollection", "features": [{"type": "Feature", "id": 1, "geometry": {"type": "Point", "coordinates": [-70.9872923, 42.0696278]}, "properties": {"F_": 138, "District": "Brockton", "Town": "Brockton", "Street": "Thatcher/Elm", "Retirement_Footage": "7,648'", "Material": "   UCS", "Installation_Footage": "7,648'", "Size_s__to_Install_": "8\"\r", "lat": 42.0696278, "lon": -70.9872923, "Mapped_address": "Thatcher St, Brockton, MA, USA", "FID": 1}}, {"type": "Feature", "id": 2, "geometry": {"type": "Point", "coordinates": [-71.1578844, 42.7122864]}, "properties": {"F_": 168, "District": "Lawrence", "Town": "Lawrence", "Street": "Mechanic Street (Newbury/Elm/E Haverhill) ", "Retirement_Footage": "1,350'", "Material": "CI", "Installation_Footage": "1350'", "Size_s__to_Install_": "6\"\r", "lat": 42.7122864, "lon": -71.1578844, "Mapped_address": "Elm St, Lawrence, MA 01841, USA", "FID": 2}}, {"type": "Feature", "id": 3, "geometry": {"type": "Point", "coordinates": [-71.1253322, 42.7413813]}, "properties": {"F_": 215, "District": "Lawrence", "Town": "Methuen", "Street": "Pitman / Merrimack St", "Retirement_Footage": "8,750'", "Material": "CI   BS", "Installation_Footage": "9850'", "Size_s__to_Install_": "4\",8\"\r", "lat": 42.7413813, "lon": -71.1253322, "Mapped_address": "Pitman St, Methuen, MA 01844, USA", "FID": 3}}, {"type": "Feature", "id": 4, "geometry": {"type": "Point", "coordinates": [-72.5193261, 42.1102667]}, "properties": {"F_": 292, "District": "Springfield", "Town": "Springfield", "Street": "Bacon", "Retirement_Footage": "3,619'", "Material": "   UCS", "Installation_Footage": "3,619'", "Size_s__to_Install_": "6\"\r", "lat": 42.1102667, "lon": -72.5193261, "Mapped_address": "Bacon Rd, Springfield, MA 01119, USA", "FID": 4}}, {"type": "Feature", "id": 5, "geometry": {"type": "Point", "coordinates": [-72.5527162, 42.1219408]}, "properties": {"F_": 296, "District": "Springfield", "Town": "Springfield", "Street": "Blunt", "Retirement_Footage": "5,441'", "Material": "CI", "Installation_Footage": "5,441'", "Size_s__to_Install_": "2\", 4\"\r", "lat": 42.1219408, "lon": -72.5527162, "Mapped_address": "Blunt Rd, Springfield, MA 01109, USA", "FID": 5}}, {"type": "Feature", "id": 6, "geometry": {"type": "Point", "coordinates": [-72.568453, 42.1131455]}, "properties": {"F_": 297, "District": "Springfield", "Town": "Springfield", "Street": "Buckingham", "Retirement_Footage": "2,764'", "Material": "CI", "Installation_Footage": "2,764'", "Size_s__to_Install_": "6\"\r", "lat": 42.1131455, "lon": -72.568453, "Mapped_address": "Buckingham St, Springfield, MA 01109, USA", "FID": 6}}, {"type": "Feature", "id": 7, "geometry": {"type": "Point", "coordinates": [-72.5494472, 42.08612]}, "properties": {"F_": 374, "District": "Springfield", "Town": "Springfield", "Street": "Whittier", "Retirement_Footage": "3980'", "Material": "CI", "Installation_Footage": "3980'", "Size_s__to_Install_": "6\"\r", "lat": 42.08612, "lon": -72.5494472, "Mapped_address": "Whittier St, Springfield, MA 01108, USA", "FID": 7}}, {"type": "Feature", "id": 8, "geometry": {"type": "Point", "coordinates": [-72.5983668, 42.1379409]}, "properties": {"F_": 378, "District": "Springfield", "Town": "Chicopee", "Street": "Conrad", "Retirement_Footage": "4279'", "Material": "CI", "Installation_Footage": "4279'", "Size_s__to_Install_": "4\", 6\"\r", "lat": 42.1379409, "lon": -72.5983668, "Mapped_address": "Conrad St, Chicopee, MA 01013, USA", "FID": 8}}, {"type": "Feature", "id": 9, "geometry": {"type": "Point", "coordinates": [-71.0321949194212, 42.0816090961923]}, "properties": {"F_": 138, "District": "Brockton", "Town": "Brockton", "Street": "Thatcher/Elm", "Retirement_Footage": "7,648'", "Material": "   UCS", "Installation_Footage": "7,648'", "Size_s__to_Install_": "8\"\r", "lat": 42.0816090961923, "lon": -71.0321949194212, "Mapped_address": "W Elm St, Brockton, MA, USA", "FID": 9}}, {"type": "Feature", "id": 10, "geometry": {"type": "Point", "coordinates": [-72.6415344040621, 42.3256528500093]}, "properties": {"F_": 381, "District": "Springfield", "Town": "Northhampton", "Street": "Hillside", "Retirement_Footage": "5333'", "Material": "CI", "Installation_Footage": "5388'", "Size_s__to_Install_": "3\", 4\", 6\"\r", "lat": 42.3256528500093, "lon": -72.6415344040621, "Mapped_address": "Hillside Rd, Northampton, MA, USA", "FID": 10}}, {"type": "Feature", "id": 11, "geometry": {"type": "Point", "coordinates": [-72.5551640329121, 42.0911101895072]}, "properties": {"F_": 383, "District": "Springfield", "Town": "Springfield ", "Street": "Gordon", "Retirement_Footage": "2966'", "Material": "CI", "Installation_Footage": "2966'", "Size_s__to_Install_": "3\", 4\", 6\"\r", "lat": 42.0911101895072, "lon": -72.5551640329121, "Mapped_address": "Gordon St, Springfield , MA, USA", "FID": 11}}, {"type": "Feature", "id": 12, "geometry": {"type": "Point", "coordinates": [-72.6449375329125, 42.0851835321158]}, "properties": {"F_": 352, "District": "Springfield", "Town": "Agawam", "Street": "Harding Avenue", "Retirement_Footage": "2,000'", "Material": "CI", "Installation_Footage": "2,425'", "Size_s__to_Install_": "2\"\r", "lat": 42.0851835321158, "lon": -72.6449375329125, "Mapped_address": "Harding St, Agawam, MA, USA", "FID": 12}}, {"type": "Feature", "id": 13, "geometry": {"type": "Point", "coordinates": [-72.5849958548545, 42.1182071457186]}, "properties": {"F_": 273, "District": "Springfield", "Town": "Springfield", "Street": "SPRINGFIELD on LIBERTY from GENESEE to RAMP-RT 291 EB TO ARMORY CIRCLE-2095751", "Retirement_Footage": "2,400'", "Material": "CI   UCS", "Installation_Footage": "2,405'", "Size_s__to_Install_": "2\", 6\"\r", "lat": 42.1182071457186, "lon": -72.5849958548545, "Mapped_address": "Liberty St, Springfield, MA, USA", "FID": 13}}, {"type": "Feature", "id": 14, "geometry": {"type": "Point", "coordinates": [-71.0212994040771, 42.0730192254226]}, "properties": {"F_": 89, "District": "Brockton", "Town": "Brockton", "Street": "BRO - Warren St", "Retirement_Footage": "950'", "Material": "CI", "Installation_Footage": "950'", "Size_s__to_Install_": "2\"\r", "lat": 42.0730192254226, "lon": -71.0212994040771, "Mapped_address": "Warren Ave, Brockton, MA, USA", "FID": 14}}, {"type": "Feature", "id": 15, "geometry": {"type": "Point", "coordinates": [-72.5623912040721, 42.1552983113104]}, "properties": {"F_": 301, "District": "Springfield", "Town": "Chicopee", "Street": "CHICOPEE on BALTIMORE from MAIN to NEW YORK-2096799", "Retirement_Footage": "2,570'", "Material": "CI   UCS", "Installation_Footage": "2,670'", "Size_s__to_Install_": "2\"\r", "lat": 42.1552983113104, "lon": -72.5623912040721, "Mapped_address": "Baltimore Ave, Chicopee, MA, USA", "FID": 15}}, {"type": "Feature", "id": 16, "geometry": {"type": "Point", "coordinates": [-72.5845290919153, 42.1283278761794]}, "properties": {"F_": 274, "District": "Springfield", "Town": "Springfield", "Street": "SPRINGFIELD on LIBERTY from LANGDON to DENTON-2105802", "Retirement_Footage": "2,115'", "Material": "CI", "Installation_Footage": "2,140'", "Size_s__to_Install_": "2\", 6\"\r", "lat": 42.1283278761794, "lon": -72.5845290919153, "Mapped_address": "Liberty St, Springfield, MA, USA", "FID": 16}}, {"type": "Feature", "id": 17, "geometry": {"type": "Point", "coordinates": [-71.2679842, 41.9588128]}, "properties": {"F_": 13, "District": "Brockton", "Town": "Attleboro", "Street": "ATT Division St", "Retirement_Footage": "1,570'", "Material": "   BS", "Installation_Footage": "1570'", "Size_s__to_Install_": "2\"\r", "lat": 41.9588128, "lon": -71.2679842, "Mapped_address": "Division St, Attleboro, MA 02703, USA", "FID": 17}}, {"type": "Feature", "id": 18, "geometry": {"type": "Point", "coordinates": [-70.969022, 42.0464331]}, "properties": {"F_": 118, "District": "Brockton", "Town": "East Bridgewater", "Street": "Elm St", "Retirement_Footage": "2,899'", "Material": "   UCS", "Installation_Footage": "2,899'", "Size_s__to_Install_": "2\"\r", "lat": 42.0464331, "lon": -70.969022, "Mapped_address": "Elm St, East Bridgewater, MA 02333, USA", "FID": 18}}, {"type": "Feature", "id": 19, "geometry": {"type": "Point", "coordinates": [-71.0320939, 42.1521407]}, "properties": {"F_": 95, "District": "Brockton", "Town": "Randolph", "Street": "RAN Emerton Ave", "Retirement_Footage": "2,740'", "Material": "   UCS   BS", "Installation_Footage": "2750'", "Size_s__to_Install_": "2\"\r", "lat": 42.1521407, "lon": -71.0320939, "Mapped_address": "Emerton Ave, Randolph, MA 02368, USA", "FID": 19}}, {"type": "Feature", "id": 20, "geometry": {"type": "Point", "coordinates": [-71.2303581040741, 42.1245542929222]}, "properties": {"F_": 126, "District": "Brockton", "Town": "Foxboro", "Street": "Providence Pike", "Retirement_Footage": "3,228'", "Material": "   UCS", "Installation_Footage": "3,228'", "Size_s__to_Install_": "6\"\r", "lat": 42.1245542929222, "lon": -71.2303581040741, "Mapped_address": "Boston Providence Highway, Foxborough, MA, USA", "FID": 20}}, {"type": "Feature", "id": 21, "geometry": {"type": "Point", "coordinates": [-71.1949530482204, 42.7026696824579]}, "properties": {"F_": 190, "District": "Lawrence", "Town": "Methuen", "Street": "Glen St", "Retirement_Footage": "3,000'", "Material": "CI", "Installation_Footage": "3000'", "Size_s__to_Install_": "4\"\r", "lat": 42.7026696824579, "lon": -71.1949530482204, "Mapped_address": "Glen Ave, Methuen, MA, USA", "FID": 21}}, {"type": "Feature", "id": 22, "geometry": {"type": "Point", "coordinates": [-72.564312853816, 42.090419150275]}, "properties": {"F_": 270, "District": "Springfield", "Town": "Springfield", "Street": "SPRINGFIELD on HORACE from DICKINSON to GLENDELL-2100099", "Retirement_Footage": "2,290'", "Material": "CI", "Installation_Footage": "2,290'", "Size_s__to_Install_": "6\"\r", "lat": 42.090419150275, "lon": -72.564312853816, "Mapped_address": "Horace St, Springfield, MA 01108, USA", "FID": 22}}, {"type": "Feature", "id": 23, "geometry": {"type": "Point", "coordinates": [-72.5899748347358, 42.1719833987074]}, "properties": {"F_": 342, "District": "Springfield", "Town": "Chicopee", "Street": "CHICOPEE on CHAPEL from LAFAYETTE to GRANBY-2149090", "Retirement_Footage": "1,855'", "Material": "   UCS   BS", "Installation_Footage": "1,855'", "Size_s__to_Install_": "2\"\r", "lat": 42.1719833987074, "lon": -72.5899748347358, "Mapped_address": "Chapel St, Chicopee, MA, USA", "FID": 23}}, {"type": "Feature", "id": 24, "geometry": {"type": "Point", "coordinates": [-71.1573135, 42.624988]}, "properties": {"F_": 231, "District": "Lawrence", "Town": "Andover", "Street": "Andover @ Highvale Ln", "Retirement_Footage": "4116'", "Material": "CI   UCS   BS", "Installation_Footage": "4150'", "Size_s__to_Install_": "4\", 6\"\r", "lat": 42.624988, "lon": -71.1573135, "Mapped_address": "Highvale Ln, Andover, MA 01810, USA", "FID": 24}}, {"type": "Feature", "id": 25, "geometry": {"type": "Point", "coordinates": [-70.8788051, 42.098739]}, "properties": {"F_": 33, "District": "Brockton", "Town": "Hanover", "Street": "HAN King St North", "Retirement_Footage": "1,250'", "Material": "   BS", "Installation_Footage": "1250'", "Size_s__to_Install_": "8\"\r", "lat": 42.098739, "lon": -70.8788051, "Mapped_address": "King St, Hanover, MA, USA", "FID": 25}}, {"type": "Feature", "id": 26, "geometry": {"type": "Point", "coordinates": [-71.012103, 42.053937]}, "properties": {"F_": 22, "District": "Brockton", "Town": "Brockton", "Street": "BRO - Main St @ Thayer", "Retirement_Footage": "2,930'", "Material": "CI   UCS", "Installation_Footage": "2930'", "Size_s__to_Install_": "2\"\r", "lat": 42.053937, "lon": -71.012103, "Mapped_address": "Main St and Thayer Ave, Brockton, MA 02301, USA", "FID": 26}}, {"type": "Feature", "id": 27, "geometry": {"type": "Point", "coordinates": [-72.5790111388188, 42.1576423159138]}, "properties": {"F_": 306, "District": "Springfield", "Town": "Chicopee", "Street": "CHICOPEE on MAPLE from BELCHER to MAIN-2096337", "Retirement_Footage": "1,435'", "Material": "CI", "Installation_Footage": "1,725'", "Size_s__to_Install_": "2\", 4\"\r", "lat": 42.1576423159138, "lon": -72.5790111388188, "Mapped_address": "Maple St, Chicopee, MA 01020, USA", "FID": 27}}, {"type": "Feature", "id": 28, "geometry": {"type": "Point", "coordinates": [-71.0467954482529, 42.1554924963411]}, "properties": {"F_": 43, "District": "Brockton", "Town": "Randolph", "Street": "RAN Martin St", "Retirement_Footage": "900'", "Material": "   BS", "Installation_Footage": "900'", "Size_s__to_Install_": "2\"\r", "lat": 42.1554924963411, "lon": -71.0467954482529, "Mapped_address": "Martin Terrace, Randolph, MA, USA", "FID": 28}}, {"type": "Feature", "id": 29, "geometry": {"type": "Point", "coordinates": [-72.5060984, 42.1574443]}, "properties": {"F_": 358, "District": "Springfield", "Town": "Springfield", "Street": "Myrtle Street", "Retirement_Footage": "5,175'", "Material": "CI", "Installation_Footage": "5,325'", "Size_s__to_Install_": "2\", 8\"\r", "lat": 42.1574443, "lon": -72.5060984, "Mapped_address": "Myrtle St, Springfield, MA 01151, USA", "FID": 29}}, {"type": "Feature", "id": 30, "geometry": {"type": "Point", "coordinates": [-72.6298234040621, 42.3255059929068]}, "properties": {"F_": 255, "District": "Springfield", "Town": "Northampton", "Street": "NORTHAMPTON on LINDEN from NORTH to PARSONS-2095879", "Retirement_Footage": "1,550'", "Material": "CI", "Installation_Footage": "1,565'", "Size_s__to_Install_": "6\"\r", "lat": 42.3255059929068, "lon": -72.6298234040621, "Mapped_address": "Linden St, Northampton, MA, USA", "FID": 30}}, {"type": "Feature", "id": 31, "geometry": {"type": "Point", "coordinates": [-71.0576960538099, 42.1948182406852]}, "properties": {"F_": 96, "District": "Brockton", "Town": "Randolph", "Street": "RAN Harriett St", "Retirement_Footage": "1,630'", "Material": "   BS", "Installation_Footage": "1630'", "Size_s__to_Install_": "2\"\r", "lat": 42.1948182406852, "lon": -71.0576960538099, "Mapped_address": "Harriette St, Randolph, MA 02368, USA", "FID": 31}}, {"type": "Feature", "id": 32, "geometry": {"type": "Point", "coordinates": [-72.5529192273981, 42.0800260206315]}, "properties": {"F_": 267, "District": "Springfield", "Town": "Springfield", "Street": "SPRINGFIELD on FOUNTAIN from GROVELAND to SHAWMUT-2095835", "Retirement_Footage": "4,435'", "Material": "CI   BS", "Installation_Footage": "4,475'", "Size_s__to_Install_": "2\", 4\"\r", "lat": 42.0800260206315, "lon": -72.5529192273981, "Mapped_address": "Fountain St, Springfield, MA 01108, USA", "FID": 32}}, {"type": "Feature", "id": 33, "geometry": {"type": "Point", "coordinates": [-72.6051852617451, 42.1436787623049]}, "properties": {"F_": 303, "District": "Springfield", "Town": "Chicopee", "Street": "CHICOPEE on CHAPIN from NONOTUCK to SPRINGFIELD-2149477", "Retirement_Footage": "2,750'", "Material": "CI   UCS   BS", "Installation_Footage": "2,805'", "Size_s__to_Install_": "2\", 4\"\r", "lat": 42.1436787623049, "lon": -72.6051852617451, "Mapped_address": "Chapin St, Chicopee, MA, USA", "FID": 33}}, {"type": "Feature", "id": 34, "geometry": {"type": "Point", "coordinates": [-72.5692866748251, 42.092364315104]}, "properties": {"F_": 272, "District": "Springfield", "Town": "Springfield", "Street": "SPRINGFIELD on LEYFRED from DARWELL to DICKINSON-2097103", "Retirement_Footage": "4,930'", "Material": "CI", "Installation_Footage": "4,935'", "Size_s__to_Install_": "6\"\r", "lat": 42.092364315104, "lon": -72.5692866748251, "Mapped_address": "Leyfred Terr, Springfield, MA, USA", "FID": 34}}, {"type": "Feature", "id": 35, "geometry": {"type": "Point", "coordinates": [-72.542946617568, 42.0812814247864]}, "properties": {"F_": 276, "District": "Springfield", "Town": "Springfield", "Street": "SPRINGFIELD on RUSKIN from ELEANOR to ?-2152102", "Retirement_Footage": "4,752'", "Material": "CI", "Installation_Footage": "4,752'", "Size_s__to_Install_": "2\"\r", "lat": 42.0812814247864, "lon": -72.542946617568, "Mapped_address": "Ruskin St, Springfield, MA, USA", "FID": 35}}, {"type": "Feature", "id": 36, "geometry": {"type": "Point", "coordinates": [-72.5783800966628, 42.1043326340816]}, "properties": {"F_": 278, "District": "Springfield", "Town": "Springfield", "Street": "SPRINGFIELD on UNION from RIDGEWOOD to INGRAHAM-2099025", "Retirement_Footage": "2,753'", "Material": "CI   UCS", "Installation_Footage": "2,800'", "Size_s__to_Install_": "6\"\r", "lat": 42.1043326340816, "lon": -72.5783800966628, "Mapped_address": "Union St, Springfield, MA, USA", "FID": 36}}, {"type": "Feature", "id": 37, "geometry": {"type": "Point", "coordinates": [-72.5622216617482, 42.1141956403913]}, "properties": {"F_": 264, "District": "Springfield", "Town": "Springfield", "Street": "SPRINGFIELD on ANDREW from STATE to BURR-2533685", "Retirement_Footage": "2,985'", "Material": "CI   BS", "Installation_Footage": "3,010'", "Size_s__to_Install_": "2\"\r", "lat": 42.1141956403913, "lon": -72.5622216617482, "Mapped_address": "Andrew St, Springfield, MA, USA", "FID": 37}}, {"type": "Feature", "id": 38, "geometry": {"type": "Point", "coordinates": [-72.5818478271241, 42.1258074984931]}, "properties": {"F_": 268, "District": "Springfield", "Town": "Springfield", "Street": "SPRINGFIELD on FREEMAN from HASTINGS to STOCKMAN-2098524", "Retirement_Footage": "3,855'", "Material": "CI", "Installation_Footage": "3,855'", "Size_s__to_Install_": "2\"\r", "lat": 42.1258074984931, "lon": -72.5818478271241, "Mapped_address": "Freeman Ter, Springfield, MA, USA", "FID": 38}}, {"type": "Feature", "id": 39, "geometry": {"type": "Point", "coordinates": [-72.600145326589, 42.1125522941306]}, "properties": {"F_": 326, "District": "Springfield", "Town": "Springfield", "Street": "SPRINGFIELD on DWIGHT from CHURCH to GROSVENOR-2101589", "Retirement_Footage": "2,530'", "Material": "CI", "Installation_Footage": "2,600'", "Size_s__to_Install_": "6\"\r", "lat": 42.1125522941306, "lon": -72.600145326589, "Mapped_address": "Dwight St, Springfield, MA, USA", "FID": 39}}, {"type": "Feature", "id": 40, "geometry": {"type": "Point", "coordinates": [-72.53374320645, 42.0928821834828]}, "properties": {"F_": 269, "District": "Springfield", "Town": "Springfield", "Street": "SPRINGFIELD on GILLETTE from ARVILLA to ALLEN-2096756", "Retirement_Footage": "5,020'", "Material": "CI   BS", "Installation_Footage": "4,720'", "Size_s__to_Install_": "2\"\r", "lat": 42.0928821834828, "lon": -72.53374320645, "Mapped_address": "Gillette Ave, Springfield, MA, USA", "FID": 40}}, {"type": "Feature", "id": 41, "geometry": {"type": "Point", "coordinates": [-72.5435083961425, 42.1122986942491]}, "properties": {"F_": 265, "District": "Springfield", "Town": "Springfield", "Street": "SPRINGFIELD on ELSIE from HIGHLAND to ALDEN-2097663", "Retirement_Footage": "2,400'", "Material": "CI   UCS   BS", "Installation_Footage": "2,120'", "Size_s__to_Install_": "6\"\r", "lat": 42.1122986942491, "lon": -72.5435083961425, "Mapped_address": "Elsie St, Springfield, MA, USA", "FID": 41}}, {"type": "Feature", "id": 42, "geometry": {"type": "Point", "coordinates": [-72.5507694850252, 42.0895461395629]}, "properties": {"F_": 271, "District": "Springfield", "Town": "Springfield", "Street": "SPRINGFIELD on KIMBERLY from WHITE to RUPERT-2105834", "Retirement_Footage": "4,735'", "Material": "CI", "Installation_Footage": "4,735'", "Size_s__to_Install_": "6\"\r", "lat": 42.0895461395629, "lon": -72.5507694850252, "Mapped_address": "Kimberly Ave, Springfield, MA, USA", "FID": 42}}, {"type": "Feature", "id": 43, "geometry": {"type": "Point", "coordinates": [-72.545379695842, 42.073757216323]}, "properties": {"F_": 277, "District": "Springfield", "Town": "Springfield", "Street": "SPRINGFIELD on TIFFANY from WEYMOUTH to CRAWFORD-2155949", "Retirement_Footage": "3,241'", "Material": "CI   UCS", "Installation_Footage": "3,241'", "Size_s__to_Install_": "6\"\r", "lat": 42.073757216323, "lon": -72.545379695842, "Mapped_address": "Tiffany St, Springfield, MA, USA", "FID": 43}}, {"type": "Feature", "id": 44, "geometry": {"type": "Point", "coordinates": [-72.5591525861248, 42.0779865378637]}, "properties": {"F_": 376, "District": "Springfield", "Town": "Springfield", "Street": "Trafton From Maryland to end of Texel", "Retirement_Footage": "4773'", "Material": "CI", "Installation_Footage": "4803'", "Size_s__to_Install_": "6\"\r", "lat": 42.0779865378637, "lon": -72.5591525861248, "Mapped_address": "Trafton Rd, Springfield, MA 01108, USA", "FID": 44}}, {"type": "Feature", "id": 45, "geometry": {"type": "Point", "coordinates": [-71.0422883, 42.1626663]}, "properties": {"F_": 128, "District": "Brockton", "Town": "Randolph", "Street": "RAN Turner St", "Retirement_Footage": "2,600'", "Material": "   UCS", "Installation_Footage": "2600'", "Size_s__to_Install_": "2\"\r", "lat": 42.1626663, "lon": -71.0422883, "Mapped_address": "Turner Ln, Randolph, MA 02368, USA", "FID": 45}}, {"type": "Feature", "id": 46, "geometry": {"type": "Point", "coordinates": [-71.0343044, 42.0159564]}, "properties": {"F_": 140, "District": "Brockton", "Town": "West Bridgewater", "Street": "WBW Center St", "Retirement_Footage": "1,650'", "Material": "   UCS", "Installation_Footage": "1650'", "Size_s__to_Install_": "2\"\r", "lat": 42.0159564, "lon": -71.0343044, "Mapped_address": "W Center St, West Bridgewater, MA, USA", "FID": 46}}, {"type": "Feature", "id": 47, "geometry": {"type": "Point", "coordinates": [-71.0992129, 42.1059835]}, "properties": {"F_": 52, "District": "Brockton", "Town": "Stoughton", "Street": "STO Washington St", "Retirement_Footage": "650'", "Material": "   BS", "Installation_Footage": "650'", "Size_s__to_Install_": "2\"\r", "lat": 42.1059835, "lon": -71.0992129, "Mapped_address": "Washington St, Stoughton, MA, USA", "FID": 47}}, {"type": "Feature", "id": 48, "geometry": {"type": "Point", "coordinates": [-72.6059006175627, 42.171034810222]}, "properties": {"F_": 241, "District": "Springfield", "Town": "Chicopee", "Street": "CHICOPEE on BOYLSTON from WORTHINGTON to MCKINSTRY-2149014", "Retirement_Footage": "600'", "Material": "   BS", "Installation_Footage": "600'", "Size_s__to_Install_": "2\"\r", "lat": 42.171034810222, "lon": -72.6059006175627, "Mapped_address": "Boylston St, Chicopee, MA, USA", "FID": 48}}, {"type": "Feature", "id": 49, "geometry": {"type": "Point", "coordinates": [-71.3599487599056, 41.9148930811402]}, "properties": {"F_": 14, "District": "Brockton", "Town": "Attleboro", "Street": "ATT Irving St", "Retirement_Footage": "2,300'", "Material": "   UCS   BS", "Installation_Footage": "2300'", "Size_s__to_Install_": "2\",4\"\r", "lat": 41.9148930811402, "lon": -71.3599487599056, "Mapped_address": "Irving Ave, Attleboro, MA 02703, USA", "FID": 49}}, {"type": "Feature", "id": 50, "geometry": {"type": "Point", "coordinates": [-71.0241610040767, 42.0783103897387]}, "properties": {"F_": 18, "District": "Brockton", "Town": "Brockton", "Street": "BRO - Bartlett At Phase 2 (Bridge to Main St)", "Retirement_Footage": "901'", "Material": "CI", "Installation_Footage": "3005'", "Size_s__to_Install_": "2\",8\"\r", "lat": 42.0783103897387, "lon": -71.0241610040767, "Mapped_address": "Bartlett St, Brockton, MA, USA", "FID": 50}}, {"type": "Feature", "id": 51, "geometry": {"type": "Point", "coordinates": [-71.0415255752398, 42.0906667525194]}, "properties": {"F_": 57, "District": "Brockton", "Town": "Attleboro", "Street": "Elmwood Ave - LP System Reduction", "Retirement_Footage": "3,008'", "Material": "CI   BS", "Installation_Footage": "3,910'", "Size_s__to_Install_": "2\"/6\"\r", "lat": 42.0906667525194, "lon": -71.0415255752398, "Mapped_address": "Elmwood Ave, Attleboro, MA 02703, USA", "FID": 51}}, {"type": "Feature", "id": 52, "geometry": {"type": "Point", "coordinates": [-70.6717028, 42.0393842]}, "properties": {"F_": 116, "District": "Brockton", "Town": "Duxbury", "Street": "DUX Canal St", "Retirement_Footage": "2,520'", "Material": "   BS", "Installation_Footage": "2520'", "Size_s__to_Install_": "2\"\r", "lat": 42.0393842, "lon": -70.6717028, "Mapped_address": "Duxbury, MA, USA", "FID": 52}}, {"type": "Feature", "id": 53, "geometry": {"type": "Point", "coordinates": [-72.6426986444343, 42.3372244145242]}, "properties": {"F_": 254, "District": "Springfield", "Town": "Northampton", "Street": "NORTHAMPTON on JACKSON from GLEASON to HAMPSHIRE-2104313", "Retirement_Footage": "1,980'", "Material": "CI", "Installation_Footage": "1,980'", "Size_s__to_Install_": "2\",6\"\r", "lat": 42.3372244145242, "lon": -72.6426986444343, "Mapped_address": "Jackson St, Northampton, MA, USA", "FID": 53}}, {"type": "Feature", "id": 54, "geometry": {"type": "Point", "coordinates": [-72.5705219378093, 42.0968227567911]}, "properties": {"F_": 266, "District": "Springfield", "Town": "Springfield", "Street": "SPRINGFIELD on FOSTER from GREENACRE to ?-2482942", "Retirement_Footage": "2,410'", "Material": "CI", "Installation_Footage": "2,410'", "Size_s__to_Install_": "2\"\r", "lat": 42.0968227567911, "lon": -72.5705219378093, "Mapped_address": "Foster St, Springfield, MA, USA", "FID": 54}}, {"type": "Feature", "id": 55, "geometry": {"type": "Point", "coordinates": [-72.5732018017032, 42.086025273325]}, "properties": {"F_": 275, "District": "Springfield", "Town": "Springfield", "Street": "SPRINGFIELD on RIVERVIEW from FORT PLEASANT to CHASE-2100892", "Retirement_Footage": "2,780'", "Material": "CI", "Installation_Footage": "2,830'", "Size_s__to_Install_": "2\", 4\"\r", "lat": 42.086025273325, "lon": -72.5732018017032, "Mapped_address": "Riverview St, Springfield, MA, USA", "FID": 55}}, {"type": "Feature", "id": 56, "geometry": {"type": "Point", "coordinates": [-72.6011584755371, 42.1921856253766]}, "properties": {"F_": 279, "District": "Springfield", "Town": "Chicopee", "Street": "Tourtelatte St", "Retirement_Footage": "675'", "Material": "CI   UCS", "Installation_Footage": "885'", "Size_s__to_Install_": "2\"\r", "lat": 42.1921856253766, "lon": -72.6011584755371, "Mapped_address": "Tourtelotte Ave, Chicopee, MA, USA", "FID": 56}}, {"type": "Feature", "id": 57, "geometry": {"type": "Point", "coordinates": [-72.5777362905807, 42.1542735607855]}, "properties": {"F_": 304, "District": "Springfield", "Town": "Chicopee", "Street": "CHICOPEE on COCHRAN from BROADWAY to ?-2482627", "Retirement_Footage": "750'", "Material": "CI", "Installation_Footage": "750'", "Size_s__to_Install_": "2\"\r", "lat": 42.1542735607855, "lon": -72.5777362905807, "Mapped_address": "Cochran St, Chicopee, MA, USA", "FID": 57}}, {"type": "Feature", "id": 58, "geometry": {"type": "Point", "coordinates": [-72.5730144464037, 42.0898947457101]}, "properties": {"F_": 328, "District": "Springfield", "Town": "Springfield", "Street": "SPRINGFIELD on WOODSIDE from BELMONT to LEYFRED-2098949", "Retirement_Footage": "4,500'", "Material": "CI", "Installation_Footage": "5,100'", "Size_s__to_Install_": "6\"\r", "lat": 42.0898947457101, "lon": -72.5730144464037, "Mapped_address": "Woodside Ter, Springfield, MA, USA", "FID": 58}}, {"type": "Feature", "id": 59, "geometry": {"type": "Point", "coordinates": [-72.6178397463989, 42.1727479593229]}, "properties": {"F_": 305, "District": "Springfield", "Town": "Springfield", "Street": "CHICOPEE on CRESCENT from MCKINSTRY to SOUTHERN-2159019", "Retirement_Footage": "3,102'", "Material": "   BS", "Installation_Footage": "3,102'", "Size_s__to_Install_": "2\"\r", "lat": 42.1727479593229, "lon": -72.6178397463989, "Mapped_address": "Crescent Dr, Chicopee, MA, USA", "FID": 59}}, {"type": "Feature", "id": 60, "geometry": {"type": "Point", "coordinates": [-70.6416087, 42.0809944]}, "properties": {"F_": 35, "District": "Brockton", "Town": "Marshfield", "Street": "MFD Cove St #2", "Retirement_Footage": "550'", "Material": "   BS", "Installation_Footage": "680'", "Size_s__to_Install_": "2\"\r", "lat": 42.0809944, "lon": -70.6416087, "Mapped_address": "Cove St, Marshfield, MA 02050, USA", "FID": 60}}, {"type": "Feature", "id": 61, "geometry": {"type": "Point", "coordinates": [-70.7267067, 42.1980284]}, "properties": {"F_": 46, "District": "Brockton", "Town": "Scituate", "Street": "SCI Jericho Rd #2", "Retirement_Footage": "1,150'", "Material": "   BS", "Installation_Footage": "1150'", "Size_s__to_Install_": "6\"\r", "lat": 42.1980284, "lon": -70.7267067, "Mapped_address": "Jericho Rd, Scituate, MA 02066, USA", "FID": 61}}, {"type": "Feature", "id": 62, "geometry": {"type": "Point", "coordinates": [-71.0997834, 41.9246136]}, "properties": {"F_": 135, "District": "Brockton", "Town": "Taunton", "Street": "TAU Fifth Ave", "Retirement_Footage": "1,335'", "Material": "CI", "Installation_Footage": "1230'", "Size_s__to_Install_": "2\"\r", "lat": 41.9246136, "lon": -71.0997834, "Mapped_address": "5th Ave, Taunton, MA 02780, USA", "FID": 62}}, {"type": "Feature", "id": 63, "geometry": {"type": "Point", "coordinates": [-71.1697738403719, 42.7211515470182]}, "properties": {"F_": 154, "District": "Lawrence", "Town": "Lawrence", "Street": "Arlington @ Lawrence (Alder to Arlington)", "Retirement_Footage": "2900'", "Material": "CI", "Installation_Footage": "3800'", "Size_s__to_Install_": "6\"\r", "lat": 42.7211515470182, "lon": -71.1697738403719, "Mapped_address": "Arlington St at Lawrence St, Lawrence, MA 01843, USA", "FID": 63}}, {"type": "Feature", "id": 64, "geometry": {"type": "Point", "coordinates": [-72.5342497, 42.1550351]}, "properties": {"F_": 365, "District": "Springfield", "Town": "Springfield", "Street": "Second Avenue", "Retirement_Footage": "2,380'", "Material": "CI   BS", "Installation_Footage": "2,400'", "Size_s__to_Install_": "2\"\r", "lat": 42.1550351, "lon": -72.5342497, "Mapped_address": "2nd Ave, Springfield, MA 01151, USA", "FID": 64}}, {"type": "Feature", "id": 65, "geometry": {"type": "Point", "coordinates": [-71.291526, 41.942225]}, "properties": {"F_": 142, "District": "Brockton", "Town": "Attleboro ", "Street": "Fourth St", "Retirement_Footage": "6685'", "Material": "CI   BS", "Installation_Footage": "6888'", "Size_s__to_Install_": "3\", 4\", 6\"\r", "lat": 41.942225, "lon": -71.291526, "Mapped_address": "4th St, Attleboro, MA 02703, USA", "FID": 65}}, {"type": "Feature", "id": 66, "geometry": {"type": "Point", "coordinates": [-71.2871004, 41.9434841]}, "properties": {"F_": 143, "District": "Brockton ", "Town": "Attleboro ", "Street": "First St", "Retirement_Footage": "3487'", "Material": "CI   UCS   BS", "Installation_Footage": "3540'", "Size_s__to_Install_": "2\", 3\", 4\", 6\", 10\"\r", "lat": 41.9434841, "lon": -71.2871004, "Mapped_address": "1st St, Attleboro, MA 02703, USA", "FID": 66}}, {"type": "Feature", "id": 67, "geometry": {"type": "Point", "coordinates": [-70.7548572355477, 42.1739732456277]}, "properties": {"F_": 8, "District": "Brockton", "Town": "Scituate", "Street": "SCI Cornett Stetson Rd", "Retirement_Footage": "3,358'", "Material": "   UCS", "Installation_Footage": "3,360'", "Size_s__to_Install_": "6\"\r", "lat": 42.1739732456277, "lon": -70.7548572355477, "Mapped_address": "Cornet Stetson Rd, Scituate, MA, USA", "FID": 67}}, {"type": "Feature", "id": 68, "geometry": {"type": "Point", "coordinates": [-71.0234194, 42.0644497]}, "properties": {"F_": 144, "District": "Brockton ", "Town": "Brockton ", "Street": "Vesey St", "Retirement_Footage": "7680'", "Material": "CI   BS", "Installation_Footage": "7713'", "Size_s__to_Install_": "1\", 2\", 3\", 4\", 6\", 8\"\r", "lat": 42.0644497, "lon": -71.0234194, "Mapped_address": "Vesey St, Brockton, MA 02301, USA", "FID": 68}}, {"type": "Feature", "id": 69, "geometry": {"type": "Point", "coordinates": [-71.0212994, 42.0727883]}, "properties": {"F_": 145, "District": "Brockton ", "Town": "Brockton ", "Street": "Warren Ave", "Retirement_Footage": "2959'", "Material": "CI", "Installation_Footage": "2985'", "Size_s__to_Install_": "4\", 6\"\r", "lat": 42.0727883, "lon": -71.0212994, "Mapped_address": "Warren Ave, Brockton, MA 02301, USA", "FID": 69}}, {"type": "Feature", "id": 70, "geometry": {"type": "Point", "coordinates": [-71.022632, 42.0676407]}, "properties": {"F_": 146, "District": "Brockton ", "Town": "Brockton ", "Street": "Tribou St", "Retirement_Footage": "4911'", "Material": "CI", "Installation_Footage": "4911'", "Size_s__to_Install_": "3\", 4\", 6\"\r", "lat": 42.0676407, "lon": -71.022632, "Mapped_address": "Tribou St, Brockton, MA 02301, USA", "FID": 70}}, {"type": "Feature", "id": 71, "geometry": {"type": "Point", "coordinates": [-71.01862, 42.0658357]}, "properties": {"F_": 147, "District": "Brockton ", "Town": "Brockton ", "Street": "Calmar St", "Retirement_Footage": "4804'", "Material": "CI   BS", "Installation_Footage": "4991'", "Size_s__to_Install_": "1\", 2\", 3\", 4\", 6\", 8\"\r", "lat": 42.0658357, "lon": -71.01862, "Mapped_address": "Calmar St, Brockton, MA 02301, USA", "FID": 71}}, {"type": "Feature", "id": 72, "geometry": {"type": "Point", "coordinates": [-71.1172014, 42.6566374]}, "properties": {"F_": 210, "District": "Lawrence", "Town": "North Andover", "Street": "Kathleen Dr", "Retirement_Footage": "4,737'", "Material": "   UCS", "Installation_Footage": "4,737'", "Size_s__to_Install_": "4\"\r", "lat": 42.6566374, "lon": -71.1172014, "Mapped_address": "Kathleen Dr, Andover, MA 01810, USA", "FID": 72}}, {"type": "Feature", "id": 73, "geometry": {"type": "Point", "coordinates": [-72.5262087887314, 42.0897315553367]}, "properties": {"F_": 334, "District": "Springfield", "Town": "Springfield", "Street": "Canterbury Street", "Retirement_Footage": "1,983'", "Material": "CI", "Installation_Footage": "2,200'", "Size_s__to_Install_": "2\", 4\"\r", "lat": 42.0897315553367, "lon": -72.5262087887314, "Mapped_address": "Canterbury Rd, Springfield, MA, USA", "FID": 73}}, {"type": "Feature", "id": 74, "geometry": {"type": "Point", "coordinates": [-72.5596074752388, 42.1087139792106]}, "properties": {"F_": 384, "District": "Springfield", "Town": "Springfield", "Street": "Northampton St", "Retirement_Footage": "5160'", "Material": "CI", "Installation_Footage": "5165'", "Size_s__to_Install_": "3\", 4\", 6\"\r", "lat": 42.1087139792106, "lon": -72.5596074752388, "Mapped_address": "Northampton Ave, Springfield, MA, USA", "FID": 74}}, {"type": "Feature", "id": 75, "geometry": {"type": "Point", "coordinates": [-71.1146539, 41.8970948]}, "properties": {"F_": 1, "District": "Brockton", "Town": "Taunton", "Street": "Greylock St", "Retirement_Footage": "2612'", "Material": "CI   UCS   BS", "Installation_Footage": "3423'", "Size_s__to_Install_": "4\"\r", "lat": 41.8970948, "lon": -71.1146539, "Mapped_address": "Greylock Ave, Taunton, MA 02780, USA", "FID": 75}}, {"type": "Feature", "id": 76, "geometry": {"type": "Point", "coordinates": [-71.2862624, 41.9484634]}, "properties": {"F_": 2, "District": "Brockton", "Town": "Attleboro", "Street": "ATT Charles St", "Retirement_Footage": "2,140'", "Material": "CI", "Installation_Footage": "2200'", "Size_s__to_Install_": "2\",4\"\r", "lat": 41.9484634, "lon": -71.2862624, "Mapped_address": "Charles St, Attleboro, MA 02703, USA", "FID": 76}}, {"type": "Feature", "id": 77, "geometry": {"type": "Point", "coordinates": [-71.2909755, 41.9481662]}, "properties": {"F_": 3, "District": "Brockton", "Town": "Attleboro", "Street": "ATT John St", "Retirement_Footage": "2,590'", "Material": "CI", "Installation_Footage": "2600'", "Size_s__to_Install_": "2\",4\"\r", "lat": 41.9481662, "lon": -71.2909755, "Mapped_address": "John St, Attleboro, MA 02703, USA", "FID": 77}}, {"type": "Feature", "id": 78, "geometry": {"type": "Point", "coordinates": [-71.3133604, 42.0783733]}, "properties": {"F_": 4, "District": "Brockton", "Town": "Wrentham", "Street": "Dedham St Phase II", "Retirement_Footage": "3,338'", "Material": "   UCS", "Installation_Footage": "3,363'", "Size_s__to_Install_": "6\"\r", "lat": 42.0783733, "lon": -71.3133604, "Mapped_address": "Dedham St, Wrentham, MA, USA", "FID": 78}}, {"type": "Feature", "id": 79, "geometry": {"type": "Point", "coordinates": [-71.0145673, 42.0930603]}, "properties": {"F_": 5, "District": "Brockton", "Town": "Brockton", "Street": "Emmet St", "Retirement_Footage": "3,588'", "Material": "CI   UCS   BS", "Installation_Footage": "3,555'", "Size_s__to_Install_": "2\"\r", "lat": 42.0930603, "lon": -71.0145673, "Mapped_address": "Emmet St, Brockton, MA 02302, USA", "FID": 79}}, {"type": "Feature", "id": 80, "geometry": {"type": "Point", "coordinates": [-71.0334103, 42.0887912]}, "properties": {"F_": 6, "District": "Brockton", "Town": "Brockton", "Street": "Greenfield St", "Retirement_Footage": "3,197'", "Material": "CI", "Installation_Footage": "3,214'", "Size_s__to_Install_": "2\"\r", "lat": 42.0887912, "lon": -71.0334103, "Mapped_address": "Greenfield St, Brockton, MA 02301, USA", "FID": 80}}, {"type": "Feature", "id": 81, "geometry": {"type": "Point", "coordinates": [-71.0412113, 42.0916276]}, "properties": {"F_": 7, "District": "Brockton", "Town": "Brockton", "Street": "Montauk Rd", "Retirement_Footage": "2,568'", "Material": "CI   UCS", "Installation_Footage": "2,400'", "Size_s__to_Install_": "2\"\r", "lat": 42.0916276, "lon": -71.0412113, "Mapped_address": "Montauk Rd, Brockton, MA 02301, USA", "FID": 81}}, {"type": "Feature", "id": 82, "geometry": {"type": "Point", "coordinates": [-70.7601493, 42.2360468]}, "properties": {"F_": 9, "District": "Brockton", "Town": "Scituate", "Street": "Scituate Beach Program Ph 2 ", "Retirement_Footage": "7,512'", "Material": "   BS", "Installation_Footage": "10,367'", "Size_s__to_Install_": "2\",4\"\r", "lat": 42.2360468, "lon": -70.7601493, "Mapped_address": "North Scituate Beach, Scituate, MA 02066, USA", "FID": 82}}, {"type": "Feature", "id": 83, "geometry": {"type": "Point", "coordinates": [-71.0320652, 42.0693407]}, "properties": {"F_": 10, "District": "Brockton", "Town": "Brockton", "Street": "Verne St", "Retirement_Footage": "2,194'", "Material": "CI   UCS", "Installation_Footage": "2,175'", "Size_s__to_Install_": "2\"\r", "lat": 42.0693407, "lon": -71.0320652, "Mapped_address": "Verne St, Brockton, MA 02301, USA", "FID": 83}}, {"type": "Feature", "id": 84, "geometry": {"type": "Point", "coordinates": [-71.2843132, 41.9501145]}, "properties": {"F_": 11, "District": "Brockton", "Town": "Attleboro", "Street": "ATT Bank St", "Retirement_Footage": "0'", "Material": null, "Installation_Footage": "1920'", "Size_s__to_Install_": "2\"\r", "lat": 41.9501145, "lon": -71.2843132, "Mapped_address": "Bank St, Attleboro, MA 02703, USA", "FID": 84}}, {"type": "Feature", "id": 85, "geometry": {"type": "Point", "coordinates": [-71.3180939, 41.9183647]}, "properties": {"F_": 12, "District": "Brockton", "Town": "Attleboro", "Street": "ATT County St", "Retirement_Footage": "2,460'", "Material": "CI   UCS", "Installation_Footage": "2500'", "Size_s__to_Install_": "2\"\r", "lat": 41.9183647, "lon": -71.3180939, "Mapped_address": "County St, Attleboro, MA 02703, USA", "FID": 85}}, {"type": "Feature", "id": 86, "geometry": {"type": "Point", "coordinates": [-71.291246, 41.942016]}, "properties": {"F_": 15, "District": "Brockton", "Town": "Attleboro", "Street": "ATT Jefferson St", "Retirement_Footage": "2,765'", "Material": "CI", "Installation_Footage": "2800'", "Size_s__to_Install_": "2\"\r", "lat": 41.942016, "lon": -71.291246, "Mapped_address": "Jefferson St, Attleboro, MA 02703, USA", "FID": 86}}, {"type": "Feature", "id": 87, "geometry": {"type": "Point", "coordinates": [-71.3035764, 41.9165242]}, "properties": {"F_": 16, "District": "Brockton", "Town": "Attleboro", "Street": "ATT Main St @ Tiffany St", "Retirement_Footage": "1,300'", "Material": "   UCS", "Installation_Footage": "1300'", "Size_s__to_Install_": "2\"\r", "lat": 41.9165242, "lon": -71.3035764, "Mapped_address": "Tiffany St & S Main St, Attleboro, MA 02703, USA", "FID": 87}}, {"type": "Feature", "id": 88, "geometry": {"type": "Point", "coordinates": [-71.3082054, 41.9333404]}, "properties": {"F_": 17, "District": "Brockton", "Town": "Attleboro", "Street": "ATT Snell St", "Retirement_Footage": "300'", "Material": "   BS", "Installation_Footage": "300'", "Size_s__to_Install_": "2\"\r", "lat": 41.9333404, "lon": -71.3082054, "Mapped_address": "Snell St, Attleboro, MA 02703, USA", "FID": 88}}, {"type": "Feature", "id": 89, "geometry": {"type": "Point", "coordinates": [-71.0059274, 42.0699349]}, "properties": {"F_": 19, "District": "Brockton", "Town": "Brockton", "Street": "Bro - Carlisle St", "Retirement_Footage": "425'", "Material": "   BS", "Installation_Footage": "440'", "Size_s__to_Install_": "2\"\r", "lat": 42.0699349, "lon": -71.0059274, "Mapped_address": "Carlisle St, Brockton, MA 02302, USA", "FID": 89}}, {"type": "Feature", "id": 90, "geometry": {"type": "Point", "coordinates": [-71.0260079, 42.0852539]}, "properties": {"F_": 20, "District": "Brockton", "Town": "Brockton", "Street": "BRO - Glenwood St", "Retirement_Footage": "1,200'", "Material": "CI", "Installation_Footage": "1200'", "Size_s__to_Install_": "2\"\r", "lat": 42.0852539, "lon": -71.0260079, "Mapped_address": "Glenwood St, Brockton, MA 02301, USA", "FID": 90}}, {"type": "Feature", "id": 91, "geometry": {"type": "Point", "coordinates": [-71.0602916, 42.0522629]}, "properties": {"F_": 21, "District": "Brockton", "Town": "Brockton", "Street": "BRO - Liberty St", "Retirement_Footage": "3,356'", "Material": "   UCS   BS", "Installation_Footage": "3356'", "Size_s__to_Install_": "6\"\r", "lat": 42.0522629, "lon": -71.0602916, "Mapped_address": "Liberty St, Brockton, MA, USA", "FID": 91}}, {"type": "Feature", "id": 92, "geometry": {"type": "Point", "coordinates": [-71.0170613, 42.0770274]}, "properties": {"F_": 23, "District": "Brockton", "Town": "Brockton", "Street": "BRO - Montello St @ Lawrence St", "Retirement_Footage": "2,250'", "Material": "CI", "Installation_Footage": "2200'", "Size_s__to_Install_": "2\"\r", "lat": 42.0770274, "lon": -71.0170613, "Mapped_address": "Montello St & Lawrence St, Brockton, MA 02301, USA", "FID": 92}}, {"type": "Feature", "id": 93, "geometry": {"type": "Point", "coordinates": [-71.0653122, 42.0957982]}, "properties": {"F_": 24, "District": "Brockton", "Town": "Brockton", "Street": "BRO - Pearl St Phase 1 of 2", "Retirement_Footage": "3,560'", "Material": "   UCS   BS", "Installation_Footage": "3560'", "Size_s__to_Install_": "6\"\r", "lat": 42.0957982, "lon": -71.0653122, "Mapped_address": "N Pearl St, Brockton, MA, USA", "FID": 93}}, {"type": "Feature", "id": 94, "geometry": {"type": "Point", "coordinates": [-71.0008623, 42.0829652]}, "properties": {"F_": 25, "District": "Brockton", "Town": "Brockton", "Street": "BRO - Reed St", "Retirement_Footage": "4,375'", "Material": "CI", "Installation_Footage": "4380'", "Size_s__to_Install_": "2\",8\"\r", "lat": 42.0829652, "lon": -71.0008623, "Mapped_address": "Reed St, Brockton, MA 02302, USA", "FID": 94}}, {"type": "Feature", "id": 95, "geometry": {"type": "Point", "coordinates": [-71.0219092, 42.0890727]}, "properties": {"F_": 26, "District": "Brockton", "Town": "Brockton", "Street": "BRO - Wyman St", "Retirement_Footage": "3,605'", "Material": "CI   UCS", "Installation_Footage": "3600'", "Size_s__to_Install_": "2\"\r", "lat": 42.0890727, "lon": -71.0219092, "Mapped_address": "Wyman St, Brockton, MA 02301, USA", "FID": 95}}, {"type": "Feature", "id": 96, "geometry": {"type": "Point", "coordinates": [-70.9973908, 42.0852501]}, "properties": {"F_": 27, "District": "Brockton", "Town": "Brockton", "Street": "BRO Centre St Phase 1", "Retirement_Footage": "2,710'", "Material": "CI", "Installation_Footage": "5075'", "Size_s__to_Install_": "2\"\r", "lat": 42.0852501, "lon": -70.9973908, "Mapped_address": "Centre St, Brockton, MA, USA", "FID": 96}}, {"type": "Feature", "id": 97, "geometry": {"type": "Point", "coordinates": [-70.9973908, 42.0852501]}, "properties": {"F_": 28, "District": "Brockton", "Town": "Brockton", "Street": "BRO Centre St Phase 2", "Retirement_Footage": "5,365'", "Material": "CI", "Installation_Footage": "5430'", "Size_s__to_Install_": "2\"\r", "lat": 42.0852501, "lon": -70.9973908, "Mapped_address": "Centre St, Brockton, MA, USA", "FID": 97}}, {"type": "Feature", "id": 98, "geometry": {"type": "Point", "coordinates": [-71.1202034, 42.1901541]}, "properties": {"F_": 29, "District": "Brockton", "Town": "Canton", "Street": "CAN Hubbard St", "Retirement_Footage": "425'", "Material": "   BS", "Installation_Footage": "425'", "Size_s__to_Install_": "2\"\r", "lat": 42.1901541, "lon": -71.1202034, "Mapped_address": "Hubbard St, Canton, MA 02021, USA", "FID": 98}}, {"type": "Feature", "id": 99, "geometry": {"type": "Point", "coordinates": [-70.9617241, 42.0109935]}, "properties": {"F_": 30, "District": "Brockton", "Town": "East Bridgewater", "Street": "EBW Cottage St", "Retirement_Footage": "200'", "Material": "   BS", "Installation_Footage": "200'", "Size_s__to_Install_": "2\"\r", "lat": 42.0109935, "lon": -70.9617241, "Mapped_address": "Cottage St, East Bridgewater, MA 02333, USA", "FID": 99}}, {"type": "Feature", "id": 100, "geometry": {"type": "Point", "coordinates": [-71.2252121, 42.0636202]}, "properties": {"F_": 31, "District": "Brockton", "Town": "Foxboro", "Street": "FOX Cocasset St", "Retirement_Footage": "800'", "Material": "   UCS", "Installation_Footage": "800'", "Size_s__to_Install_": "6\"\r", "lat": 42.0636202, "lon": -71.2252121, "Mapped_address": "Cocasset St, Foxborough, MA 02035, USA", "FID": 100}}, {"type": "Feature", "id": 101, "geometry": {"type": "Point", "coordinates": [-71.3953236, 42.0833437]}, "properties": {"F_": 32, "District": "Brockton", "Town": "Franklin", "Street": "Fra- Alpine Row", "Retirement_Footage": "336'", "Material": "   UCS", "Installation_Footage": "348'", "Size_s__to_Install_": "2\"\r", "lat": 42.0833437, "lon": -71.3953236, "Mapped_address": "Alpine Row, Franklin, MA 02038, USA", "FID": 101}}, {"type": "Feature", "id": 102, "geometry": {"type": "Point", "coordinates": [-70.861411, 42.134675]}, "properties": {"F_": 34, "District": "Brockton", "Town": "Hanover", "Street": "HAN Main St Short", "Retirement_Footage": "1,685'", "Material": "   BS", "Installation_Footage": "1750'", "Size_s__to_Install_": "2\"\r", "lat": 42.134675, "lon": -70.861411, "Mapped_address": "Main St, Hanover, MA 02339, USA", "FID": 102}}, {"type": "Feature", "id": 103, "geometry": {"type": "Point", "coordinates": [-70.7012351, 42.1354132]}, "properties": {"F_": 36, "District": "Brockton", "Town": "Marshfield", "Street": "MFD Emery St", "Retirement_Footage": "1,500'", "Material": "   BS", "Installation_Footage": "1500'", "Size_s__to_Install_": "2\"\r", "lat": 42.1354132, "lon": -70.7012351, "Mapped_address": "Emery Rd, Marshfield, MA 02050, USA", "FID": 103}}, {"type": "Feature", "id": 104, "geometry": {"type": "Point", "coordinates": [-70.6552377, 42.0910835]}, "properties": {"F_": 37, "District": "Brockton", "Town": "Marshfield", "Street": "MFD June St", "Retirement_Footage": "1,150'", "Material": "   BS", "Installation_Footage": "1200'", "Size_s__to_Install_": "2\"\r", "lat": 42.0910835, "lon": -70.6552377, "Mapped_address": "June St, Marshfield, MA 02050, USA", "FID": 104}}, {"type": "Feature", "id": 105, "geometry": {"type": "Point", "coordinates": [-70.6591411, 42.0770678]}, "properties": {"F_": 38, "District": "Brockton", "Town": "Marshfield", "Street": "MFD Steven Rd A", "Retirement_Footage": "2,920'", "Material": "   UCS   BS", "Installation_Footage": "3000'", "Size_s__to_Install_": "2\",4\"\r", "lat": 42.0770678, "lon": -70.6591411, "Mapped_address": "Steven Rd, Marshfield, MA 02050, USA", "FID": 105}}, {"type": "Feature", "id": 106, "geometry": {"type": "Point", "coordinates": [-70.6591411, 42.0770678]}, "properties": {"F_": 39, "District": "Brockton", "Town": "Marshfield", "Street": "MFD Steven Rd B", "Retirement_Footage": "720'", "Material": "   BS", "Installation_Footage": "720'", "Size_s__to_Install_": "2\"\r", "lat": 42.0770678, "lon": -70.6591411, "Mapped_address": "Steven Rd, Marshfield, MA 02050, USA", "FID": 106}}, {"type": "Feature", "id": 107, "geometry": {"type": "Point", "coordinates": [-70.6513901, 42.0817364]}, "properties": {"F_": 40, "District": "Brockton", "Town": "Marshfield", "Street": "MFD West St", "Retirement_Footage": "400'", "Material": "   BS", "Installation_Footage": "400'", "Size_s__to_Install_": "2\"\r", "lat": 42.0817364, "lon": -70.6513901, "Mapped_address": "West St, Marshfield, MA 02050, USA", "FID": 107}}, {"type": "Feature", "id": 108, "geometry": {"type": "Point", "coordinates": [-70.8195771, 42.0391365]}, "properties": {"F_": 41, "District": "Brockton", "Town": "Pembroke", "Street": "PEM School St", "Retirement_Footage": "1,885'", "Material": "   BS", "Installation_Footage": "2050'", "Size_s__to_Install_": "2\",6\"\r", "lat": 42.0391365, "lon": -70.8195771, "Mapped_address": "School St, Pembroke, MA 02359, USA", "FID": 108}}, {"type": "Feature", "id": 109, "geometry": {"type": "Point", "coordinates": [-71.0416655, 42.1751075]}, "properties": {"F_": 42, "District": "Brockton", "Town": "Randolph", "Street": "RAN Liberty St", "Retirement_Footage": "3,850'", "Material": "   BS", "Installation_Footage": "3850'", "Size_s__to_Install_": "2\",8\"\r", "lat": 42.1751075, "lon": -71.0416655, "Mapped_address": "Liberty St, Randolph, MA 02368, USA", "FID": 109}}, {"type": "Feature", "id": 110, "geometry": {"type": "Point", "coordinates": [-71.02882, 42.1489145]}, "properties": {"F_": 44, "District": "Brockton", "Town": "Randolph", "Street": "RAN South St", "Retirement_Footage": "800'", "Material": "   UCS", "Installation_Footage": "800'", "Size_s__to_Install_": "6\"\r", "lat": 42.1489145, "lon": -71.02882, "Mapped_address": "South St, Randolph, MA, USA", "FID": 110}}, {"type": "Feature", "id": 111, "geometry": {"type": "Point", "coordinates": [-71.0355442, 42.1569362]}, "properties": {"F_": 45, "District": "Brockton", "Town": "Randolph", "Street": "RAN Tileston Rd", "Retirement_Footage": "1,000'", "Material": "   UCS   BS", "Installation_Footage": "1000'", "Size_s__to_Install_": "2\"\r", "lat": 42.1569362, "lon": -71.0355442, "Mapped_address": "Tileston Rd, Randolph, MA 02368, USA", "FID": 111}}, {"type": "Feature", "id": 112, "geometry": {"type": "Point", "coordinates": [-71.3367795, 41.8908936]}, "properties": {"F_": 47, "District": "Brockton", "Town": "Seekonk", "Street": "SEE Perrin Ave", "Retirement_Footage": "1,314'", "Material": "   UCS   BS", "Installation_Footage": "1805'", "Size_s__to_Install_": "2\"\r", "lat": 41.8908936, "lon": -71.3367795, "Mapped_address": "Perrin Ave, Seekonk, MA 02771, USA", "FID": 112}}, {"type": "Feature", "id": 113, "geometry": {"type": "Point", "coordinates": [-71.3252257, 41.8920519]}, "properties": {"F_": 48, "District": "Brockton", "Town": "Seekonk", "Street": "SEE Willis Ave", "Retirement_Footage": "1,500'", "Material": "   UCS   BS", "Installation_Footage": "1500'", "Size_s__to_Install_": "2\"\r", "lat": 41.8920519, "lon": -71.3252257, "Mapped_address": "Willis Ave, Seekonk, MA 02771, USA", "FID": 113}}, {"type": "Feature", "id": 114, "geometry": {"type": "Point", "coordinates": [-71.1339148, 42.0954626]}, "properties": {"F_": 49, "District": "Brockton", "Town": "Sharon", "Street": "SHA Bay Rd (Gay Rd to #1237)", "Retirement_Footage": "2,070'", "Material": "   BS", "Installation_Footage": "2070'", "Size_s__to_Install_": "2\"\r", "lat": 42.0954626, "lon": -71.1339148, "Mapped_address": "Bay Rd, Sharon, MA, USA", "FID": 114}}, {"type": "Feature", "id": 115, "geometry": {"type": "Point", "coordinates": [-71.1851212, 42.1041824]}, "properties": {"F_": 50, "District": "Brockton", "Town": "Sharon", "Street": "SHA Beach Rd", "Retirement_Footage": "1,300'", "Material": "   BS", "Installation_Footage": "1300'", "Size_s__to_Install_": "2\"\r", "lat": 42.1041824, "lon": -71.1851212, "Mapped_address": "Beach Rd, Sharon, MA 02067, USA", "FID": 115}}, {"type": "Feature", "id": 116, "geometry": {"type": "Point", "coordinates": [-71.1926628, 42.1091253]}, "properties": {"F_": 51, "District": "Brockton", "Town": "Sharon", "Street": "SHA Clark St", "Retirement_Footage": "1,750'", "Material": "   UCS   BS", "Installation_Footage": "1750'", "Size_s__to_Install_": "2\"\r", "lat": 42.1091253, "lon": -71.1926628, "Mapped_address": "Clarke St, Sharon, MA 02067, USA", "FID": 116}}, {"type": "Feature", "id": 117, "geometry": {"type": "Point", "coordinates": [-71.1100038, 41.8899273]}, "properties": {"F_": 53, "District": "Brockton", "Town": "Taunton", "Street": "TAU - Cohannet St Phase 1", "Retirement_Footage": "4,050'", "Material": "CI   UCS", "Installation_Footage": "4350'", "Size_s__to_Install_": "2\",6\"\r", "lat": 41.8899273, "lon": -71.1100038, "Mapped_address": "Cohannet St, Taunton, MA 02780, USA", "FID": 117}}, {"type": "Feature", "id": 118, "geometry": {"type": "Point", "coordinates": [-71.247266, 42.1392077]}, "properties": {"F_": 54, "District": "Brockton", "Town": "Walpole", "Street": "WAL Beacon st", "Retirement_Footage": "400'", "Material": "   UCS", "Installation_Footage": "400'", "Size_s__to_Install_": "2\"\r", "lat": 42.1392077, "lon": -71.247266, "Mapped_address": "Beacon St, Walpole, MA 02081, USA", "FID": 118}}, {"type": "Feature", "id": 119, "geometry": {"type": "Point", "coordinates": [-71.2745034, 42.1000645]}, "properties": {"F_": 55, "District": "Brockton", "Town": "Walpole", "Street": "WAL Common St", "Retirement_Footage": "400'", "Material": "   UCS", "Installation_Footage": "400'", "Size_s__to_Install_": "8\"\r", "lat": 42.1000645, "lon": -71.2745034, "Mapped_address": "Wall St, Walpole, MA, USA", "FID": 119}}, {"type": "Feature", "id": 120, "geometry": {"type": "Point", "coordinates": [-71.0328812, 42.0234044]}, "properties": {"F_": 56, "District": "Brockton", "Town": "West Bridgewater", "Street": "WBW Crescent St", "Retirement_Footage": "745'", "Material": "   BS", "Installation_Footage": "760'", "Size_s__to_Install_": "2\"\r", "lat": 42.0234044, "lon": -71.0328812, "Mapped_address": "Crescent St, West Bridgewater, MA 02379, USA", "FID": 120}}, {"type": "Feature", "id": 121, "geometry": {"type": "Point", "coordinates": [-71.3201547, 41.9339697]}, "properties": {"F_": 58, "District": "Brockton", "Town": "Attleboro", "Street": "South Avenue Phase II", "Retirement_Footage": null, "Material": null, "Installation_Footage": "2,500'", "Size_s__to_Install_": "\r", "lat": 41.9339697, "lon": -71.3201547, "Mapped_address": "South Ave, Attleboro, MA 02703, USA", "FID": 121}}, {"type": "Feature", "id": 122, "geometry": {"type": "Point", "coordinates": [-71.4765439, 42.0968744]}, "properties": {"F_": 59, "District": "Brockton", "Town": "Bellingham", "Street": "Horseshoe Drive", "Retirement_Footage": "836'", "Material": "   UCS", "Installation_Footage": "1,071'", "Size_s__to_Install_": "2\"\r", "lat": 42.0968744, "lon": -71.4765439, "Mapped_address": "Horseshoe Dr, Bellingham, MA 02019, USA", "FID": 122}}, {"type": "Feature", "id": 123, "geometry": {"type": "Point", "coordinates": [-71.0295237, 42.1122109]}, "properties": {"F_": 60, "District": "Brockton", "Town": "Brockton", "Street": "Frankton Ave", "Retirement_Footage": "1,505'", "Material": "CI   UCS", "Installation_Footage": "1,537'", "Size_s__to_Install_": "2\"\r", "lat": 42.1122109, "lon": -71.0295237, "Mapped_address": "Frankton Ave, Brockton, MA 02301, USA", "FID": 123}}, {"type": "Feature", "id": 124, "geometry": {"type": "Point", "coordinates": [-71.0054363, 42.0656596]}, "properties": {"F_": 61, "District": "Brockton", "Town": "Brockton", "Street": "Riverview Street (S. Leyden Reg Sta Abnd Ph 2)", "Retirement_Footage": "6,779'", "Material": "CI   UCS", "Installation_Footage": "6,966'", "Size_s__to_Install_": "2\", 4\"\r", "lat": 42.0656596, "lon": -71.0054363, "Mapped_address": "Riverview St, Brockton, MA 02302, USA", "FID": 124}}, {"type": "Feature", "id": 125, "geometry": {"type": "Point", "coordinates": [-71.2743111, 41.9353834]}, "properties": {"F_": 62, "District": "Brockton", "Town": "Attleboro", "Street": "Maple Street", "Retirement_Footage": "0'", "Material": null, "Installation_Footage": "4,665'", "Size_s__to_Install_": "\r", "lat": 41.9353834, "lon": -71.2743111, "Mapped_address": "Maple St, Attleboro, MA 02703, USA", "FID": 125}}, {"type": "Feature", "id": 126, "geometry": {"type": "Point", "coordinates": [-71.0035904, 42.0631801]}, "properties": {"F_": 63, "District": "Brockton", "Town": "Brockton", "Street": "Perkins Ave & Summer Street (S. Leyden Reg Sta Abnd Ph 3)", "Retirement_Footage": "0'", "Material": null, "Installation_Footage": "0'", "Size_s__to_Install_": "\r", "lat": 42.0631801, "lon": -71.0035904, "Mapped_address": "Perkins Ave & Summer St, Brockton, MA 02302, USA", "FID": 126}}, {"type": "Feature", "id": 127, "geometry": {"type": "Point", "coordinates": [-70.7601493, 42.2360468]}, "properties": {"F_": 64, "District": "Brockton", "Town": "Scituate", "Street": "Scituate Beach Program Ph 1", "Retirement_Footage": "4,398'", "Material": "   BS", "Installation_Footage": "6,690'", "Size_s__to_Install_": "2\", 4\"\r", "lat": 42.2360468, "lon": -70.7601493, "Mapped_address": "North Scituate Beach, Scituate, MA 02066, USA", "FID": 127}}, {"type": "Feature", "id": 128, "geometry": {"type": "Point", "coordinates": [-70.7601493, 42.2360468]}, "properties": {"F_": 65, "District": "Brockton", "Town": "Scituate", "Street": "Scituate Beach Program Ph 3", "Retirement_Footage": "1,660'", "Material": "   BS", "Installation_Footage": "7,747'", "Size_s__to_Install_": "2\", 4\"\r", "lat": 42.2360468, "lon": -70.7601493, "Mapped_address": "North Scituate Beach, Scituate, MA 02066, USA", "FID": 128}}, {"type": "Feature", "id": 129, "geometry": {"type": "Point", "coordinates": [-71.272292, 41.9384708]}, "properties": {"F_": 66, "District": "Brockton", "Town": "Attleboro", "Street": "ATT George St", "Retirement_Footage": "3,015'", "Material": "   UCS   BS", "Installation_Footage": "3020'", "Size_s__to_Install_": "2\"\r", "lat": 41.9384708, "lon": -71.272292, "Mapped_address": "George St, Attleboro, MA 02703, USA", "FID": 129}}, {"type": "Feature", "id": 130, "geometry": {"type": "Point", "coordinates": [-71.2987466, 41.9281577]}, "properties": {"F_": 67, "District": "Brockton", "Town": "Attleboro", "Street": "ATT Hebron Ave", "Retirement_Footage": "2,200'", "Material": "   BS", "Installation_Footage": "2200'", "Size_s__to_Install_": "2\"\r", "lat": 41.9281577, "lon": -71.2987466, "Mapped_address": "Hebron Ave, Attleboro, MA 02703, USA", "FID": 130}}, {"type": "Feature", "id": 131, "geometry": {"type": "Point", "coordinates": [-71.2911194, 41.9441692]}, "properties": {"F_": 68, "District": "Brockton", "Town": "Attleboro", "Street": "ATT Mechanic St", "Retirement_Footage": "1,690'", "Material": "CI", "Installation_Footage": "1700'", "Size_s__to_Install_": "2\"\r", "lat": 41.9441692, "lon": -71.2911194, "Mapped_address": "Mechanic St, Attleboro, MA 02703, USA", "FID": 131}}, {"type": "Feature", "id": 132, "geometry": {"type": "Point", "coordinates": [-71.3714448, 41.9273562]}, "properties": {"F_": 69, "District": "Brockton", "Town": "Attleboro", "Street": "ATT Mendon Rd", "Retirement_Footage": "3,070'", "Material": "   UCS   BS", "Installation_Footage": "3070'", "Size_s__to_Install_": "2\"\r", "lat": 41.9273562, "lon": -71.3714448, "Mapped_address": "Mendon Rd, Attleboro, MA, USA", "FID": 132}}, {"type": "Feature", "id": 133, "geometry": {"type": "Point", "coordinates": [-71.3588293, 41.91641]}, "properties": {"F_": 70, "District": "Brockton", "Town": "Attleboro", "Street": "ATT Newport Ave (South)", "Retirement_Footage": "3,280'", "Material": "   UCS   BS", "Installation_Footage": "3300'", "Size_s__to_Install_": "2\"\r", "lat": 41.91641, "lon": -71.3588293, "Mapped_address": "Newport Ave, Attleboro, MA, USA", "FID": 133}}, {"type": "Feature", "id": 134, "geometry": {"type": "Point", "coordinates": [-71.2918863, 41.9545515]}, "properties": {"F_": 71, "District": "Brockton", "Town": "Attleboro", "Street": "ATT Payson St", "Retirement_Footage": "1,800'", "Material": "   BS", "Installation_Footage": "1800'", "Size_s__to_Install_": "2\"\r", "lat": 41.9545515, "lon": -71.2918863, "Mapped_address": "Payson St, Attleboro, MA 02703, USA", "FID": 134}}, {"type": "Feature", "id": 135, "geometry": {"type": "Point", "coordinates": [-71.2824573, 41.9369109]}, "properties": {"F_": 72, "District": "Brockton", "Town": "Attleboro", "Street": "ATT Pine St", "Retirement_Footage": "3,130'", "Material": "CI", "Installation_Footage": "3130'", "Size_s__to_Install_": "8\"\r", "lat": 41.9369109, "lon": -71.2824573, "Mapped_address": "Pine St, Attleboro, MA 02703, USA", "FID": 135}}, {"type": "Feature", "id": 136, "geometry": {"type": "Point", "coordinates": [-71.2983329, 41.9206545]}, "properties": {"F_": 73, "District": "Brockton", "Town": "Attleboro", "Street": "ATT South Main St (North)", "Retirement_Footage": "1,250'", "Material": "CI", "Installation_Footage": "1250'", "Size_s__to_Install_": "2\"\r", "lat": 41.9206545, "lon": -71.2983329, "Mapped_address": "S Main St, Attleboro, MA 02703, USA", "FID": 136}}, {"type": "Feature", "id": 137, "geometry": {"type": "Point", "coordinates": [-71.2830654, 41.9408943]}, "properties": {"F_": 74, "District": "Brockton", "Town": "Attleboro", "Street": "ATT Union St", "Retirement_Footage": "2,000'", "Material": "CI", "Installation_Footage": "2000'", "Size_s__to_Install_": "2\"\r", "lat": 41.9408943, "lon": -71.2830654, "Mapped_address": "Union St, Attleboro, MA 02703, USA", "FID": 137}}, {"type": "Feature", "id": 138, "geometry": {"type": "Point", "coordinates": [-71.038704, 42.0682773]}, "properties": {"F_": 75, "District": "Brockton", "Town": "Brockton", "Street": "Breer St", "Retirement_Footage": "2,947'", "Material": "CI   UCS", "Installation_Footage": "2,947'", "Size_s__to_Install_": "2\",6\"\r", "lat": 42.0682773, "lon": -71.038704, "Mapped_address": "Breer St, Brockton, MA 02301, USA", "FID": 138}}, {"type": "Feature", "id": 139, "geometry": {"type": "Point", "coordinates": [-71.0274164, 42.0978448]}, "properties": {"F_": 76, "District": "Brockton", "Town": "Brockton", "Street": "BRO - Battles St", "Retirement_Footage": "4,705'", "Material": "CI   UCS", "Installation_Footage": "4700'", "Size_s__to_Install_": "2\"\r", "lat": 42.0978448, "lon": -71.0274164, "Mapped_address": "Battles St, Brockton, MA 02301, USA", "FID": 139}}, {"type": "Feature", "id": 140, "geometry": {"type": "Point", "coordinates": [-71.0573527, 42.0867254]}, "properties": {"F_": 77, "District": "Brockton", "Town": "Brockton", "Street": "BRO - Chilton Rd", "Retirement_Footage": "1,600'", "Material": "   BS", "Installation_Footage": "1600'", "Size_s__to_Install_": "2\"\r", "lat": 42.0867254, "lon": -71.0573527, "Mapped_address": "Chilton Rd, Brockton, MA 02301, USA", "FID": 140}}, {"type": "Feature", "id": 141, "geometry": {"type": "Point", "coordinates": [-71.026697, 42.1076497]}, "properties": {"F_": 78, "District": "Brockton", "Town": "Brockton", "Street": "BRO - Clarence St", "Retirement_Footage": "2,455'", "Material": "CI   UCS", "Installation_Footage": "2500'", "Size_s__to_Install_": "2\"\r", "lat": 42.1076497, "lon": -71.026697, "Mapped_address": "Clarence St, Brockton, MA 02301, USA", "FID": 141}}, {"type": "Feature", "id": 142, "geometry": {"type": "Point", "coordinates": [-71.02384, 42.0617891]}, "properties": {"F_": 79, "District": "Brockton", "Town": "Brockton", "Street": "BRO - Donald St", "Retirement_Footage": "1,400'", "Material": "CI", "Installation_Footage": "1400'", "Size_s__to_Install_": "2\",8\"\r", "lat": 42.0617891, "lon": -71.02384, "Mapped_address": "Donald St, Brockton, MA 02301, USA", "FID": 142}}, {"type": "Feature", "id": 143, "geometry": {"type": "Point", "coordinates": [-71.0012507, 42.0837663]}, "properties": {"F_": 80, "District": "Brockton", "Town": "Brockton", "Street": "BRO - Empire Ave", "Retirement_Footage": "1,350'", "Material": "CI", "Installation_Footage": "1350'", "Size_s__to_Install_": "2\"\r", "lat": 42.0837663, "lon": -71.0012507, "Mapped_address": "Empire Ave, Brockton, MA 02302, USA", "FID": 143}}, {"type": "Feature", "id": 144, "geometry": {"type": "Point", "coordinates": [-71.0235076, 42.0716208]}, "properties": {"F_": 81, "District": "Brockton", "Town": "Brockton", "Street": "BRO - Florence St", "Retirement_Footage": "3,100'", "Material": "CI", "Installation_Footage": "3100'", "Size_s__to_Install_": "2\"\r", "lat": 42.0716208, "lon": -71.0235076, "Mapped_address": "Florence St, Brockton, MA 02301, USA", "FID": 144}}, {"type": "Feature", "id": 145, "geometry": {"type": "Point", "coordinates": [-71.023277, 42.1120967]}, "properties": {"F_": 82, "District": "Brockton", "Town": "Brockton", "Street": "BRO - Howard St", "Retirement_Footage": "2,725'", "Material": "CI", "Installation_Footage": "2725'", "Size_s__to_Install_": "2\"\r", "lat": 42.1120967, "lon": -71.023277, "Mapped_address": "Howard St, Brockton, MA, USA", "FID": 145}}, {"type": "Feature", "id": 146, "geometry": {"type": "Point", "coordinates": [-71.0287041, 42.1103793]}, "properties": {"F_": 83, "District": "Brockton", "Town": "Brockton", "Street": "BRO - Locust St", "Retirement_Footage": "3,110'", "Material": "CI   UCS", "Installation_Footage": "3110'", "Size_s__to_Install_": "2\"\r", "lat": 42.1103793, "lon": -71.0287041, "Mapped_address": "Locust St, Brockton, MA 02301, USA", "FID": 146}}, {"type": "Feature", "id": 147, "geometry": {"type": "Point", "coordinates": [-71.0193013, 42.0929186]}, "properties": {"F_": 84, "District": "Brockton", "Town": "Brockton", "Street": "BRO - Main St @ Huntington Lane", "Retirement_Footage": "3,460'", "Material": "CI", "Installation_Footage": "3500'", "Size_s__to_Install_": "2\"\r", "lat": 42.0929186, "lon": -71.0193013, "Mapped_address": "Huntington St & N Main St, Brockton, MA 02301, USA", "FID": 147}}, {"type": "Feature", "id": 148, "geometry": {"type": "Point", "coordinates": [-71.0143713, 42.0651266]}, "properties": {"F_": 85, "District": "Brockton", "Town": "Brockton", "Street": "BRO - Montello @ Snell", "Retirement_Footage": "2,635'", "Material": "CI", "Installation_Footage": "2700'", "Size_s__to_Install_": "2\"\r", "lat": 42.0651266, "lon": -71.0143713, "Mapped_address": "Montello St & Snell Pl, Brockton, MA 02301, USA", "FID": 148}}, {"type": "Feature", "id": 149, "geometry": {"type": "Point", "coordinates": [-71.0653122, 42.0957982]}, "properties": {"F_": 86, "District": "Brockton", "Town": "Brockton", "Street": "BRO - Pearl St Phase 2 of 2", "Retirement_Footage": "3,470'", "Material": "   BS", "Installation_Footage": "3470'", "Size_s__to_Install_": "6\"\r", "lat": 42.0957982, "lon": -71.0653122, "Mapped_address": "N Pearl St, Brockton, MA, USA", "FID": 149}}, {"type": "Feature", "id": 150, "geometry": {"type": "Point", "coordinates": [-70.9943343, 42.0868826]}, "properties": {"F_": 87, "District": "Brockton", "Town": "Brockton", "Street": "BRO - Prince St", "Retirement_Footage": "1,150'", "Material": "CI", "Installation_Footage": "1150'", "Size_s__to_Install_": "2\"\r", "lat": 42.0868826, "lon": -70.9943343, "Mapped_address": "Prince St, Brockton, MA 02302, USA", "FID": 150}}, {"type": "Feature", "id": 151, "geometry": {"type": "Point", "coordinates": [-71.0191537, 42.0696286]}, "properties": {"F_": 88, "District": "Brockton", "Town": "Brockton", "Street": "BRO - Sheppard St", "Retirement_Footage": "1,600'", "Material": "CI", "Installation_Footage": "1600'", "Size_s__to_Install_": "2\"\r", "lat": 42.0696286, "lon": -71.0191537, "Mapped_address": "Sheppard St, Brockton, MA 02301, USA", "FID": 151}}, {"type": "Feature", "id": 152, "geometry": {"type": "Point", "coordinates": [-71.137948, 42.1761397]}, "properties": {"F_": 90, "District": "Brockton", "Town": "Canton", "Street": "CAN Morton St", "Retirement_Footage": "2,440'", "Material": "   BS", "Installation_Footage": "2440'", "Size_s__to_Install_": "2\"\r", "lat": 42.1761397, "lon": -71.137948, "Mapped_address": "Morton St, Canton, MA 02021, USA", "FID": 152}}, {"type": "Feature", "id": 153, "geometry": {"type": "Point", "coordinates": [-71.1338278, 41.8677736]}, "properties": {"F_": 91, "District": "Brockton", "Town": "Dighton", "Street": "DIG Summer St", "Retirement_Footage": "2,100'", "Material": "   UCS", "Installation_Footage": "2100'", "Size_s__to_Install_": "2\"\r", "lat": 41.8677736, "lon": -71.1338278, "Mapped_address": "Summer St, Dighton, MA, USA", "FID": 153}}, {"type": "Feature", "id": 154, "geometry": {"type": "Point", "coordinates": [-70.8788051, 42.098739]}, "properties": {"F_": 92, "District": "Brockton", "Town": "Hanover", "Street": "HAN King St South", "Retirement_Footage": "4,750'", "Material": "   BS", "Installation_Footage": "4750", "Size_s__to_Install_": "8\"\r", "lat": 42.098739, "lon": -70.8788051, "Mapped_address": "King St, Hanover, MA, USA", "FID": 154}}, {"type": "Feature", "id": 155, "geometry": {"type": "Point", "coordinates": [-70.6657935, 42.1068225]}, "properties": {"F_": 93, "District": "Brockton", "Town": "Marshfield", "Street": "MFD Olympia Rd", "Retirement_Footage": "1,550'", "Material": "   BS", "Installation_Footage": "1550'", "Size_s__to_Install_": "2\"\r", "lat": 42.1068225, "lon": -70.6657935, "Mapped_address": "Olympia Rd, Marshfield, MA 02050, USA", "FID": 155}}, {"type": "Feature", "id": 156, "geometry": {"type": "Point", "coordinates": [-71.3613129, 42.1658955]}, "properties": {"F_": 94, "District": "Brockton", "Town": "Millis", "Street": "MIL Main St", "Retirement_Footage": "1,680'", "Material": "   BS", "Installation_Footage": "1680'", "Size_s__to_Install_": "6\"\r", "lat": 42.1658955, "lon": -71.3613129, "Mapped_address": "Main St, Millis, MA, USA", "FID": 156}}, {"type": "Feature", "id": 157, "geometry": {"type": "Point", "coordinates": [-70.7303179, 42.1937639]}, "properties": {"F_": 97, "District": "Brockton", "Town": "Scituate", "Street": "SCI Brook St", "Retirement_Footage": "3,100'", "Material": "   UCS", "Installation_Footage": "3100'", "Size_s__to_Install_": "2\"\r", "lat": 42.1937639, "lon": -70.7303179, "Mapped_address": "Brook St, Scituate, MA 02066, USA", "FID": 157}}, {"type": "Feature", "id": 158, "geometry": {"type": "Point", "coordinates": [-70.7250337, 42.2028662]}, "properties": {"F_": 98, "District": "Brockton", "Town": "Scituate", "Street": "SCI Jericho Rd (North)", "Retirement_Footage": "2,900'", "Material": "   BS", "Installation_Footage": "2900'", "Size_s__to_Install_": "4\"\r", "lat": 42.2028662, "lon": -70.7250337, "Mapped_address": "Jericho Rd, Scituate, MA 02066, USA", "FID": 158}}, {"type": "Feature", "id": 159, "geometry": {"type": "Point", "coordinates": [-70.6913954, 42.1383493]}, "properties": {"F_": 99, "District": "Brockton", "Town": "Scituate", "Street": "SCI Marshfield Rd", "Retirement_Footage": "1,635'", "Material": "   UCS   BS", "Installation_Footage": "1650'", "Size_s__to_Install_": "2\"\r", "lat": 42.1383493, "lon": -70.6913954, "Mapped_address": "Marshfield Ave, Scituate, MA, USA", "FID": 159}}, {"type": "Feature", "id": 160, "geometry": {"type": "Point", "coordinates": [-70.7634766, 42.235954]}, "properties": {"F_": 100, "District": "Brockton", "Town": "Scituate", "Street": "SCI Ocean Ave", "Retirement_Footage": "2,520'", "Material": "   BS", "Installation_Footage": "2520'", "Size_s__to_Install_": "2\"\r", "lat": 42.235954, "lon": -70.7634766, "Mapped_address": "Ocean Ave, Scituate, MA 02066, USA", "FID": 160}}, {"type": "Feature", "id": 161, "geometry": {"type": "Point", "coordinates": [-71.1316966, 42.1056748]}, "properties": {"F_": 101, "District": "Brockton", "Town": "Stoughton", "Street": "STO Bay Rd South", "Retirement_Footage": "2,875'", "Material": "   UCS   BS", "Installation_Footage": "2875'", "Size_s__to_Install_": "2\",8\"\r", "lat": 42.1056748, "lon": -71.1316966, "Mapped_address": "Bay Rd, Stoughton, MA, USA", "FID": 161}}, {"type": "Feature", "id": 162, "geometry": {"type": "Point", "coordinates": [-71.08954, 42.134712]}, "properties": {"F_": 102, "District": "Brockton", "Town": "Stoughton", "Street": "STO Pleasant St", "Retirement_Footage": "2,200'", "Material": "   BS", "Installation_Footage": "2200'", "Size_s__to_Install_": "2\"\r", "lat": 42.134712, "lon": -71.08954, "Mapped_address": "Pleasant St, Stoughton, MA 02072, USA", "FID": 162}}, {"type": "Feature", "id": 163, "geometry": {"type": "Point", "coordinates": [-71.1100038, 41.8899273]}, "properties": {"F_": 103, "District": "Brockton", "Town": "Taunton", "Street": "TAU - Cohannet St Phase 3", "Retirement_Footage": "1,175'", "Material": "CI", "Installation_Footage": "2150'", "Size_s__to_Install_": "2\"\r", "lat": 41.8899273, "lon": -71.1100038, "Mapped_address": "Cohannet St, Taunton, MA 02780, USA", "FID": 163}}, {"type": "Feature", "id": 164, "geometry": {"type": "Point", "coordinates": [-71.0833275, 41.9153438]}, "properties": {"F_": 104, "District": "Brockton", "Town": "Taunton", "Street": "TAU Whitsbourgh St", "Retirement_Footage": "585'", "Material": "CI", "Installation_Footage": "930'", "Size_s__to_Install_": "2\", 6\"\r", "lat": 41.9153438, "lon": -71.0833275, "Mapped_address": "Whitsbourgh St, Taunton, MA 02780, USA", "FID": 164}}, {"type": "Feature", "id": 165, "geometry": {"type": "Point", "coordinates": [-71.2218262, 42.1519835]}, "properties": {"F_": 105, "District": "Brockton", "Town": "Walpole", "Street": "WAL - Pilgrim Way", "Retirement_Footage": "1,240'", "Material": "   BS", "Installation_Footage": "1240'", "Size_s__to_Install_": "2\"\r", "lat": 42.1519835, "lon": -71.2218262, "Mapped_address": "Pilgrim Way, Walpole, MA 02032, USA", "FID": 165}}, {"type": "Feature", "id": 166, "geometry": {"type": "Point", "coordinates": [-71.2354308, 42.1627316]}, "properties": {"F_": 106, "District": "Brockton", "Town": "Walpole", "Street": "WAL Burrill St", "Retirement_Footage": "250'", "Material": "   BS", "Installation_Footage": "250'", "Size_s__to_Install_": "2\"\r", "lat": 42.1627316, "lon": -71.2354308, "Mapped_address": "Burrill St, Walpole, MA 02081, USA", "FID": 166}}, {"type": "Feature", "id": 167, "geometry": {"type": "Point", "coordinates": [-71.0169527, 42.1069496]}, "properties": {"F_": 107, "District": "Brockton", "Town": "Brockton", "Street": "BRO - Field St", "Retirement_Footage": "5,395'", "Material": "CI   UCS", "Installation_Footage": "5400'", "Size_s__to_Install_": "2\"\r", "lat": 42.1069496, "lon": -71.0169527, "Mapped_address": "Field St, Brockton, MA, USA", "FID": 167}}, {"type": "Feature", "id": 168, "geometry": {"type": "Point", "coordinates": [-71.0183587, 42.0924837]}, "properties": {"F_": 108, "District": "Brockton", "Town": "Brockton", "Street": "BRO - Lebanon St", "Retirement_Footage": "2,120'", "Material": "CI", "Installation_Footage": "2120'", "Size_s__to_Install_": "2\"\r", "lat": 42.0924837, "lon": -71.0183587, "Mapped_address": "Lebanon St, Brockton, MA 02301, USA", "FID": 168}}, {"type": "Feature", "id": 169, "geometry": {"type": "Point", "coordinates": [-71.0068524, 42.0813824]}, "properties": {"F_": 109, "District": "Brockton", "Town": "Brockton", "Street": "BRO - Lyman St", "Retirement_Footage": "950'", "Material": "   BS", "Installation_Footage": "950'", "Size_s__to_Install_": "2\"\r", "lat": 42.0813824, "lon": -71.0068524, "Mapped_address": "Lyman St, Brockton, MA 02302, USA", "FID": 169}}, {"type": "Feature", "id": 170, "geometry": {"type": "Point", "coordinates": [-71.0112776, 42.0505839]}, "properties": {"F_": 110, "District": "Brockton", "Town": "Brockton", "Street": "BRO - Main St @ Hubbard Ave", "Retirement_Footage": "2,340'", "Material": "CI", "Installation_Footage": "2350'", "Size_s__to_Install_": "2\"\r", "lat": 42.0505839, "lon": -71.0112776, "Mapped_address": "Main St & Hubbard Ave, Brockton, MA 02301, USA", "FID": 170}}, {"type": "Feature", "id": 171, "geometry": {"type": "Point", "coordinates": [-71.0161186, 42.1077763]}, "properties": {"F_": 111, "District": "Brockton", "Town": "Brockton", "Street": "BRO - Morgan St", "Retirement_Footage": "4,250'", "Material": "   BS", "Installation_Footage": "4250'", "Size_s__to_Install_": "2\"\r", "lat": 42.1077763, "lon": -71.0161186, "Mapped_address": "Morgan St, Brockton, MA 02302, USA", "FID": 171}}, {"type": "Feature", "id": 172, "geometry": {"type": "Point", "coordinates": [-71.0145886, 42.0770447]}, "properties": {"F_": 112, "District": "Brockton", "Town": "Brockton", "Street": "BRO - Skinner St", "Retirement_Footage": "2,845'", "Material": "CI", "Installation_Footage": "2850'", "Size_s__to_Install_": "2\"\r", "lat": 42.0770447, "lon": -71.0145886, "Mapped_address": "Skinner St, Brockton, MA 02302, USA", "FID": 172}}, {"type": "Feature", "id": 173, "geometry": {"type": "Point", "coordinates": [-71.0400732, 42.0873844]}, "properties": {"F_": 113, "District": "Brockton", "Town": "Brockton", "Street": "BRO - Wheeler St", "Retirement_Footage": "1,670'", "Material": "CI", "Installation_Footage": "1670'", "Size_s__to_Install_": "2\"\r", "lat": 42.0873844, "lon": -71.0400732, "Mapped_address": "Wheeler Ave, Brockton, MA 02301, USA", "FID": 173}}, {"type": "Feature", "id": 174, "geometry": {"type": "Point", "coordinates": [-71.0101984, 42.1141237]}, "properties": {"F_": 114, "District": "Brockton", "Town": "Brockton", "Street": "BRO Hovendon Ave", "Retirement_Footage": "3,375'", "Material": "CI", "Installation_Footage": "5,150'", "Size_s__to_Install_": "2\",4\"\r", "lat": 42.1141237, "lon": -71.0101984, "Mapped_address": "Hovendon Ave, Brockton, MA 02302, USA", "FID": 174}}, {"type": "Feature", "id": 175, "geometry": {"type": "Point", "coordinates": [-70.6982946, 42.0198615]}, "properties": {"F_": 115, "District": "Brockton", "Town": "Duxbury", "Street": "DUX Arrowhead Rd", "Retirement_Footage": "3,290'", "Material": "   BS", "Installation_Footage": "3290'", "Size_s__to_Install_": "2\"\r", "lat": 42.0198615, "lon": -70.6982946, "Mapped_address": "Arrowhead Rd, Duxbury, MA 02332, USA", "FID": 175}}, {"type": "Feature", "id": 176, "geometry": {"type": "Point", "coordinates": [-70.6640661, 42.0472738]}, "properties": {"F_": 117, "District": "Brockton", "Town": "Duxbury", "Street": "DUX Moulton Rd", "Retirement_Footage": "2,100'", "Material": "   BS", "Installation_Footage": "2100'", "Size_s__to_Install_": "2\"\r", "lat": 42.0472738, "lon": -70.6640661, "Mapped_address": "Moulton Rd, Duxbury, MA 02332, USA", "FID": 176}}, {"type": "Feature", "id": 177, "geometry": {"type": "Point", "coordinates": [-71.4299452, 42.1147474]}, "properties": {"F_": 119, "District": "Brockton", "Town": "Franklin", "Street": "FRA Pond St", "Retirement_Footage": "3,420'", "Material": "   UCS", "Installation_Footage": "3420'", "Size_s__to_Install_": "2\"\r", "lat": 42.1147474, "lon": -71.4299452, "Mapped_address": "Pond St, Franklin, MA 02038, USA", "FID": 177}}, {"type": "Feature", "id": 178, "geometry": {"type": "Point", "coordinates": [-70.8666604, 42.1116668]}, "properties": {"F_": 120, "District": "Brockton", "Town": "Hanover", "Street": "HAN Circuit St", "Retirement_Footage": "3,670'", "Material": "   BS", "Installation_Footage": "3670'", "Size_s__to_Install_": "2\"\r", "lat": 42.1116668, "lon": -70.8666604, "Mapped_address": "Circuit St, Hanover, MA 02339, USA", "FID": 178}}, {"type": "Feature", "id": 179, "geometry": {"type": "Point", "coordinates": [-71.0279015, 42.146361]}, "properties": {"F_": 121, "District": "Brockton", "Town": "Holbrook", "Street": "HOL Rockwood Ave", "Retirement_Footage": "1,450'", "Material": "   BS", "Installation_Footage": "1500'", "Size_s__to_Install_": "2\"\r", "lat": 42.146361, "lon": -71.0279015, "Mapped_address": "Rockwood St, Holbrook, MA 02343, USA", "FID": 179}}, {"type": "Feature", "id": 180, "geometry": {"type": "Point", "coordinates": [-70.8472462, 42.0638276]}, "properties": {"F_": 122, "District": "Brockton", "Town": "Hanson", "Street": "HSN Maquan St", "Retirement_Footage": "2,855'", "Material": "   UCS   BS", "Installation_Footage": "2855'", "Size_s__to_Install_": "2\"\r", "lat": 42.0638276, "lon": -70.8472462, "Mapped_address": "Maquan St, Hanson, MA, USA", "FID": 180}}, {"type": "Feature", "id": 181, "geometry": {"type": "Point", "coordinates": [-70.8634428, 42.0860579]}, "properties": {"F_": 123, "District": "Brockton", "Town": "Hanson", "Street": "HSN Washington St", "Retirement_Footage": "1,610'", "Material": "   BS", "Installation_Footage": "1610'", "Size_s__to_Install_": "2\"\r", "lat": 42.0860579, "lon": -70.8634428, "Mapped_address": "E Washington St, Hanson, MA 02341, USA", "FID": 181}}, {"type": "Feature", "id": 182, "geometry": {"type": "Point", "coordinates": [-70.769541, 42.1146635]}, "properties": {"F_": 124, "District": "Brockton", "Town": "Marshfield", "Street": "Maryland St", "Retirement_Footage": "3,088'", "Material": "   UCS", "Installation_Footage": "3,088'", "Size_s__to_Install_": "4\"\r", "lat": 42.1146635, "lon": -70.769541, "Mapped_address": "Maryland St, Marshfield, MA 02050, USA", "FID": 182}}, {"type": "Feature", "id": 183, "geometry": {"type": "Point", "coordinates": [-70.7843903, 42.1033623]}, "properties": {"F_": 125, "District": "Brockton", "Town": "Pembroke", "Street": "PEM Water St", "Retirement_Footage": "2,800'", "Material": "   BS", "Installation_Footage": "2800'", "Size_s__to_Install_": "2\"\r", "lat": 42.1033623, "lon": -70.7843903, "Mapped_address": "Water St, Pembroke, MA 02359, USA", "FID": 183}}, {"type": "Feature", "id": 184, "geometry": {"type": "Point", "coordinates": [-71.0641469, 42.1969333]}, "properties": {"F_": 127, "District": "Brockton", "Town": "Randolph", "Street": "RAN Hills St", "Retirement_Footage": "2,450'", "Material": "   BS", "Installation_Footage": "2850'", "Size_s__to_Install_": "2\"\r", "lat": 42.1969333, "lon": -71.0641469, "Mapped_address": "Hills St, Randolph, MA 02368, USA", "FID": 184}}, {"type": "Feature", "id": 185, "geometry": {"type": "Point", "coordinates": [-71.0617431, 42.0798039]}, "properties": {"F_": 129, "District": "Brockton", "Town": "Brockton", "Street": "Rockland St", "Retirement_Footage": "2,770'", "Material": "   UCS", "Installation_Footage": "2,770'", "Size_s__to_Install_": "2\"\r", "lat": 42.0798039, "lon": -71.0617431, "Mapped_address": "Rockland St, Brockton, MA 02301, USA", "FID": 185}}, {"type": "Feature", "id": 186, "geometry": {"type": "Point", "coordinates": [-70.6889877, 42.13457]}, "properties": {"F_": 130, "District": "Brockton", "Town": "Scituate", "Street": "SCI Palfrey St", "Retirement_Footage": "2,370'", "Material": "   BS", "Installation_Footage": "2370'", "Size_s__to_Install_": "2\"\r", "lat": 42.13457, "lon": -70.6889877, "Mapped_address": "Palfrey St, Scituate, MA, USA", "FID": 186}}, {"type": "Feature", "id": 187, "geometry": {"type": "Point", "coordinates": [-71.3255302, 41.8914215]}, "properties": {"F_": 131, "District": "Brockton", "Town": "Seekonk", "Street": "SEE Oakland Ave", "Retirement_Footage": "1,260'", "Material": "   BS", "Installation_Footage": "1260'", "Size_s__to_Install_": "2\"\r", "lat": 41.8914215, "lon": -71.3255302, "Mapped_address": "Oakland Ave, Seekonk, MA 02771, USA", "FID": 187}}, {"type": "Feature", "id": 188, "geometry": {"type": "Point", "coordinates": [-71.1721378, 42.1267006]}, "properties": {"F_": 132, "District": "Brockton", "Town": "Sharon", "Street": "SHA Crest Roadway", "Retirement_Footage": "1,910'", "Material": "   UCS   BS", "Installation_Footage": "1910'", "Size_s__to_Install_": "2\"\r", "lat": 42.1267006, "lon": -71.1721378, "Mapped_address": "Crest Rd, Sharon, MA 02067, USA", "FID": 188}}, {"type": "Feature", "id": 189, "geometry": {"type": "Point", "coordinates": [-71.244008, 42.0624493]}, "properties": {"F_": 133, "District": "Brockton", "Town": "Foxboro", "Street": "Sherman St", "Retirement_Footage": "3,201'", "Material": "   UCS", "Installation_Footage": "3,201'", "Size_s__to_Install_": "2\"\r", "lat": 42.0624493, "lon": -71.244008, "Mapped_address": "Sherman St, Foxborough, MA 02035, USA", "FID": 189}}, {"type": "Feature", "id": 190, "geometry": {"type": "Point", "coordinates": [-71.1141335, 41.8888988]}, "properties": {"F_": 134, "District": "Brockton", "Town": "Taunton", "Street": "TAU Davenport Ave", "Retirement_Footage": "3,730'", "Material": "CI   UCS", "Installation_Footage": "3750'", "Size_s__to_Install_": "2\"\r", "lat": 41.8888988, "lon": -71.1141335, "Mapped_address": "Davenport St, Taunton, MA 02780, USA", "FID": 190}}, {"type": "Feature", "id": 191, "geometry": {"type": "Point", "coordinates": [-71.103819, 41.9031406]}, "properties": {"F_": 136, "District": "Brockton", "Town": "Taunton", "Street": "TAU Maple St", "Retirement_Footage": "13,600'", "Material": "CI", "Installation_Footage": "1400'", "Size_s__to_Install_": "2\"\r", "lat": 41.9031406, "lon": -71.103819, "Mapped_address": "Maple St, Taunton, MA 02780, USA", "FID": 191}}, {"type": "Feature", "id": 192, "geometry": {"type": "Point", "coordinates": [-71.0910253, 41.8948802]}, "properties": {"F_": 137, "District": "Brockton", "Town": "Taunton", "Street": "TAU Weir St", "Retirement_Footage": "1,125'", "Material": "CI   BS", "Installation_Footage": "1125'", "Size_s__to_Install_": "2\"\r", "lat": 41.8948802, "lon": -71.0910253, "Mapped_address": "Weir St, Taunton, MA 02780, USA", "FID": 192}}, {"type": "Feature", "id": 193, "geometry": {"type": "Point", "coordinates": [-71.2582112, 42.1384071]}, "properties": {"F_": 139, "District": "Brockton", "Town": "Walpole", "Street": "WAL Main St", "Retirement_Footage": "1,050'", "Material": "   BS", "Installation_Footage": "1050'", "Size_s__to_Install_": "2\"\r", "lat": 42.1384071, "lon": -71.2582112, "Mapped_address": "Main St, Walpole, MA, USA", "FID": 193}}, {"type": "Feature", "id": 194, "geometry": {"type": "Point", "coordinates": [-71.0295686, 42.0620128]}, "properties": {"F_": 141, "District": "Brockton", "Town": "Brockton", "Street": "Woodard Ave", "Retirement_Footage": "2,212'", "Material": "CI   UCS", "Installation_Footage": "2,212'", "Size_s__to_Install_": "2\"\r", "lat": 42.0620128, "lon": -71.0295686, "Mapped_address": "Woodard Ave, Brockton, MA 02301, USA", "FID": 194}}, {"type": "Feature", "id": 195, "geometry": {"type": "Point", "coordinates": [-71.089685, 41.9148456]}, "properties": {"F_": 148, "District": "Brockton", "Town": "Taunton", "Street": "TAU Washington St (#55 to #106)", "Retirement_Footage": "1396'", "Material": "CI", "Installation_Footage": "1396'", "Size_s__to_Install_": "3\", 12\"\r", "lat": 41.9148456, "lon": -71.089685, "Mapped_address": "Washington St, Taunton, MA 02780, USA", "FID": 195}}, {"type": "Feature", "id": 196, "geometry": {"type": "Point", "coordinates": [-71.0898311, 41.8972509]}, "properties": {"F_": 149, "District": "Brockton", "Town": "Taunton", "Street": "High Street", "Retirement_Footage": "1383'", "Material": "CI", "Installation_Footage": "1390'", "Size_s__to_Install_": "3\", 6\", 12\"\r", "lat": 41.8972509, "lon": -71.0898311, "Mapped_address": "High St, Taunton, MA 02780, USA", "FID": 196}}, {"type": "Feature", "id": 197, "geometry": {"type": "Point", "coordinates": [-70.739889, 42.0617682]}, "properties": {"F_": 150, "District": "Brockton", "Town": "Duxbury", "Street": "Franklin Steet", "Retirement_Footage": "10084'", "Material": "   BS", "Installation_Footage": "10084'", "Size_s__to_Install_": "8\"\r", "lat": 42.0617682, "lon": -70.739889, "Mapped_address": "Franklin St, Duxbury, MA 02332, USA", "FID": 197}}, {"type": "Feature", "id": 198, "geometry": {"type": "Point", "coordinates": [-70.7480811, 42.0603098]}, "properties": {"F_": 151, "District": "Brockton", "Town": "Duxbury", "Street": "Congress St", "Retirement_Footage": "7798'", "Material": "   BS", "Installation_Footage": "7798'", "Size_s__to_Install_": "8\"\r", "lat": 42.0603098, "lon": -70.7480811, "Mapped_address": "Congress St, Duxbury, MA, USA", "FID": 198}}, {"type": "Feature", "id": 199, "geometry": {"type": "Point", "coordinates": [-71.2842167, 42.1228343]}, "properties": {"F_": 152, "District": "Brockton", "Town": "Walpole", "Street": "Cedar Street", "Retirement_Footage": "6818'", "Material": "   UCS", "Installation_Footage": "6818'", "Size_s__to_Install_": "4\"\r", "lat": 42.1228343, "lon": -71.2842167, "Mapped_address": "Cedar St, Walpole, MA 02081, USA", "FID": 199}}, {"type": "Feature", "id": 200, "geometry": {"type": "Point", "coordinates": [-71.004922, 42.0812882]}, "properties": {"F_": 153, "District": "Brockton", "Town": "Brockton", "Street": "Wendell Ave", "Retirement_Footage": "2742'", "Material": "CI   UCS", "Installation_Footage": "2742'", "Size_s__to_Install_": "2\", 4\", 8\"\r", "lat": 42.0812882, "lon": -71.004922, "Mapped_address": "Wendell Ave, Brockton, MA 02302, USA", "FID": 200}}, {"type": "Feature", "id": 201, "geometry": {"type": "Point", "coordinates": [-71.1710255, 42.7035066]}, "properties": {"F_": 155, "District": "Lawrence", "Town": "Lawrence", "Street": "Essex St ", "Retirement_Footage": "1,370'", "Material": "CI", "Installation_Footage": "1370'", "Size_s__to_Install_": "6\"\r", "lat": 42.7035066, "lon": -71.1710255, "Mapped_address": "Essex St, Lawrence, MA, USA", "FID": 201}}, {"type": "Feature", "id": 202, "geometry": {"type": "Point", "coordinates": [-71.190611, 42.7215288]}, "properties": {"F_": 156, "District": "Lawrence", "Town": "Methuen", "Street": "Arnold St", "Retirement_Footage": "2,093'", "Material": "CI   BS", "Installation_Footage": "2764'", "Size_s__to_Install_": "2\" , 4\"\r", "lat": 42.7215288, "lon": -71.190611, "Mapped_address": "Arnold St, Methuen, MA 01844, USA", "FID": 202}}, {"type": "Feature", "id": 203, "geometry": {"type": "Point", "coordinates": [-71.1978118, 42.7217052]}, "properties": {"F_": 157, "District": "Lawrence", "Town": "Methuen", "Street": "Belmont St", "Retirement_Footage": "2,401'", "Material": "CI   BS", "Installation_Footage": "2080'", "Size_s__to_Install_": "2\", 6\"\r", "lat": 42.7217052, "lon": -71.1978118, "Mapped_address": "Belmont St, Methuen, MA 01844, USA", "FID": 203}}, {"type": "Feature", "id": 204, "geometry": {"type": "Point", "coordinates": [-71.1571113, 42.706485]}, "properties": {"F_": 158, "District": "Lawrence", "Town": "Lawrence", "Street": "Canal St (Union to Lawrence)", "Retirement_Footage": "1,975'", "Material": "CI", "Installation_Footage": "1975'", "Size_s__to_Install_": "12\"\r", "lat": 42.706485, "lon": -71.1571113, "Mapped_address": "Canal St, Lawrence, MA, USA", "FID": 204}}, {"type": "Feature", "id": 205, "geometry": {"type": "Point", "coordinates": [-71.1435262, 42.6516873]}, "properties": {"F_": 159, "District": "Lawrence", "Town": "Andover", "Street": "Central St", "Retirement_Footage": "350'", "Material": "CI", "Installation_Footage": "1200'", "Size_s__to_Install_": "8\"\r", "lat": 42.6516873, "lon": -71.1435262, "Mapped_address": "Central St, Andover, MA 01810, USA", "FID": 205}}, {"type": "Feature", "id": 206, "geometry": {"type": "Point", "coordinates": [-71.1623914, 42.7082292]}, "properties": {"F_": 160, "District": "Lawrence", "Town": "Lawrence", "Street": "Common St ", "Retirement_Footage": "3,150'", "Material": "CI", "Installation_Footage": "3150'", "Size_s__to_Install_": "4\"\r", "lat": 42.7082292, "lon": -71.1623914, "Mapped_address": "Common St, Lawrence, MA 01840, USA", "FID": 206}}, {"type": "Feature", "id": 207, "geometry": {"type": "Point", "coordinates": [-71.1716068, 42.7236918]}, "properties": {"F_": 161, "District": "Lawrence", "Town": "Methuen", "Street": "Elmwood Rd", "Retirement_Footage": "4,029'", "Material": "CI", "Installation_Footage": "5150'", "Size_s__to_Install_": "2\", 8\"\r", "lat": 42.7236918, "lon": -71.1716068, "Mapped_address": "Elmwood Rd, Methuen, MA 01844, USA", "FID": 207}}, {"type": "Feature", "id": 208, "geometry": {"type": "Point", "coordinates": [-71.1416349, 42.7236751]}, "properties": {"F_": 162, "District": "Lawrence", "Town": "Methuen", "Street": "Grace St (Henry)", "Retirement_Footage": "520'", "Material": "CI   BS", "Installation_Footage": "520'", "Size_s__to_Install_": "6\"\r", "lat": 42.7236751, "lon": -71.1416349, "Mapped_address": "Grace St, Methuen, MA 01844, USA", "FID": 208}}, {"type": "Feature", "id": 209, "geometry": {"type": "Point", "coordinates": [-71.1526719, 42.7209889]}, "properties": {"F_": 163, "District": "Lawrence", "Town": "Lawrence", "Street": "Kendall St", "Retirement_Footage": "2,466'", "Material": "CI   BS", "Installation_Footage": "2706'", "Size_s__to_Install_": "2\" \r", "lat": 42.7209889, "lon": -71.1526719, "Mapped_address": "Kendall St, Lawrence, MA, USA", "FID": 209}}, {"type": "Feature", "id": 210, "geometry": {"type": "Point", "coordinates": [-71.1651815, 42.717204]}, "properties": {"F_": 164, "District": "Lawrence", "Town": "Lawrence", "Street": "Lexington St ", "Retirement_Footage": "2,480'", "Material": "CI", "Installation_Footage": "2480'", "Size_s__to_Install_": "4\"\r", "lat": 42.717204, "lon": -71.1651815, "Mapped_address": "Lexington St, Lawrence, MA 01841, USA", "FID": 210}}, {"type": "Feature", "id": 211, "geometry": {"type": "Point", "coordinates": [-71.1774977, 42.7255291]}, "properties": {"F_": 165, "District": "Lawrence", "Town": "Methuen", "Street": "Locust Rd (Tudor/Tower)", "Retirement_Footage": "3,200'", "Material": "CI", "Installation_Footage": "3200'", "Size_s__to_Install_": "2\"\r", "lat": 42.7255291, "lon": -71.1774977, "Mapped_address": "Locust Rd, Methuen, MA 01844, USA", "FID": 211}}, {"type": "Feature", "id": 212, "geometry": {"type": "Point", "coordinates": [-71.1755885, 42.7241297]}, "properties": {"F_": 165, "District": "Lawrence", "Town": "Methuen", "Street": "Locust Rd (Tudor/Tower)", "Retirement_Footage": "3,200'", "Material": "CI", "Installation_Footage": "3200'", "Size_s__to_Install_": "2\"\r", "lat": 42.7241297, "lon": -71.1755885, "Mapped_address": "Tower St, Methuen, MA 01844, USA", "FID": 212}}, {"type": "Feature", "id": 213, "geometry": {"type": "Point", "coordinates": [-71.1782137, 42.7095146]}, "properties": {"F_": 166, "District": "Lawrence", "Town": "Lawrence", "Street": "May St Ph I", "Retirement_Footage": "4,884'", "Material": "CI   BS", "Installation_Footage": "2350'", "Size_s__to_Install_": "8\"\r", "lat": 42.7095146, "lon": -71.1782137, "Mapped_address": "May St, Lawrence, MA 01841, USA", "FID": 213}}, {"type": "Feature", "id": 214, "geometry": {"type": "Point", "coordinates": [-71.1782137, 42.7095146]}, "properties": {"F_": 167, "District": "Lawrence", "Town": "Lawrence", "Street": "May St Ph II", "Retirement_Footage": "2,900'", "Material": "CI", "Installation_Footage": "2900'", "Size_s__to_Install_": "8\"\r", "lat": 42.7095146, "lon": -71.1782137, "Mapped_address": "May St, Lawrence, MA 01841, USA", "FID": 214}}, {"type": "Feature", "id": 215, "geometry": {"type": "Point", "coordinates": [-71.1493429, 42.7171552]}, "properties": {"F_": 168, "District": "Lawrence", "Town": "Lawrence", "Street": "Mechanic Street (Newbury/Elm/E Haverhill) ", "Retirement_Footage": "1,350'", "Material": "CI", "Installation_Footage": "1350'", "Size_s__to_Install_": "6\"\r", "lat": 42.7171552, "lon": -71.1493429, "Mapped_address": "E Haverhill St, Lawrence, MA, USA", "FID": 215}}, {"type": "Feature", "id": 216, "geometry": {"type": "Point", "coordinates": [-71.154642, 42.711623]}, "properties": {"F_": 168, "District": "Lawrence", "Town": "Lawrence", "Street": "Mechanic Street (Newbury/Elm/E Haverhill) ", "Retirement_Footage": "1,350'", "Material": "CI", "Installation_Footage": "1350'", "Size_s__to_Install_": "6\"\r", "lat": 42.711623, "lon": -71.154642, "Mapped_address": "Mechanic St, Lawrence, MA 01841, USA", "FID": 216}}, {"type": "Feature", "id": 217, "geometry": {"type": "Point", "coordinates": [-71.1666005, 42.7163958]}, "properties": {"F_": 169, "District": "Lawrence", "Town": "Lawrence", "Street": "Park Street ", "Retirement_Footage": "3,760'", "Material": "CI", "Installation_Footage": "3760'", "Size_s__to_Install_": "4\"\r", "lat": 42.7163958, "lon": -71.1666005, "Mapped_address": "Park St, Lawrence, MA 01841, USA", "FID": 217}}, {"type": "Feature", "id": 218, "geometry": {"type": "Point", "coordinates": [-71.1775511, 42.7336942]}, "properties": {"F_": 170, "District": "Lawrence", "Town": "Methuen", "Street": "Pleasant St", "Retirement_Footage": "2,285'", "Material": "CI   BS", "Installation_Footage": "3280'", "Size_s__to_Install_": "6\", 4\", 2\"\r", "lat": 42.7336942, "lon": -71.1775511, "Mapped_address": "Pleasant St, Methuen, MA 01844, USA", "FID": 218}}, {"type": "Feature", "id": 219, "geometry": {"type": "Point", "coordinates": [-71.1542199, 42.7168323]}, "properties": {"F_": 171, "District": "Lawrence", "Town": "Lawrence", "Street": "Prospect St (Phase 1)", "Retirement_Footage": "2,030'", "Material": "CI", "Installation_Footage": "2030'", "Size_s__to_Install_": "4\"\r", "lat": 42.7168323, "lon": -71.1542199, "Mapped_address": "Prospect St, Lawrence, MA, USA", "FID": 219}}, {"type": "Feature", "id": 220, "geometry": {"type": "Point", "coordinates": [-71.1542199, 42.7168323]}, "properties": {"F_": 172, "District": "Lawrence", "Town": "Lawrence", "Street": "Prospect St (Phase 2)", "Retirement_Footage": "2,400'", "Material": "CI", "Installation_Footage": "2400'", "Size_s__to_Install_": "4\"\r", "lat": 42.7168323, "lon": -71.1542199, "Mapped_address": "Prospect St, Lawrence, MA, USA", "FID": 220}}, {"type": "Feature", "id": 221, "geometry": {"type": "Point", "coordinates": [-71.1445029, 42.6593009]}, "properties": {"F_": 173, "District": "Lawrence", "Town": "Andover", "Street": "Railroad Street", "Retirement_Footage": "220'", "Material": "   BS", "Installation_Footage": "320'", "Size_s__to_Install_": "6\"\r", "lat": 42.6593009, "lon": -71.1445029, "Mapped_address": "Railroad St, Andover, MA 01810, USA", "FID": 221}}, {"type": "Feature", "id": 222, "geometry": {"type": "Point", "coordinates": [-71.198064, 42.7209424]}, "properties": {"F_": 174, "District": "Lawrence", "Town": "Methuen", "Street": "Ruskin Ave", "Retirement_Footage": "3,573'", "Material": "CI", "Installation_Footage": "5580'", "Size_s__to_Install_": "2\",4\",6\"\r", "lat": 42.7209424, "lon": -71.198064, "Mapped_address": "Ruskin Ave, Methuen, MA 01844, USA", "FID": 222}}, {"type": "Feature", "id": 223, "geometry": {"type": "Point", "coordinates": [-71.1670158, 42.7206591]}, "properties": {"F_": 175, "District": "Lawrence", "Town": "Lawrence", "Street": "Saratoga Ter", "Retirement_Footage": "562'", "Material": "CI   BS", "Installation_Footage": "742'", "Size_s__to_Install_": "2\"\r", "lat": 42.7206591, "lon": -71.1670158, "Mapped_address": "Saratoga Terrace, Lawrence, MA 01841, USA", "FID": 223}}, {"type": "Feature", "id": 224, "geometry": {"type": "Point", "coordinates": [-71.1297782, 42.7379787]}, "properties": {"F_": 176, "District": "Lawrence", "Town": "Methuen", "Street": "Thornton Ave", "Retirement_Footage": "3,665'", "Material": "CI   UCS   BS", "Installation_Footage": "4070'", "Size_s__to_Install_": "2\", 4\"\r", "lat": 42.7379787, "lon": -71.1297782, "Mapped_address": "Thornton Ave, Methuen, MA 01844, USA", "FID": 224}}, {"type": "Feature", "id": 225, "geometry": {"type": "Point", "coordinates": [-71.170735, 42.7175652]}, "properties": {"F_": 177, "District": "Lawrence", "Town": "Lawrence", "Street": "Walnut St  (At Ridge St)", "Retirement_Footage": "4,100'", "Material": "CI", "Installation_Footage": "4295'", "Size_s__to_Install_": "4\"\r", "lat": 42.7175652, "lon": -71.170735, "Mapped_address": "Walnut St, Lawrence, MA 01841, USA", "FID": 225}}, {"type": "Feature", "id": 226, "geometry": {"type": "Point", "coordinates": [-71.1435804, 42.7220219]}, "properties": {"F_": 178, "District": "Lawrence", "Town": "Lawrence", "Street": "Josephine Ave", "Retirement_Footage": "1,374'", "Material": "CI   UCS   BS", "Installation_Footage": "2,399'", "Size_s__to_Install_": "2\"\r", "lat": 42.7220219, "lon": -71.1435804, "Mapped_address": "Josephine Ave, Lawrence, MA, USA", "FID": 226}}, {"type": "Feature", "id": 227, "geometry": {"type": "Point", "coordinates": [-71.1916767, 42.7276094]}, "properties": {"F_": 179, "District": "Lawrence", "Town": "Methuen", "Street": "Pine St", "Retirement_Footage": "716'", "Material": "CI", "Installation_Footage": "1,050'", "Size_s__to_Install_": "2\"\r", "lat": 42.7276094, "lon": -71.1916767, "Mapped_address": "Pine St, Methuen, MA 01844, USA", "FID": 227}}, {"type": "Feature", "id": 228, "geometry": {"type": "Point", "coordinates": [-71.145618, 42.7138879]}, "properties": {"F_": 180, "District": "Lawrence", "Town": "Lawrence", "Street": "Kress St", "Retirement_Footage": "2,819'", "Material": "CI", "Installation_Footage": "3,135'", "Size_s__to_Install_": "2\"\r", "lat": 42.7138879, "lon": -71.145618, "Mapped_address": "Kress St, Lawrence, MA 01841, USA", "FID": 228}}, {"type": "Feature", "id": 229, "geometry": {"type": "Point", "coordinates": [-71.1552131, 42.7254313]}, "properties": {"F_": 181, "District": "Lawrence", "Town": "Methuen", "Street": "Olive St", "Retirement_Footage": "2,113'", "Material": "CI   UCS", "Installation_Footage": "2,185'", "Size_s__to_Install_": "2\", 6\"\r", "lat": 42.7254313, "lon": -71.1552131, "Mapped_address": "Olive St, Methuen, MA 01844, USA", "FID": 229}}, {"type": "Feature", "id": 230, "geometry": {"type": "Point", "coordinates": [-71.1322414, 42.7305028]}, "properties": {"F_": 182, "District": "Lawrence", "Town": "Methuen", "Street": "Ayer Street -(From Merrimack to End)", "Retirement_Footage": "2,500'", "Material": "CI   UCS", "Installation_Footage": "2500'", "Size_s__to_Install_": "4\"\r", "lat": 42.7305028, "lon": -71.1322414, "Mapped_address": "Ayer St, Methuen, MA 01844, USA", "FID": 230}}, {"type": "Feature", "id": 231, "geometry": {"type": "Point", "coordinates": [-71.1735518, 42.7043499]}, "properties": {"F_": 183, "District": "Lawrence", "Town": "Lawrence", "Street": "Bedford St", "Retirement_Footage": "1,540'", "Material": "CI", "Installation_Footage": "1540'", "Size_s__to_Install_": "6\"\r", "lat": 42.7043499, "lon": -71.1735518, "Mapped_address": "Bedford St, Lawrence, MA 01841, USA", "FID": 231}}, {"type": "Feature", "id": 232, "geometry": {"type": "Point", "coordinates": [-71.1440863, 42.716739]}, "properties": {"F_": 184, "District": "Lawrence", "Town": "Lawrence", "Street": "Colby St  (Katherine)", "Retirement_Footage": "1,300'", "Material": "CI", "Installation_Footage": "1300'", "Size_s__to_Install_": "2\"\r", "lat": 42.716739, "lon": -71.1440863, "Mapped_address": "Colby St, Lawrence, MA 01841, USA", "FID": 232}}, {"type": "Feature", "id": 233, "geometry": {"type": "Point", "coordinates": [-71.1798241, 42.700172]}, "properties": {"F_": 185, "District": "Lawrence", "Town": "Lawrence", "Street": "Cypress St (Riverside Drive)", "Retirement_Footage": "1,860'", "Material": "CI", "Installation_Footage": "1860'", "Size_s__to_Install_": "6\"\r", "lat": 42.700172, "lon": -71.1798241, "Mapped_address": "Cypress St, Lawrence, MA 01841, USA", "FID": 233}}, {"type": "Feature", "id": 234, "geometry": {"type": "Point", "coordinates": [-71.1603855, 42.7268131]}, "properties": {"F_": 186, "District": "Lawrence", "Town": "Methuen", "Street": "East St", "Retirement_Footage": "4,460'", "Material": "CI   BS", "Installation_Footage": "4460'", "Size_s__to_Install_": "4\"\r", "lat": 42.7268131, "lon": -71.1603855, "Mapped_address": "East St, Methuen, MA 01844, USA", "FID": 234}}, {"type": "Feature", "id": 235, "geometry": {"type": "Point", "coordinates": [-71.1944939, 42.7096964]}, "properties": {"F_": 187, "District": "Lawrence", "Town": "Methuen", "Street": "Elm St ", "Retirement_Footage": "2,760'", "Material": "CI   BS", "Installation_Footage": "2760'", "Size_s__to_Install_": "6\"\r", "lat": 42.7096964, "lon": -71.1944939, "Mapped_address": "Elm St, Methuen, MA 01844, USA", "FID": 235}}, {"type": "Feature", "id": 236, "geometry": {"type": "Point", "coordinates": [-71.1637239, 42.7174575]}, "properties": {"F_": 188, "District": "Lawrence", "Town": "Lawrence", "Street": "Eutaw St", "Retirement_Footage": "1,292'", "Material": "CI   UCS", "Installation_Footage": "1700'", "Size_s__to_Install_": "2\"\r", "lat": 42.7174575, "lon": -71.1637239, "Mapped_address": "Eutaw St, Lawrence, MA 01841, USA", "FID": 236}}, {"type": "Feature", "id": 237, "geometry": {"type": "Point", "coordinates": [-71.1478537, 42.7176648]}, "properties": {"F_": 189, "District": "Lawrence", "Town": "Lawrence", "Street": "Ferry St", "Retirement_Footage": "1,580'", "Material": "CI", "Installation_Footage": "1580'", "Size_s__to_Install_": "8\"\r", "lat": 42.7176648, "lon": -71.1478537, "Mapped_address": "Ferry St, Lawrence, MA 01841, USA", "FID": 237}}, {"type": "Feature", "id": 238, "geometry": {"type": "Point", "coordinates": [-71.1315419, 42.7317624]}, "properties": {"F_": 191, "District": "Lawrence", "Town": "Methuen", "Street": "Golf Ave", "Retirement_Footage": "3,650'", "Material": "CI   UCS   BS", "Installation_Footage": "3500'", "Size_s__to_Install_": "6\"\r", "lat": 42.7317624, "lon": -71.1315419, "Mapped_address": "Golf Ave, Methuen, MA 01844, USA", "FID": 238}}, {"type": "Feature", "id": 239, "geometry": {"type": "Point", "coordinates": [-71.1721148, 42.7080097]}, "properties": {"F_": 192, "District": "Lawrence", "Town": "Lawrence", "Street": "Haverhill St (Hampton/Morton)", "Retirement_Footage": "3,980'", "Material": "CI   BS", "Installation_Footage": "3980'", "Size_s__to_Install_": "6\"\r", "lat": 42.7080097, "lon": -71.1721148, "Mapped_address": "Haverhill St, Lawrence, MA, USA", "FID": 239}}, {"type": "Feature", "id": 240, "geometry": {"type": "Point", "coordinates": [-71.17318, 42.7063874]}, "properties": {"F_": 192, "District": "Lawrence", "Town": "Lawrence", "Street": "Haverhill St (Hampton/Morton)", "Retirement_Footage": "3,980'", "Material": "CI   BS", "Installation_Footage": "3980'", "Size_s__to_Install_": "6\"\r", "lat": 42.7063874, "lon": -71.17318, "Mapped_address": "Morton St, Lawrence, MA 01841, USA", "FID": 240}}, {"type": "Feature", "id": 241, "geometry": {"type": "Point", "coordinates": [-71.1776571, 42.7188868]}, "properties": {"F_": 193, "District": "Lawrence", "Town": "Methuen", "Street": "Kirk St ", "Retirement_Footage": "1,755'", "Material": "CI", "Installation_Footage": "1755'", "Size_s__to_Install_": "6\"\r", "lat": 42.7188868, "lon": -71.1776571, "Mapped_address": "Kirk St, Methuen, MA 01844, USA", "FID": 241}}, {"type": "Feature", "id": 242, "geometry": {"type": "Point", "coordinates": [-71.1753378, 42.7041263]}, "properties": {"F_": 194, "District": "Lawrence", "Town": "Lawrence", "Street": "Lowell St ", "Retirement_Footage": "1,850'", "Material": "CI", "Installation_Footage": "1850'", "Size_s__to_Install_": "6\"\r", "lat": 42.7041263, "lon": -71.1753378, "Mapped_address": "Lowell St, Lawrence, MA, USA", "FID": 242}}, {"type": "Feature", "id": 243, "geometry": {"type": "Point", "coordinates": [-71.1820767, 42.6493052]}, "properties": {"F_": 195, "District": "Lawrence", "Town": "Andover", "Street": "Lowell St  (From Lovejoy to Bellevue)", "Retirement_Footage": "3,900'", "Material": "   UCS", "Installation_Footage": "3900'", "Size_s__to_Install_": "8\"\r", "lat": 42.6493052, "lon": -71.1820767, "Mapped_address": "Lowell St, Andover, MA 01810, USA", "FID": 243}}, {"type": "Feature", "id": 244, "geometry": {"type": "Point", "coordinates": [-71.1775122, 42.7127307]}, "properties": {"F_": 196, "District": "Lawrence", "Town": "Lawrence", "Street": "Manchester St", "Retirement_Footage": "1,850'", "Material": "CI", "Installation_Footage": "1670'", "Size_s__to_Install_": "2\"\r", "lat": 42.7127307, "lon": -71.1775122, "Mapped_address": "Manchester St, Lawrence, MA 01841, USA", "FID": 244}}, {"type": "Feature", "id": 245, "geometry": {"type": "Point", "coordinates": [-71.1402137, 42.7206312]}, "properties": {"F_": 197, "District": "Lawrence", "Town": "Lawrence", "Street": "Norris St", "Retirement_Footage": "3,890'", "Material": "CI", "Installation_Footage": "3890'", "Size_s__to_Install_": "6\"\r", "lat": 42.7206312, "lon": -71.1402137, "Mapped_address": "Norris St, Lawrence, MA 01841, USA", "FID": 245}}, {"type": "Feature", "id": 246, "geometry": {"type": "Point", "coordinates": [-71.1826351, 42.6991929]}, "properties": {"F_": 198, "District": "Lawrence", "Town": "Lawrence", "Street": "Pearl St", "Retirement_Footage": "4,190'", "Material": "CI   BS", "Installation_Footage": "4190'", "Size_s__to_Install_": "2\"\r", "lat": 42.6991929, "lon": -71.1826351, "Mapped_address": "Pearl St, Lawrence, MA 01841, USA", "FID": 246}}, {"type": "Feature", "id": 247, "geometry": {"type": "Point", "coordinates": [-71.1456532, 42.7199967]}, "properties": {"F_": 199, "District": "Lawrence", "Town": "Lawrence", "Street": "Rollins St", "Retirement_Footage": "1,824'", "Material": "CI   BS", "Installation_Footage": "3190'", "Size_s__to_Install_": "2\"\r", "lat": 42.7199967, "lon": -71.1456532, "Mapped_address": "Rollins St, Lawrence, MA 01841, USA", "FID": 247}}, {"type": "Feature", "id": 248, "geometry": {"type": "Point", "coordinates": [-71.1613962, 42.717517]}, "properties": {"F_": 200, "District": "Lawrence", "Town": "Lawrence", "Street": "Saunders Street", "Retirement_Footage": "3,330'", "Material": "CI", "Installation_Footage": "2195'", "Size_s__to_Install_": "6\"\r", "lat": 42.717517, "lon": -71.1613962, "Mapped_address": "Saunders St, Lawrence, MA 01841, USA", "FID": 248}}, {"type": "Feature", "id": 249, "geometry": {"type": "Point", "coordinates": [-71.1737836, 42.7180534]}, "properties": {"F_": 201, "District": "Lawrence", "Town": "Lawrence", "Street": "Spruce St", "Retirement_Footage": "2,880'", "Material": "CI", "Installation_Footage": "2880'", "Size_s__to_Install_": "4\"\r", "lat": 42.7180534, "lon": -71.1737836, "Mapped_address": "Spruce St, Lawrence, MA, USA", "FID": 249}}, {"type": "Feature", "id": 250, "geometry": {"type": "Point", "coordinates": [-71.1327646, 42.7342939]}, "properties": {"F_": 202, "District": "Lawrence", "Town": "Methuen", "Street": "Varnum Avenue", "Retirement_Footage": "781'", "Material": "CI", "Installation_Footage": "950'", "Size_s__to_Install_": "4\"\r", "lat": 42.7342939, "lon": -71.1327646, "Mapped_address": "Varnum Ave, Methuen, MA 01844, USA", "FID": 250}}, {"type": "Feature", "id": 251, "geometry": {"type": "Point", "coordinates": [-71.149109, 42.7218307]}, "properties": {"F_": 203, "District": "Lawrence", "Town": "Lawrence", "Street": "Wesley St - (From Swan to Haverhill)", "Retirement_Footage": "5,050'", "Material": "CI   BS", "Installation_Footage": "3920'", "Size_s__to_Install_": "4\"\r", "lat": 42.7218307, "lon": -71.149109, "Mapped_address": "Wesley St, Lawrence, MA, USA", "FID": 251}}, {"type": "Feature", "id": 252, "geometry": {"type": "Point", "coordinates": [-71.1322031, 42.7451411]}, "properties": {"F_": 204, "District": "Lawrence", "Town": "Methuen", "Street": "Campbell St", "Retirement_Footage": "3,374'", "Material": "CI", "Installation_Footage": "3648'", "Size_s__to_Install_": "4\"\r", "lat": 42.7451411, "lon": -71.1322031, "Mapped_address": "Campbell St, Methuen, MA 01844, USA", "FID": 252}}, {"type": "Feature", "id": 253, "geometry": {"type": "Point", "coordinates": [-71.1723965, 42.7113803]}, "properties": {"F_": 205, "District": "Lawrence", "Town": "Lawrence", "Street": "Cross Street", "Retirement_Footage": "1,326'", "Material": "CI", "Installation_Footage": "2,075'", "Size_s__to_Install_": "2\", 10\"\r", "lat": 42.7113803, "lon": -71.1723965, "Mapped_address": "Cross St, Lawrence, MA 01841, USA", "FID": 253}}, {"type": "Feature", "id": 254, "geometry": {"type": "Point", "coordinates": [-71.1938403, 42.7158425]}, "properties": {"F_": 206, "District": "Lawrence", "Town": "Methuen", "Street": "Emsley St", "Retirement_Footage": "4,914'", "Material": "   UCS", "Installation_Footage": "3,126'", "Size_s__to_Install_": "6\"\r", "lat": 42.7158425, "lon": -71.1938403, "Mapped_address": "Emsley Terrace, Methuen, MA 01844, USA", "FID": 254}}, {"type": "Feature", "id": 255, "geometry": {"type": "Point", "coordinates": [-71.176433, 42.6813832]}, "properties": {"F_": 207, "District": "Lawrence", "Town": "Lawrence", "Street": "Genessee St (Boylston/Madison)", "Retirement_Footage": "1,350'", "Material": "   BS", "Installation_Footage": "1350'", "Size_s__to_Install_": "6\"\r", "lat": 42.6813832, "lon": -71.176433, "Mapped_address": "Genesee St, Lawrence, MA 01843, USA", "FID": 255}}, {"type": "Feature", "id": 256, "geometry": {"type": "Point", "coordinates": [-71.1772489, 42.6810143]}, "properties": {"F_": 207, "District": "Lawrence", "Town": "Lawrence", "Street": "Genessee St (Boylston/Madison)", "Retirement_Footage": "1,350'", "Material": "   BS", "Installation_Footage": "1350'", "Size_s__to_Install_": "6\"\r", "lat": 42.6810143, "lon": -71.1772489, "Mapped_address": "Madison St, Lawrence, MA 01843, USA", "FID": 256}}, {"type": "Feature", "id": 257, "geometry": {"type": "Point", "coordinates": [-71.1721148, 42.7080097]}, "properties": {"F_": 208, "District": "Lawrence", "Town": "Lawrence", "Street": "Haverhill St", "Retirement_Footage": "2,300'", "Material": "CI", "Installation_Footage": "2300'", "Size_s__to_Install_": "4\"\r", "lat": 42.7080097, "lon": -71.1721148, "Mapped_address": "Haverhill St, Lawrence, MA, USA", "FID": 257}}, {"type": "Feature", "id": 258, "geometry": {"type": "Point", "coordinates": [-71.1179409, 42.6783557]}, "properties": {"F_": 209, "District": "Lawrence", "Town": "North Andover", "Street": "Hewitt Av", "Retirement_Footage": "3,500'", "Material": "CI", "Installation_Footage": "3500'", "Size_s__to_Install_": "4\"\r", "lat": 42.6783557, "lon": -71.1179409, "Mapped_address": "Hewitt Ave, North Andover, MA 01845, USA", "FID": 258}}, {"type": "Feature", "id": 259, "geometry": {"type": "Point", "coordinates": [-71.2210772, 42.726339]}, "properties": {"F_": 211, "District": "Lawrence", "Town": "Methuen", "Street": "Lyndale St (Concord) ", "Retirement_Footage": "2,400'", "Material": "CI   BS", "Installation_Footage": "2400'", "Size_s__to_Install_": "6\"\r", "lat": 42.726339, "lon": -71.2210772, "Mapped_address": "Lyndale Ave, Methuen, MA 01844, USA", "FID": 259}}, {"type": "Feature", "id": 260, "geometry": {"type": "Point", "coordinates": [-71.1420698, 42.7254414]}, "properties": {"F_": 212, "District": "Lawrence", "Town": "Methuen", "Street": "Marie St", "Retirement_Footage": "3,800'", "Material": "CI", "Installation_Footage": "3800'", "Size_s__to_Install_": "4\"\r", "lat": 42.7254414, "lon": -71.1420698, "Mapped_address": "Marie St, Methuen, MA 01844, USA", "FID": 260}}, {"type": "Feature", "id": 261, "geometry": {"type": "Point", "coordinates": [-71.1316852, 42.7413286]}, "properties": {"F_": 213, "District": "Lawrence", "Town": "Methuen", "Street": "Merrimack St", "Retirement_Footage": "1,450'", "Material": "CI", "Installation_Footage": "3480'", "Size_s__to_Install_": "2\",8\"\r", "lat": 42.7413286, "lon": -71.1316852, "Mapped_address": "Merrimack St, Methuen, MA 01844, USA", "FID": 261}}, {"type": "Feature", "id": 262, "geometry": {"type": "Point", "coordinates": [-71.1316852, 42.7413286]}, "properties": {"F_": 214, "District": "Lawrence", "Town": "Methuen", "Street": "Merrimack St II", "Retirement_Footage": "7,500'", "Material": "CI", "Installation_Footage": "7,500'", "Size_s__to_Install_": "6\"\r", "lat": 42.7413286, "lon": -71.1316852, "Mapped_address": "Merrimack St, Methuen, MA 01844, USA", "FID": 262}}, {"type": "Feature", "id": 263, "geometry": {"type": "Point", "coordinates": [-71.1316852, 42.7413286]}, "properties": {"F_": 215, "District": "Lawrence", "Town": "Methuen", "Street": "Pitman / Merrimack St", "Retirement_Footage": "8,750'", "Material": "CI   BS", "Installation_Footage": "9850'", "Size_s__to_Install_": "4\",8\"\r", "lat": 42.7413286, "lon": -71.1316852, "Mapped_address": "Merrimack St, Methuen, MA 01844, USA", "FID": 263}}, {"type": "Feature", "id": 264, "geometry": {"type": "Point", "coordinates": [-71.1453359, 42.7120743]}, "properties": {"F_": 216, "District": "Lawrence", "Town": "Lawrence", "Street": "Pleasant St", "Retirement_Footage": "1,705'", "Material": "CI", "Installation_Footage": "1705'", "Size_s__to_Install_": "4\"\r", "lat": 42.7120743, "lon": -71.1453359, "Mapped_address": "Pleasant St, Lawrence, MA 01841, USA", "FID": 264}}, {"type": "Feature", "id": 265, "geometry": {"type": "Point", "coordinates": [-71.1948816, 42.7148258]}, "properties": {"F_": 217, "District": "Lawrence", "Town": "Methuen", "Street": "Shirley Ave", "Retirement_Footage": "7,055'", "Material": "CI   UCS   BS", "Installation_Footage": "7265'", "Size_s__to_Install_": "2\", 4\"\r", "lat": 42.7148258, "lon": -71.1948816, "Mapped_address": "Shirley Ave, Methuen, MA 01844, USA", "FID": 265}}, {"type": "Feature", "id": 266, "geometry": {"type": "Point", "coordinates": [-71.1134914, 42.6727088]}, "properties": {"F_": 218, "District": "Lawrence", "Town": "North Andover", "Street": "Sutton Hill @ Chestnut", "Retirement_Footage": "2,000'", "Material": "   UCS   BS", "Installation_Footage": "2000'", "Size_s__to_Install_": "6\"\r", "lat": 42.6727088, "lon": -71.1134914, "Mapped_address": "Sutton Hill Rd & Chestnut St, North Andover, MA 01845, USA", "FID": 266}}, {"type": "Feature", "id": 267, "geometry": {"type": "Point", "coordinates": [-71.1419135, 42.7105566]}, "properties": {"F_": 219, "District": "Lawrence", "Town": "Lawrence", "Street": "Woodland Court", "Retirement_Footage": "1,453'", "Material": "CI", "Installation_Footage": "1,500'", "Size_s__to_Install_": "2\",8\"\r", "lat": 42.7105566, "lon": -71.1419135, "Mapped_address": "Woodland Ct, Lawrence, MA 01841, USA", "FID": 267}}, {"type": "Feature", "id": 268, "geometry": {"type": "Point", "coordinates": [-71.1798316, 42.6980701]}, "properties": {"F_": 220, "District": "Lawrence", "Town": "Lawrence", "Street": "Hudson Ave", "Retirement_Footage": "555'", "Material": "CI", "Installation_Footage": "555'", "Size_s__to_Install_": "4\"\r", "lat": 42.6980701, "lon": -71.1798316, "Mapped_address": "Hudson Ave, Lawrence, MA 01841, USA", "FID": 268}}, {"type": "Feature", "id": 269, "geometry": {"type": "Point", "coordinates": [-71.1430151, 42.7111122]}, "properties": {"F_": 221, "District": "Lawrence", "Town": "Lawrence", "Street": "Marston St (495 to Ferry St, Allston St)", "Retirement_Footage": "3440'", "Material": "CI", "Installation_Footage": "3440'", "Size_s__to_Install_": "4\", 6\", 8\"\r", "lat": 42.7111122, "lon": -71.1430151, "Mapped_address": "Allston St, Lawrence, MA 01841, USA", "FID": 269}}, {"type": "Feature", "id": 270, "geometry": {"type": "Point", "coordinates": [-71.1400044, 42.7143335]}, "properties": {"F_": 221, "District": "Lawrence", "Town": "Lawrence", "Street": "Marston St (495 to Ferry St, Allston St)", "Retirement_Footage": "3440'", "Material": "CI", "Installation_Footage": "3440'", "Size_s__to_Install_": "4\", 6\", 8\"\r", "lat": 42.7143335, "lon": -71.1400044, "Mapped_address": "Marston St, Lawrence, MA 01841, USA", "FID": 270}}, {"type": "Feature", "id": 271, "geometry": {"type": "Point", "coordinates": [-71.2373325, 42.7105222]}, "properties": {"F_": 222, "District": "Lawrence", "Town": "Methuen", "Street": "Tyler St (151 to Butternut Ln)", "Retirement_Footage": "2003'", "Material": "CI", "Installation_Footage": "2003'", "Size_s__to_Install_": "4\"\r", "lat": 42.7105222, "lon": -71.2373325, "Mapped_address": "Tyler St, Methuen, MA, USA", "FID": 271}}, {"type": "Feature", "id": 272, "geometry": {"type": "Point", "coordinates": [-71.1535769, 42.7243378]}, "properties": {"F_": 223, "District": "Lawrence", "Town": "Methuen", "Street": "Vermont St", "Retirement_Footage": "4195'", "Material": "CI", "Installation_Footage": "4195'", "Size_s__to_Install_": "4\"\r", "lat": 42.7243378, "lon": -71.1535769, "Mapped_address": "Vermont St, Methuen, MA, USA", "FID": 272}}, {"type": "Feature", "id": 273, "geometry": {"type": "Point", "coordinates": [-71.1596643, 42.7285461]}, "properties": {"F_": 224, "District": "Lawrence", "Town": "Methuen", "Street": "Breen Ave", "Retirement_Footage": "1560'", "Material": "CI   UCS   BS", "Installation_Footage": "1560'", "Size_s__to_Install_": "4\"\r", "lat": 42.7285461, "lon": -71.1596643, "Mapped_address": "Breen Ave, Methuen, MA 01844, USA", "FID": 273}}, {"type": "Feature", "id": 274, "geometry": {"type": "Point", "coordinates": [-71.1880545, 42.731393]}, "properties": {"F_": 225, "District": "Lawrence", "Town": "Methuen", "Street": "Gage St", "Retirement_Footage": "1455'", "Material": "CI   UCS   BS", "Installation_Footage": "1455'", "Size_s__to_Install_": "4\"\r", "lat": 42.731393, "lon": -71.1880545, "Mapped_address": "Gage St, Methuen, MA 01844, USA", "FID": 274}}, {"type": "Feature", "id": 275, "geometry": {"type": "Point", "coordinates": [-71.1782031, 42.7223304]}, "properties": {"F_": 226, "District": "Lawrence", "Town": "Methuen", "Street": "Phillips St", "Retirement_Footage": "3891'", "Material": "CI   UCS   BS", "Installation_Footage": "4260'", "Size_s__to_Install_": "4\", 6\"\r", "lat": 42.7223304, "lon": -71.1782031, "Mapped_address": "Phillips St, Methuen, MA 01844, USA", "FID": 275}}, {"type": "Feature", "id": 276, "geometry": {"type": "Point", "coordinates": [-71.1839655, 42.7040001]}, "properties": {"F_": 227, "District": "Lawrence", "Town": "Lawrence", "Street": "Holton St", "Retirement_Footage": "4393'", "Material": "CI   UCS   BS", "Installation_Footage": "4393'", "Size_s__to_Install_": "3\", 4\"\r", "lat": 42.7040001, "lon": -71.1839655, "Mapped_address": "Holton St, Lawrence, MA 01841, USA", "FID": 276}}, {"type": "Feature", "id": 277, "geometry": {"type": "Point", "coordinates": [-71.1130401, 42.6806615]}, "properties": {"F_": 228, "District": "Lawrence", "Town": "North Andover", "Street": "Milk St (Milk & Heath)", "Retirement_Footage": "1987'", "Material": "CI   UCS   BS", "Installation_Footage": "1987'", "Size_s__to_Install_": "4\", 6\"\r", "lat": 42.6806615, "lon": -71.1130401, "Mapped_address": "Milk St, North Andover, MA 01845, USA", "FID": 277}}, {"type": "Feature", "id": 278, "geometry": {"type": "Point", "coordinates": [-71.1498166, 42.71542]}, "properties": {"F_": 229, "District": "Lawrence", "Town": "Lawrence", "Street": "Sargent St", "Retirement_Footage": "1986'", "Material": "CI   UCS   BS", "Installation_Footage": "2054'", "Size_s__to_Install_": "4\", 6\", 8\"\r", "lat": 42.71542, "lon": -71.1498166, "Mapped_address": "Sargent St, Lawrence, MA 01841, USA", "FID": 278}}, {"type": "Feature", "id": 279, "geometry": {"type": "Point", "coordinates": [-71.170735, 42.7175652]}, "properties": {"F_": 230, "District": "Lawrence", "Town": "Lawrence", "Street": "Alder Street", "Retirement_Footage": "3658'", "Material": "CI   BS", "Installation_Footage": "3658'", "Size_s__to_Install_": "4\"\r", "lat": 42.7175652, "lon": -71.170735, "Mapped_address": "Alder St, Lawrence, MA 01841, USA", "FID": 279}}, {"type": "Feature", "id": 280, "geometry": {"type": "Point", "coordinates": [-71.1670329, 42.7232877]}, "properties": {"F_": 232, "District": "Lawrence", "Town": "Lawrence", "Street": "Brook Pl", "Retirement_Footage": "6669'", "Material": "CI   UCS   BS", "Installation_Footage": "6941'", "Size_s__to_Install_": "4\", 6\"\r", "lat": 42.7232877, "lon": -71.1670329, "Mapped_address": "E Brook Pl, Lawrence, MA 01844, USA", "FID": 280}}, {"type": "Feature", "id": 281, "geometry": {"type": "Point", "coordinates": [-72.5234671, 42.067578]}, "properties": {"F_": 233, "District": "Springfield", "Town": "East Longmeadow", "Street": "Cedar Hill Rd", "Retirement_Footage": "2,903'", "Material": "   UCS", "Installation_Footage": "4,574'", "Size_s__to_Install_": "2\", 4\"\r", "lat": 42.067578, "lon": -72.5234671, "Mapped_address": "Cedar Hill Rd, East Longmeadow, MA 01028, USA", "FID": 281}}, {"type": "Feature", "id": 282, "geometry": {"type": "Point", "coordinates": [-72.5828525, 42.0625879]}, "properties": {"F_": 234, "District": "Springfield", "Town": "Longmeadow", "Street": "Warren Terr", "Retirement_Footage": "2,894'", "Material": "CI   UCS", "Installation_Footage": "5,639'", "Size_s__to_Install_": "2\"\r", "lat": 42.0625879, "lon": -72.5828525, "Mapped_address": "Warren Terrace, Longmeadow, MA 01106, USA", "FID": 282}}, {"type": "Feature", "id": 283, "geometry": {"type": "Point", "coordinates": [-72.5800919, 42.1043022]}, "properties": {"F_": 235, "District": "Springfield", "Town": "Springfield", "Street": "High Street", "Retirement_Footage": "1,241'", "Material": "CI   UCS   BS", "Installation_Footage": "2,725'", "Size_s__to_Install_": "2\",6\"\r", "lat": 42.1043022, "lon": -72.5800919, "Mapped_address": "High St, Springfield, MA 01105, USA", "FID": 283}}, {"type": "Feature", "id": 284, "geometry": {"type": "Point", "coordinates": [-72.5872454, 42.1053488]}, "properties": {"F_": 236, "District": "Springfield", "Town": "Springfield", "Street": "Matton Street", "Retirement_Footage": "790'", "Material": "CI", "Installation_Footage": "560'", "Size_s__to_Install_": "2\"\r", "lat": 42.1053488, "lon": -72.5872454, "Mapped_address": "Mattoon St, Springfield, MA, USA", "FID": 284}}, {"type": "Feature", "id": 285, "geometry": {"type": "Point", "coordinates": [-72.6473782, 42.3211623]}, "properties": {"F_": 237, "District": "Springfield", "Town": "Northampton", "Street": "Washington Ave", "Retirement_Footage": "4,643'", "Material": "CI", "Installation_Footage": "4,635'", "Size_s__to_Install_": "2\"\r", "lat": 42.3211623, "lon": -72.6473782, "Mapped_address": "Washington Ave, Northampton, MA 01060, USA", "FID": 285}}, {"type": "Feature", "id": 286, "geometry": {"type": "Point", "coordinates": [-72.5799978, 42.0932094]}, "properties": {"F_": 238, "District": "Springfield", "Town": "Springfield", "Street": "Wendell Place", "Retirement_Footage": "2,158'", "Material": "CI", "Installation_Footage": "2,000'", "Size_s__to_Install_": "2\",8\"\r", "lat": 42.0932094, "lon": -72.5799978, "Mapped_address": "Wendell Pl, Springfield, MA 01105, USA", "FID": 286}}, {"type": "Feature", "id": 287, "geometry": {"type": "Point", "coordinates": [-72.5845076, 42.0294282]}, "properties": {"F_": 239, "District": "Springfield", "Town": "Longmeadow", "Street": "Barrington Road", "Retirement_Footage": "2,791'", "Material": "CI", "Installation_Footage": "5,120'", "Size_s__to_Install_": "6,2\r", "lat": 42.0294282, "lon": -72.5845076, "Mapped_address": "Barrington Rd, Longmeadow, MA 01106, USA", "FID": 287}}, {"type": "Feature", "id": 288, "geometry": {"type": "Point", "coordinates": [-72.603729, 42.101006]}, "properties": {"F_": 240, "District": "Springfield", "Town": "West Springfield", "Street": "Belle Ave", "Retirement_Footage": "4,530'", "Material": "CI   UCS", "Installation_Footage": "4,580'", "Size_s__to_Install_": "2\",6\"\r", "lat": 42.101006, "lon": -72.603729, "Mapped_address": "Belle Ave, West Springfield, MA 01089, USA", "FID": 288}}, {"type": "Feature", "id": 289, "geometry": {"type": "Point", "coordinates": [-72.599348, 42.135772]}, "properties": {"F_": 242, "District": "Springfield", "Town": "Chicopee", "Street": "CHICOPEE on SPRINGFIELD from NORTHWOOD to MELLEN-2149330", "Retirement_Footage": "3,560'", "Material": "CI", "Installation_Footage": "3,565'", "Size_s__to_Install_": "2\",8\"\r", "lat": 42.135772, "lon": -72.599348, "Mapped_address": "Mellen St, Chicopee, MA 01013, USA", "FID": 289}}, {"type": "Feature", "id": 290, "geometry": {"type": "Point", "coordinates": [-72.617646, 42.156233]}, "properties": {"F_": 243, "District": "Springfield", "Town": "Chicopee", "Street": "CHICOPEE on WHITIN from TRAFTON to GASPEE-2149734", "Retirement_Footage": "570'", "Material": "   UCS   BS", "Installation_Footage": "570'", "Size_s__to_Install_": "2\"\r", "lat": 42.156233, "lon": -72.617646, "Mapped_address": "Gaspee St, Chicopee, MA 01013, USA", "FID": 290}}, {"type": "Feature", "id": 291, "geometry": {"type": "Point", "coordinates": [-72.55481, 42.0928283]}, "properties": {"F_": 244, "District": "Springfield", "Town": "Springfield", "Street": "Claremont St", "Retirement_Footage": "868'", "Material": "CI", "Installation_Footage": "868'", "Size_s__to_Install_": "6\"\r", "lat": 42.0928283, "lon": -72.55481, "Mapped_address": "Claremont St, Springfield, MA 01108, USA", "FID": 291}}, {"type": "Feature", "id": 292, "geometry": {"type": "Point", "coordinates": [-72.5631399, 42.1892527]}, "properties": {"F_": 245, "District": "Springfield", "Town": "Chicopee", "Street": "Doverbrook Estates", "Retirement_Footage": "6,440'", "Material": "   BS", "Installation_Footage": "9,200'", "Size_s__to_Install_": "2\"\r", "lat": 42.1892527, "lon": -72.5631399, "Mapped_address": "Doverbrook Rd, Chicopee, MA 01022, USA", "FID": 292}}, {"type": "Feature", "id": 293, "geometry": {"type": "Point", "coordinates": [-72.612501, 42.146031]}, "properties": {"F_": 246, "District": "Springfield", "Town": "Chicopee", "Street": "Exchange St", "Retirement_Footage": "5,124'", "Material": "CI   BS", "Installation_Footage": "5,124'", "Size_s__to_Install_": "2\",6\"\r", "lat": 42.146031, "lon": -72.612501, "Mapped_address": "Exchange St, Chicopee, MA 01013, USA", "FID": 293}}, {"type": "Feature", "id": 294, "geometry": {"type": "Point", "coordinates": [-72.5278153, 42.0884302]}, "properties": {"F_": 247, "District": "Springfield", "Town": "Springfield", "Street": "Gifford St          ", "Retirement_Footage": "2,335'", "Material": "CI", "Installation_Footage": "2,335'", "Size_s__to_Install_": "2\"\r", "lat": 42.0884302, "lon": -72.5278153, "Mapped_address": "Gifford St, Springfield, MA 01118, USA", "FID": 294}}, {"type": "Feature", "id": 295, "geometry": {"type": "Point", "coordinates": [-72.534226, 42.0971892]}, "properties": {"F_": 248, "District": "Springfield", "Town": "Springfield", "Street": "Gillette Ave", "Retirement_Footage": "6,097'", "Material": "CI", "Installation_Footage": "6,097'", "Size_s__to_Install_": "2\" , 6\"\r", "lat": 42.0971892, "lon": -72.534226, "Mapped_address": "Gillette Ave, Springfield, MA 01118, USA", "FID": 295}}, {"type": "Feature", "id": 296, "geometry": {"type": "Point", "coordinates": [-72.5717671, 42.1319728]}, "properties": {"F_": 249, "District": "Springfield", "Town": "Springfield", "Street": "Glenham St       ", "Retirement_Footage": "908'", "Material": "CI", "Installation_Footage": "908'", "Size_s__to_Install_": "2\"\r", "lat": 42.1319728, "lon": -72.5717671, "Mapped_address": "Glenham St, Springfield, MA 01104, USA", "FID": 296}}, {"type": "Feature", "id": 297, "geometry": {"type": "Point", "coordinates": [-72.569649, 42.127797]}, "properties": {"F_": 250, "District": "Springfield", "Town": "Springfield", "Street": "Lehigh St", "Retirement_Footage": "3,572'", "Material": "CI   UCS", "Installation_Footage": "3,412'", "Size_s__to_Install_": "2\"\r", "lat": 42.127797, "lon": -72.569649, "Mapped_address": "Lehigh St, Springfield, MA 01104, USA", "FID": 297}}, {"type": "Feature", "id": 298, "geometry": {"type": "Point", "coordinates": [-72.552521, 42.108901]}, "properties": {"F_": 251, "District": "Springfield", "Town": "Springfield", "Street": "Middlesex Street", "Retirement_Footage": "1,020'", "Material": "CI", "Installation_Footage": "2,215'", "Size_s__to_Install_": "6,2\r", "lat": 42.108901, "lon": -72.552521, "Mapped_address": "Middlesex St, Springfield, MA 01109, USA", "FID": 298}}, {"type": "Feature", "id": 299, "geometry": {"type": "Point", "coordinates": [-72.6021651, 42.0969637]}, "properties": {"F_": 252, "District": "Springfield", "Town": "West Springfield", "Street": "Mulberry St", "Retirement_Footage": "4,314'", "Material": "CI   UCS", "Installation_Footage": "3,420'", "Size_s__to_Install_": "2\"\r", "lat": 42.0969637, "lon": -72.6021651, "Mapped_address": "Mulberry St, West Springfield, MA 01089, USA", "FID": 299}}, {"type": "Feature", "id": 300, "geometry": {"type": "Point", "coordinates": [-72.632028, 42.3111194]}, "properties": {"F_": 253, "District": "Springfield", "Town": "Northampton", "Street": "Munroe St", "Retirement_Footage": "4,413'", "Material": "CI   BS", "Installation_Footage": "4,897'", "Size_s__to_Install_": "2\"\r", "lat": 42.3111194, "lon": -72.632028, "Mapped_address": "Munroe St, Northampton, MA 01060, USA", "FID": 300}}, {"type": "Feature", "id": 301, "geometry": {"type": "Point", "coordinates": [-72.5420054, 42.0968702]}, "properties": {"F_": 256, "District": "Springfield", "Town": "Springfield", "Street": "Old Brook Rd  ", "Retirement_Footage": "1,468'", "Material": "CI", "Installation_Footage": "1,468'", "Size_s__to_Install_": "6\"\r", "lat": 42.0968702, "lon": -72.5420054, "Mapped_address": "Old Brook Rd, Springfield, MA 01118, USA", "FID": 301}}, {"type": "Feature", "id": 302, "geometry": {"type": "Point", "coordinates": [-72.545333, 42.0913273]}, "properties": {"F_": 257, "District": "Springfield", "Town": "Springfield", "Street": "Palmyra St", "Retirement_Footage": "2,600'", "Material": "CI", "Installation_Footage": "2,600'", "Size_s__to_Install_": "2\"\r", "lat": 42.0913273, "lon": -72.545333, "Mapped_address": "Palmyra St, Springfield, MA 01118, USA", "FID": 302}}, {"type": "Feature", "id": 303, "geometry": {"type": "Point", "coordinates": [-72.503715, 42.1476879]}, "properties": {"F_": 258, "District": "Springfield", "Town": "Springfield", "Street": "Pasco St               ", "Retirement_Footage": "5,171'", "Material": "CI", "Installation_Footage": "5,171'", "Size_s__to_Install_": "2\", 6\"\r", "lat": 42.1476879, "lon": -72.503715, "Mapped_address": "Pasco Rd, Springfield, MA, USA", "FID": 303}}, {"type": "Feature", "id": 304, "geometry": {"type": "Point", "coordinates": [-72.498343, 42.131465]}, "properties": {"F_": 259, "District": "Springfield", "Town": "Springfield", "Street": "Ravenwood St", "Retirement_Footage": "605'", "Material": "CI   UCS", "Installation_Footage": "775'", "Size_s__to_Install_": "2\"\r", "lat": 42.131465, "lon": -72.498343, "Mapped_address": "Ravenwood St, Springfield, MA 01119, USA", "FID": 304}}, {"type": "Feature", "id": 305, "geometry": {"type": "Point", "coordinates": [-72.6071, 42.188746]}, "properties": {"F_": 260, "District": "Springfield", "Town": "Chicopee", "Street": "Rivers Ave  ", "Retirement_Footage": "900'", "Material": "CI", "Installation_Footage": "900'", "Size_s__to_Install_": "2\"\r", "lat": 42.188746, "lon": -72.6071, "Mapped_address": "Rivers Ave, Chicopee, MA 01013, USA", "FID": 305}}, {"type": "Feature", "id": 306, "geometry": {"type": "Point", "coordinates": [-72.6238388, 42.1121365]}, "properties": {"F_": 261, "District": "Springfield", "Town": "West Springfield", "Street": "Rochelle St", "Retirement_Footage": "571'", "Material": "CI", "Installation_Footage": "1,299'", "Size_s__to_Install_": "2,6\r", "lat": 42.1121365, "lon": -72.6238388, "Mapped_address": "Rochelle St, West Springfield, MA 01089, USA", "FID": 306}}, {"type": "Feature", "id": 307, "geometry": {"type": "Point", "coordinates": [-72.5610571, 42.1125137]}, "properties": {"F_": 262, "District": "Springfield", "Town": "Springfield", "Street": "Rutland St", "Retirement_Footage": "457'", "Material": "CI", "Installation_Footage": "556'", "Size_s__to_Install_": "2\"\r", "lat": 42.1125137, "lon": -72.5610571, "Mapped_address": "Rutland St, Springfield, MA 01109, USA", "FID": 307}}, {"type": "Feature", "id": 308, "geometry": {"type": "Point", "coordinates": [-72.6400109, 42.0923289]}, "properties": {"F_": 263, "District": "Springfield", "Town": "Agawam", "Street": "Spencer St", "Retirement_Footage": "1,495'", "Material": "CI", "Installation_Footage": "2,386'", "Size_s__to_Install_": "2\", 6\"\r", "lat": 42.0923289, "lon": -72.6400109, "Mapped_address": "Spencer St, Agawam, MA 01001, USA", "FID": 308}}, {"type": "Feature", "id": 309, "geometry": {"type": "Point", "coordinates": [-72.6505957, 42.1249932]}, "properties": {"F_": 280, "District": "Springfield", "Town": "West Springfield", "Street": "WEST SPRINGFIELD on WAYSIDE from DOTY to TOWN-2150827", "Retirement_Footage": "175'", "Material": "   UCS", "Installation_Footage": "175'", "Size_s__to_Install_": "2\"\r", "lat": 42.1249932, "lon": -72.6505957, "Mapped_address": "West Springfield School District, West Springfield, MA, USA", "FID": 309}}, {"type": "Feature", "id": 310, "geometry": {"type": "Point", "coordinates": [-72.5844127, 42.1005139]}, "properties": {"F_": 281, "District": "Springfield", "Town": "Springfield", "Street": "Willow St", "Retirement_Footage": "403'", "Material": "CI", "Installation_Footage": "425'", "Size_s__to_Install_": "6\"\r", "lat": 42.1005139, "lon": -72.5844127, "Mapped_address": "Willow St, Springfield, MA 01103, USA", "FID": 310}}, {"type": "Feature", "id": 311, "geometry": {"type": "Point", "coordinates": [-72.5599836, 42.0893405]}, "properties": {"F_": 282, "District": "Springfield", "Town": "Springfield", "Street": "Wilmont St", "Retirement_Footage": "2,701'", "Material": "CI", "Installation_Footage": "2,755'", "Size_s__to_Install_": "2\", 4\", 6\"\r", "lat": 42.0893405, "lon": -72.5599836, "Mapped_address": "Wilmont St, Springfield, MA 01108, USA", "FID": 311}}, {"type": "Feature", "id": 312, "geometry": {"type": "Point", "coordinates": [-72.6751866, 42.3459783]}, "properties": {"F_": 283, "District": "Springfield", "Town": "Northampton", "Street": "Spring Grove Ave", "Retirement_Footage": "3,720'", "Material": "CI   UCS   BS", "Installation_Footage": "3,864'", "Size_s__to_Install_": "2\", 4\"\r", "lat": 42.3459783, "lon": -72.6751866, "Mapped_address": "Spring Grove Ave, Northampton, MA 01062, USA", "FID": 312}}, {"type": "Feature", "id": 313, "geometry": {"type": "Point", "coordinates": [-72.585283, 42.028856]}, "properties": {"F_": 284, "District": "Springfield", "Town": "Longmeadow", "Street": "Homestead Blvd", "Retirement_Footage": "6,818'", "Material": "CI   BS", "Installation_Footage": "10,023'", "Size_s__to_Install_": "4\", 6\"\r", "lat": 42.028856, "lon": -72.585283, "Mapped_address": "Homestead Blvd, Longmeadow, MA 01106, USA", "FID": 313}}, {"type": "Feature", "id": 314, "geometry": {"type": "Point", "coordinates": [-72.5666848, 42.0675805]}, "properties": {"F_": 285, "District": "Springfield", "Town": "Longmeadow", "Street": "Normandy Rd", "Retirement_Footage": "3,958'", "Material": "CI   UCS", "Installation_Footage": "3,930'", "Size_s__to_Install_": "2\"\r", "lat": 42.0675805, "lon": -72.5666848, "Mapped_address": "Normandy Rd, Longmeadow, MA 01106, USA", "FID": 314}}, {"type": "Feature", "id": 315, "geometry": {"type": "Point", "coordinates": [-72.4997008, 42.0583378]}, "properties": {"F_": 286, "District": "Springfield", "Town": "East Longmeadow", "Street": "Saint Joseph", "Retirement_Footage": "1,189'", "Material": "   UCS   BS", "Installation_Footage": "1,610'", "Size_s__to_Install_": "2\", 6\"\r", "lat": 42.0583378, "lon": -72.4997008, "Mapped_address": "St Joseph Dr, East Longmeadow, MA 01028, USA", "FID": 315}}, {"type": "Feature", "id": 316, "geometry": {"type": "Point", "coordinates": [-72.685221, 42.273437]}, "properties": {"F_": 287, "District": "Springfield", "Town": "Easthampton", "Street": "Searls St", "Retirement_Footage": "521'", "Material": "   BS", "Installation_Footage": "512'", "Size_s__to_Install_": "2\"\r", "lat": 42.273437, "lon": -72.685221, "Mapped_address": "Searls St, Easthampton, MA 01027, USA", "FID": 316}}, {"type": "Feature", "id": 317, "geometry": {"type": "Point", "coordinates": [-72.643228, 42.3300086]}, "properties": {"F_": 288, "District": "Springfield", "Town": "Northampton", "Street": "Adare St    ", "Retirement_Footage": "1,200'", "Material": "CI", "Installation_Footage": "1,250'", "Size_s__to_Install_": "6\"\r", "lat": 42.3300086, "lon": -72.643228, "Mapped_address": "Adare Pl, Northampton, MA 01060, USA", "FID": 317}}, {"type": "Feature", "id": 318, "geometry": {"type": "Point", "coordinates": [-72.5185178, 42.0934488]}, "properties": {"F_": 289, "District": "Springfield", "Town": "Springfield", "Street": "Allen Street", "Retirement_Footage": "4,590'", "Material": "CI", "Installation_Footage": "4,600'", "Size_s__to_Install_": "2\", 6\"\r", "lat": 42.0934488, "lon": -72.5185178, "Mapped_address": "Allen St, Springfield, MA, USA", "FID": 318}}, {"type": "Feature", "id": 319, "geometry": {"type": "Point", "coordinates": [-72.536154, 42.1024644]}, "properties": {"F_": 290, "District": "Springfield", "Town": "Springfield", "Street": "Arvesta Street", "Retirement_Footage": "2,206'", "Material": "CI", "Installation_Footage": "3,225'", "Size_s__to_Install_": "2\"\r", "lat": 42.1024644, "lon": -72.536154, "Mapped_address": "Arvesta St, Springfield, MA 01118, USA", "FID": 319}}, {"type": "Feature", "id": 320, "geometry": {"type": "Point", "coordinates": [-72.6038751, 42.128731]}, "properties": {"F_": 291, "District": "Springfield", "Town": "Springfield", "Street": "Atwater Rd", "Retirement_Footage": "3,914'", "Material": "CI   BS", "Installation_Footage": "6,111'", "Size_s__to_Install_": "6\"\r", "lat": 42.128731, "lon": -72.6038751, "Mapped_address": "Atwater Rd, Springfield, MA 01107, USA", "FID": 320}}, {"type": "Feature", "id": 321, "geometry": {"type": "Point", "coordinates": [-72.540206, 42.090412]}, "properties": {"F_": 293, "District": "Springfield", "Town": "Springfield", "Street": "Bangor St", "Retirement_Footage": "1,714'", "Material": "CI", "Installation_Footage": "1,714'", "Size_s__to_Install_": "2\"\r", "lat": 42.090412, "lon": -72.540206, "Mapped_address": "Bangor St, Springfield, MA 01118, USA", "FID": 321}}, {"type": "Feature", "id": 322, "geometry": {"type": "Point", "coordinates": [-72.5701377, 42.0988146]}, "properties": {"F_": 294, "District": "Springfield", "Town": "Springfield", "Street": "Beech St", "Retirement_Footage": "2,801'", "Material": "CI", "Installation_Footage": "2,801'", "Size_s__to_Install_": "2\"\r", "lat": 42.0988146, "lon": -72.5701377, "Mapped_address": "Beech St, Springfield, MA 01105, USA", "FID": 322}}, {"type": "Feature", "id": 323, "geometry": {"type": "Point", "coordinates": [-72.6195375, 42.1021764]}, "properties": {"F_": 295, "District": "Springfield", "Town": "West Springfield", "Street": "Bliss St          ", "Retirement_Footage": "68'", "Material": "CI", "Installation_Footage": "256'", "Size_s__to_Install_": "6\"\r", "lat": 42.1021764, "lon": -72.6195375, "Mapped_address": "Bliss St, West Springfield, MA 01089, USA", "FID": 323}}, {"type": "Feature", "id": 324, "geometry": {"type": "Point", "coordinates": [-72.565897, 42.0611684]}, "properties": {"F_": 298, "District": "Springfield", "Town": "Longmeadow", "Street": "Burbank Road", "Retirement_Footage": "5,060'", "Material": "CI   UCS", "Installation_Footage": "5,185'", "Size_s__to_Install_": "2\", 4\", 6\"\r", "lat": 42.0611684, "lon": -72.565897, "Mapped_address": "Burbank Rd, Longmeadow, MA 01106, USA", "FID": 324}}, {"type": "Feature", "id": 325, "geometry": {"type": "Point", "coordinates": [-72.591132, 42.113553]}, "properties": {"F_": 299, "District": "Springfield", "Town": "Springfield", "Street": "Cass St", "Retirement_Footage": "652'", "Material": "CI", "Installation_Footage": "652'", "Size_s__to_Install_": "2\"\r", "lat": 42.113553, "lon": -72.591132, "Mapped_address": "Cass St, Springfield, MA 01104, USA", "FID": 325}}, {"type": "Feature", "id": 326, "geometry": {"type": "Point", "coordinates": [-72.611255, 42.145722]}, "properties": {"F_": 300, "District": "Springfield", "Town": "Chicopee", "Street": "Chestnut Street", "Retirement_Footage": "2,975'", "Material": "CI", "Installation_Footage": "3,409'", "Size_s__to_Install_": "2\", 4\"\r", "lat": 42.145722, "lon": -72.611255, "Mapped_address": "Chestnut St, Chicopee, MA 01013, USA", "FID": 326}}, {"type": "Feature", "id": 327, "geometry": {"type": "Point", "coordinates": [-72.612501, 42.146031]}, "properties": {"F_": 302, "District": "Springfield", "Town": "Chicopee", "Street": "CHICOPEE on BULLENS from SCHOOL to EXCHANGE-2511725", "Retirement_Footage": "3,550'", "Material": "CI   BS", "Installation_Footage": "3,737'", "Size_s__to_Install_": "2\"\r", "lat": 42.146031, "lon": -72.612501, "Mapped_address": "Exchange St, Chicopee, MA 01013, USA", "FID": 327}}, {"type": "Feature", "id": 328, "geometry": {"type": "Point", "coordinates": [-72.6059939, 42.1468055]}, "properties": {"F_": 307, "District": "Springfield", "Town": "Chicopee", "Street": "CHICOPEE on SPRINGFIELD from HOWARD to CHAPMAN-2101153", "Retirement_Footage": "2,530'", "Material": "CI   UCS   BS", "Installation_Footage": "2,565'", "Size_s__to_Install_": "2\", 8\"\r", "lat": 42.1468055, "lon": -72.6059939, "Mapped_address": "Chapman St, Chicopee, MA 01013, USA", "FID": 328}}, {"type": "Feature", "id": 329, "geometry": {"type": "Point", "coordinates": [-72.5892979, 42.0979011]}, "properties": {"F_": 308, "District": "Springfield", "Town": "Springfield", "Street": "Columbus ", "Retirement_Footage": "2,835'", "Material": "CI", "Installation_Footage": "3,555'", "Size_s__to_Install_": "8\"\r", "lat": 42.0979011, "lon": -72.5892979, "Mapped_address": "W Columbus Ave, Springfield, MA, USA", "FID": 329}}, {"type": "Feature", "id": 330, "geometry": {"type": "Point", "coordinates": [-72.6031378, 42.097715]}, "properties": {"F_": 309, "District": "Springfield", "Town": "West Springfield", "Street": "Cook St", "Retirement_Footage": "2,500'", "Material": "CI   UCS", "Installation_Footage": "1,745'", "Size_s__to_Install_": "2\", 6\"\r", "lat": 42.097715, "lon": -72.6031378, "Mapped_address": "Cook St, West Springfield, MA 01089, USA", "FID": 330}}, {"type": "Feature", "id": 331, "geometry": {"type": "Point", "coordinates": [-72.5655466, 42.1427204]}, "properties": {"F_": 310, "District": "Springfield", "Town": "Springfield", "Street": "Davis St", "Retirement_Footage": "1,854'", "Material": "CI", "Installation_Footage": "1,854'", "Size_s__to_Install_": "2\"\r", "lat": 42.1427204, "lon": -72.5655466, "Mapped_address": "Davis St, Springfield, MA 01104, USA", "FID": 331}}, {"type": "Feature", "id": 332, "geometry": {"type": "Point", "coordinates": [-72.648199, 42.101412]}, "properties": {"F_": 311, "District": "Springfield", "Town": "West Springfield", "Street": "Dorwin St", "Retirement_Footage": "4,214'", "Material": "CI   UCS   BS", "Installation_Footage": "4,220'", "Size_s__to_Install_": "2\"\r", "lat": 42.101412, "lon": -72.648199, "Mapped_address": "Dorwin Dr, West Springfield, MA 01089, USA", "FID": 332}}, {"type": "Feature", "id": 333, "geometry": {"type": "Point", "coordinates": [-72.5753349, 42.0559302]}, "properties": {"F_": 312, "District": "Springfield", "Town": "Longmeadow", "Street": "Fairfield Terrace", "Retirement_Footage": "5,275'", "Material": "CI   UCS", "Installation_Footage": "5,375'", "Size_s__to_Install_": "2\", 4\"\r", "lat": 42.0559302, "lon": -72.5753349, "Mapped_address": "Fairfield Terrace, Longmeadow, MA 01106, USA", "FID": 333}}, {"type": "Feature", "id": 334, "geometry": {"type": "Point", "coordinates": [-72.569059, 42.0869671]}, "properties": {"F_": 313, "District": "Springfield", "Town": "Springfield", "Street": "Forest St", "Retirement_Footage": "847'", "Material": "CI", "Installation_Footage": "847'", "Size_s__to_Install_": "6\"\r", "lat": 42.0869671, "lon": -72.569059, "Mapped_address": "Forest St, Springfield, MA 01108, USA", "FID": 334}}, {"type": "Feature", "id": 335, "geometry": {"type": "Point", "coordinates": [-72.6739332, 42.2612104]}, "properties": {"F_": 314, "District": "Springfield", "Town": "Easthampton", "Street": "Garfield Ave", "Retirement_Footage": "7,032'", "Material": "CI   UCS", "Installation_Footage": "4,840'", "Size_s__to_Install_": "2\"\r", "lat": 42.2612104, "lon": -72.6739332, "Mapped_address": "Garfield Ave, Easthampton, MA 01027, USA", "FID": 335}}, {"type": "Feature", "id": 336, "geometry": {"type": "Point", "coordinates": [-72.4767178, 42.1574268]}, "properties": {"F_": 315, "District": "Springfield", "Town": "Ludlow", "Street": "Hampden Street", "Retirement_Footage": "1,935'", "Material": "CI", "Installation_Footage": "2,065'", "Size_s__to_Install_": "2\"\r", "lat": 42.1574268, "lon": -72.4767178, "Mapped_address": "Hampden St, Ludlow, MA 01056, USA", "FID": 336}}, {"type": "Feature", "id": 337, "geometry": {"type": "Point", "coordinates": [-72.5428526, 42.0737108]}, "properties": {"F_": 316, "District": "Springfield", "Town": "Springfield", "Street": "Hartwick St            ", "Retirement_Footage": "4,072'", "Material": "CI", "Installation_Footage": "4,072'", "Size_s__to_Install_": "6\"\r", "lat": 42.0737108, "lon": -72.5428526, "Mapped_address": "Hartwick St, Springfield, MA 01108, USA", "FID": 337}}, {"type": "Feature", "id": 338, "geometry": {"type": "Point", "coordinates": [-72.635854, 42.10263]}, "properties": {"F_": 317, "District": "Springfield", "Town": "West Springfield", "Street": "Hemlock Street", "Retirement_Footage": "2,135'", "Material": "CI", "Installation_Footage": "2,650'", "Size_s__to_Install_": "2\", 4\"\r", "lat": 42.10263, "lon": -72.635854, "Mapped_address": "Hemlock St, West Springfield, MA 01089, USA", "FID": 338}}, {"type": "Feature", "id": 339, "geometry": {"type": "Point", "coordinates": [-72.5461633, 42.1221126]}, "properties": {"F_": 318, "District": "Springfield", "Town": "Springfield", "Street": "Ionia Street", "Retirement_Footage": "2,625'", "Material": "CI", "Installation_Footage": "2,915'", "Size_s__to_Install_": "2\"\r", "lat": 42.1221126, "lon": -72.5461633, "Mapped_address": "Ionia St, Springfield, MA 01109, USA", "FID": 339}}, {"type": "Feature", "id": 340, "geometry": {"type": "Point", "coordinates": [-72.542753, 42.121671]}, "properties": {"F_": 319, "District": "Springfield", "Town": "Springfield", "Street": "Ivanhoe St              ", "Retirement_Footage": "318'", "Material": "CI", "Installation_Footage": "318'", "Size_s__to_Install_": "6\"\r", "lat": 42.121671, "lon": -72.542753, "Mapped_address": "Ivanhoe St, Springfield, MA 01109, USA", "FID": 340}}, {"type": "Feature", "id": 341, "geometry": {"type": "Point", "coordinates": [-72.6364579, 42.0925998]}, "properties": {"F_": 320, "District": "Springfield", "Town": "Agawam", "Street": "Maple St", "Retirement_Footage": "4,030'", "Material": "CI   UCS", "Installation_Footage": "4,188'", "Size_s__to_Install_": "2\"\r", "lat": 42.0925998, "lon": -72.6364579, "Mapped_address": "Maple St, Agawam, MA 01001, USA", "FID": 341}}, {"type": "Feature", "id": 342, "geometry": {"type": "Point", "coordinates": [-72.6403825, 42.0915346]}, "properties": {"F_": 321, "District": "Springfield", "Town": "Agawam", "Street": "Oak Hill St", "Retirement_Footage": "2,820'", "Material": "CI", "Installation_Footage": "2,980'", "Size_s__to_Install_": "8\"\r", "lat": 42.0915346, "lon": -72.6403825, "Mapped_address": "Oak Hill Ave, Agawam, MA 01001, USA", "FID": 342}}, {"type": "Feature", "id": 343, "geometry": {"type": "Point", "coordinates": [-72.528123, 42.124567]}, "properties": {"F_": 322, "District": "Springfield", "Town": "Springfield", "Street": "Pheland Street", "Retirement_Footage": "2,397'", "Material": "CI", "Installation_Footage": "2,690'", "Size_s__to_Install_": "2\"\r", "lat": 42.124567, "lon": -72.528123, "Mapped_address": "Pheland St, Springfield, MA 01109, USA", "FID": 343}}, {"type": "Feature", "id": 344, "geometry": {"type": "Point", "coordinates": [-72.6255801, 42.3207593]}, "properties": {"F_": 323, "District": "Springfield", "Town": "Northampton", "Street": "Phillips Pl", "Retirement_Footage": "796'", "Material": "CI", "Installation_Footage": "2,800'", "Size_s__to_Install_": "2\", 4\"\r", "lat": 42.3207593, "lon": -72.6255801, "Mapped_address": "Phillips Pl, Northampton, MA 01060, USA", "FID": 344}}, {"type": "Feature", "id": 345, "geometry": {"type": "Point", "coordinates": [-72.634753, 42.098981]}, "properties": {"F_": 324, "District": "Springfield", "Town": "Agawam", "Street": "River St", "Retirement_Footage": "1,489'", "Material": "CI   UCS", "Installation_Footage": "1,800'", "Size_s__to_Install_": "2\"\r", "lat": 42.098981, "lon": -72.634753, "Mapped_address": "River St, Agawam, MA 01001, USA", "FID": 345}}, {"type": "Feature", "id": 346, "geometry": {"type": "Point", "coordinates": [-72.572423, 42.128663]}, "properties": {"F_": 325, "District": "Springfield", "Town": "Springfield", "Street": "Savoy Ave              ", "Retirement_Footage": "2,397'", "Material": "CI   UCS", "Installation_Footage": "2,450'", "Size_s__to_Install_": "2\", 6\"\r", "lat": 42.128663, "lon": -72.572423, "Mapped_address": "Savoy Ave, Springfield, MA 01104, USA", "FID": 346}}, {"type": "Feature", "id": 347, "geometry": {"type": "Point", "coordinates": [-72.613667, 42.118102]}, "properties": {"F_": 327, "District": "Springfield", "Town": "Springfield", "Street": "SPRINGFIELD on MAIN from SEVENTH to PLAINFIELD-2101920", "Retirement_Footage": "2,780'", "Material": "CI", "Installation_Footage": "2,800'", "Size_s__to_Install_": "2\", 4\"\r", "lat": 42.118102, "lon": -72.613667, "Mapped_address": "Plainfield St, Springfield, MA, USA", "FID": 347}}, {"type": "Feature", "id": 348, "geometry": {"type": "Point", "coordinates": [-72.5077693, 42.1222156]}, "properties": {"F_": 329, "District": "Springfield", "Town": "Springfield", "Street": "Sunrise Terr           ", "Retirement_Footage": "350'", "Material": "CI", "Installation_Footage": "350'", "Size_s__to_Install_": "6\"\r", "lat": 42.1222156, "lon": -72.5077693, "Mapped_address": "Sunrise Terrace, Springfield, MA, USA", "FID": 348}}, {"type": "Feature", "id": 349, "geometry": {"type": "Point", "coordinates": [-72.5723232, 42.1312473]}, "properties": {"F_": 330, "District": "Springfield", "Town": "Springfield", "Street": "Upland St              ", "Retirement_Footage": "1,073'", "Material": "CI", "Installation_Footage": "1,073'", "Size_s__to_Install_": "6\"\r", "lat": 42.1312473, "lon": -72.5723232, "Mapped_address": "Upland St, Springfield, MA 01104, USA", "FID": 349}}, {"type": "Feature", "id": 350, "geometry": {"type": "Point", "coordinates": [-72.492798, 42.107273]}, "properties": {"F_": 331, "District": "Springfield", "Town": "Springfield", "Street": "Westbrook Dr", "Retirement_Footage": "1,973'", "Material": "CI", "Installation_Footage": "1,973'", "Size_s__to_Install_": "2\"\r", "lat": 42.107273, "lon": -72.492798, "Mapped_address": "Westbrook Dr, Springfield, MA 01129, USA", "FID": 350}}, {"type": "Feature", "id": 351, "geometry": {"type": "Point", "coordinates": [-72.4744151, 42.1581907]}, "properties": {"F_": 332, "District": "Springfield", "Town": "Ludlow", "Street": "Winsor St", "Retirement_Footage": "1,067'", "Material": "CI", "Installation_Footage": "1,595'", "Size_s__to_Install_": "2\", 4\"\r", "lat": 42.1581907, "lon": -72.4744151, "Mapped_address": "Winsor St, Ludlow, MA 01056, USA", "FID": 351}}, {"type": "Feature", "id": 352, "geometry": {"type": "Point", "coordinates": [-72.5882426, 42.1067507]}, "properties": {"F_": 333, "District": "Springfield", "Town": "Springfield", "Street": "Winter St", "Retirement_Footage": "3,158'", "Material": "CI", "Installation_Footage": "3,795'", "Size_s__to_Install_": "2\"\r", "lat": 42.1067507, "lon": -72.5882426, "Mapped_address": "Winter St, Springfield, MA 01105, USA", "FID": 352}}, {"type": "Feature", "id": 353, "geometry": {"type": "Point", "coordinates": [-72.552597, 42.09292]}, "properties": {"F_": 335, "District": "Springfield", "Town": "Springfield", "Street": "Alberta Street", "Retirement_Footage": "2,401'", "Material": "CI", "Installation_Footage": "2,500'", "Size_s__to_Install_": "2\", 8\"\r", "lat": 42.09292, "lon": -72.552597, "Mapped_address": "Alberta St, Springfield, MA 01108, USA", "FID": 353}}, {"type": "Feature", "id": 354, "geometry": {"type": "Point", "coordinates": [-72.6054609, 42.1397365]}, "properties": {"F_": 336, "District": "Springfield", "Town": "Chicopee", "Street": "Algonquin St", "Retirement_Footage": "2,670'", "Material": "CI", "Installation_Footage": "3,650'", "Size_s__to_Install_": "2\"\r", "lat": 42.1397365, "lon": -72.6054609, "Mapped_address": "Algonquin St, Chicopee, MA 01013, USA", "FID": 354}}, {"type": "Feature", "id": 355, "geometry": {"type": "Point", "coordinates": [-72.5946, 42.134086]}, "properties": {"F_": 337, "District": "Springfield", "Town": "Springfield", "Street": "Athol Street", "Retirement_Footage": "4,590'", "Material": "CI", "Installation_Footage": "4,615'", "Size_s__to_Install_": "2\"\r", "lat": 42.134086, "lon": -72.5946, "Mapped_address": "Athol St, Springfield, MA, USA", "FID": 355}}, {"type": "Feature", "id": 356, "geometry": {"type": "Point", "coordinates": [-72.5664565, 42.0574192]}, "properties": {"F_": 338, "District": "Springfield", "Town": "Longmeadow", "Street": "Bliss Road", "Retirement_Footage": "4,905'", "Material": "CI", "Installation_Footage": "5,775'", "Size_s__to_Install_": "2\", 6\"\r", "lat": 42.0574192, "lon": -72.5664565, "Mapped_address": "Bliss Rd, Longmeadow, MA 01106, USA", "FID": 356}}, {"type": "Feature", "id": 357, "geometry": {"type": "Point", "coordinates": [-72.6234288, 42.3303533]}, "properties": {"F_": 339, "District": "Springfield", "Town": "Northampton", "Street": "Bridge Street/ Grant Avenue", "Retirement_Footage": "2,585'", "Material": "CI", "Installation_Footage": "3,385'", "Size_s__to_Install_": "2\", 6\"\r", "lat": 42.3303533, "lon": -72.6234288, "Mapped_address": "Bridge St, Northampton, MA, USA", "FID": 357}}, {"type": "Feature", "id": 358, "geometry": {"type": "Point", "coordinates": [-72.6263416, 42.3283147]}, "properties": {"F_": 339, "District": "Springfield", "Town": "Northampton", "Street": "Bridge Street/ Grant Avenue", "Retirement_Footage": "2,585'", "Material": "CI", "Installation_Footage": "3,385'", "Size_s__to_Install_": "2\", 6\"\r", "lat": 42.3283147, "lon": -72.6263416, "Mapped_address": "Grant Ave, Northampton, MA 01060, USA", "FID": 358}}, {"type": "Feature", "id": 359, "geometry": {"type": "Point", "coordinates": [-72.4692037, 42.1639376]}, "properties": {"F_": 340, "District": "Springfield", "Town": "Ludlow", "Street": "Cedar Street", "Retirement_Footage": "3,775'", "Material": "CI   BS", "Installation_Footage": "3,801'", "Size_s__to_Install_": "2\"\r", "lat": 42.1639376, "lon": -72.4692037, "Mapped_address": "Cedar St, Ludlow, MA 01056, USA", "FID": 359}}, {"type": "Feature", "id": 360, "geometry": {"type": "Point", "coordinates": [-72.597608, 42.120989]}, "properties": {"F_": 341, "District": "Springfield", "Town": "Springfield", "Street": "Chapin Terrace", "Retirement_Footage": "2,125'", "Material": "CI", "Installation_Footage": "2,170'", "Size_s__to_Install_": "2\", 6\"\r", "lat": 42.120989, "lon": -72.597608, "Mapped_address": "Chapin Terrace, Springfield, MA, USA", "FID": 360}}, {"type": "Feature", "id": 361, "geometry": {"type": "Point", "coordinates": [-72.5510968, 42.0810048]}, "properties": {"F_": 343, "District": "Springfield", "Town": "Springfield", "Street": "CommonWealth Ave", "Retirement_Footage": "7,500'", "Material": "CI", "Installation_Footage": "7,500'", "Size_s__to_Install_": "6\"\r", "lat": 42.0810048, "lon": -72.5510968, "Mapped_address": "Commonwealth Ave, Springfield, MA 01108, USA", "FID": 361}}, {"type": "Feature", "id": 362, "geometry": {"type": "Point", "coordinates": [-72.5727892, 42.11881]}, "properties": {"F_": 344, "District": "Springfield", "Town": "Springfield", "Street": "Cornell Street", "Retirement_Footage": "3,351'", "Material": "CI", "Installation_Footage": "4,000'", "Size_s__to_Install_": "2\"\r", "lat": 42.11881, "lon": -72.5727892, "Mapped_address": "Cornell St, Springfield, MA 01109, USA", "FID": 362}}, {"type": "Feature", "id": 363, "geometry": {"type": "Point", "coordinates": [-72.572471, 42.096109]}, "properties": {"F_": 345, "District": "Springfield", "Town": "Springfield", "Street": "Dexter St", "Retirement_Footage": "230'", "Material": "CI", "Installation_Footage": "450'", "Size_s__to_Install_": "6\"\r", "lat": 42.096109, "lon": -72.572471, "Mapped_address": "Dexter St, Springfield, MA 01105, USA", "FID": 363}}, {"type": "Feature", "id": 364, "geometry": {"type": "Point", "coordinates": [-72.5713189, 42.0663292]}, "properties": {"F_": 346, "District": "Springfield", "Town": "Longmeadow", "Street": "Dover Road", "Retirement_Footage": "2,954'", "Material": "CI", "Installation_Footage": "3,000'", "Size_s__to_Install_": "2\"\r", "lat": 42.0663292, "lon": -72.5713189, "Mapped_address": "Dover Rd, Longmeadow, MA 01106, USA", "FID": 364}}, {"type": "Feature", "id": 365, "geometry": {"type": "Point", "coordinates": [-72.6465184, 42.3196738]}, "properties": {"F_": 347, "District": "Springfield", "Town": "Northampton", "Street": "Dryads Green", "Retirement_Footage": "3,285'", "Material": "CI", "Installation_Footage": "3,300'", "Size_s__to_Install_": "2\"\r", "lat": 42.3196738, "lon": -72.6465184, "Mapped_address": "Dryads Green, Northampton, MA, USA", "FID": 365}}, {"type": "Feature", "id": 366, "geometry": {"type": "Point", "coordinates": [-72.6567269, 42.3245613]}, "properties": {"F_": 348, "District": "Springfield", "Town": "Northampton", "Street": "Federal Street", "Retirement_Footage": "4,074'", "Material": "CI   BS", "Installation_Footage": "6,800'", "Size_s__to_Install_": "2\"\r", "lat": 42.3245613, "lon": -72.6567269, "Mapped_address": "Federal St, Northampton, MA, USA", "FID": 366}}, {"type": "Feature", "id": 367, "geometry": {"type": "Point", "coordinates": [-72.589143, 42.1308]}, "properties": {"F_": 349, "District": "Springfield", "Town": "Springfield", "Street": "Francis Street", "Retirement_Footage": "4,266'", "Material": "CI   BS", "Installation_Footage": "4,685'", "Size_s__to_Install_": "2\"\r", "lat": 42.1308, "lon": -72.589143, "Mapped_address": "Francis St, Springfield, MA 01104, USA", "FID": 367}}, {"type": "Feature", "id": 368, "geometry": {"type": "Point", "coordinates": [-72.603591, 42.14724]}, "properties": {"F_": 350, "District": "Springfield", "Town": "Chicopee", "Street": "Grape Street", "Retirement_Footage": "2,425'", "Material": "CI", "Installation_Footage": "3,625'", "Size_s__to_Install_": "2\", 6\"\r", "lat": 42.14724, "lon": -72.603591, "Mapped_address": "Grape St, Chicopee, MA 01013, USA", "FID": 368}}, {"type": "Feature", "id": 369, "geometry": {"type": "Point", "coordinates": [-72.5516996, 42.0781676]}, "properties": {"F_": 351, "District": "Springfield", "Town": "Springfield", "Street": "Groveland Street", "Retirement_Footage": "3,555'", "Material": "CI", "Installation_Footage": "3,655'", "Size_s__to_Install_": "2\"\r", "lat": 42.0781676, "lon": -72.5516996, "Mapped_address": "Groveland St, Springfield, MA 01108, USA", "FID": 369}}, {"type": "Feature", "id": 370, "geometry": {"type": "Point", "coordinates": [-72.5657153, 42.0903365]}, "properties": {"F_": 353, "District": "Springfield", "Town": "Springfield", "Street": "Keith Street", "Retirement_Footage": "4,150'", "Material": "CI", "Installation_Footage": "4,200'", "Size_s__to_Install_": "2\", 8\"\r", "lat": 42.0903365, "lon": -72.5657153, "Mapped_address": "Keith St, Springfield, MA 01108, USA", "FID": 370}}, {"type": "Feature", "id": 371, "geometry": {"type": "Point", "coordinates": [-72.5708275, 42.0952831]}, "properties": {"F_": 354, "District": "Springfield", "Town": "Springfield", "Street": "Knox Street", "Retirement_Footage": "1,750'", "Material": "CI", "Installation_Footage": "2,550'", "Size_s__to_Install_": "2\"\r", "lat": 42.0952831, "lon": -72.5708275, "Mapped_address": "Knox St, Springfield, MA, USA", "FID": 371}}, {"type": "Feature", "id": 372, "geometry": {"type": "Point", "coordinates": [-72.5418649, 42.1267279]}, "properties": {"F_": 355, "District": "Springfield", "Town": "Springfield", "Street": "Leavitt Street", "Retirement_Footage": "4,454'", "Material": "CI   BS", "Installation_Footage": "6,050'", "Size_s__to_Install_": "2\", 8\"\r", "lat": 42.1267279, "lon": -72.5418649, "Mapped_address": "Leavitt St, Springfield, MA 01109, USA", "FID": 372}}, {"type": "Feature", "id": 373, "geometry": {"type": "Point", "coordinates": [-72.51257, 42.13612]}, "properties": {"F_": 356, "District": "Springfield", "Town": "Springfield", "Street": "Lloyd Ave", "Retirement_Footage": "1,588'", "Material": "CI   UCS", "Installation_Footage": "1,602'", "Size_s__to_Install_": "6\"\r", "lat": 42.13612, "lon": -72.51257, "Mapped_address": "Lloyd Ave, Springfield, MA 01119, USA", "FID": 373}}, {"type": "Feature", "id": 374, "geometry": {"type": "Point", "coordinates": [-72.4994457, 42.1379204]}, "properties": {"F_": 357, "District": "Springfield", "Town": "Springfield", "Street": "Lucerne Road", "Retirement_Footage": "2,667'", "Material": "CI   BS", "Installation_Footage": "3,175'", "Size_s__to_Install_": "2\"\r", "lat": 42.1379204, "lon": -72.4994457, "Mapped_address": "Lucerne Rd, Springfield, MA 01119, USA", "FID": 374}}, {"type": "Feature", "id": 375, "geometry": {"type": "Point", "coordinates": [-72.5547064, 42.0861119]}, "properties": {"F_": 359, "District": "Springfield", "Town": "Springfield", "Street": "Ormond Street", "Retirement_Footage": "3,988'", "Material": "CI", "Installation_Footage": "4,145'", "Size_s__to_Install_": "2\"\r", "lat": 42.0861119, "lon": -72.5547064, "Mapped_address": "Ormond St, Springfield, MA 01108, USA", "FID": 375}}, {"type": "Feature", "id": 376, "geometry": {"type": "Point", "coordinates": [-72.5303474, 42.1005447]}, "properties": {"F_": 360, "District": "Springfield", "Town": "Springfield", "Street": "Pennslyvania Avenue", "Retirement_Footage": "2,866'", "Material": "CI   BS", "Installation_Footage": "3,350'", "Size_s__to_Install_": "2\"\r", "lat": 42.1005447, "lon": -72.5303474, "Mapped_address": "Pennsylvania Ave, Springfield, MA 01118, USA", "FID": 376}}, {"type": "Feature", "id": 377, "geometry": {"type": "Point", "coordinates": [-72.6365949, 42.3271456]}, "properties": {"F_": 361, "District": "Springfield", "Town": "Northampton", "Street": "Perkins Ave", "Retirement_Footage": "1,859'", "Material": "CI", "Installation_Footage": "2,450'", "Size_s__to_Install_": "2\", 4\"\r", "lat": 42.3271456, "lon": -72.6365949, "Mapped_address": "Perkins Ave, Northampton, MA 01060, USA", "FID": 377}}, {"type": "Feature", "id": 378, "geometry": {"type": "Point", "coordinates": [-72.5772053, 42.1330686]}, "properties": {"F_": 362, "District": "Springfield", "Town": "Springfield", "Street": "Piedmont St", "Retirement_Footage": "201'", "Material": "CI", "Installation_Footage": "543'", "Size_s__to_Install_": "6\"\r", "lat": 42.1330686, "lon": -72.5772053, "Mapped_address": "Piedmont St, Springfield, MA 01104, USA", "FID": 378}}, {"type": "Feature", "id": 379, "geometry": {"type": "Point", "coordinates": [-72.6430625, 42.1093944]}, "properties": {"F_": 363, "District": "Springfield", "Town": "West Springfield", "Street": "Prince Avenue", "Retirement_Footage": "3,219'", "Material": "CI   BS", "Installation_Footage": "3,275'", "Size_s__to_Install_": "2\"\r", "lat": 42.1093944, "lon": -72.6430625, "Mapped_address": "Prince Ave, West Springfield, MA 01089, USA", "FID": 379}}, {"type": "Feature", "id": 380, "geometry": {"type": "Point", "coordinates": [-72.5010328, 42.1152378]}, "properties": {"F_": 364, "District": "Springfield", "Town": "Springfield", "Street": "Puritan Road", "Retirement_Footage": "2,501'", "Material": "CI   BS", "Installation_Footage": "3,050'", "Size_s__to_Install_": "2\", 8\"\r", "lat": 42.1152378, "lon": -72.5010328, "Mapped_address": "Puritan Rd, Springfield, MA 01119, USA", "FID": 380}}, {"type": "Feature", "id": 381, "geometry": {"type": "Point", "coordinates": [-72.6487634, 42.0862149]}, "properties": {"F_": 366, "District": "Springfield", "Town": "Agawam", "Street": "Sherman Avenue", "Retirement_Footage": "1,351'", "Material": "CI", "Installation_Footage": "1,375'", "Size_s__to_Install_": "2\"\r", "lat": 42.0862149, "lon": -72.6487634, "Mapped_address": "Sherman Ave, Agawam, MA 01030, USA", "FID": 381}}, {"type": "Feature", "id": 382, "geometry": {"type": "Point", "coordinates": [-72.5520551, 42.0906854]}, "properties": {"F_": 367, "District": "Springfield", "Town": "Springfield", "Street": "Stratford Terrace", "Retirement_Footage": "3,650'", "Material": "CI", "Installation_Footage": "3,670'", "Size_s__to_Install_": "2\", 6\"\r", "lat": 42.0906854, "lon": -72.5520551, "Mapped_address": "Stratford Terrace, Springfield, MA 01108, USA", "FID": 382}}, {"type": "Feature", "id": 383, "geometry": {"type": "Point", "coordinates": [-72.6848978, 42.2574099]}, "properties": {"F_": 368, "District": "Springfield", "Town": "Easthampton", "Street": "Sunset Avenue", "Retirement_Footage": "4,842'", "Material": "CI   BS", "Installation_Footage": "4,950'", "Size_s__to_Install_": "2\"\r", "lat": 42.2574099, "lon": -72.6848978, "Mapped_address": "Sunset Ave, Easthampton, MA 01027, USA", "FID": 383}}, {"type": "Feature", "id": 384, "geometry": {"type": "Point", "coordinates": [-72.544114, 42.098579]}, "properties": {"F_": 369, "District": "Springfield", "Town": "Springfield", "Street": "Surrey Road", "Retirement_Footage": "2,415'", "Material": "CI", "Installation_Footage": "2,450'", "Size_s__to_Install_": "2\"\r", "lat": 42.098579, "lon": -72.544114, "Mapped_address": "Surrey Rd, Springfield, MA 01118, USA", "FID": 384}}, {"type": "Feature", "id": 385, "geometry": {"type": "Point", "coordinates": [-72.5446736, 42.0721275]}, "properties": {"F_": 370, "District": "Springfield", "Town": "Springfield", "Street": "Tiffany St II", "Retirement_Footage": "7,100'", "Material": "CI", "Installation_Footage": "7,100'", "Size_s__to_Install_": "8\"\r", "lat": 42.0721275, "lon": -72.5446736, "Mapped_address": "Tiffany St, Springfield, MA 01108, USA", "FID": 385}}, {"type": "Feature", "id": 386, "geometry": {"type": "Point", "coordinates": [-72.5698244, 42.0909841]}, "properties": {"F_": 371, "District": "Springfield", "Town": "Springfield", "Street": "Bellevue St", "Retirement_Footage": "2158'", "Material": "CI", "Installation_Footage": "2158'", "Size_s__to_Install_": "4\", 6\", 16\"\r", "lat": 42.0909841, "lon": -72.5698244, "Mapped_address": "Bellevue Ave, Springfield, MA 01108, USA", "FID": 386}}, {"type": "Feature", "id": 387, "geometry": {"type": "Point", "coordinates": [-72.5630728, 42.0888709]}, "properties": {"F_": 372, "District": "Springfield", "Town": "Springfield", "Street": "Lansing St", "Retirement_Footage": "4425'", "Material": "CI", "Installation_Footage": "4425'", "Size_s__to_Install_": "3\", 4\", 6\", 16\"\r", "lat": 42.0888709, "lon": -72.5630728, "Mapped_address": "Lansing Pl, Springfield, MA 01108, USA", "FID": 387}}, {"type": "Feature", "id": 388, "geometry": {"type": "Point", "coordinates": [-72.561783, 42.094204]}, "properties": {"F_": 373, "District": "Springfield", "Town": "Springfield", "Street": "Malden St", "Retirement_Footage": "6517'", "Material": "CI   UCS", "Installation_Footage": "6517'", "Size_s__to_Install_": "4\", 6\"\r", "lat": 42.094204, "lon": -72.561783, "Mapped_address": "Malden St, Springfield, MA 01108, USA", "FID": 388}}, {"type": "Feature", "id": 389, "geometry": {"type": "Point", "coordinates": [-72.5577533, 42.0799405]}, "properties": {"F_": 375, "District": "Springfield", "Town": "Springfield", "Street": "Trafton to Maryland", "Retirement_Footage": "6668'", "Material": "CI", "Installation_Footage": "6668'", "Size_s__to_Install_": "6\"\r", "lat": 42.0799405, "lon": -72.5577533, "Mapped_address": "Maryland St, Springfield, MA 01108, USA", "FID": 389}}, {"type": "Feature", "id": 390, "geometry": {"type": "Point", "coordinates": [-72.5537027, 42.0864618]}, "properties": {"F_": 377, "District": "Springfield", "Town": "Springfield", "Street": "Daytona St", "Retirement_Footage": "3802'", "Material": "CI", "Installation_Footage": "3802'", "Size_s__to_Install_": "6\"\r", "lat": 42.0864618, "lon": -72.5537027, "Mapped_address": "Daytona St, Springfield, MA 01108, USA", "FID": 390}}, {"type": "Feature", "id": 391, "geometry": {"type": "Point", "coordinates": [-72.5888659, 42.1221834]}, "properties": {"F_": 379, "District": "Springfield", "Town": "Springfield", "Street": "Armory St (Silver to Chapin)", "Retirement_Footage": "2510'", "Material": "   UCS", "Installation_Footage": "2510'", "Size_s__to_Install_": "8\"\r", "lat": 42.1221834, "lon": -72.5888659, "Mapped_address": "Armory St, Springfield, MA, USA", "FID": 391}}, {"type": "Feature", "id": 392, "geometry": {"type": "Point", "coordinates": [-72.5497388, 42.0895537]}, "properties": {"F_": 380, "District": "Springfield", "Town": "Springfield", "Street": "West Alvord St", "Retirement_Footage": "5953'", "Material": "CI", "Installation_Footage": "5953'", "Size_s__to_Install_": "6\"\r", "lat": 42.0895537, "lon": -72.5497388, "Mapped_address": "W Alvord St, Springfield, MA 01108, USA", "FID": 392}}, {"type": "Feature", "id": 393, "geometry": {"type": "Point", "coordinates": [-72.5665914, 42.09178]}, "properties": {"F_": 382, "District": "Springfield", "Town": "Springfield", "Street": "Sachem St", "Retirement_Footage": "4506'", "Material": "CI", "Installation_Footage": "4506'", "Size_s__to_Install_": "4\", 6\"\r", "lat": 42.09178, "lon": -72.5665914, "Mapped_address": "Sachem St, Springfield, MA 01108, USA", "FID": 393}}, {"type": "Feature", "id": 394, "geometry": {"type": "Point", "coordinates": [-72.5556095, 42.1092913]}, "properties": {"F_": 385, "District": "Springfield", "Town": "Springfield", "Street": "Albemare St", "Retirement_Footage": "4800'", "Material": "CI", "Installation_Footage": "4800'", "Size_s__to_Install_": "6\"\r", "lat": 42.1092913, "lon": -72.5556095, "Mapped_address": "Albemarle St, Springfield, MA 01109, USA", "FID": 394}}, {"type": "Feature", "id": 395, "geometry": {"type": "Point", "coordinates": [-72.577716, 42.129109]}, "properties": {"F_": 386, "District": "Springfield", "Town": "Springfield", "Street": "Border St", "Retirement_Footage": "7052'", "Material": "CI   BS", "Installation_Footage": "7136'", "Size_s__to_Install_": "4\", 6\"\r", "lat": 42.129109, "lon": -72.577716, "Mapped_address": "Border St, Springfield, MA 01104, USA", "FID": 395}}, {"type": "Feature", "id": 396, "geometry": {"type": "Point", "coordinates": [-72.5775796, 42.1049715]}, "properties": {"F_": 387, "District": "Springfield", "Town": "Springfield", "Street": "Union St (Columbus to Ridgewood), Willow (Union to Hubbard)", "Retirement_Footage": "3454'", "Material": "CI", "Installation_Footage": "3454'", "Size_s__to_Install_": "6\", 16\"\r", "lat": 42.1049715, "lon": -72.5775796, "Mapped_address": "Union St, Springfield, MA, USA", "FID": 396}}, {"type": "Feature", "id": 397, "geometry": {"type": "Point", "coordinates": [-72.5844127, 42.1005139]}, "properties": {"F_": 387, "District": "Springfield", "Town": "Springfield", "Street": "Union St (Columbus to Ridgewood), Willow (Union to Hubbard)", "Retirement_Footage": "3454'", "Material": "CI", "Installation_Footage": "3454'", "Size_s__to_Install_": "6\", 16\"\r", "lat": 42.1005139, "lon": -72.5844127, "Mapped_address": "Willow St, Springfield, MA 01103, USA", "FID": 397}}, {"type": "Feature", "id": 398, "geometry": {"type": "Point", "coordinates": [-72.5827884, 42.0954833]}, "properties": {"F_": 388, "District": "Springfield", "Town": "Springfield", "Street": "Loring St", "Retirement_Footage": "4509'", "Material": "CI   UCS", "Installation_Footage": "4550'", "Size_s__to_Install_": "6\", 8\", 20\"", "lat": 42.0954833, "lon": -72.5827884, "Mapped_address": "Loring St, Springfield, MA 01105, USA", "FID": 398}}]}