{"type": "FeatureCollection", "features": [{"type": "Feature", "id": 1, "geometry": {"type": "Point", "coordinates": [-71.1676536, 42.2436085]}, "properties": {"F_": 35, "District": "HYP", "Town": "Dedham", "Street": "Maple Pl, ROW", "Retirmement_footage": 1236, "Material": "BS, CS", "Installation_footage": 1240, "Size_s__to_Install_": "6\r", "lat": 42.2436085, "lon": -71.1676536, "Mapped_address": "Dedham, MA, USA", "FID": 1}}, {"type": "Feature", "id": 2, "geometry": {"type": "Point", "coordinates": [-70.9386118, 41.6837248]}, "properties": {"F_": 399, "District": "NEB", "Town": "New Bedford", "Street": "Worcester St, Brockton St", "Retirmement_footage": 2497, "Material": "CS, CI, PCS", "Installation_footage": 2547, "Size_s__to_Install_": "2\r", "lat": 41.6837248, "lon": -70.9386118, "Mapped_address": "Brockton St, New Bedford, MA 02745, USA", "FID": 2}}, {"type": "Feature", "id": 3, "geometry": {"type": "Point", "coordinates": [-71.553177, 42.3268493]}, "properties": {"F_": 676, "District": "SOU", "Town": "Marlboro", "Street": "Brigham St / Brigham St / Diana Dr / Fuller Dr / Leoleis Dr", "Retirmement_footage": 4372, "Material": "CS, PD, PCS, PL", "Installation_footage": 4400, "Size_s__to_Install_": "4, 2\r", "lat": 42.3268493, "lon": -71.553177, "Mapped_address": "Brigham St, Marlborough, MA 01752, USA", "FID": 3}}, {"type": "Feature", "id": 4, "geometry": {"type": "Point", "coordinates": [-70.9403527, 41.6835228]}, "properties": {"F_": 399, "District": "NEB", "Town": "New Bedford", "Street": "Worcester St, Brockton St", "Retirmement_footage": 2497, "Material": "CS, CI, PCS", "Installation_footage": 2547, "Size_s__to_Install_": "2\r", "lat": 41.6835228, "lon": -70.9403527, "Mapped_address": "Worcester St, New Bedford, MA 02745, USA", "FID": 4}}, {"type": "Feature", "id": 5, "geometry": {"type": "Point", "coordinates": [-71.8386061043561, 42.2563595889703]}, "properties": {"F_": 918, "District": "WOR", "Town": "Worcester", "Street": "North Circuit Ave", "Retirmement_footage": 176, "Material": "CI, CS", "Installation_footage": 200, "Size_s__to_Install_": "4\r", "lat": 42.2563595889703, "lon": -71.8386061043561, "Mapped_address": "Circuit Ave N, Worcester, MA 01603, USA", "FID": 5}}, {"type": "Feature", "id": 6, "geometry": {"type": "Point", "coordinates": [-70.7294563, 41.9883776]}, "properties": {"F_": 400, "District": "PLY", "Town": "Kingston", "Street": "Brook St", "Retirmement_footage": 527, "Material": "BS", "Installation_footage": 570, "Size_s__to_Install_": "2\r", "lat": 41.9883776, "lon": -70.7294563, "Mapped_address": "Brook St, Kingston, MA 02364, USA", "FID": 6}}, {"type": "Feature", "id": 7, "geometry": {"type": "Point", "coordinates": [-71.1781216908651, 42.254266841228]}, "properties": {"F_": 40, "District": "HYP", "Town": "Dedham", "Street": "Pleasant St, Pleasant Ln, Fuller St", "Retirmement_footage": 1383, "Material": "BS, CS", "Installation_footage": 1400, "Size_s__to_Install_": "4, 2\r", "lat": 42.254266841228, "lon": -71.1781216908651, "Mapped_address": "Pleasant Ln, Dedham, MA, USA", "FID": 7}}, {"type": "Feature", "id": 8, "geometry": {"type": "Point", "coordinates": [-70.7742514, 42.0010936]}, "properties": {"F_": 401, "District": "PLY", "Town": "Kingston", "Street": "Lake St / Grove St", "Retirmement_footage": 940, "Material": "BS, CS", "Installation_footage": 960, "Size_s__to_Install_": "4\r", "lat": 42.0010936, "lon": -70.7742514, "Mapped_address": "Grove St, Kingston, MA, USA", "FID": 8}}, {"type": "Feature", "id": 9, "geometry": {"type": "Point", "coordinates": [-71.8158997, 42.2862022]}, "properties": {"F_": 825, "District": "WOR", "Town": "Worcester", "Street": "Forest St", "Retirmement_footage": 3652, "Material": "CI", "Installation_footage": 3680, "Size_s__to_Install_": "8\r", "lat": 42.2862022, "lon": -71.8158997, "Mapped_address": "Forest St, Worcester, MA 01609, USA", "FID": 9}}, {"type": "Feature", "id": 10, "geometry": {"type": "Point", "coordinates": [-70.792494, 42.0072744]}, "properties": {"F_": 401, "District": "PLY", "Town": "Kingston", "Street": "Lake St / Grove St", "Retirmement_footage": 940, "Material": "BS, CS", "Installation_footage": 960, "Size_s__to_Install_": "4\r", "lat": 42.0072744, "lon": -70.792494, "Mapped_address": "Lake St, Kingston, MA, USA", "FID": 10}}, {"type": "Feature", "id": 11, "geometry": {"type": "Point", "coordinates": [-71.4161565, 42.279286]}, "properties": {"F_": 595, "District": "SOU", "Town": "Framingham", "Street": "Nevins Dr", "Retirmement_footage": 713, "Material": "BS, CS", "Installation_footage": 720, "Size_s__to_Install_": "2\r", "lat": 42.279286, "lon": -71.4161565, "Mapped_address": "Framingham, MA, USA", "FID": 11}}, {"type": "Feature", "id": 12, "geometry": {"type": "Point", "coordinates": [-70.721555, 41.9904298]}, "properties": {"F_": 402, "District": "PLY", "Town": "Kingston", "Street": "Pearl St", "Retirmement_footage": 280, "Material": "CS, PL", "Installation_footage": 290, "Size_s__to_Install_": "2\r", "lat": 41.9904298, "lon": -70.721555, "Mapped_address": "Pearl St, Kingston, MA 02364, USA", "FID": 12}}, {"type": "Feature", "id": 13, "geometry": {"type": "Point", "coordinates": [-70.9598921, 41.6509354]}, "properties": {"F_": 382, "District": "NEB", "Town": "New Bedford", "Street": "Tradewind St, Gardner St, Geraldine St", "Retirmement_footage": 1300, "Material": "CS, BS, PL", "Installation_footage": 600, "Size_s__to_Install_": "2\r", "lat": 41.6509354, "lon": -70.9598921, "Mapped_address": "Gardner St, New Bedford, MA 02740, USA", "FID": 13}}, {"type": "Feature", "id": 14, "geometry": {"type": "Point", "coordinates": [-70.7306979, 42.0051766]}, "properties": {"F_": 403, "District": "PLY", "Town": "Kingston", "Street": "Summer St (Rt 3A & Rt 53)", "Retirmement_footage": 2359, "Material": "CS", "Installation_footage": 2360, "Size_s__to_Install_": "6\r", "lat": 42.0051766, "lon": -70.7306979, "Mapped_address": "Summer St, Kingston, MA, USA", "FID": 14}}, {"type": "Feature", "id": 15, "geometry": {"type": "Point", "coordinates": [-71.0822255, 42.372053]}, "properties": {"F_": 452, "District": "SOM", "Town": "Cambridge", "Street": "Gore St sub-main", "Retirmement_footage": 461, "Material": "BS", "Installation_footage": 480, "Size_s__to_Install_": "6\r", "lat": 42.372053, "lon": -71.0822255, "Mapped_address": "Gore St, Cambridge, MA 02141, USA", "FID": 15}}, {"type": "Feature", "id": 16, "geometry": {"type": "Point", "coordinates": [-70.7306979, 42.0051766]}, "properties": {"F_": 404, "District": "PLY", "Town": "Kingston", "Street": "Summer St (Rt 3A)", "Retirmement_footage": 173, "Material": "BS", "Installation_footage": 200, "Size_s__to_Install_": "6\r", "lat": 42.0051766, "lon": -70.7306979, "Mapped_address": "Summer St, Kingston, MA, USA", "FID": 16}}, {"type": "Feature", "id": 17, "geometry": {"type": "Point", "coordinates": [-71.4567207485262, 42.4331960730362]}, "properties": {"F_": 700, "District": "SOU", "Town": "Maynard", "Street": "Florida St / Beacon St", "Retirmement_footage": 370, "Material": "CS, PL", "Installation_footage": 400, "Size_s__to_Install_": "2\r", "lat": 42.4331960730362, "lon": -71.4567207485262, "Mapped_address": "Florida Rd, Maynard, MA, USA", "FID": 17}}, {"type": "Feature", "id": 18, "geometry": {"type": "Point", "coordinates": [-70.6764993, 41.9617555]}, "properties": {"F_": 405, "District": "PLY", "Town": "Plymouth", "Street": "Alden Ct", "Retirmement_footage": 440, "Material": "BS", "Installation_footage": 440, "Size_s__to_Install_": "4,2\r", "lat": 41.9617555, "lon": -70.6764993, "Mapped_address": "Alden Ct, Plymouth, MA 02360, USA", "FID": 18}}, {"type": "Feature", "id": 19, "geometry": {"type": "Point", "coordinates": [-71.5899153786347, 42.3786410446559]}, "properties": {"F_": 666, "District": "SOU", "Town": "Hudson", "Street": "River Rd, Four Bridges Rd, Rolling Ln, Rathbun Rd", "Retirmement_footage": 6330, "Material": "CS", "Installation_footage": 6360, "Size_s__to_Install_": "6, 2\r", "lat": 42.3786410446559, "lon": -71.5899153786347, "Mapped_address": "Rathburn Rd, Natick, MA 01760, USA", "FID": 19}}, {"type": "Feature", "id": 20, "geometry": {"type": "Point", "coordinates": [-71.3972279, 42.3019147]}, "properties": {"F_": 547, "District": "SOU", "Town": "Framingham", "Street": "Cochituate Rd / Whittier Ring Rd / Caldor Rd / Walsh St / sub main to #8 Greenview / 6 sub-mains", "Retirmement_footage": 6391, "Material": "CS, PD, PL, unknown", "Installation_footage": 6400, "Size_s__to_Install_": "4\r", "lat": 42.3019147, "lon": -71.3972279, "Mapped_address": "Ring Rd, Framingham, MA, USA", "FID": 20}}, {"type": "Feature", "id": 21, "geometry": {"type": "Point", "coordinates": [-70.679968, 41.960821]}, "properties": {"F_": 406, "District": "PLY", "Town": "Plymouth", "Street": "Alden Ter", "Retirmement_footage": 700, "Material": "CS", "Installation_footage": 720, "Size_s__to_Install_": "4\r", "lat": 41.960821, "lon": -70.679968, "Mapped_address": "Alden Terrace, Plymouth, MA 02360, USA", "FID": 21}}, {"type": "Feature", "id": 22, "geometry": {"type": "Point", "coordinates": [-71.3963920890198, 42.3067706346797]}, "properties": {"F_": 547, "District": "SOU", "Town": "Framingham", "Street": "Cochituate Rd / Whittier Ring Rd / Caldor Rd / Walsh St / sub main to #8 Greenview / 6 sub-mains", "Retirmement_footage": 6391, "Material": "CS, PD, PL, unknown", "Installation_footage": 6400, "Size_s__to_Install_": "4\r", "lat": 42.3067706346797, "lon": -71.3963920890198, "Mapped_address": "Whittier St, Framingham, MA, USA", "FID": 22}}, {"type": "Feature", "id": 23, "geometry": {"type": "Point", "coordinates": [-71.0848048668151, 42.3733955018334]}, "properties": {"F_": 468, "District": "SOM", "Town": "Cambridge", "Street": "Rufo Rd", "Retirmement_footage": 270, "Material": "CS", "Installation_footage": 280, "Size_s__to_Install_": "6\r", "lat": 42.3733955018334, "lon": -71.0848048668151, "Mapped_address": "Rufo Rd, Cambridge, MA 02141, USA", "FID": 23}}, {"type": "Feature", "id": 24, "geometry": {"type": "Point", "coordinates": [-70.6896651, 41.9750243]}, "properties": {"F_": 407, "District": "PLY", "Town": "Plymouth", "Street": "Bourne St", "Retirmement_footage": 900, "Material": "CS", "Installation_footage": 920, "Size_s__to_Install_": "2\r", "lat": 41.9750243, "lon": -70.6896651, "Mapped_address": "Bourne St, Plymouth, MA 02360, USA", "FID": 24}}, {"type": "Feature", "id": 25, "geometry": {"type": "Point", "coordinates": [-71.8106417, 42.2453081]}, "properties": {"F_": 959, "District": "WOR", "Town": "Worcester", "Street": "Southbridge St", "Retirmement_footage": 1521, "Material": "CI", "Installation_footage": 1560, "Size_s__to_Install_": "6\r", "lat": 42.2453081, "lon": -71.8106417, "Mapped_address": "Southbridge St, Worcester, MA 01610, USA", "FID": 25}}, {"type": "Feature", "id": 26, "geometry": {"type": "Point", "coordinates": [-71.8106417, 42.2453081]}, "properties": {"F_": 960, "District": "WOR", "Town": "Worcester", "Street": "Southbridge St", "Retirmement_footage": 1103, "Material": "CI", "Installation_footage": 1120, "Size_s__to_Install_": "16\r", "lat": 42.2453081, "lon": -71.8106417, "Mapped_address": "Southbridge St, Worcester, MA 01610, USA", "FID": 26}}, {"type": "Feature", "id": 27, "geometry": {"type": "Point", "coordinates": [-71.8106417, 42.2453081]}, "properties": {"F_": 961, "District": "WOR", "Town": "Worcester", "Street": "Southbridge St", "Retirmement_footage": 1965, "Material": "CI", "Installation_footage": 2000, "Size_s__to_Install_": "20\r", "lat": 42.2453081, "lon": -71.8106417, "Mapped_address": "Southbridge St, Worcester, MA 01610, USA", "FID": 27}}, {"type": "Feature", "id": 28, "geometry": {"type": "Point", "coordinates": [-70.683477, 41.9645215]}, "properties": {"F_": 408, "District": "PLY", "Town": "Plymouth", "Street": "Clark St / Braunecker Rd", "Retirmement_footage": 632, "Material": "BS, CS", "Installation_footage": 640, "Size_s__to_Install_": "2\r", "lat": 41.9645215, "lon": -70.683477, "Mapped_address": "Braunecker Rd, Plymouth, MA 02360, USA", "FID": 28}}, {"type": "Feature", "id": 29, "geometry": {"type": "Point", "coordinates": [-70.6821725, 41.9639535]}, "properties": {"F_": 408, "District": "PLY", "Town": "Plymouth", "Street": "Clark St / Braunecker Rd", "Retirmement_footage": 632, "Material": "BS, CS", "Installation_footage": 640, "Size_s__to_Install_": "2\r", "lat": 41.9639535, "lon": -70.6821725, "Mapped_address": "Clark St, Plymouth, MA 02360, USA", "FID": 29}}, {"type": "Feature", "id": 30, "geometry": {"type": "Point", "coordinates": [-71.8106417, 42.2453081]}, "properties": {"F_": 962, "District": "WOR", "Town": "Worcester", "Street": "Southbridge St", "Retirmement_footage": 404, "Material": "CI", "Installation_footage": 440, "Size_s__to_Install_": "24\r", "lat": 42.2453081, "lon": -71.8106417, "Mapped_address": "Southbridge St, Worcester, MA 01610, USA", "FID": 30}}, {"type": "Feature", "id": 31, "geometry": {"type": "Point", "coordinates": [-70.6836124, 41.9722008]}, "properties": {"F_": 409, "District": "PLY", "Town": "Plymouth", "Street": "Cortelli Ct", "Retirmement_footage": 260, "Material": "CS", "Installation_footage": 280, "Size_s__to_Install_": "2\r", "lat": 41.9722008, "lon": -70.6836124, "Mapped_address": "Cortelli Ct, Plymouth, MA 02360, USA", "FID": 31}}, {"type": "Feature", "id": 32, "geometry": {"type": "Point", "coordinates": [-71.8106417, 42.2453081]}, "properties": {"F_": 963, "District": "WOR", "Town": "Worcester", "Street": "Southbridge St, Crompton St", "Retirmement_footage": 740, "Material": "CI, CS, PL", "Installation_footage": 760, "Size_s__to_Install_": "8, 6\r", "lat": 42.2453081, "lon": -71.8106417, "Mapped_address": "Southbridge St, Worcester, MA 01610, USA", "FID": 32}}, {"type": "Feature", "id": 33, "geometry": {"type": "Point", "coordinates": [-71.5923469, 42.2299274]}, "properties": {"F_": 654, "District": "SOU", "Town": "Hopkinton", "Street": "Spring St", "Retirmement_footage": 752, "Material": "CS", "Installation_footage": 760, "Size_s__to_Install_": "4\r", "lat": 42.2299274, "lon": -71.5923469, "Mapped_address": "Spring St, Hopkinton, MA, USA", "FID": 33}}, {"type": "Feature", "id": 34, "geometry": {"type": "Point", "coordinates": [-70.6877893, 41.9709697]}, "properties": {"F_": 410, "District": "PLY", "Town": "Plymouth", "Street": "Dias Rd / Savery Ave", "Retirmement_footage": 1010, "Material": "CS, PCS", "Installation_footage": 1040, "Size_s__to_Install_": "2\r", "lat": 41.9709697, "lon": -70.6877893, "Mapped_address": "Dias Rd, Plymouth, MA 02360, USA", "FID": 34}}, {"type": "Feature", "id": 35, "geometry": {"type": "Point", "coordinates": [-71.7519868, 42.2535572]}, "properties": {"F_": 966, "District": "WOR", "Town": "Worcester", "Street": "Stoddard Dr, Wapiti Dr, Rogers Dr", "Retirmement_footage": 945, "Material": "BS, CS, PL", "Installation_footage": 960, "Size_s__to_Install_": "4\r", "lat": 42.2535572, "lon": -71.7519868, "Mapped_address": "Stoddard Dr, Worcester, MA 01604, USA", "FID": 35}}, {"type": "Feature", "id": 36, "geometry": {"type": "Point", "coordinates": [-70.6863623, 41.9708159]}, "properties": {"F_": 410, "District": "PLY", "Town": "Plymouth", "Street": "Dias Rd / Savery Ave", "Retirmement_footage": 1010, "Material": "CS, PCS", "Installation_footage": 1040, "Size_s__to_Install_": "2\r", "lat": 41.9708159, "lon": -70.6863623, "Mapped_address": "Savery Ave, Plymouth, MA 02360, USA", "FID": 36}}, {"type": "Feature", "id": 37, "geometry": {"type": "Point", "coordinates": [-70.8967544, 41.6381102]}, "properties": {"F_": 158, "District": "NEB", "Town": "Fairhaven", "Street": "South Summer St", "Retirmement_footage": 118, "Material": "CS", "Installation_footage": 120, "Size_s__to_Install_": "2\r", "lat": 41.6381102, "lon": -70.8967544, "Mapped_address": "Summer St, Fairhaven, MA 02719, USA", "FID": 37}}, {"type": "Feature", "id": 38, "geometry": {"type": "Point", "coordinates": [-70.6611347, 41.9549112]}, "properties": {"F_": 411, "District": "PLY", "Town": "Plymouth", "Street": "Emerald St", "Retirmement_footage": 278, "Material": "BS, CS", "Installation_footage": 280, "Size_s__to_Install_": "2\r", "lat": 41.9549112, "lon": -70.6611347, "Mapped_address": "Emerald St, Plymouth, MA 02360, USA", "FID": 38}}, {"type": "Feature", "id": 39, "geometry": {"type": "Point", "coordinates": [-71.1676536, 42.2436085]}, "properties": {"F_": 30, "District": "HYP", "Town": "Dedham", "Street": "Goshen Rd, main in ROW, Hastings Rd, Trenton Rd", "Retirmement_footage": 2081, "Material": "BS, PD", "Installation_footage": 2169, "Size_s__to_Install_": "2\r", "lat": 42.2436085, "lon": -71.1676536, "Mapped_address": "Dedham, MA, USA", "FID": 39}}, {"type": "Feature", "id": 40, "geometry": {"type": "Point", "coordinates": [-70.7311717, 41.9347561]}, "properties": {"F_": 412, "District": "PLY", "Town": "Plymouth", "Street": "Esta Rd / Lascala Ave / Parker Dr", "Retirmement_footage": 8359, "Material": "CS", "Installation_footage": 8360, "Size_s__to_Install_": "2\r", "lat": 41.9347561, "lon": -70.7311717, "Mapped_address": "Esta Rd, Plymouth, MA 02360, USA", "FID": 40}}, {"type": "Feature", "id": 41, "geometry": {"type": "Point", "coordinates": [-71.7632878, 42.1500353]}, "properties": {"F_": 779, "District": "WOR", "Town": "Sutton", "Street": "Depot St / Chaulsse Way", "Retirmement_footage": 1055, "Material": "CS", "Installation_footage": 920, "Size_s__to_Install_": "2\r", "lat": 42.1500353, "lon": -71.7632878, "Mapped_address": "Sutton, MA, USA", "FID": 41}}, {"type": "Feature", "id": 42, "geometry": {"type": "Point", "coordinates": [-70.733215, 41.934795]}, "properties": {"F_": 412, "District": "PLY", "Town": "Plymouth", "Street": "Esta Rd / Lascala Ave / Parker Dr", "Retirmement_footage": 8359, "Material": "CS", "Installation_footage": 8360, "Size_s__to_Install_": "2\r", "lat": 41.934795, "lon": -70.733215, "Mapped_address": "Lascala Ave, Plymouth, MA 02360, USA", "FID": 42}}, {"type": "Feature", "id": 43, "geometry": {"type": "Point", "coordinates": [-71.7884572930125, 42.260837812122]}, "properties": {"F_": 827, "District": "WOR", "Town": "Worcester", "Street": "Franklin St sub-main to 354", "Retirmement_footage": 383, "Material": "CS", "Installation_footage": 400, "Size_s__to_Install_": "6\r", "lat": 42.260837812122, "lon": -71.7884572930125, "Mapped_address": "354 Franklin St, Worcester, MA, USA", "FID": 43}}, {"type": "Feature", "id": 44, "geometry": {"type": "Point", "coordinates": [-70.7326752, 41.9337654]}, "properties": {"F_": 412, "District": "PLY", "Town": "Plymouth", "Street": "Esta Rd / Lascala Ave / Parker Dr", "Retirmement_footage": 8359, "Material": "CS", "Installation_footage": 8360, "Size_s__to_Install_": "2\r", "lat": 41.9337654, "lon": -70.7326752, "Mapped_address": "Parker Dr, Plymouth, MA 02360, USA", "FID": 44}}, {"type": "Feature", "id": 45, "geometry": {"type": "Point", "coordinates": [-71.2163281, 42.303214]}, "properties": {"F_": 83, "District": "HYP", "Town": "Needham", "Street": "A St, Second Ave, Cabot St, Second Ave", "Retirmement_footage": 4853, "Material": "CS, BS", "Installation_footage": 4142, "Size_s__to_Install_": "4\r", "lat": 42.303214, "lon": -71.2163281, "Mapped_address": "2nd Ave, Needham, MA 02494, USA", "FID": 45}}, {"type": "Feature", "id": 46, "geometry": {"type": "Point", "coordinates": [-70.7239391, 41.9311879]}, "properties": {"F_": 413, "District": "PLY", "Town": "Plymouth", "Street": "Flint Locke Dr / Lantern Ln", "Retirmement_footage": 2549, "Material": "CS", "Installation_footage": 2560, "Size_s__to_Install_": "4\r", "lat": 41.9311879, "lon": -70.7239391, "Mapped_address": "Flintlocke Dr, Plymouth, MA 02360, USA", "FID": 46}}, {"type": "Feature", "id": 47, "geometry": {"type": "Point", "coordinates": [-71.158105, 42.200026]}, "properties": {"F_": 105, "District": "HYP", "Town": "Westwood", "Street": "#349-369 University Ave", "Retirmement_footage": 1194, "Material": "CS", "Installation_footage": 1200, "Size_s__to_Install_": "2\r", "lat": 42.200026, "lon": -71.158105, "Mapped_address": "349-369 University Ave, Westwood, MA 02090, USA", "FID": 47}}, {"type": "Feature", "id": 48, "geometry": {"type": "Point", "coordinates": [-70.7272645, 41.9309215]}, "properties": {"F_": 413, "District": "PLY", "Town": "Plymouth", "Street": "Flint Locke Dr / Lantern Ln", "Retirmement_footage": 2549, "Material": "CS", "Installation_footage": 2560, "Size_s__to_Install_": "4\r", "lat": 41.9309215, "lon": -70.7272645, "Mapped_address": "Lantern Ln, Plymouth, MA 02360, USA", "FID": 48}}, {"type": "Feature", "id": 49, "geometry": {"type": "Point", "coordinates": [-70.9311142, 41.6254182]}, "properties": {"F_": 229, "District": "NEB", "Town": "New Bedford", "Street": "Cottage St 2", "Retirmement_footage": 1786, "Material": "CS, BS", "Installation_footage": 1800, "Size_s__to_Install_": "12\r", "lat": 41.6254182, "lon": -70.9311142, "Mapped_address": "2 Cottage St, New Bedford, MA 02740, USA", "FID": 49}}, {"type": "Feature", "id": 50, "geometry": {"type": "Point", "coordinates": [-70.6965899, 41.9760926]}, "properties": {"F_": 414, "District": "PLY", "Town": "Plymouth", "Street": "Forest Ave Ext", "Retirmement_footage": 1917, "Material": "CS", "Installation_footage": 1920, "Size_s__to_Install_": "4\r", "lat": 41.9760926, "lon": -70.6965899, "Mapped_address": "Forest Ave Ext, Plymouth, MA 02360, USA", "FID": 50}}, {"type": "Feature", "id": 51, "geometry": {"type": "Point", "coordinates": [-70.9282367, 41.6321661]}, "properties": {"F_": 356, "District": "NEB", "Town": "New Bedford", "Street": "Seventh St", "Retirmement_footage": 456, "Material": "CI", "Installation_footage": 480, "Size_s__to_Install_": "4\r", "lat": 41.6321661, "lon": -70.9282367, "Mapped_address": "7th St, New Bedford, MA 02740, USA", "FID": 51}}, {"type": "Feature", "id": 52, "geometry": {"type": "Point", "coordinates": [-70.6824077, 41.9595338]}, "properties": {"F_": 415, "District": "PLY", "Town": "Plymouth", "Street": "Grandview Dr / Royal St / Royal St", "Retirmement_footage": 2463, "Material": "CS", "Installation_footage": 2480, "Size_s__to_Install_": "2\r", "lat": 41.9595338, "lon": -70.6824077, "Mapped_address": "Grandview Dr, Plymouth, MA 02360, USA", "FID": 52}}, {"type": "Feature", "id": 53, "geometry": {"type": "Point", "coordinates": [-70.6817334, 41.9573915]}, "properties": {"F_": 415, "District": "PLY", "Town": "Plymouth", "Street": "Grandview Dr / Royal St / Royal St", "Retirmement_footage": 2463, "Material": "CS", "Installation_footage": 2480, "Size_s__to_Install_": "2\r", "lat": 41.9573915, "lon": -70.6817334, "Mapped_address": "Royal St, Plymouth, MA 02360, USA", "FID": 53}}, {"type": "Feature", "id": 54, "geometry": {"type": "Point", "coordinates": [-70.6813512, 41.9679887]}, "properties": {"F_": 416, "District": "PLY", "Town": "Plymouth", "Street": "Hall St", "Retirmement_footage": 948, "Material": "BS, CS, PL", "Installation_footage": 960, "Size_s__to_Install_": "2\r", "lat": 41.9679887, "lon": -70.6813512, "Mapped_address": "Hall St, Plymouth, MA 02360, USA", "FID": 54}}, {"type": "Feature", "id": 55, "geometry": {"type": "Point", "coordinates": [-70.6761038, 41.9680413]}, "properties": {"F_": 417, "District": "PLY", "Town": "Plymouth", "Street": "Knapp Ter", "Retirmement_footage": 814, "Material": "CS, BS", "Installation_footage": 840, "Size_s__to_Install_": "2\r", "lat": 41.9680413, "lon": -70.6761038, "Mapped_address": "Knapp Terrace, Plymouth, MA 02360, USA", "FID": 55}}, {"type": "Feature", "id": 56, "geometry": {"type": "Point", "coordinates": [-70.6758059, 41.9578595]}, "properties": {"F_": 418, "District": "PLY", "Town": "Plymouth", "Street": "Lafayette Ct", "Retirmement_footage": 201, "Material": "BS", "Installation_footage": 240, "Size_s__to_Install_": "2\r", "lat": 41.9578595, "lon": -70.6758059, "Mapped_address": "Lafayette Ct, Plymouth, MA 02360, USA", "FID": 56}}, {"type": "Feature", "id": 57, "geometry": {"type": "Point", "coordinates": [-70.733215, 41.934795]}, "properties": {"F_": 419, "District": "PLY", "Town": "Plymouth", "Street": "Lascala Ave", "Retirmement_footage": 260, "Material": "CS", "Installation_footage": 280, "Size_s__to_Install_": "2\r", "lat": 41.934795, "lon": -70.733215, "Mapped_address": "Lascala Ave, Plymouth, MA 02360, USA", "FID": 57}}, {"type": "Feature", "id": 58, "geometry": {"type": "Point", "coordinates": [-70.6877954, 41.9645913]}, "properties": {"F_": 420, "District": "PLY", "Town": "Plymouth", "Street": "Liberty St", "Retirmement_footage": 1320, "Material": "CS", "Installation_footage": 1320, "Size_s__to_Install_": "8\r", "lat": 41.9645913, "lon": -70.6877954, "Mapped_address": "Liberty St, Plymouth, MA 02360, USA", "FID": 58}}, {"type": "Feature", "id": 59, "geometry": {"type": "Point", "coordinates": [-70.6837758, 41.9616677]}, "properties": {"F_": 421, "District": "PLY", "Town": "Plymouth", "Street": "Linden Ln", "Retirmement_footage": 96, "Material": "CS", "Installation_footage": 120, "Size_s__to_Install_": "2\r", "lat": 41.9616677, "lon": -70.6837758, "Mapped_address": "Linden Ln, Plymouth, MA 02360, USA", "FID": 59}}, {"type": "Feature", "id": 60, "geometry": {"type": "Point", "coordinates": [-70.6631796, 41.9551277]}, "properties": {"F_": 422, "District": "PLY", "Town": "Plymouth", "Street": "Main St / Main St Ext", "Retirmement_footage": 1260, "Material": "CS", "Installation_footage": 1260, "Size_s__to_Install_": "8\r", "lat": 41.9551277, "lon": -70.6631796, "Mapped_address": "Main St Ext, Plymouth, MA 02360, USA", "FID": 60}}, {"type": "Feature", "id": 61, "geometry": {"type": "Point", "coordinates": [-70.6644831, 41.9565496]}, "properties": {"F_": 422, "District": "PLY", "Town": "Plymouth", "Street": "Main St / Main St Ext", "Retirmement_footage": 1260, "Material": "CS", "Installation_footage": 1260, "Size_s__to_Install_": "8\r", "lat": 41.9565496, "lon": -70.6644831, "Mapped_address": "Main St, Plymouth, MA 02360, USA", "FID": 61}}, {"type": "Feature", "id": 62, "geometry": {"type": "Point", "coordinates": [-70.6640451, 41.9551011]}, "properties": {"F_": 423, "District": "PLY", "Town": "Plymouth", "Street": "Market St", "Retirmement_footage": 293, "Material": "CS", "Installation_footage": 320, "Size_s__to_Install_": "4\r", "lat": 41.9551011, "lon": -70.6640451, "Mapped_address": "Market St, Plymouth, MA 02360, USA", "FID": 62}}, {"type": "Feature", "id": 63, "geometry": {"type": "Point", "coordinates": [-70.6713859, 41.9621899]}, "properties": {"F_": 424, "District": "PLY", "Town": "Plymouth", "Street": "Murray St / Puritan Ct", "Retirmement_footage": 718, "Material": "BS", "Installation_footage": 720, "Size_s__to_Install_": "4, 2\r", "lat": 41.9621899, "lon": -70.6713859, "Mapped_address": "Murray St, Plymouth, MA 02360, USA", "FID": 63}}, {"type": "Feature", "id": 64, "geometry": {"type": "Point", "coordinates": [-70.6719714, 41.9628956]}, "properties": {"F_": 424, "District": "PLY", "Town": "Plymouth", "Street": "Murray St / Puritan Ct", "Retirmement_footage": 718, "Material": "BS", "Installation_footage": 720, "Size_s__to_Install_": "4, 2\r", "lat": 41.9628956, "lon": -70.6719714, "Mapped_address": "Puritan Ct, Plymouth, MA 02360, USA", "FID": 64}}, {"type": "Feature", "id": 65, "geometry": {"type": "Point", "coordinates": [-70.6744259, 41.9666324]}, "properties": {"F_": 425, "District": "PLY", "Town": "Plymouth", "Street": "Nelson St / Nelson Ct / Shaw Ct", "Retirmement_footage": 259, "Material": "CS", "Installation_footage": 280, "Size_s__to_Install_": "8\r", "lat": 41.9666324, "lon": -70.6744259, "Mapped_address": "Nelson Ct, Plymouth, MA 02360, USA", "FID": 65}}, {"type": "Feature", "id": 66, "geometry": {"type": "Point", "coordinates": [-70.674062, 41.9662449]}, "properties": {"F_": 425, "District": "PLY", "Town": "Plymouth", "Street": "Nelson St / Nelson Ct / Shaw Ct", "Retirmement_footage": 259, "Material": "CS", "Installation_footage": 280, "Size_s__to_Install_": "8\r", "lat": 41.9662449, "lon": -70.674062, "Mapped_address": "Nelson St, Plymouth, MA 02360, USA", "FID": 66}}, {"type": "Feature", "id": 67, "geometry": {"type": "Point", "coordinates": [-70.6737961, 41.966534]}, "properties": {"F_": 425, "District": "PLY", "Town": "Plymouth", "Street": "Nelson St / Nelson Ct / Shaw Ct", "Retirmement_footage": 259, "Material": "CS", "Installation_footage": 280, "Size_s__to_Install_": "8\r", "lat": 41.966534, "lon": -70.6737961, "Mapped_address": "Shaw Ct, Plymouth, MA 02360, USA", "FID": 67}}, {"type": "Feature", "id": 68, "geometry": {"type": "Point", "coordinates": [-70.6844388, 41.9671435]}, "properties": {"F_": 426, "District": "PLY", "Town": "Plymouth", "Street": "Ocean View Ave / Weston Ave", "Retirmement_footage": 645, "Material": "CS, BS, PY", "Installation_footage": 645, "Size_s__to_Install_": "2\r", "lat": 41.9671435, "lon": -70.6844388, "Mapped_address": "Ocean View Ave, Plymouth, MA 02360, USA", "FID": 68}}, {"type": "Feature", "id": 69, "geometry": {"type": "Point", "coordinates": [-70.684762, 41.9685326]}, "properties": {"F_": 426, "District": "PLY", "Town": "Plymouth", "Street": "Ocean View Ave / Weston Ave", "Retirmement_footage": 645, "Material": "CS, BS, PY", "Installation_footage": 645, "Size_s__to_Install_": "2\r", "lat": 41.9685326, "lon": -70.684762, "Mapped_address": "Weston Ave, Plymouth, MA 02360, USA", "FID": 69}}, {"type": "Feature", "id": 70, "geometry": {"type": "Point", "coordinates": [-70.6859489, 41.9698572]}, "properties": {"F_": 427, "District": "PLY", "Town": "Plymouth", "Street": "Peck Ave", "Retirmement_footage": 586, "Material": "BS", "Installation_footage": 600, "Size_s__to_Install_": "2\r", "lat": 41.9698572, "lon": -70.6859489, "Mapped_address": "Peck Ave, Plymouth, MA 02360, USA", "FID": 70}}, {"type": "Feature", "id": 71, "geometry": {"type": "Point", "coordinates": [-70.6709574, 41.9613502]}, "properties": {"F_": 428, "District": "PLY", "Town": "Plymouth", "Street": "Phoenix Ct", "Retirmement_footage": 180, "Material": "CS", "Installation_footage": 200, "Size_s__to_Install_": "4\r", "lat": 41.9613502, "lon": -70.6709574, "Mapped_address": "Phoenix Ct, Plymouth, MA 02360, USA", "FID": 71}}, {"type": "Feature", "id": 72, "geometry": {"type": "Point", "coordinates": [-70.6830776, 41.976358]}, "properties": {"F_": 429, "District": "PLY", "Town": "Plymouth", "Street": "Prince St / Cordage St", "Retirmement_footage": 1597, "Material": "BS", "Installation_footage": 1600, "Size_s__to_Install_": "4\r", "lat": 41.976358, "lon": -70.6830776, "Mapped_address": "Cordage St, Plymouth, MA 02360, USA", "FID": 72}}, {"type": "Feature", "id": 73, "geometry": {"type": "Point", "coordinates": [-70.6836004, 41.9755177]}, "properties": {"F_": 429, "District": "PLY", "Town": "Plymouth", "Street": "Prince St / Cordage St", "Retirmement_footage": 1597, "Material": "BS", "Installation_footage": 1600, "Size_s__to_Install_": "4\r", "lat": 41.9755177, "lon": -70.6836004, "Mapped_address": "Prince St, Plymouth, MA 02360, USA", "FID": 73}}, {"type": "Feature", "id": 74, "geometry": {"type": "Point", "coordinates": [-70.6871917, 41.9755566]}, "properties": {"F_": 430, "District": "PLY", "Town": "Plymouth", "Street": "Puritan Pl", "Retirmement_footage": 220, "Material": "BS", "Installation_footage": 240, "Size_s__to_Install_": "2\r", "lat": 41.9755566, "lon": -70.6871917, "Mapped_address": "Puritan Pl, Plymouth, MA 02360, USA", "FID": 74}}, {"type": "Feature", "id": 75, "geometry": {"type": "Point", "coordinates": [-70.6640903, 41.9536098]}, "properties": {"F_": 431, "District": "PLY", "Town": "Plymouth", "Street": "Robinson St", "Retirmement_footage": 195, "Material": "BS", "Installation_footage": 200, "Size_s__to_Install_": "4\r", "lat": 41.9536098, "lon": -70.6640903, "Mapped_address": "Robinson St, Plymouth, MA 02360, USA", "FID": 75}}, {"type": "Feature", "id": 76, "geometry": {"type": "Point", "coordinates": [-70.682521, 41.961932]}, "properties": {"F_": 432, "District": "PLY", "Town": "Plymouth", "Street": "Rodman Ln", "Retirmement_footage": 855, "Material": "CS", "Installation_footage": 880, "Size_s__to_Install_": "2\r", "lat": 41.961932, "lon": -70.682521, "Mapped_address": "Rodman Ln, Plymouth, MA 02360, USA", "FID": 76}}, {"type": "Feature", "id": 77, "geometry": {"type": "Point", "coordinates": [-70.6836124, 41.9722008]}, "properties": {"F_": 433, "District": "PLY", "Town": "Plymouth", "Street": "Saverys Ln / Suosso Ln / Cortelli Ct / Court St", "Retirmement_footage": 1473, "Material": "BS, CS, PL, PD", "Installation_footage": 1480, "Size_s__to_Install_": "4, 2\r", "lat": 41.9722008, "lon": -70.6836124, "Mapped_address": "Cortelli Ct, Plymouth, MA 02360, USA", "FID": 77}}, {"type": "Feature", "id": 78, "geometry": {"type": "Point", "coordinates": [-70.679982, 41.9695939]}, "properties": {"F_": 433, "District": "PLY", "Town": "Plymouth", "Street": "Saverys Ln / Suosso Ln / Cortelli Ct / Court St", "Retirmement_footage": 1473, "Material": "BS, CS, PL, PD", "Installation_footage": 1480, "Size_s__to_Install_": "4, 2\r", "lat": 41.9695939, "lon": -70.679982, "Mapped_address": "Court St, Plymouth, MA 02360, USA", "FID": 78}}, {"type": "Feature", "id": 79, "geometry": {"type": "Point", "coordinates": [-70.6844611, 41.9722221]}, "properties": {"F_": 433, "District": "PLY", "Town": "Plymouth", "Street": "Saverys Ln / Suosso Ln / Cortelli Ct / Court St", "Retirmement_footage": 1473, "Material": "BS, CS, PL, PD", "Installation_footage": 1480, "Size_s__to_Install_": "4, 2\r", "lat": 41.9722221, "lon": -70.6844611, "Mapped_address": "Savery's Ln, Plymouth, MA 02360, USA", "FID": 79}}, {"type": "Feature", "id": 80, "geometry": {"type": "Point", "coordinates": [-70.6828276, 41.973137]}, "properties": {"F_": 433, "District": "PLY", "Town": "Plymouth", "Street": "Saverys Ln / Suosso Ln / Cortelli Ct / Court St", "Retirmement_footage": 1473, "Material": "BS, CS, PL, PD", "Installation_footage": 1480, "Size_s__to_Install_": "4, 2\r", "lat": 41.973137, "lon": -70.6828276, "Mapped_address": "Suosso Ln, Plymouth, MA 02360, USA", "FID": 80}}, {"type": "Feature", "id": 81, "geometry": {"type": "Point", "coordinates": [-70.670561, 41.963287]}, "properties": {"F_": 434, "District": "PLY", "Town": "Plymouth", "Street": "Sawyer Pl", "Retirmement_footage": 296, "Material": "BS, CS", "Installation_footage": 320, "Size_s__to_Install_": "4\r", "lat": 41.963287, "lon": -70.670561, "Mapped_address": "Sawyer Pl, Plymouth, MA 02360, USA", "FID": 81}}, {"type": "Feature", "id": 82, "geometry": {"type": "Point", "coordinates": [-70.6589697, 41.9432873]}, "properties": {"F_": 435, "District": "PLY", "Town": "Plymouth", "Street": "South St", "Retirmement_footage": 2140, "Material": "CS, PD", "Installation_footage": 50, "Size_s__to_Install_": "4\r", "lat": 41.9432873, "lon": -70.6589697, "Mapped_address": "South St, Plymouth, MA 02360, USA", "FID": 82}}, {"type": "Feature", "id": 83, "geometry": {"type": "Point", "coordinates": [-70.6589697, 41.9432873]}, "properties": {"F_": 436, "District": "PLY", "Town": "Plymouth", "Street": "South St", "Retirmement_footage": 2818, "Material": "CS", "Installation_footage": 2840, "Size_s__to_Install_": "4\r", "lat": 41.9432873, "lon": -70.6589697, "Mapped_address": "South St, Plymouth, MA 02360, USA", "FID": 83}}, {"type": "Feature", "id": 84, "geometry": {"type": "Point", "coordinates": [-70.6830434, 41.9664373]}, "properties": {"F_": 437, "District": "PLY", "Town": "Plymouth", "Street": "Standish Ave", "Retirmement_footage": 751, "Material": "CS", "Installation_footage": 760, "Size_s__to_Install_": "4\r", "lat": 41.9664373, "lon": -70.6830434, "Mapped_address": "Standish Ave, Plymouth, MA 02360, USA", "FID": 84}}, {"type": "Feature", "id": 85, "geometry": {"type": "Point", "coordinates": [-70.6671906, 41.9616011]}, "properties": {"F_": 438, "District": "PLY", "Town": "Plymouth", "Street": "Town Wharf", "Retirmement_footage": 255, "Material": "CS", "Installation_footage": 255, "Size_s__to_Install_": "2\r", "lat": 41.9616011, "lon": -70.6671906, "Mapped_address": "Town Wharf, Plymouth, MA 02360, USA", "FID": 85}}, {"type": "Feature", "id": 86, "geometry": {"type": "Point", "coordinates": [-70.6811014, 41.9627706]}, "properties": {"F_": 440, "District": "PLY", "Town": "Plymouth", "Street": "West St", "Retirmement_footage": 261, "Material": "BS", "Installation_footage": 280, "Size_s__to_Install_": "2\r", "lat": 41.9627706, "lon": -70.6811014, "Mapped_address": "West St, Plymouth, MA 02360, USA", "FID": 86}}, {"type": "Feature", "id": 87, "geometry": {"type": "Point", "coordinates": [-71.0876397, 42.3600151]}, "properties": {"F_": 441, "District": "SOM", "Town": "Cambridge", "Street": "Amherst St", "Retirmement_footage": 195, "Material": "CI, CS", "Installation_footage": 200, "Size_s__to_Install_": "12\r", "lat": 42.3600151, "lon": -71.0876397, "Mapped_address": "Amherst St, Cambridge, MA, USA", "FID": 87}}, {"type": "Feature", "id": 88, "geometry": {"type": "Point", "coordinates": [-71.09915, 42.3559742]}, "properties": {"F_": 442, "District": "SOM", "Town": "Cambridge", "Street": "Audrey St, Memorial Dr, Danforth St, Endicott St, Amherst Aly", "Retirmement_footage": 4000, "Material": "WI, CI, CS, BS", "Installation_footage": 4000, "Size_s__to_Install_": "6\r", "lat": 42.3559742, "lon": -71.09915, "Mapped_address": "Amherst Alley, Cambridge, MA 02139, USA", "FID": 88}}, {"type": "Feature", "id": 89, "geometry": {"type": "Point", "coordinates": [-71.103975, 42.3544881]}, "properties": {"F_": 442, "District": "SOM", "Town": "Cambridge", "Street": "Audrey St, Memorial Dr, Danforth St, Endicott St, Amherst Aly", "Retirmement_footage": 4000, "Material": "WI, CI, CS, BS", "Installation_footage": 4000, "Size_s__to_Install_": "6\r", "lat": 42.3544881, "lon": -71.103975, "Mapped_address": "Audrey St, Cambridge, MA 02139, USA", "FID": 89}}, {"type": "Feature", "id": 90, "geometry": {"type": "Point", "coordinates": [-71.0950476, 42.3571721]}, "properties": {"F_": 442, "District": "SOM", "Town": "Cambridge", "Street": "Audrey St, Memorial Dr, Danforth St, Endicott St, Amherst Aly", "Retirmement_footage": 4000, "Material": "WI, CI, CS, BS", "Installation_footage": 4000, "Size_s__to_Install_": "6\r", "lat": 42.3571721, "lon": -71.0950476, "Mapped_address": "Danforth St, Cambridge, MA 02139, USA", "FID": 90}}, {"type": "Feature", "id": 91, "geometry": {"type": "Point", "coordinates": [-71.0966671, 42.3563055]}, "properties": {"F_": 442, "District": "SOM", "Town": "Cambridge", "Street": "Audrey St, Memorial Dr, Danforth St, Endicott St, Amherst Aly", "Retirmement_footage": 4000, "Material": "WI, CI, CS, BS", "Installation_footage": 4000, "Size_s__to_Install_": "6\r", "lat": 42.3563055, "lon": -71.0966671, "Mapped_address": "Endicott St, Cambridge, MA 02139, USA", "FID": 91}}, {"type": "Feature", "id": 92, "geometry": {"type": "Point", "coordinates": [-71.1160566, 42.3644402]}, "properties": {"F_": 442, "District": "SOM", "Town": "Cambridge", "Street": "Audrey St, Memorial Dr, Danforth St, Endicott St, Amherst Aly", "Retirmement_footage": 4000, "Material": "WI, CI, CS, BS", "Installation_footage": 4000, "Size_s__to_Install_": "6\r", "lat": 42.3644402, "lon": -71.1160566, "Mapped_address": "Memorial Dr, Cambridge, MA, USA", "FID": 92}}, {"type": "Feature", "id": 93, "geometry": {"type": "Point", "coordinates": [-71.1147145, 42.3677562]}, "properties": {"F_": 443, "District": "SOM", "Town": "Cambridge", "Street": "Banks St", "Retirmement_footage": 166, "Material": "BS", "Installation_footage": 200, "Size_s__to_Install_": "4\r", "lat": 42.3677562, "lon": -71.1147145, "Mapped_address": "Banks St, Cambridge, MA, USA", "FID": 93}}, {"type": "Feature", "id": 94, "geometry": {"type": "Point", "coordinates": [-71.1195989, 42.3912561]}, "properties": {"F_": 444, "District": "SOM", "Town": "Cambridge", "Street": "Beech St", "Retirmement_footage": 214, "Material": "CS", "Installation_footage": 220, "Size_s__to_Install_": "12\r", "lat": 42.3912561, "lon": -71.1195989, "Mapped_address": "Beech St, Cambridge, MA, USA", "FID": 94}}, {"type": "Feature", "id": 95, "geometry": {"type": "Point", "coordinates": [-71.0909807, 42.3701411]}, "properties": {"F_": 445, "District": "SOM", "Town": "Cambridge", "Street": "Berkshire St, Vandine St, Cardinal Medeiros Blvd, Marcella St", "Retirmement_footage": 2313, "Material": "BS, CI", "Installation_footage": 2320, "Size_s__to_Install_": "12, 8, 6\r", "lat": 42.3701411, "lon": -71.0909807, "Mapped_address": "Berkshire St, Cambridge, MA 02141, USA", "FID": 95}}, {"type": "Feature", "id": 96, "geometry": {"type": "Point", "coordinates": [-71.0901447, 42.3691992]}, "properties": {"F_": 445, "District": "SOM", "Town": "Cambridge", "Street": "Berkshire St, Vandine St, Cardinal Medeiros Blvd, Marcella St", "Retirmement_footage": 2313, "Material": "BS, CI", "Installation_footage": 2320, "Size_s__to_Install_": "12, 8, 6\r", "lat": 42.3691992, "lon": -71.0901447, "Mapped_address": "Cardinal Medeiros Ave, Cambridge, MA, USA", "FID": 96}}, {"type": "Feature", "id": 97, "geometry": {"type": "Point", "coordinates": [-71.0898826, 42.3715232]}, "properties": {"F_": 445, "District": "SOM", "Town": "Cambridge", "Street": "Berkshire St, Vandine St, Cardinal Medeiros Blvd, Marcella St", "Retirmement_footage": 2313, "Material": "BS, CI", "Installation_footage": 2320, "Size_s__to_Install_": "12, 8, 6\r", "lat": 42.3715232, "lon": -71.0898826, "Mapped_address": "Marcella St, Cambridge, MA 02141, USA", "FID": 97}}, {"type": "Feature", "id": 98, "geometry": {"type": "Point", "coordinates": [-71.0911699, 42.3690735]}, "properties": {"F_": 445, "District": "SOM", "Town": "Cambridge", "Street": "Berkshire St, Vandine St, Cardinal Medeiros Blvd, Marcella St", "Retirmement_footage": 2313, "Material": "BS, CI", "Installation_footage": 2320, "Size_s__to_Install_": "12, 8, 6\r", "lat": 42.3690735, "lon": -71.0911699, "Mapped_address": "Vandine St, Cambridge, MA 02141, USA", "FID": 98}}, {"type": "Feature", "id": 99, "geometry": {"type": "Point", "coordinates": [-71.1300844, 42.3754344]}, "properties": {"F_": 446, "District": "SOM", "Town": "Cambridge", "Street": "Bradbury St / Sparks Pl", "Retirmement_footage": 455, "Material": "CS, PL", "Installation_footage": 480, "Size_s__to_Install_": "2\r", "lat": 42.3754344, "lon": -71.1300844, "Mapped_address": "Bradbury St, Cambridge, MA 02138, USA", "FID": 99}}, {"type": "Feature", "id": 100, "geometry": {"type": "Point", "coordinates": [-71.1306661, 42.3754501]}, "properties": {"F_": 446, "District": "SOM", "Town": "Cambridge", "Street": "Bradbury St / Sparks Pl", "Retirmement_footage": 455, "Material": "CS, PL", "Installation_footage": 480, "Size_s__to_Install_": "2\r", "lat": 42.3754501, "lon": -71.1306661, "Mapped_address": "Sparks Pl, Cambridge, MA 02138, USA", "FID": 100}}, {"type": "Feature", "id": 101, "geometry": {"type": "Point", "coordinates": [-71.1443468, 42.3946682]}, "properties": {"F_": 447, "District": "SOM", "Town": "Cambridge", "Street": "Cambridgepark Dr", "Retirmement_footage": 570, "Material": "CS", "Installation_footage": 400, "Size_s__to_Install_": "8\r", "lat": 42.3946682, "lon": -71.1443468, "Mapped_address": "Cambridgepark Dr, Cambridge, MA, USA", "FID": 101}}, {"type": "Feature", "id": 102, "geometry": {"type": "Point", "coordinates": [-71.0962703, 42.3697956]}, "properties": {"F_": 448, "District": "SOM", "Town": "Cambridge", "Street": "Columbia St", "Retirmement_footage": 40, "Material": "CI", "Installation_footage": 40, "Size_s__to_Install_": "6\r", "lat": 42.3697956, "lon": -71.0962703, "Mapped_address": "Columbia St, Cambridge, MA, USA", "FID": 102}}, {"type": "Feature", "id": 103, "geometry": {"type": "Point", "coordinates": [-71.1273768, 42.382704]}, "properties": {"F_": 450, "District": "SOM", "Town": "Cambridge", "Street": "Garden Ter", "Retirmement_footage": 238, "Material": "CI", "Installation_footage": 240, "Size_s__to_Install_": "4\r", "lat": 42.382704, "lon": -71.1273768, "Mapped_address": "Garden Terrace, Cambridge, MA 02138, USA", "FID": 103}}, {"type": "Feature", "id": 104, "geometry": {"type": "Point", "coordinates": [-71.1332275, 42.396549]}, "properties": {"F_": 451, "District": "SOM", "Town": "Cambridge", "Street": "George St", "Retirmement_footage": 238, "Material": "CI", "Installation_footage": 240, "Size_s__to_Install_": "4\r", "lat": 42.396549, "lon": -71.1332275, "Mapped_address": "George St, Cambridge, MA 02140, USA", "FID": 104}}, {"type": "Feature", "id": 105, "geometry": {"type": "Point", "coordinates": [-71.0822255, 42.372053]}, "properties": {"F_": 453, "District": "SOM", "Town": "Cambridge", "Street": "Gore St submain 1", "Retirmement_footage": 805, "Material": "BS, PD", "Installation_footage": 840, "Size_s__to_Install_": "6\r", "lat": 42.372053, "lon": -71.0822255, "Mapped_address": "Gore St, Cambridge, MA 02141, USA", "FID": 105}}, {"type": "Feature", "id": 106, "geometry": {"type": "Point", "coordinates": [-71.0963172, 42.3700256]}, "properties": {"F_": 454, "District": "SOM", "Town": "Cambridge", "Street": "Hampshire St", "Retirmement_footage": 568, "Material": "CI", "Installation_footage": 600, "Size_s__to_Install_": "6\r", "lat": 42.3700256, "lon": -71.0963172, "Mapped_address": "Hampshire St, Cambridge, MA, USA", "FID": 106}}, {"type": "Feature", "id": 107, "geometry": {"type": "Point", "coordinates": [-71.1042366, 42.3691892]}, "properties": {"F_": 455, "District": "SOM", "Town": "Cambridge", "Street": "Harvard St", "Retirmement_footage": 1660, "Material": "CI", "Installation_footage": 1680, "Size_s__to_Install_": "16\r", "lat": 42.3691892, "lon": -71.1042366, "Mapped_address": "Harvard St, Cambridge, MA, USA", "FID": 107}}, {"type": "Feature", "id": 108, "geometry": {"type": "Point", "coordinates": [-71.1029319, 42.3700745]}, "properties": {"F_": 456, "District": "SOM", "Town": "Cambridge", "Street": "Inman St", "Retirmement_footage": 1860, "Material": "CI, CS, PL", "Installation_footage": 1880, "Size_s__to_Install_": "4\r", "lat": 42.3700745, "lon": -71.1029319, "Mapped_address": "Inman St, Cambridge, MA 02139, USA", "FID": 108}}, {"type": "Feature", "id": 109, "geometry": {"type": "Point", "coordinates": [-71.110416, 42.3668123]}, "properties": {"F_": 457, "District": "SOM", "Town": "Cambridge", "Street": "Kinnaird St", "Retirmement_footage": 727, "Material": "CI", "Installation_footage": 760, "Size_s__to_Install_": "6\r", "lat": 42.3668123, "lon": -71.110416, "Mapped_address": "Kinnaird St, Cambridge, MA 02139, USA", "FID": 109}}, {"type": "Feature", "id": 110, "geometry": {"type": "Point", "coordinates": [-71.1199711, 42.3789671]}, "properties": {"F_": 458, "District": "SOM", "Town": "Cambridge", "Street": "Mass Ave", "Retirmement_footage": 400, "Material": "CI", "Installation_footage": 400, "Size_s__to_Install_": "8\r", "lat": 42.3789671, "lon": -71.1199711, "Mapped_address": "Massachusetts Ave, Cambridge, MA, USA", "FID": 110}}, {"type": "Feature", "id": 111, "geometry": {"type": "Point", "coordinates": [-71.1199711, 42.3789671]}, "properties": {"F_": 459, "District": "SOM", "Town": "Cambridge", "Street": "Mass Ave", "Retirmement_footage": 516, "Material": "CI", "Installation_footage": 520, "Size_s__to_Install_": "12\r", "lat": 42.3789671, "lon": -71.1199711, "Mapped_address": "Massachusetts Ave, Cambridge, MA, USA", "FID": 111}}, {"type": "Feature", "id": 112, "geometry": {"type": "Point", "coordinates": [-71.0908851, 42.3854522]}, "properties": {"F_": 460, "District": "SOM", "Town": "Somerville", "Street": "McGrath Hwy", "Retirmement_footage": 723, "Material": "CI", "Installation_footage": 760, "Size_s__to_Install_": "6\r", "lat": 42.3854522, "lon": -71.0908851, "Mapped_address": "McGrath Hwy, Cambridge, MA, USA", "FID": 112}}, {"type": "Feature", "id": 113, "geometry": {"type": "Point", "coordinates": [-71.0908851, 42.3854522]}, "properties": {"F_": 461, "District": "SOM", "Town": "Somerville", "Street": "McGrath Hwy", "Retirmement_footage": 1945, "Material": "CS", "Installation_footage": 1960, "Size_s__to_Install_": "8\r", "lat": 42.3854522, "lon": -71.0908851, "Mapped_address": "McGrath Hwy, Cambridge, MA, USA", "FID": 113}}, {"type": "Feature", "id": 114, "geometry": {"type": "Point", "coordinates": [-71.1185723, 42.3719672]}, "properties": {"F_": 462, "District": "SOM", "Town": "Cambridge", "Street": "Mount Auburn St, Holyoke St", "Retirmement_footage": 492, "Material": "CI, BS, PL", "Installation_footage": 520, "Size_s__to_Install_": "8\r", "lat": 42.3719672, "lon": -71.1185723, "Mapped_address": "Holyoke St, Cambridge, MA 02138, USA", "FID": 114}}, {"type": "Feature", "id": 115, "geometry": {"type": "Point", "coordinates": [-71.1379443, 42.3748361]}, "properties": {"F_": 462, "District": "SOM", "Town": "Cambridge", "Street": "Mount Auburn St, Holyoke St", "Retirmement_footage": 492, "Material": "CI, BS, PL", "Installation_footage": 520, "Size_s__to_Install_": "8\r", "lat": 42.3748361, "lon": -71.1379443, "Mapped_address": "Mt Auburn St, Cambridge, MA, USA", "FID": 115}}, {"type": "Feature", "id": 116, "geometry": {"type": "Point", "coordinates": [-71.1290822, 42.3861913]}, "properties": {"F_": 463, "District": "SOM", "Town": "Cambridge", "Street": "Newell St", "Retirmement_footage": 560, "Material": "CI", "Installation_footage": 560, "Size_s__to_Install_": "4\r", "lat": 42.3861913, "lon": -71.1290822, "Mapped_address": "Newell St, Cambridge, MA 02140, USA", "FID": 116}}, {"type": "Feature", "id": 117, "geometry": {"type": "Point", "coordinates": [-71.1017096, 42.3599156]}, "properties": {"F_": 464, "District": "SOM", "Town": "Cambridge", "Street": "Pacific St", "Retirmement_footage": 187, "Material": "CI, PL", "Installation_footage": 212, "Size_s__to_Install_": "6\r", "lat": 42.3599156, "lon": -71.1017096, "Mapped_address": "Pacific St, Cambridge, MA 02139, USA", "FID": 117}}, {"type": "Feature", "id": 118, "geometry": {"type": "Point", "coordinates": [-71.129095, 42.3906069]}, "properties": {"F_": 465, "District": "SOM", "Town": "Cambridge", "Street": "Pemberton St, Pemberton St, Verdun St", "Retirmement_footage": 1160, "Material": "CI, CS", "Installation_footage": 1160, "Size_s__to_Install_": "\r", "lat": 42.3906069, "lon": -71.129095, "Mapped_address": "Pemberton St, Cambridge, MA 02140, USA", "FID": 118}}, {"type": "Feature", "id": 119, "geometry": {"type": "Point", "coordinates": [-71.130785, 42.3912601]}, "properties": {"F_": 465, "District": "SOM", "Town": "Cambridge", "Street": "Pemberton St, Pemberton St, Verdun St", "Retirmement_footage": 1160, "Material": "CI, CS", "Installation_footage": 1160, "Size_s__to_Install_": "\r", "lat": 42.3912601, "lon": -71.130785, "Mapped_address": "Verdun St, Cambridge, MA 02140, USA", "FID": 119}}, {"type": "Feature", "id": 120, "geometry": {"type": "Point", "coordinates": [-71.1269466, 42.3863566]}, "properties": {"F_": 466, "District": "SOM", "Town": "Cambridge", "Street": "Raymond St", "Retirmement_footage": 1657, "Material": "BS, CS", "Installation_footage": 1680, "Size_s__to_Install_": "6\r", "lat": 42.3863566, "lon": -71.1269466, "Mapped_address": "Raymond St, Cambridge, MA, USA", "FID": 120}}, {"type": "Feature", "id": 121, "geometry": {"type": "Point", "coordinates": [-71.1100619, 42.3634424]}, "properties": {"F_": 467, "District": "SOM", "Town": "Cambridge", "Street": "River St", "Retirmement_footage": 192, "Material": "CI", "Installation_footage": 200, "Size_s__to_Install_": "8\r", "lat": 42.3634424, "lon": -71.1100619, "Mapped_address": "River St, Cambridge, MA 02139, USA", "FID": 121}}, {"type": "Feature", "id": 122, "geometry": {"type": "Point", "coordinates": [-71.1225275, 42.3811477]}, "properties": {"F_": 469, "District": "SOM", "Town": "Cambridge", "Street": "Shepard St ", "Retirmement_footage": 625, "Material": "CI", "Installation_footage": 640, "Size_s__to_Install_": "6\r", "lat": 42.3811477, "lon": -71.1225275, "Mapped_address": "Shepard St, Cambridge, MA 02138, USA", "FID": 122}}, {"type": "Feature", "id": 123, "geometry": {"type": "Point", "coordinates": [-71.1522135, 42.3946814]}, "properties": {"F_": 471, "District": "SOM", "Town": "Cambridge", "Street": "Smith Pl, Mooney St", "Retirmement_footage": 1620, "Material": "CS, BS", "Installation_footage": 1640, "Size_s__to_Install_": "6, 4\r", "lat": 42.3946814, "lon": -71.1522135, "Mapped_address": "Mooney St, Cambridge, MA 02138, USA", "FID": 123}}, {"type": "Feature", "id": 124, "geometry": {"type": "Point", "coordinates": [-71.1506184, 42.3924974]}, "properties": {"F_": 471, "District": "SOM", "Town": "Cambridge", "Street": "Smith Pl, Mooney St", "Retirmement_footage": 1620, "Material": "CS, BS", "Installation_footage": 1640, "Size_s__to_Install_": "6, 4\r", "lat": 42.3924974, "lon": -71.1506184, "Mapped_address": "Smith Pl, Cambridge, MA 02138, USA", "FID": 124}}, {"type": "Feature", "id": 125, "geometry": {"type": "Point", "coordinates": [-71.1233332, 42.3728375]}, "properties": {"F_": 472, "District": "SOM", "Town": "Cambridge", "Street": "University Rd", "Retirmement_footage": 619, "Material": "CI", "Installation_footage": 640, "Size_s__to_Install_": "6\r", "lat": 42.3728375, "lon": -71.1233332, "Mapped_address": "University Rd, Cambridge, MA 02138, USA", "FID": 125}}, {"type": "Feature", "id": 126, "geometry": {"type": "Point", "coordinates": [-71.129161, 42.386827]}, "properties": {"F_": 473, "District": "SOM", "Town": "Cambridge", "Street": "Walden St", "Retirmement_footage": 1000, "Material": "BS", "Installation_footage": 1000, "Size_s__to_Install_": "12\r", "lat": 42.386827, "lon": -71.129161, "Mapped_address": "Walden St, Cambridge, MA, USA", "FID": 126}}, {"type": "Feature", "id": 127, "geometry": {"type": "Point", "coordinates": [-71.129161, 42.386827]}, "properties": {"F_": 474, "District": "SOM", "Town": "Cambridge", "Street": "Walden St", "Retirmement_footage": 1615, "Material": "CI", "Installation_footage": 1640, "Size_s__to_Install_": "12\r", "lat": 42.386827, "lon": -71.129161, "Mapped_address": "Walden St, Cambridge, MA, USA", "FID": 127}}, {"type": "Feature", "id": 128, "geometry": {"type": "Point", "coordinates": [-71.129161, 42.386827]}, "properties": {"F_": 475, "District": "SOM", "Town": "Cambridge", "Street": "Walden St", "Retirmement_footage": 646, "Material": "CI", "Installation_footage": 680, "Size_s__to_Install_": "2\r", "lat": 42.386827, "lon": -71.129161, "Mapped_address": "Walden St, Cambridge, MA, USA", "FID": 128}}, {"type": "Feature", "id": 129, "geometry": {"type": "Point", "coordinates": [-70.6474075, 41.9455096]}, "properties": {"F_": 439, "District": "PLY", "Town": "Plymouth", "Street": "Unamed Rd near #8 Obery St", "Retirmement_footage": 555, "Material": "CS", "Installation_footage": 560, "Size_s__to_Install_": "2\r", "lat": 41.9455096, "lon": -70.6474075, "Mapped_address": "8 Obery St, Plymouth, MA 02360, USA", "FID": 129}}, {"type": "Feature", "id": 130, "geometry": {"type": "Point", "coordinates": [-71.0996586, 42.3636356]}, "properties": {"F_": 449, "District": "SOM", "Town": "Cambridge", "Street": "Columbia St 2", "Retirmement_footage": 141, "Material": "CI, CS", "Installation_footage": 0, "Size_s__to_Install_": "n/a\r", "lat": 42.3636356, "lon": -71.0996586, "Mapped_address": "2 Columbia St, Cambridge, MA 02139, USA", "FID": 130}}, {"type": "Feature", "id": 131, "geometry": {"type": "Point", "coordinates": [-71.0852784, 42.3696066]}, "properties": {"F_": 470, "District": "SOM", "Town": "Cambridge", "Street": "Sixth St", "Retirmement_footage": 2279, "Material": "CI", "Installation_footage": 2280, "Size_s__to_Install_": "24\r", "lat": 42.3696066, "lon": -71.0852784, "Mapped_address": "6th St, Cambridge, MA, USA", "FID": 131}}, {"type": "Feature", "id": 132, "geometry": {"type": "Point", "coordinates": [-71.4690862, 42.2624495]}, "properties": {"F_": 518, "District": "SOU", "Town": "Ashland", "Street": "Pleasant St / submain to 21 Water St", "Retirmement_footage": 3150, "Material": "CS, CU", "Installation_footage": 3160, "Size_s__to_Install_": "4\r", "lat": 42.2624495, "lon": -71.4690862, "Mapped_address": "21 Water St, Ashland, MA 01721, USA", "FID": 132}}, {"type": "Feature", "id": 133, "geometry": {"type": "Point", "coordinates": [-71.400253263815, 42.2766469241538]}, "properties": {"F_": 610, "District": "SOU", "Town": "Framingham", "Street": "Second St", "Retirmement_footage": 118, "Material": "CS", "Installation_footage": 120, "Size_s__to_Install_": "2\r", "lat": 42.2766469241538, "lon": -71.400253263815, "Mapped_address": "2nd St, Framingham, MA 01702, USA", "FID": 133}}, {"type": "Feature", "id": 134, "geometry": {"type": "Point", "coordinates": [-71.5932612, 42.3727251]}, "properties": {"F_": 666, "District": "SOU", "Town": "Hudson", "Street": "River Rd, Four Bridges Rd, Rolling Ln, Rathbun Rd", "Retirmement_footage": 6330, "Material": "CS", "Installation_footage": 6360, "Size_s__to_Install_": "6, 2\r", "lat": 42.3727251, "lon": -71.5932612, "Mapped_address": "4 Bridges Rd, Hudson, MA 01749, USA", "FID": 134}}, {"type": "Feature", "id": 135, "geometry": {"type": "Point", "coordinates": [-71.7745467, 42.3770493]}, "properties": {"F_": 782, "District": "WOR", "Town": "West Boylston", "Street": "Lancaster St 2", "Retirmement_footage": 5150, "Material": "BS", "Installation_footage": 5160, "Size_s__to_Install_": "4\r", "lat": 42.3770493, "lon": -71.7745467, "Mapped_address": "2 Lancaster St, West Boylston, MA 01583, USA", "FID": 135}}, {"type": "Feature", "id": 136, "geometry": {"type": "Point", "coordinates": [-71.786108, 42.3104868]}, "properties": {"F_": 835, "District": "WOR", "Town": "Worcester", "Street": "Governors St 2", "Retirmement_footage": 1205, "Material": "BS", "Installation_footage": 1240, "Size_s__to_Install_": "8\r", "lat": 42.3104868, "lon": -71.786108, "Mapped_address": "2 Governors St, Worcester, MA 01606, USA", "FID": 136}}, {"type": "Feature", "id": 137, "geometry": {"type": "Point", "coordinates": [-71.8519231, 42.3440193]}, "properties": {"F_": 953, "District": "WOR", "Town": "Worcester", "Street": "Salisbury St 2", "Retirmement_footage": 40, "Material": "PD", "Installation_footage": 40, "Size_s__to_Install_": "6\r", "lat": 42.3440193, "lon": -71.8519231, "Mapped_address": "2 Salisbury St, Holden, MA 01520, USA", "FID": 137}}, {"type": "Feature", "id": 138, "geometry": {"type": "Point", "coordinates": [-71.1281044, 42.2680501]}, "properties": {"F_": 60, "District": "HYP", "Town": "Hyde Park", "Street": "Beechmont St, Beechmont Ter, Asheville Rd, Lodgehill Rd, Goff St, Sherrin St", "Retirmement_footage": 4015, "Material": "CS, BS, PL", "Installation_footage": 4040, "Size_s__to_Install_": "6, 4, 2\r", "lat": 42.2680501, "lon": -71.1281044, "Mapped_address": "Asheville Rd, Boston, MA 02136, USA", "FID": 138}}, {"type": "Feature", "id": 139, "geometry": {"type": "Point", "coordinates": [-71.1265544, 42.2683936]}, "properties": {"F_": 60, "District": "HYP", "Town": "Hyde Park", "Street": "Beechmont St, Beechmont Ter, Asheville Rd, Lodgehill Rd, Goff St, Sherrin St", "Retirmement_footage": 4015, "Material": "CS, BS, PL", "Installation_footage": 4040, "Size_s__to_Install_": "6, 4, 2\r", "lat": 42.2683936, "lon": -71.1265544, "Mapped_address": "Beechmont St, Boston, MA 02136, USA", "FID": 139}}, {"type": "Feature", "id": 140, "geometry": {"type": "Point", "coordinates": [-71.1258522, 42.2686802]}, "properties": {"F_": 60, "District": "HYP", "Town": "Hyde Park", "Street": "Beechmont St, Beechmont Ter, Asheville Rd, Lodgehill Rd, Goff St, Sherrin St", "Retirmement_footage": 4015, "Material": "CS, BS, PL", "Installation_footage": 4040, "Size_s__to_Install_": "6, 4, 2\r", "lat": 42.2686802, "lon": -71.1258522, "Mapped_address": "Beechmont Terrace, Boston, MA 02136, USA", "FID": 140}}, {"type": "Feature", "id": 141, "geometry": {"type": "Point", "coordinates": [-71.12719, 42.2670605]}, "properties": {"F_": 60, "District": "HYP", "Town": "Hyde Park", "Street": "Beechmont St, Beechmont Ter, Asheville Rd, Lodgehill Rd, Goff St, Sherrin St", "Retirmement_footage": 4015, "Material": "CS, BS, PL", "Installation_footage": 4040, "Size_s__to_Install_": "6, 4, 2\r", "lat": 42.2670605, "lon": -71.12719, "Mapped_address": "Goff St, Boston, MA 02136, USA", "FID": 141}}, {"type": "Feature", "id": 142, "geometry": {"type": "Point", "coordinates": [-71.1276628, 42.2664414]}, "properties": {"F_": 60, "District": "HYP", "Town": "Hyde Park", "Street": "Beechmont St, Beechmont Ter, Asheville Rd, Lodgehill Rd, Goff St, Sherrin St", "Retirmement_footage": 4015, "Material": "CS, BS, PL", "Installation_footage": 4040, "Size_s__to_Install_": "6, 4, 2\r", "lat": 42.2664414, "lon": -71.1276628, "Mapped_address": "Lodgehill Rd, Boston, MA 02136, USA", "FID": 142}}, {"type": "Feature", "id": 143, "geometry": {"type": "Point", "coordinates": [-71.124777, 42.2682287]}, "properties": {"F_": 60, "District": "HYP", "Town": "Hyde Park", "Street": "Beechmont St, Beechmont Ter, Asheville Rd, Lodgehill Rd, Goff St, Sherrin St", "Retirmement_footage": 4015, "Material": "CS, BS, PL", "Installation_footage": 4040, "Size_s__to_Install_": "6, 4, 2\r", "lat": 42.2682287, "lon": -71.124777, "Mapped_address": "Sherrin St, Boston, MA 02136, USA", "FID": 143}}, {"type": "Feature", "id": 144, "geometry": {"type": "Point", "coordinates": [-71.1089754, 42.2663928]}, "properties": {"F_": 61, "District": "HYP", "Town": "Hyde Park", "Street": "Birchcroft Rd / Pinewood St / Roseglen Rd / Crown St / Camelia Rd", "Retirmement_footage": 2313, "Material": "BS", "Installation_footage": 2320, "Size_s__to_Install_": "4, 2\r", "lat": 42.2663928, "lon": -71.1089754, "Mapped_address": "Birchcroft Rd, Boston, MA 02136, USA", "FID": 144}}, {"type": "Feature", "id": 145, "geometry": {"type": "Point", "coordinates": [-71.1081741, 42.2659687]}, "properties": {"F_": 61, "District": "HYP", "Town": "Hyde Park", "Street": "Birchcroft Rd / Pinewood St / Roseglen Rd / Crown St / Camelia Rd", "Retirmement_footage": 2313, "Material": "BS", "Installation_footage": 2320, "Size_s__to_Install_": "4, 2\r", "lat": 42.2659687, "lon": -71.1081741, "Mapped_address": "Camelia Rd, Boston, MA 02136, USA", "FID": 145}}, {"type": "Feature", "id": 146, "geometry": {"type": "Point", "coordinates": [-71.1085039, 42.2664611]}, "properties": {"F_": 61, "District": "HYP", "Town": "Hyde Park", "Street": "Birchcroft Rd / Pinewood St / Roseglen Rd / Crown St / Camelia Rd", "Retirmement_footage": 2313, "Material": "BS", "Installation_footage": 2320, "Size_s__to_Install_": "4, 2\r", "lat": 42.2664611, "lon": -71.1085039, "Mapped_address": "Crown St, Boston, MA 02136, USA", "FID": 146}}, {"type": "Feature", "id": 147, "geometry": {"type": "Point", "coordinates": [-71.1088079, 42.2676129]}, "properties": {"F_": 61, "District": "HYP", "Town": "Hyde Park", "Street": "Birchcroft Rd / Pinewood St / Roseglen Rd / Crown St / Camelia Rd", "Retirmement_footage": 2313, "Material": "BS", "Installation_footage": 2320, "Size_s__to_Install_": "4, 2\r", "lat": 42.2676129, "lon": -71.1088079, "Mapped_address": "Pinewood St, Boston, MA 02136, USA", "FID": 147}}, {"type": "Feature", "id": 148, "geometry": {"type": "Point", "coordinates": [-71.1085564, 42.2670374]}, "properties": {"F_": 61, "District": "HYP", "Town": "Hyde Park", "Street": "Birchcroft Rd / Pinewood St / Roseglen Rd / Crown St / Camelia Rd", "Retirmement_footage": 2313, "Material": "BS", "Installation_footage": 2320, "Size_s__to_Install_": "4, 2\r", "lat": 42.2670374, "lon": -71.1085564, "Mapped_address": "Roseglen Rd, Boston, MA 02136, USA", "FID": 148}}, {"type": "Feature", "id": 149, "geometry": {"type": "Point", "coordinates": [-71.1066429, 42.2667473]}, "properties": {"F_": 62, "District": "HYP", "Town": "Hyde Park", "Street": "Blake St / Ridlon Rd / Rock Rd", "Retirmement_footage": 1779, "Material": "CS, BS", "Installation_footage": 1800, "Size_s__to_Install_": "4\r", "lat": 42.2667473, "lon": -71.1066429, "Mapped_address": "Blake St, Boston, MA 02136, USA", "FID": 149}}, {"type": "Feature", "id": 150, "geometry": {"type": "Point", "coordinates": [-71.1062271, 42.2697852]}, "properties": {"F_": 62, "District": "HYP", "Town": "Hyde Park", "Street": "Blake St / Ridlon Rd / Rock Rd", "Retirmement_footage": 1779, "Material": "CS, BS", "Installation_footage": 1800, "Size_s__to_Install_": "4\r", "lat": 42.2697852, "lon": -71.1062271, "Mapped_address": "Ridlon Rd, Boston, MA, USA", "FID": 150}}, {"type": "Feature", "id": 151, "geometry": {"type": "Point", "coordinates": [-71.1051676, 42.2697813]}, "properties": {"F_": 62, "District": "HYP", "Town": "Hyde Park", "Street": "Blake St / Ridlon Rd / Rock Rd", "Retirmement_footage": 1779, "Material": "CS, BS", "Installation_footage": 1800, "Size_s__to_Install_": "4\r", "lat": 42.2697813, "lon": -71.1051676, "Mapped_address": "Rock Rd, Boston, MA 02136, USA", "FID": 151}}, {"type": "Feature", "id": 152, "geometry": {"type": "Point", "coordinates": [-71.1170054, 42.2691576]}, "properties": {"F_": 63, "District": "HYP", "Town": "Hyde Park", "Street": "Bradlee St", "Retirmement_footage": 790, "Material": "CS, BS", "Installation_footage": 800, "Size_s__to_Install_": "4, 2\r", "lat": 42.2691576, "lon": -71.1170054, "Mapped_address": "Bradlee St, Boston, MA 02136, USA", "FID": 152}}, {"type": "Feature", "id": 153, "geometry": {"type": "Point", "coordinates": [-71.1198926, 42.2600259]}, "properties": {"F_": 64, "District": "HYP", "Town": "Hyde Park", "Street": "Central Ave", "Retirmement_footage": 419, "Material": "CS", "Installation_footage": 440, "Size_s__to_Install_": "8,6,4\r", "lat": 42.2600259, "lon": -71.1198926, "Mapped_address": "Central Ave, Boston, MA 02136, USA", "FID": 153}}, {"type": "Feature", "id": 154, "geometry": {"type": "Point", "coordinates": [-71.1307235, 42.2561962]}, "properties": {"F_": 65, "District": "HYP", "Town": "Hyde Park", "Street": "Child St, Cleveland St, Beaver St, Mount Ash St, Brainard St, Reservation Rd", "Retirmement_footage": 4420, "Material": "CS, BS", "Installation_footage": 4165, "Size_s__to_Install_": "6\r", "lat": 42.2561962, "lon": -71.1307235, "Mapped_address": "Beaver St, Boston, MA 02136, USA", "FID": 154}}, {"type": "Feature", "id": 155, "geometry": {"type": "Point", "coordinates": [-71.1331466, 42.2551911]}, "properties": {"F_": 65, "District": "HYP", "Town": "Hyde Park", "Street": "Child St, Cleveland St, Beaver St, Mount Ash St, Brainard St, Reservation Rd", "Retirmement_footage": 4420, "Material": "CS, BS", "Installation_footage": 4165, "Size_s__to_Install_": "6\r", "lat": 42.2551911, "lon": -71.1331466, "Mapped_address": "Brainard St, Boston, MA 02136, USA", "FID": 155}}, {"type": "Feature", "id": 156, "geometry": {"type": "Point", "coordinates": [-71.1294111, 42.2563616]}, "properties": {"F_": 65, "District": "HYP", "Town": "Hyde Park", "Street": "Child St, Cleveland St, Beaver St, Mount Ash St, Brainard St, Reservation Rd", "Retirmement_footage": 4420, "Material": "CS, BS", "Installation_footage": 4165, "Size_s__to_Install_": "6\r", "lat": 42.2563616, "lon": -71.1294111, "Mapped_address": "Child St, Boston, MA 02136, USA", "FID": 156}}, {"type": "Feature", "id": 157, "geometry": {"type": "Point", "coordinates": [-71.1302972, 42.2549882]}, "properties": {"F_": 65, "District": "HYP", "Town": "Hyde Park", "Street": "Child St, Cleveland St, Beaver St, Mount Ash St, Brainard St, Reservation Rd", "Retirmement_footage": 4420, "Material": "CS, BS", "Installation_footage": 4165, "Size_s__to_Install_": "6\r", "lat": 42.2549882, "lon": -71.1302972, "Mapped_address": "Cleveland St, Boston, MA 02136, USA", "FID": 157}}, {"type": "Feature", "id": 158, "geometry": {"type": "Point", "coordinates": [-71.1315283, 42.2564565]}, "properties": {"F_": 65, "District": "HYP", "Town": "Hyde Park", "Street": "Child St, Cleveland St, Beaver St, Mount Ash St, Brainard St, Reservation Rd", "Retirmement_footage": 4420, "Material": "CS, BS", "Installation_footage": 4165, "Size_s__to_Install_": "6\r", "lat": 42.2564565, "lon": -71.1315283, "Mapped_address": "Mt Ash Rd, Boston, MA 02136, USA", "FID": 158}}, {"type": "Feature", "id": 159, "geometry": {"type": "Point", "coordinates": [-71.1302409, 42.2513542]}, "properties": {"F_": 65, "District": "HYP", "Town": "Hyde Park", "Street": "Child St, Cleveland St, Beaver St, Mount Ash St, Brainard St, Reservation Rd", "Retirmement_footage": 4420, "Material": "CS, BS", "Installation_footage": 4165, "Size_s__to_Install_": "6\r", "lat": 42.2513542, "lon": -71.1302409, "Mapped_address": "Reservation Rd, Boston, MA 02136, USA", "FID": 159}}, {"type": "Feature", "id": 160, "geometry": {"type": "Point", "coordinates": [-71.130682, 42.2530046]}, "properties": {"F_": 66, "District": "HYP", "Town": "Hyde Park", "Street": "Cottage Pl", "Retirmement_footage": 188, "Material": "BS", "Installation_footage": 200, "Size_s__to_Install_": "2\r", "lat": 42.2530046, "lon": -71.130682, "Mapped_address": "Cottage Pl, Boston, MA 02136, USA", "FID": 160}}, {"type": "Feature", "id": 161, "geometry": {"type": "Point", "coordinates": [-71.1431476, 42.255441]}, "properties": {"F_": 67, "District": "HYP", "Town": "Hyde Park", "Street": "Dedham Pky", "Retirmement_footage": 394, "Material": "CS, BS", "Installation_footage": 400, "Size_s__to_Install_": "12\r", "lat": 42.255441, "lon": -71.1431476, "Mapped_address": "Dedham Pkwy, Boston, MA, USA", "FID": 161}}, {"type": "Feature", "id": 162, "geometry": {"type": "Point", "coordinates": [-71.1198926, 42.2600259]}, "properties": {"F_": 68, "District": "HYP", "Town": "Hyde Park", "Street": "Dell Ave / Central Ave / Dell Ter", "Retirmement_footage": 1472, "Material": "BS, CS, PL", "Installation_footage": 1400, "Size_s__to_Install_": "4\r", "lat": 42.2600259, "lon": -71.1198926, "Mapped_address": "Central Ave, Boston, MA 02136, USA", "FID": 162}}, {"type": "Feature", "id": 163, "geometry": {"type": "Point", "coordinates": [-71.1212354, 42.2603492]}, "properties": {"F_": 68, "District": "HYP", "Town": "Hyde Park", "Street": "Dell Ave / Central Ave / Dell Ter", "Retirmement_footage": 1472, "Material": "BS, CS, PL", "Installation_footage": 1400, "Size_s__to_Install_": "4\r", "lat": 42.2603492, "lon": -71.1212354, "Mapped_address": "Dell Ave, Boston, MA 02136, USA", "FID": 163}}, {"type": "Feature", "id": 164, "geometry": {"type": "Point", "coordinates": [-71.1197651, 42.2594502]}, "properties": {"F_": 68, "District": "HYP", "Town": "Hyde Park", "Street": "Dell Ave / Central Ave / Dell Ter", "Retirmement_footage": 1472, "Material": "BS, CS, PL", "Installation_footage": 1400, "Size_s__to_Install_": "4\r", "lat": 42.2594502, "lon": -71.1197651, "Mapped_address": "Dell Terrace, Boston, MA 02136, USA", "FID": 164}}, {"type": "Feature", "id": 165, "geometry": {"type": "Point", "coordinates": [-71.1181654, 42.2524413]}, "properties": {"F_": 69, "District": "HYP", "Town": "Hyde Park", "Street": "Fairmount Ave / LeSeur Rd", "Retirmement_footage": 1274, "Material": "BS, CS", "Installation_footage": 1320, "Size_s__to_Install_": "6,4\r", "lat": 42.2524413, "lon": -71.1181654, "Mapped_address": "Fairmount Ave, Boston, MA, USA", "FID": 165}}, {"type": "Feature", "id": 166, "geometry": {"type": "Point", "coordinates": [-71.1137641, 42.2479497]}, "properties": {"F_": 69, "District": "HYP", "Town": "Hyde Park", "Street": "Fairmount Ave / LeSeur Rd", "Retirmement_footage": 1274, "Material": "BS, CS", "Installation_footage": 1320, "Size_s__to_Install_": "6,4\r", "lat": 42.2479497, "lon": -71.1137641, "Mapped_address": "Leseur Rd, Boston, MA 02136, USA", "FID": 166}}, {"type": "Feature", "id": 167, "geometry": {"type": "Point", "coordinates": [-71.1115338, 42.2496544]}, "properties": {"F_": 70, "District": "HYP", "Town": "Hyde Park", "Street": "Farwell Ave", "Retirmement_footage": 755, "Material": "BS", "Installation_footage": 860, "Size_s__to_Install_": "4\r", "lat": 42.2496544, "lon": -71.1115338, "Mapped_address": "Farwell Ave, Boston, MA 02136, USA", "FID": 167}}, {"type": "Feature", "id": 168, "geometry": {"type": "Point", "coordinates": [-71.1287078, 42.2583134]}, "properties": {"F_": 71, "District": "HYP", "Town": "Hyde Park", "Street": "Gordon Ave", "Retirmement_footage": 1200, "Material": "CS", "Installation_footage": 1200, "Size_s__to_Install_": "4\r", "lat": 42.2583134, "lon": -71.1287078, "Mapped_address": "Gordon Ave, Boston, MA 02136, USA", "FID": 168}}, {"type": "Feature", "id": 169, "geometry": {"type": "Point", "coordinates": [-71.1199028, 42.2652654]}, "properties": {"F_": 72, "District": "HYP", "Town": "Hyde Park", "Street": "Greenwood Ave /  Greenwood Cir", "Retirmement_footage": 1281, "Material": "BS, CS", "Installation_footage": 1320, "Size_s__to_Install_": "8, 2\r", "lat": 42.2652654, "lon": -71.1199028, "Mapped_address": "Greenwood Ave, Boston, MA 02136, USA", "FID": 169}}, {"type": "Feature", "id": 170, "geometry": {"type": "Point", "coordinates": [-71.1199943, 42.2648699]}, "properties": {"F_": 72, "District": "HYP", "Town": "Hyde Park", "Street": "Greenwood Ave /  Greenwood Cir", "Retirmement_footage": 1281, "Material": "BS, CS", "Installation_footage": 1320, "Size_s__to_Install_": "8, 2\r", "lat": 42.2648699, "lon": -71.1199943, "Mapped_address": "Greenwood Cir, Boston, MA 02136, USA", "FID": 170}}, {"type": "Feature", "id": 171, "geometry": {"type": "Point", "coordinates": [-71.1242971, 42.254908]}, "properties": {"F_": 73, "District": "HYP", "Town": "Hyde Park", "Street": "Hyde Park Ave / Prescott St (Wolcott Sq)", "Retirmement_footage": 1163, "Material": "BS", "Installation_footage": 1200, "Size_s__to_Install_": "8\r", "lat": 42.254908, "lon": -71.1242971, "Mapped_address": "Hyde Park Ave, Boston, MA, USA", "FID": 171}}, {"type": "Feature", "id": 172, "geometry": {"type": "Point", "coordinates": [-71.1337436, 42.2353359]}, "properties": {"F_": 73, "District": "HYP", "Town": "Hyde Park", "Street": "Hyde Park Ave / Prescott St (Wolcott Sq)", "Retirmement_footage": 1163, "Material": "BS", "Installation_footage": 1200, "Size_s__to_Install_": "8\r", "lat": 42.2353359, "lon": -71.1337436, "Mapped_address": "Prescott St, Boston, MA 02136, USA", "FID": 172}}, {"type": "Feature", "id": 173, "geometry": {"type": "Point", "coordinates": [-71.1270339, 42.2628967]}, "properties": {"F_": 74, "District": "HYP", "Town": "Hyde Park", "Street": "Myopia Rd", "Retirmement_footage": 920, "Material": "BS", "Installation_footage": 920, "Size_s__to_Install_": "4\r", "lat": 42.2628967, "lon": -71.1270339, "Mapped_address": "Myopia Rd, Boston, MA 02136, USA", "FID": 173}}, {"type": "Feature", "id": 174, "geometry": {"type": "Point", "coordinates": [-71.1424982, 42.2548527]}, "properties": {"F_": 75, "District": "HYP", "Town": "Hyde Park", "Street": "Near Silvia Ct / Near Cheryl Ln", "Retirmement_footage": 563, "Material": "CS", "Installation_footage": 600, "Size_s__to_Install_": "4,2\r", "lat": 42.2548527, "lon": -71.1424982, "Mapped_address": "Cheryl Ln, Boston, MA 02136, USA", "FID": 174}}, {"type": "Feature", "id": 175, "geometry": {"type": "Point", "coordinates": [-71.141788, 42.2556019]}, "properties": {"F_": 75, "District": "HYP", "Town": "Hyde Park", "Street": "Near Silvia Ct / Near Cheryl Ln", "Retirmement_footage": 563, "Material": "CS", "Installation_footage": 600, "Size_s__to_Install_": "4,2\r", "lat": 42.2556019, "lon": -71.141788, "Mapped_address": "Silvia Ct, Boston, MA 02136, USA", "FID": 175}}, {"type": "Feature", "id": 176, "geometry": {"type": "Point", "coordinates": [-71.1140182, 42.2507718]}, "properties": {"F_": 76, "District": "HYP", "Town": "Hyde Park", "Street": "Norway Pk / Summit Cir", "Retirmement_footage": 680, "Material": "BS, CS", "Installation_footage": 880, "Size_s__to_Install_": "2\r", "lat": 42.2507718, "lon": -71.1140182, "Mapped_address": "Norway Park, Boston, MA 02136, USA", "FID": 176}}, {"type": "Feature", "id": 177, "geometry": {"type": "Point", "coordinates": [-71.1127548, 42.2497681]}, "properties": {"F_": 76, "District": "HYP", "Town": "Hyde Park", "Street": "Norway Pk / Summit Cir", "Retirmement_footage": 680, "Material": "BS, CS", "Installation_footage": 880, "Size_s__to_Install_": "2\r", "lat": 42.2497681, "lon": -71.1127548, "Mapped_address": "Summit Ct, Boston, MA 02136, USA", "FID": 177}}, {"type": "Feature", "id": 178, "geometry": {"type": "Point", "coordinates": [-71.1163361, 42.2489323]}, "properties": {"F_": 77, "District": "HYP", "Town": "Hyde Park", "Street": "Pond St / Mount Pleasant St", "Retirmement_footage": 1192, "Material": "CS, PD, BS", "Installation_footage": 1200, "Size_s__to_Install_": "4, 2\r", "lat": 42.2489323, "lon": -71.1163361, "Mapped_address": "Mt Pleasant St, Boston, MA 02136, USA", "FID": 178}}, {"type": "Feature", "id": 179, "geometry": {"type": "Point", "coordinates": [-71.1169114, 42.2494457]}, "properties": {"F_": 77, "District": "HYP", "Town": "Hyde Park", "Street": "Pond St / Mount Pleasant St", "Retirmement_footage": 1192, "Material": "CS, PD, BS", "Installation_footage": 1200, "Size_s__to_Install_": "4, 2\r", "lat": 42.2494457, "lon": -71.1169114, "Mapped_address": "Pond St, Boston, MA 02136, USA", "FID": 179}}, {"type": "Feature", "id": 180, "geometry": {"type": "Point", "coordinates": [-71.1337436, 42.2353359]}, "properties": {"F_": 78, "District": "HYP", "Town": "Hyde Park", "Street": "Prescott St", "Retirmement_footage": 1590, "Material": "CS", "Installation_footage": 1600, "Size_s__to_Install_": "8\r", "lat": 42.2353359, "lon": -71.1337436, "Mapped_address": "Prescott St, Boston, MA 02136, USA", "FID": 180}}, {"type": "Feature", "id": 181, "geometry": {"type": "Point", "coordinates": [-71.1256911, 42.2627395]}, "properties": {"F_": 79, "District": "HYP", "Town": "Hyde Park", "Street": "Summer St / Parrott St / Austin St", "Retirmement_footage": 1640, "Material": "CS, BS", "Installation_footage": 1640, "Size_s__to_Install_": "4\r", "lat": 42.2627395, "lon": -71.1256911, "Mapped_address": "Austin St, Boston, MA 02136, USA", "FID": 181}}, {"type": "Feature", "id": 182, "geometry": {"type": "Point", "coordinates": [-71.1255402, 42.2590783]}, "properties": {"F_": 79, "District": "HYP", "Town": "Hyde Park", "Street": "Summer St / Parrott St / Austin St", "Retirmement_footage": 1640, "Material": "CS, BS", "Installation_footage": 1640, "Size_s__to_Install_": "4\r", "lat": 42.2590783, "lon": -71.1255402, "Mapped_address": "Parrott St, Boston, MA 02136, USA", "FID": 182}}, {"type": "Feature", "id": 183, "geometry": {"type": "Point", "coordinates": [-71.1250747, 42.2596727]}, "properties": {"F_": 79, "District": "HYP", "Town": "Hyde Park", "Street": "Summer St / Parrott St / Austin St", "Retirmement_footage": 1640, "Material": "CS, BS", "Installation_footage": 1640, "Size_s__to_Install_": "4\r", "lat": 42.2596727, "lon": -71.1250747, "Mapped_address": "Summer St, Boston, MA 02136, USA", "FID": 183}}, {"type": "Feature", "id": 184, "geometry": {"type": "Point", "coordinates": [-71.1046813, 42.2650548]}, "properties": {"F_": 80, "District": "HYP", "Town": "Hyde Park", "Street": "Taunton Ave, Rosemont St", "Retirmement_footage": 1506, "Material": "BS", "Installation_footage": 1746, "Size_s__to_Install_": "4\r", "lat": 42.2650548, "lon": -71.1046813, "Mapped_address": "Rosemont St, Boston, MA 02136, USA", "FID": 184}}, {"type": "Feature", "id": 185, "geometry": {"type": "Point", "coordinates": [-71.1070265, 42.2675814]}, "properties": {"F_": 80, "District": "HYP", "Town": "Hyde Park", "Street": "Taunton Ave, Rosemont St", "Retirmement_footage": 1506, "Material": "BS", "Installation_footage": 1746, "Size_s__to_Install_": "4\r", "lat": 42.2675814, "lon": -71.1070265, "Mapped_address": "Taunton Ave, Boston, MA 02136, USA", "FID": 185}}, {"type": "Feature", "id": 186, "geometry": {"type": "Point", "coordinates": [-71.118288, 42.2666123]}, "properties": {"F_": 81, "District": "HYP", "Town": "Hyde Park", "Street": "Thatcher St", "Retirmement_footage": 399, "Material": "CS", "Installation_footage": 400, "Size_s__to_Install_": "8\r", "lat": 42.2666123, "lon": -71.118288, "Mapped_address": "Thatcher St, Boston, MA, USA", "FID": 186}}, {"type": "Feature", "id": 187, "geometry": {"type": "Point", "coordinates": [-71.1113028, 42.2683532]}, "properties": {"F_": 82, "District": "HYP", "Town": "Hyde Park", "Street": "Wood Ave", "Retirmement_footage": 1291, "Material": "BS, CS", "Installation_footage": 1320, "Size_s__to_Install_": "4\r", "lat": 42.2683532, "lon": -71.1113028, "Mapped_address": "Wood Ave, Boston, MA 02136, USA", "FID": 187}}, {"type": "Feature", "id": 188, "geometry": {"type": "Point", "coordinates": [-71.4572180188691, 42.4331554742893]}, "properties": {"F_": 700, "District": "SOU", "Town": "Maynard", "Street": "Florida St / Beacon St", "Retirmement_footage": 370, "Material": "CS, PL", "Installation_footage": 400, "Size_s__to_Install_": "2\r", "lat": 42.4331554742893, "lon": -71.4572180188691, "Mapped_address": "Beacon St, Maynard, MA, USA", "FID": 188}}, {"type": "Feature", "id": 189, "geometry": {"type": "Point", "coordinates": [-71.7809351, 42.3193923]}, "properties": {"F_": 780, "District": "WOR", "Town": "West Boylston", "Street": "East Mountain St", "Retirmement_footage": 534, "Material": "BS", "Installation_footage": 560, "Size_s__to_Install_": "8\r", "lat": 42.3193923, "lon": -71.7809351, "Mapped_address": "Mountain St E, Worcester, MA 01606, USA", "FID": 189}}, {"type": "Feature", "id": 190, "geometry": {"type": "Point", "coordinates": [-71.1857502, 42.233798]}, "properties": {"F_": 1, "District": "HYP", "Town": "Dedham", "Street": "Anthony Ln", "Retirmement_footage": 538, "Material": "PD", "Installation_footage": 560, "Size_s__to_Install_": "2\r", "lat": 42.233798, "lon": -71.1857502, "Mapped_address": "Anthony Ln, Dedham, MA 02026, USA", "FID": 190}}, {"type": "Feature", "id": 191, "geometry": {"type": "Point", "coordinates": [-71.1840893, 42.2362598]}, "properties": {"F_": 2, "District": "HYP", "Town": "Dedham", "Street": "Bear Hl, Chute Rd", "Retirmement_footage": 583, "Material": "CS", "Installation_footage": 600, "Size_s__to_Install_": "2\r", "lat": 42.2362598, "lon": -71.1840893, "Mapped_address": "Bear Hill, Dedham, MA 02026, USA", "FID": 191}}, {"type": "Feature", "id": 192, "geometry": {"type": "Point", "coordinates": [-71.1859257, 42.2357385]}, "properties": {"F_": 2, "District": "HYP", "Town": "Dedham", "Street": "Bear Hl, Chute Rd", "Retirmement_footage": 583, "Material": "CS", "Installation_footage": 600, "Size_s__to_Install_": "2\r", "lat": 42.2357385, "lon": -71.1859257, "Mapped_address": "Chute Rd, Dedham, MA 02026, USA", "FID": 192}}, {"type": "Feature", "id": 193, "geometry": {"type": "Point", "coordinates": [-71.1626945, 42.2583514]}, "properties": {"F_": 3, "District": "HYP", "Town": "Dedham", "Street": "Bonad Rd", "Retirmement_footage": 445, "Material": "BS", "Installation_footage": 480, "Size_s__to_Install_": "4\r", "lat": 42.2583514, "lon": -71.1626945, "Mapped_address": "Bonad Rd, Dedham, MA, USA", "FID": 193}}, {"type": "Feature", "id": 194, "geometry": {"type": "Point", "coordinates": [-71.1463504, 42.227892]}, "properties": {"F_": 4, "District": "HYP", "Town": "Dedham", "Street": "Bonham Rd", "Retirmement_footage": 1520, "Material": "BS", "Installation_footage": 1520, "Size_s__to_Install_": "4\r", "lat": 42.227892, "lon": -71.1463504, "Mapped_address": "Bonham Rd, Dedham, MA 02026, USA", "FID": 194}}, {"type": "Feature", "id": 195, "geometry": {"type": "Point", "coordinates": [-71.1485785, 42.2361757]}, "properties": {"F_": 5, "District": "HYP", "Town": "Dedham", "Street": "Border St", "Retirmement_footage": 522, "Material": "BS", "Installation_footage": 560, "Size_s__to_Install_": "6\r", "lat": 42.2361757, "lon": -71.1485785, "Mapped_address": "Border St, Dedham, MA 02026, USA", "FID": 195}}, {"type": "Feature", "id": 196, "geometry": {"type": "Point", "coordinates": [-71.1555523, 42.2513179]}, "properties": {"F_": 6, "District": "HYP", "Town": "Dedham", "Street": "Bussey St", "Retirmement_footage": 52, "Material": "CS", "Installation_footage": 80, "Size_s__to_Install_": "2\r", "lat": 42.2513179, "lon": -71.1555523, "Mapped_address": "Bussey St, Dedham, MA, USA", "FID": 196}}, {"type": "Feature", "id": 197, "geometry": {"type": "Point", "coordinates": [-71.1555523, 42.2513179]}, "properties": {"F_": 7, "District": "HYP", "Town": "Dedham", "Street": "Bussey St", "Retirmement_footage": 954, "Material": "CI", "Installation_footage": 960, "Size_s__to_Install_": "12\r", "lat": 42.2513179, "lon": -71.1555523, "Mapped_address": "Bussey St, Dedham, MA, USA", "FID": 197}}, {"type": "Feature", "id": 198, "geometry": {"type": "Point", "coordinates": [-71.1555523, 42.2513179]}, "properties": {"F_": 8, "District": "HYP", "Town": "Dedham", "Street": "Bussey St", "Retirmement_footage": 1016, "Material": "CI", "Installation_footage": 1040, "Size_s__to_Install_": "12\r", "lat": 42.2513179, "lon": -71.1555523, "Mapped_address": "Bussey St, Dedham, MA, USA", "FID": 198}}, {"type": "Feature", "id": 199, "geometry": {"type": "Point", "coordinates": [-71.1555523, 42.2513179]}, "properties": {"F_": 9, "District": "HYP", "Town": "Dedham", "Street": "Bussey St", "Retirmement_footage": 240, "Material": "CI", "Installation_footage": 240, "Size_s__to_Install_": "8\r", "lat": 42.2513179, "lon": -71.1555523, "Mapped_address": "Bussey St, Dedham, MA, USA", "FID": 199}}, {"type": "Feature", "id": 200, "geometry": {"type": "Point", "coordinates": [-71.1528502, 42.2384577]}, "properties": {"F_": 10, "District": "HYP", "Town": "Dedham", "Street": "Cedar St", "Retirmement_footage": 1809, "Material": "BS", "Installation_footage": 1840, "Size_s__to_Install_": "8\r", "lat": 42.2384577, "lon": -71.1528502, "Mapped_address": "Cedar St, Dedham, MA 02026, USA", "FID": 200}}, {"type": "Feature", "id": 201, "geometry": {"type": "Point", "coordinates": [-70.9332188, 41.6525099]}, "properties": {"F_": 219, "District": "NEB", "Town": "New Bedford", "Street": "Clark St", "Retirmement_footage": 255, "Material": "CI", "Installation_footage": 255, "Size_s__to_Install_": "4\r", "lat": 41.6525099, "lon": -70.9332188, "Mapped_address": "Clark St, New Bedford, MA 02740, USA", "FID": 201}}, {"type": "Feature", "id": 202, "geometry": {"type": "Point", "coordinates": [-70.9332188, 41.6525099]}, "properties": {"F_": 220, "District": "NEB", "Town": "New Bedford", "Street": "Clark St", "Retirmement_footage": 1469, "Material": "CI", "Installation_footage": 1480, "Size_s__to_Install_": "6\r", "lat": 41.6525099, "lon": -70.9332188, "Mapped_address": "Clark St, New Bedford, MA 02740, USA", "FID": 202}}, {"type": "Feature", "id": 203, "geometry": {"type": "Point", "coordinates": [-70.9301253, 41.6315369]}, "properties": {"F_": 221, "District": "NEB", "Town": "New Bedford", "Street": "Clinton Pl / East Clinton St ", "Retirmement_footage": 522, "Material": "CI", "Installation_footage": 560, "Size_s__to_Install_": "4\r", "lat": 41.6315369, "lon": -70.9301253, "Mapped_address": "Clinton Pl, New Bedford, MA 02740, USA", "FID": 203}}, {"type": "Feature", "id": 204, "geometry": {"type": "Point", "coordinates": [-70.9343959, 41.6310788]}, "properties": {"F_": 221, "District": "NEB", "Town": "New Bedford", "Street": "Clinton Pl / East Clinton St ", "Retirmement_footage": 522, "Material": "CI", "Installation_footage": 560, "Size_s__to_Install_": "4\r", "lat": 41.6310788, "lon": -70.9343959, "Mapped_address": "E Clinton St, New Bedford, MA 02740, USA", "FID": 204}}, {"type": "Feature", "id": 205, "geometry": {"type": "Point", "coordinates": [-70.9260073, 41.6623067]}, "properties": {"F_": 222, "District": "NEB", "Town": "New Bedford", "Street": "Coffin Ave", "Retirmement_footage": 382, "Material": "CI", "Installation_footage": 400, "Size_s__to_Install_": "4\r", "lat": 41.6623067, "lon": -70.9260073, "Mapped_address": "Coffin Ave, New Bedford, MA 02746, USA", "FID": 205}}, {"type": "Feature", "id": 206, "geometry": {"type": "Point", "coordinates": [-70.9281558, 41.6634811]}, "properties": {"F_": 223, "District": "NEB", "Town": "New Bedford", "Street": "Collette St", "Retirmement_footage": 1544, "Material": "CI", "Installation_footage": 1560, "Size_s__to_Install_": "4\r", "lat": 41.6634811, "lon": -70.9281558, "Mapped_address": "Collette St, New Bedford, MA 02746, USA", "FID": 206}}, {"type": "Feature", "id": 207, "geometry": {"type": "Point", "coordinates": [-70.9235633, 41.6714935]}, "properties": {"F_": 224, "District": "NEB", "Town": "New Bedford", "Street": "Conduit St", "Retirmement_footage": 396, "Material": "CI", "Installation_footage": 400, "Size_s__to_Install_": "4\r", "lat": 41.6714935, "lon": -70.9235633, "Mapped_address": "Conduit St, New Bedford, MA, USA", "FID": 207}}, {"type": "Feature", "id": 208, "geometry": {"type": "Point", "coordinates": [-70.9338738, 41.6376748]}, "properties": {"F_": 225, "District": "NEB", "Town": "New Bedford", "Street": "Cottage St", "Retirmement_footage": 805, "Material": "CI", "Installation_footage": 840, "Size_s__to_Install_": "8\r", "lat": 41.6376748, "lon": -70.9338738, "Mapped_address": "Cottage St, New Bedford, MA 02740, USA", "FID": 208}}, {"type": "Feature", "id": 209, "geometry": {"type": "Point", "coordinates": [-70.9338738, 41.6376748]}, "properties": {"F_": 226, "District": "NEB", "Town": "New Bedford", "Street": "Cottage St", "Retirmement_footage": 1586, "Material": "CI", "Installation_footage": 1600, "Size_s__to_Install_": "8\r", "lat": 41.6376748, "lon": -70.9338738, "Mapped_address": "Cottage St, New Bedford, MA 02740, USA", "FID": 209}}, {"type": "Feature", "id": 210, "geometry": {"type": "Point", "coordinates": [-70.9338738, 41.6376748]}, "properties": {"F_": 227, "District": "NEB", "Town": "New Bedford", "Street": "Cottage St", "Retirmement_footage": 3369, "Material": "BS, CI", "Installation_footage": 2840, "Size_s__to_Install_": "8\r", "lat": 41.6376748, "lon": -70.9338738, "Mapped_address": "Cottage St, New Bedford, MA 02740, USA", "FID": 210}}, {"type": "Feature", "id": 211, "geometry": {"type": "Point", "coordinates": [-70.9338738, 41.6376748]}, "properties": {"F_": 228, "District": "NEB", "Town": "New Bedford", "Street": "Cottage St", "Retirmement_footage": 1123, "Material": "CI", "Installation_footage": 1160, "Size_s__to_Install_": "8\r", "lat": 41.6376748, "lon": -70.9338738, "Mapped_address": "Cottage St, New Bedford, MA 02740, USA", "FID": 211}}, {"type": "Feature", "id": 212, "geometry": {"type": "Point", "coordinates": [-70.9307438, 41.6365208]}, "properties": {"F_": 230, "District": "NEB", "Town": "New Bedford", "Street": "County St", "Retirmement_footage": 1062, "Material": "CI", "Installation_footage": 1080, "Size_s__to_Install_": "8\r", "lat": 41.6365208, "lon": -70.9307438, "Mapped_address": "County St, New Bedford, MA, USA", "FID": 212}}, {"type": "Feature", "id": 213, "geometry": {"type": "Point", "coordinates": [-70.9307438, 41.6365208]}, "properties": {"F_": 231, "District": "NEB", "Town": "New Bedford", "Street": "County St", "Retirmement_footage": 680, "Material": "CI", "Installation_footage": 680, "Size_s__to_Install_": "4\r", "lat": 41.6365208, "lon": -70.9307438, "Mapped_address": "County St, New Bedford, MA, USA", "FID": 213}}, {"type": "Feature", "id": 214, "geometry": {"type": "Point", "coordinates": [-70.9178335, 41.6161922]}, "properties": {"F_": 232, "District": "NEB", "Town": "New Bedford", "Street": "Cove St", "Retirmement_footage": 610, "Material": "CI", "Installation_footage": 0, "Size_s__to_Install_": "n/a\r", "lat": 41.6161922, "lon": -70.9178335, "Mapped_address": "Cove St, New Bedford, MA 02744, USA", "FID": 214}}, {"type": "Feature", "id": 215, "geometry": {"type": "Point", "coordinates": [-70.9225425, 41.6881148]}, "properties": {"F_": 233, "District": "NEB", "Town": "New Bedford", "Street": "Darling St", "Retirmement_footage": 278, "Material": "CI", "Installation_footage": 280, "Size_s__to_Install_": "6\r", "lat": 41.6881148, "lon": -70.9225425, "Mapped_address": "Darling St, New Bedford, MA, USA", "FID": 215}}, {"type": "Feature", "id": 216, "geometry": {"type": "Point", "coordinates": [-70.9400944, 41.6092943]}, "properties": {"F_": 234, "District": "NEB", "Town": "New Bedford", "Street": "Dartmouth St", "Retirmement_footage": 1673, "Material": "CI", "Installation_footage": 1680, "Size_s__to_Install_": "4\r", "lat": 41.6092943, "lon": -70.9400944, "Mapped_address": "Dartmouth St, New Bedford, MA, USA", "FID": 216}}, {"type": "Feature", "id": 217, "geometry": {"type": "Point", "coordinates": [-70.9400944, 41.6092943]}, "properties": {"F_": 235, "District": "NEB", "Town": "New Bedford", "Street": "Dartmouth St", "Retirmement_footage": 978, "Material": "CI", "Installation_footage": 1000, "Size_s__to_Install_": "6\r", "lat": 41.6092943, "lon": -70.9400944, "Mapped_address": "Dartmouth St, New Bedford, MA, USA", "FID": 217}}, {"type": "Feature", "id": 218, "geometry": {"type": "Point", "coordinates": [-70.9137642, 41.6131743]}, "properties": {"F_": 236, "District": "NEB", "Town": "New Bedford", "Street": "David St", "Retirmement_footage": 1973, "Material": "CI", "Installation_footage": 2000, "Size_s__to_Install_": "6\r", "lat": 41.6131743, "lon": -70.9137642, "Mapped_address": "David St, New Bedford, MA 02744, USA", "FID": 218}}, {"type": "Feature", "id": 219, "geometry": {"type": "Point", "coordinates": [-70.92626, 41.6809023]}, "properties": {"F_": 237, "District": "NEB", "Town": "New Bedford", "Street": "Dawson St", "Retirmement_footage": 1076, "Material": "CI, BS", "Installation_footage": 1080, "Size_s__to_Install_": "4\r", "lat": 41.6809023, "lon": -70.92626, "Mapped_address": "Dawson St, New Bedford, MA 02745, USA", "FID": 219}}, {"type": "Feature", "id": 220, "geometry": {"type": "Point", "coordinates": [-70.9290858, 41.661061]}, "properties": {"F_": 238, "District": "NEB", "Town": "New Bedford", "Street": "Deane St", "Retirmement_footage": 541, "Material": "CI", "Installation_footage": 560, "Size_s__to_Install_": "6\r", "lat": 41.661061, "lon": -70.9290858, "Mapped_address": "Deane St, New Bedford, MA 02746, USA", "FID": 220}}, {"type": "Feature", "id": 221, "geometry": {"type": "Point", "coordinates": [-70.9341496, 41.6935673]}, "properties": {"F_": 239, "District": "NEB", "Town": "New Bedford", "Street": "Dewey St", "Retirmement_footage": 863, "Material": "CI", "Installation_footage": 880, "Size_s__to_Install_": "4\r", "lat": 41.6935673, "lon": -70.9341496, "Mapped_address": "Dewey St, New Bedford, MA 02745, USA", "FID": 221}}, {"type": "Feature", "id": 222, "geometry": {"type": "Point", "coordinates": [-70.9408238, 41.6507172]}, "properties": {"F_": 240, "District": "NEB", "Town": "New Bedford", "Street": "Dewolf St", "Retirmement_footage": 1095, "Material": "CI", "Installation_footage": 1120, "Size_s__to_Install_": "4\r", "lat": 41.6507172, "lon": -70.9408238, "Mapped_address": "Dewolf St, New Bedford, MA 02740, USA", "FID": 222}}, {"type": "Feature", "id": 223, "geometry": {"type": "Point", "coordinates": [-70.953854, 41.6378481]}, "properties": {"F_": 241, "District": "NEB", "Town": "New Bedford", "Street": "Duke St / Duke St/ Watson St", "Retirmement_footage": 1665, "Material": "CI, CS", "Installation_footage": 1680, "Size_s__to_Install_": "4\r", "lat": 41.6378481, "lon": -70.953854, "Mapped_address": "Duke St, New Bedford, MA 02740, USA", "FID": 223}}, {"type": "Feature", "id": 224, "geometry": {"type": "Point", "coordinates": [-70.9529897, 41.6372954]}, "properties": {"F_": 241, "District": "NEB", "Town": "New Bedford", "Street": "Duke St / Duke St/ Watson St", "Retirmement_footage": 1665, "Material": "CI, CS", "Installation_footage": 1680, "Size_s__to_Install_": "4\r", "lat": 41.6372954, "lon": -70.9529897, "Mapped_address": "Watson St, New Bedford, MA 02740, USA", "FID": 224}}, {"type": "Feature", "id": 225, "geometry": {"type": "Point", "coordinates": [-70.9337593, 41.6184531]}, "properties": {"F_": 242, "District": "NEB", "Town": "New Bedford", "Street": "Dunbar St", "Retirmement_footage": 561, "Material": "CI", "Installation_footage": 600, "Size_s__to_Install_": "4\r", "lat": 41.6184531, "lon": -70.9337593, "Mapped_address": "Dunbar St, New Bedford, MA 02740, USA", "FID": 225}}, {"type": "Feature", "id": 226, "geometry": {"type": "Point", "coordinates": [-70.9357784, 41.693798]}, "properties": {"F_": 243, "District": "NEB", "Town": "New Bedford", "Street": "Dutton St", "Retirmement_footage": 548, "Material": "CI", "Installation_footage": 560, "Size_s__to_Install_": "4\r", "lat": 41.693798, "lon": -70.9357784, "Mapped_address": "Dutton St, New Bedford, MA 02745, USA", "FID": 226}}, {"type": "Feature", "id": 227, "geometry": {"type": "Point", "coordinates": [-70.9343959, 41.6310788]}, "properties": {"F_": 244, "District": "NEB", "Town": "New Bedford", "Street": "East Clinton St ", "Retirmement_footage": 249, "Material": "CI", "Installation_footage": 280, "Size_s__to_Install_": "4\r", "lat": 41.6310788, "lon": -70.9343959, "Mapped_address": "E Clinton St, New Bedford, MA 02740, USA", "FID": 227}}, {"type": "Feature", "id": 228, "geometry": {"type": "Point", "coordinates": [-70.904157, 41.6076196]}, "properties": {"F_": 245, "District": "NEB", "Town": "New Bedford", "Street": "East Rodney French Blvd", "Retirmement_footage": 1200, "Material": "BS", "Installation_footage": 1200, "Size_s__to_Install_": "4\r", "lat": 41.6076196, "lon": -70.904157, "Mapped_address": "E Rodney French Blvd, New Bedford, MA 02744, USA", "FID": 228}}, {"type": "Feature", "id": 229, "geometry": {"type": "Point", "coordinates": [-70.9267217, 41.6778376]}, "properties": {"F_": 246, "District": "NEB", "Town": "New Bedford", "Street": "Edna St", "Retirmement_footage": 286, "Material": "CI", "Installation_footage": 320, "Size_s__to_Install_": "4\r", "lat": 41.6778376, "lon": -70.9267217, "Mapped_address": "Edna St, New Bedford, MA 02745, USA", "FID": 229}}, {"type": "Feature", "id": 230, "geometry": {"type": "Point", "coordinates": [-70.9282905, 41.6924436]}, "properties": {"F_": 247, "District": "NEB", "Town": "New Bedford", "Street": "Eliott St", "Retirmement_footage": 676, "Material": "CI, BS", "Installation_footage": 680, "Size_s__to_Install_": "4\r", "lat": 41.6924436, "lon": -70.9282905, "Mapped_address": "Elliot St, New Bedford, MA 02745, USA", "FID": 230}}, {"type": "Feature", "id": 231, "geometry": {"type": "Point", "coordinates": [-70.9403197, 41.6267094]}, "properties": {"F_": 248, "District": "NEB", "Town": "New Bedford", "Street": "Elizabeth St", "Retirmement_footage": 374, "Material": "CI", "Installation_footage": 400, "Size_s__to_Install_": "4\r", "lat": 41.6267094, "lon": -70.9403197, "Mapped_address": "Elizabeth St, New Bedford, MA 02740, USA", "FID": 231}}, {"type": "Feature", "id": 232, "geometry": {"type": "Point", "coordinates": [-70.9145511, 41.6123335]}, "properties": {"F_": 249, "District": "NEB", "Town": "New Bedford", "Street": "Ellen St", "Retirmement_footage": 1070, "Material": "CI, CS", "Installation_footage": 1080, "Size_s__to_Install_": "4\r", "lat": 41.6123335, "lon": -70.9145511, "Mapped_address": "Ellen St, New Bedford, MA 02744, USA", "FID": 232}}, {"type": "Feature", "id": 233, "geometry": {"type": "Point", "coordinates": [-70.9356399, 41.6352569]}, "properties": {"F_": 250, "District": "NEB", "Town": "New Bedford", "Street": "Elm St ", "Retirmement_footage": 598, "Material": "CI, PY", "Installation_footage": 600, "Size_s__to_Install_": "4\r", "lat": 41.6352569, "lon": -70.9356399, "Mapped_address": "Elm St, New Bedford, MA 02740, USA", "FID": 233}}, {"type": "Feature", "id": 234, "geometry": {"type": "Point", "coordinates": [-70.9149542, 41.6108316]}, "properties": {"F_": 251, "District": "NEB", "Town": "New Bedford", "Street": "Emery St", "Retirmement_footage": 607, "Material": "CI", "Installation_footage": 640, "Size_s__to_Install_": "4\r", "lat": 41.6108316, "lon": -70.9149542, "Mapped_address": "Emery St, New Bedford, MA 02744, USA", "FID": 234}}, {"type": "Feature", "id": 235, "geometry": {"type": "Point", "coordinates": [-70.9142057, 41.6118005]}, "properties": {"F_": 252, "District": "NEB", "Town": "New Bedford", "Street": "Emma St", "Retirmement_footage": 1089, "Material": "CI", "Installation_footage": 1120, "Size_s__to_Install_": "4\r", "lat": 41.6118005, "lon": -70.9142057, "Mapped_address": "Emma St, New Bedford, MA 02744, USA", "FID": 235}}, {"type": "Feature", "id": 236, "geometry": {"type": "Point", "coordinates": [-70.9289445, 41.6883681]}, "properties": {"F_": 253, "District": "NEB", "Town": "New Bedford", "Street": "Ethel St", "Retirmement_footage": 602, "Material": "CI", "Installation_footage": 640, "Size_s__to_Install_": "4\r", "lat": 41.6883681, "lon": -70.9289445, "Mapped_address": "Ethel St, New Bedford, MA 02745, USA", "FID": 236}}, {"type": "Feature", "id": 237, "geometry": {"type": "Point", "coordinates": [-70.928212, 41.6680579]}, "properties": {"F_": 254, "District": "NEB", "Town": "New Bedford", "Street": "Eugenia St", "Retirmement_footage": 1589, "Material": "CI", "Installation_footage": 1600, "Size_s__to_Install_": "4\r", "lat": 41.6680579, "lon": -70.928212, "Mapped_address": "Eugenia St, New Bedford, MA 02745, USA", "FID": 237}}, {"type": "Feature", "id": 238, "geometry": {"type": "Point", "coordinates": [-70.9287428, 41.6232695]}, "properties": {"F_": 255, "District": "NEB", "Town": "New Bedford", "Street": "Fair St ", "Retirmement_footage": 486, "Material": "CI", "Installation_footage": 520, "Size_s__to_Install_": "8\r", "lat": 41.6232695, "lon": -70.9287428, "Mapped_address": "Fair St, New Bedford, MA 02740, USA", "FID": 238}}, {"type": "Feature", "id": 239, "geometry": {"type": "Point", "coordinates": [-70.9433518, 41.6256369]}, "properties": {"F_": 256, "District": "NEB", "Town": "New Bedford", "Street": "Farm St", "Retirmement_footage": 665, "Material": "CI", "Installation_footage": 680, "Size_s__to_Install_": "4\r", "lat": 41.6256369, "lon": -70.9433518, "Mapped_address": "Farm St, New Bedford, MA 02740, USA", "FID": 239}}, {"type": "Feature", "id": 240, "geometry": {"type": "Point", "coordinates": [-70.9276261, 41.6798277]}, "properties": {"F_": 257, "District": "NEB", "Town": "New Bedford", "Street": "Felton St", "Retirmement_footage": 464, "Material": "CI", "Installation_footage": 480, "Size_s__to_Install_": "4\r", "lat": 41.6798277, "lon": -70.9276261, "Mapped_address": "Felton St, New Bedford, MA 02745, USA", "FID": 240}}, {"type": "Feature", "id": 241, "geometry": {"type": "Point", "coordinates": [-70.9276261, 41.6798277]}, "properties": {"F_": 258, "District": "NEB", "Town": "New Bedford", "Street": "Felton St", "Retirmement_footage": 342, "Material": "CI", "Installation_footage": 360, "Size_s__to_Install_": "4\r", "lat": 41.6798277, "lon": -70.9276261, "Mapped_address": "Felton St, New Bedford, MA 02745, USA", "FID": 241}}, {"type": "Feature", "id": 242, "geometry": {"type": "Point", "coordinates": [-70.9093524, 41.6060037]}, "properties": {"F_": 259, "District": "NEB", "Town": "New Bedford", "Street": "Fern St", "Retirmement_footage": 994, "Material": "CI", "Installation_footage": 1000, "Size_s__to_Install_": "4\r", "lat": 41.6060037, "lon": -70.9093524, "Mapped_address": "Fern St, New Bedford, MA 02744, USA", "FID": 242}}, {"type": "Feature", "id": 243, "geometry": {"type": "Point", "coordinates": [-70.9243731, 41.6783129]}, "properties": {"F_": 260, "District": "NEB", "Town": "New Bedford", "Street": "Fielding St", "Retirmement_footage": 396, "Material": "CI", "Installation_footage": 400, "Size_s__to_Install_": "4\r", "lat": 41.6783129, "lon": -70.9243731, "Mapped_address": "Fielding St, New Bedford, MA 02745, USA", "FID": 243}}, {"type": "Feature", "id": 244, "geometry": {"type": "Point", "coordinates": [-70.9433179, 41.7243848]}, "properties": {"F_": 261, "District": "NEB", "Town": "New Bedford", "Street": "Garrison Rd", "Retirmement_footage": 862, "Material": "CS", "Installation_footage": 880, "Size_s__to_Install_": "2\r", "lat": 41.7243848, "lon": -70.9433179, "Mapped_address": "Garrison Rd, New Bedford, MA 02745, USA", "FID": 244}}, {"type": "Feature", "id": 245, "geometry": {"type": "Point", "coordinates": [-70.9319937, 41.6689035]}, "properties": {"F_": 262, "District": "NEB", "Town": "New Bedford", "Street": "Glennon St", "Retirmement_footage": 1735, "Material": "CI", "Installation_footage": 1760, "Size_s__to_Install_": "4\r", "lat": 41.6689035, "lon": -70.9319937, "Mapped_address": "Glennon St, New Bedford, MA 02745, USA", "FID": 245}}, {"type": "Feature", "id": 246, "geometry": {"type": "Point", "coordinates": [-70.9335441, 41.6153588]}, "properties": {"F_": 263, "District": "NEB", "Town": "New Bedford", "Street": "Gosnold St", "Retirmement_footage": 422, "Material": "CI", "Installation_footage": 440, "Size_s__to_Install_": "4\r", "lat": 41.6153588, "lon": -70.9335441, "Mapped_address": "Gosnold St, New Bedford, MA 02740, USA", "FID": 246}}, {"type": "Feature", "id": 247, "geometry": {"type": "Point", "coordinates": [-70.9545877, 41.6289028]}, "properties": {"F_": 264, "District": "NEB", "Town": "New Bedford", "Street": "Harding St (@ Brownell)", "Retirmement_footage": 80, "Material": "CI", "Installation_footage": 80, "Size_s__to_Install_": "4\r", "lat": 41.6289028, "lon": -70.9545877, "Mapped_address": "Harding St, New Bedford, MA, USA", "FID": 247}}, {"type": "Feature", "id": 248, "geometry": {"type": "Point", "coordinates": [-70.9277639, 41.6653252]}, "properties": {"F_": 265, "District": "NEB", "Town": "New Bedford", "Street": "Hathaway St", "Retirmement_footage": 2596, "Material": "CI", "Installation_footage": 2600, "Size_s__to_Install_": "4\r", "lat": 41.6653252, "lon": -70.9277639, "Mapped_address": "Hathaway St, New Bedford, MA 02746, USA", "FID": 248}}, {"type": "Feature", "id": 249, "geometry": {"type": "Point", "coordinates": [-70.9368623, 41.6839304]}, "properties": {"F_": 266, "District": "NEB", "Town": "New Bedford", "Street": "Hawes St", "Retirmement_footage": 428, "Material": "CI", "Installation_footage": 440, "Size_s__to_Install_": "4\r", "lat": 41.6839304, "lon": -70.9368623, "Mapped_address": "Hawes St, New Bedford, MA 02745, USA", "FID": 249}}, {"type": "Feature", "id": 250, "geometry": {"type": "Point", "coordinates": [-70.9455714, 41.6283204]}, "properties": {"F_": 267, "District": "NEB", "Town": "New Bedford", "Street": "Hawthorn St", "Retirmement_footage": 1458, "Material": "CI", "Installation_footage": 1480, "Size_s__to_Install_": "6\r", "lat": 41.6283204, "lon": -70.9455714, "Mapped_address": "Hawthorn St, New Bedford, MA, USA", "FID": 250}}, {"type": "Feature", "id": 251, "geometry": {"type": "Point", "coordinates": [-70.9455714, 41.6283204]}, "properties": {"F_": 268, "District": "NEB", "Town": "New Bedford", "Street": "Hawthorn St / Irving St / Maple St", "Retirmement_footage": 1363, "Material": "CI", "Installation_footage": 1400, "Size_s__to_Install_": "8,4\r", "lat": 41.6283204, "lon": -70.9455714, "Mapped_address": "Hawthorn St, New Bedford, MA, USA", "FID": 251}}, {"type": "Feature", "id": 252, "geometry": {"type": "Point", "coordinates": [-70.9316394, 41.6301449]}, "properties": {"F_": 268, "District": "NEB", "Town": "New Bedford", "Street": "Hawthorn St / Irving St / Maple St", "Retirmement_footage": 1363, "Material": "CI", "Installation_footage": 1400, "Size_s__to_Install_": "8,4\r", "lat": 41.6301449, "lon": -70.9316394, "Mapped_address": "Irving St, New Bedford, MA 02740, USA", "FID": 252}}, {"type": "Feature", "id": 253, "geometry": {"type": "Point", "coordinates": [-70.9392491, 41.6299935]}, "properties": {"F_": 268, "District": "NEB", "Town": "New Bedford", "Street": "Hawthorn St / Irving St / Maple St", "Retirmement_footage": 1363, "Material": "CI", "Installation_footage": 1400, "Size_s__to_Install_": "8,4\r", "lat": 41.6299935, "lon": -70.9392491, "Mapped_address": "Maple St, New Bedford, MA 02740, USA", "FID": 253}}, {"type": "Feature", "id": 254, "geometry": {"type": "Point", "coordinates": [-70.9309588, 41.6476877]}, "properties": {"F_": 269, "District": "NEB", "Town": "New Bedford", "Street": "Hazard St", "Retirmement_footage": 461, "Material": "CI", "Installation_footage": 480, "Size_s__to_Install_": "4\r", "lat": 41.6476877, "lon": -70.9309588, "Mapped_address": "Hazard St, New Bedford, MA 02740, USA", "FID": 254}}, {"type": "Feature", "id": 255, "geometry": {"type": "Point", "coordinates": [-70.9407405, 41.6550775]}, "properties": {"F_": 270, "District": "NEB", "Town": "New Bedford", "Street": "Highland St", "Retirmement_footage": 1136, "Material": "CI", "Installation_footage": 1160, "Size_s__to_Install_": "4\r", "lat": 41.6550775, "lon": -70.9407405, "Mapped_address": "Highland St, New Bedford, MA, USA", "FID": 255}}, {"type": "Feature", "id": 256, "geometry": {"type": "Point", "coordinates": [-70.9281397, 41.6584032]}, "properties": {"F_": 271, "District": "NEB", "Town": "New Bedford", "Street": "Holly St", "Retirmement_footage": 1078, "Material": "CI", "Installation_footage": 1080, "Size_s__to_Install_": "4\r", "lat": 41.6584032, "lon": -70.9281397, "Mapped_address": "Holly St, New Bedford, MA 02746, USA", "FID": 256}}, {"type": "Feature", "id": 257, "geometry": {"type": "Point", "coordinates": [-70.9376021, 41.6185669]}, "properties": {"F_": 272, "District": "NEB", "Town": "New Bedford", "Street": "Hollyhock St", "Retirmement_footage": 579, "Material": "CI", "Installation_footage": 600, "Size_s__to_Install_": "4\r", "lat": 41.6185669, "lon": -70.9376021, "Mapped_address": "Hollyhock St, New Bedford, MA 02740, USA", "FID": 257}}, {"type": "Feature", "id": 258, "geometry": {"type": "Point", "coordinates": [-70.9263229, 41.6566443]}, "properties": {"F_": 273, "District": "NEB", "Town": "New Bedford", "Street": "Howard St", "Retirmement_footage": 271, "Material": "CI", "Installation_footage": 280, "Size_s__to_Install_": "4\r", "lat": 41.6566443, "lon": -70.9263229, "Mapped_address": "Howard St, New Bedford, MA 02746, USA", "FID": 258}}, {"type": "Feature", "id": 259, "geometry": {"type": "Point", "coordinates": [-70.9582051, 41.6353575]}, "properties": {"F_": 274, "District": "NEB", "Town": "New Bedford", "Street": "Huntington Ave / Exeter St", "Retirmement_footage": 276, "Material": "CS, BS", "Installation_footage": 280, "Size_s__to_Install_": "4, 2\r", "lat": 41.6353575, "lon": -70.9582051, "Mapped_address": "Exeter St, New Bedford, MA 02740, USA", "FID": 259}}, {"type": "Feature", "id": 260, "geometry": {"type": "Point", "coordinates": [-70.959553, 41.6344314]}, "properties": {"F_": 274, "District": "NEB", "Town": "New Bedford", "Street": "Huntington Ave / Exeter St", "Retirmement_footage": 276, "Material": "CS, BS", "Installation_footage": 280, "Size_s__to_Install_": "4, 2\r", "lat": 41.6344314, "lon": -70.959553, "Mapped_address": "Huntington Ave, New Bedford, MA, USA", "FID": 260}}, {"type": "Feature", "id": 261, "geometry": {"type": "Point", "coordinates": [-70.9532777, 41.6355864]}, "properties": {"F_": 275, "District": "NEB", "Town": "New Bedford", "Street": "Ilion St", "Retirmement_footage": 338, "Material": "CS", "Installation_footage": 360, "Size_s__to_Install_": "2\r", "lat": 41.6355864, "lon": -70.9532777, "Mapped_address": "Ilion St, New Bedford, MA 02740, USA", "FID": 261}}, {"type": "Feature", "id": 262, "geometry": {"type": "Point", "coordinates": [-70.9258629, 41.6198452]}, "properties": {"F_": 276, "District": "NEB", "Town": "New Bedford", "Street": "Independent St", "Retirmement_footage": 793, "Material": "CI", "Installation_footage": 800, "Size_s__to_Install_": "2\r", "lat": 41.6198452, "lon": -70.9258629, "Mapped_address": "Independent St, New Bedford, MA 02744, USA", "FID": 262}}, {"type": "Feature", "id": 263, "geometry": {"type": "Point", "coordinates": [-70.9223054, 41.6748499]}, "properties": {"F_": 277, "District": "NEB", "Town": "New Bedford", "Street": "Ingraham St", "Retirmement_footage": 437, "Material": "CI", "Installation_footage": 440, "Size_s__to_Install_": "4\r", "lat": 41.6748499, "lon": -70.9223054, "Mapped_address": "Ingraham St, New Bedford, MA 02745, USA", "FID": 263}}, {"type": "Feature", "id": 264, "geometry": {"type": "Point", "coordinates": [-70.9322381, 41.6730415]}, "properties": {"F_": 278, "District": "NEB", "Town": "New Bedford", "Street": "Irvington St", "Retirmement_footage": 710, "Material": "CI", "Installation_footage": 720, "Size_s__to_Install_": "8\r", "lat": 41.6730415, "lon": -70.9322381, "Mapped_address": "Irvington St, New Bedford, MA 02745, USA", "FID": 264}}, {"type": "Feature", "id": 265, "geometry": {"type": "Point", "coordinates": [-70.9340076, 41.6166975]}, "properties": {"F_": 279, "District": "NEB", "Town": "New Bedford", "Street": "Jenkins St", "Retirmement_footage": 1324, "Material": "CI", "Installation_footage": 1360, "Size_s__to_Install_": "4\r", "lat": 41.6166975, "lon": -70.9340076, "Mapped_address": "Jenkins St, New Bedford, MA 02740, USA", "FID": 265}}, {"type": "Feature", "id": 266, "geometry": {"type": "Point", "coordinates": [-70.9477591, 41.6239193]}, "properties": {"F_": 280, "District": "NEB", "Town": "New Bedford", "Street": "John St, Westbrook St", "Retirmement_footage": 1956, "Material": "CS, BS, CI, PL", "Installation_footage": 1960, "Size_s__to_Install_": "4\r", "lat": 41.6239193, "lon": -70.9477591, "Mapped_address": "John St, New Bedford, MA 02740, USA", "FID": 266}}, {"type": "Feature", "id": 267, "geometry": {"type": "Point", "coordinates": [-70.9460041, 41.6214956]}, "properties": {"F_": 280, "District": "NEB", "Town": "New Bedford", "Street": "John St, Westbrook St", "Retirmement_footage": 1956, "Material": "CS, BS, CI, PL", "Installation_footage": 1960, "Size_s__to_Install_": "4\r", "lat": 41.6214956, "lon": -70.9460041, "Mapped_address": "Westbrook St, New Bedford, MA 02740, USA", "FID": 267}}, {"type": "Feature", "id": 268, "geometry": {"type": "Point", "coordinates": [-70.9378377, 41.6967818]}, "properties": {"F_": 281, "District": "NEB", "Town": "New Bedford", "Street": "Joyce St", "Retirmement_footage": 1818, "Material": "CI, CS", "Installation_footage": 1840, "Size_s__to_Install_": "6\r", "lat": 41.6967818, "lon": -70.9378377, "Mapped_address": "Joyce St, New Bedford, MA 02745, USA", "FID": 268}}, {"type": "Feature", "id": 269, "geometry": {"type": "Point", "coordinates": [-70.9314132, 41.6207377]}, "properties": {"F_": 282, "District": "NEB", "Town": "New Bedford", "Street": "Kane St", "Retirmement_footage": 417, "Material": "CI", "Installation_footage": 440, "Size_s__to_Install_": "4\r", "lat": 41.6207377, "lon": -70.9314132, "Mapped_address": "Kane St, New Bedford, MA 02740, USA", "FID": 269}}, {"type": "Feature", "id": 270, "geometry": {"type": "Point", "coordinates": [-70.9224241, 41.6742207]}, "properties": {"F_": 283, "District": "NEB", "Town": "New Bedford", "Street": "Kearsarge St / Perry St / Ingraham St / Duncan St", "Retirmement_footage": 2500, "Material": "CI, BS", "Installation_footage": 2520, "Size_s__to_Install_": "4\r", "lat": 41.6742207, "lon": -70.9224241, "Mapped_address": "Duncan St, New Bedford, MA 02745, USA", "FID": 270}}, {"type": "Feature", "id": 271, "geometry": {"type": "Point", "coordinates": [-70.9223054, 41.6748499]}, "properties": {"F_": 283, "District": "NEB", "Town": "New Bedford", "Street": "Kearsarge St / Perry St / Ingraham St / Duncan St", "Retirmement_footage": 2500, "Material": "CI, BS", "Installation_footage": 2520, "Size_s__to_Install_": "4\r", "lat": 41.6748499, "lon": -70.9223054, "Mapped_address": "Ingraham St, New Bedford, MA 02745, USA", "FID": 271}}, {"type": "Feature", "id": 272, "geometry": {"type": "Point", "coordinates": [-70.9214742, 41.6742678]}, "properties": {"F_": 283, "District": "NEB", "Town": "New Bedford", "Street": "Kearsarge St / Perry St / Ingraham St / Duncan St", "Retirmement_footage": 2500, "Material": "CI, BS", "Installation_footage": 2520, "Size_s__to_Install_": "4\r", "lat": 41.6742678, "lon": -70.9214742, "Mapped_address": "Kearsarge St, New Bedford, MA 02745, USA", "FID": 272}}, {"type": "Feature", "id": 273, "geometry": {"type": "Point", "coordinates": [-70.921489, 41.6754686]}, "properties": {"F_": 283, "District": "NEB", "Town": "New Bedford", "Street": "Kearsarge St / Perry St / Ingraham St / Duncan St", "Retirmement_footage": 2500, "Material": "CI, BS", "Installation_footage": 2520, "Size_s__to_Install_": "4\r", "lat": 41.6754686, "lon": -70.921489, "Mapped_address": "Perry St, New Bedford, MA 02745, USA", "FID": 273}}, {"type": "Feature", "id": 274, "geometry": {"type": "Point", "coordinates": [-70.94383, 41.6360312]}, "properties": {"F_": 284, "District": "NEB", "Town": "New Bedford", "Street": "Kempton St", "Retirmement_footage": 1285, "Material": "CI", "Installation_footage": 1320, "Size_s__to_Install_": "4,2\r", "lat": 41.6360312, "lon": -70.94383, "Mapped_address": "Kempton St, New Bedford, MA, USA", "FID": 274}}, {"type": "Feature", "id": 275, "geometry": {"type": "Point", "coordinates": [-70.9315828, 41.6921204]}, "properties": {"F_": 285, "District": "NEB", "Town": "New Bedford", "Street": "Kenmore St", "Retirmement_footage": 617, "Material": "CI", "Installation_footage": 640, "Size_s__to_Install_": "4\r", "lat": 41.6921204, "lon": -70.9315828, "Mapped_address": "Kenmore St, New Bedford, MA 02745, USA", "FID": 275}}, {"type": "Feature", "id": 276, "geometry": {"type": "Point", "coordinates": [-70.9356758, 41.6767342]}, "properties": {"F_": 286, "District": "NEB", "Town": "New Bedford", "Street": "Lafayette St", "Retirmement_footage": 763, "Material": "CI", "Installation_footage": 840, "Size_s__to_Install_": "6\r", "lat": 41.6767342, "lon": -70.9356758, "Mapped_address": "Lafayette St, New Bedford, MA 02745, USA", "FID": 276}}, {"type": "Feature", "id": 277, "geometry": {"type": "Point", "coordinates": [-70.9299946, 41.6778952]}, "properties": {"F_": 287, "District": "NEB", "Town": "New Bedford", "Street": "Landry St", "Retirmement_footage": 402, "Material": "CI", "Installation_footage": 440, "Size_s__to_Install_": "4\r", "lat": 41.6778952, "lon": -70.9299946, "Mapped_address": "Landry St, New Bedford, MA 02745, USA", "FID": 277}}, {"type": "Feature", "id": 278, "geometry": {"type": "Point", "coordinates": [-70.9431691, 41.6366458]}, "properties": {"F_": 288, "District": "NEB", "Town": "New Bedford", "Street": "Lindsey St", "Retirmement_footage": 195, "Material": "BS", "Installation_footage": 200, "Size_s__to_Install_": "4\r", "lat": 41.6366458, "lon": -70.9431691, "Mapped_address": "Lindsey St, New Bedford, MA 02740, USA", "FID": 278}}, {"type": "Feature", "id": 279, "geometry": {"type": "Point", "coordinates": [-70.9241738, 41.6865815]}, "properties": {"F_": 289, "District": "NEB", "Town": "New Bedford", "Street": "Lloyd St", "Retirmement_footage": 260, "Material": "CI", "Installation_footage": 230, "Size_s__to_Install_": "4\r", "lat": 41.6865815, "lon": -70.9241738, "Mapped_address": "Lloyd St, New Bedford, MA, USA", "FID": 279}}, {"type": "Feature", "id": 280, "geometry": {"type": "Point", "coordinates": [-70.9352447, 41.645245]}, "properties": {"F_": 290, "District": "NEB", "Town": "New Bedford", "Street": "Locust St", "Retirmement_footage": 1974, "Material": "CI", "Installation_footage": 2000, "Size_s__to_Install_": "4\r", "lat": 41.645245, "lon": -70.9352447, "Mapped_address": "Locust St, New Bedford, MA 02740, USA", "FID": 280}}, {"type": "Feature", "id": 281, "geometry": {"type": "Point", "coordinates": [-70.9355821, 41.6852526]}, "properties": {"F_": 291, "District": "NEB", "Town": "New Bedford", "Street": "Lowell St", "Retirmement_footage": 642, "Material": "CI", "Installation_footage": 680, "Size_s__to_Install_": "4\r", "lat": 41.6852526, "lon": -70.9355821, "Mapped_address": "Lowell St, New Bedford, MA 02745, USA", "FID": 281}}, {"type": "Feature", "id": 282, "geometry": {"type": "Point", "coordinates": [-70.9245986, 41.6885997]}, "properties": {"F_": 292, "District": "NEB", "Town": "New Bedford", "Street": "Ludlow St", "Retirmement_footage": 111, "Material": "CI", "Installation_footage": 120, "Size_s__to_Install_": "4\r", "lat": 41.6885997, "lon": -70.9245986, "Mapped_address": "Ludlow St, New Bedford, MA, USA", "FID": 282}}, {"type": "Feature", "id": 283, "geometry": {"type": "Point", "coordinates": [-70.9253011, 41.6665784]}, "properties": {"F_": 293, "District": "NEB", "Town": "New Bedford", "Street": "Madeira Ave", "Retirmement_footage": 202, "Material": "CI, CS", "Installation_footage": 240, "Size_s__to_Install_": "4\r", "lat": 41.6665784, "lon": -70.9253011, "Mapped_address": "Madeira Ave, New Bedford, MA, USA", "FID": 283}}, {"type": "Feature", "id": 284, "geometry": {"type": "Point", "coordinates": [-70.9253011, 41.6665784]}, "properties": {"F_": 294, "District": "NEB", "Town": "New Bedford", "Street": "Madeira Ave", "Retirmement_footage": 178, "Material": "CI", "Installation_footage": 200, "Size_s__to_Install_": "4\r", "lat": 41.6665784, "lon": -70.9253011, "Mapped_address": "Madeira Ave, New Bedford, MA, USA", "FID": 284}}, {"type": "Feature", "id": 285, "geometry": {"type": "Point", "coordinates": [-70.9253011, 41.6665784]}, "properties": {"F_": 295, "District": "NEB", "Town": "New Bedford", "Street": "Madeira Ave", "Retirmement_footage": 159, "Material": "CI", "Installation_footage": 160, "Size_s__to_Install_": "4\r", "lat": 41.6665784, "lon": -70.9253011, "Mapped_address": "Madeira Ave, New Bedford, MA, USA", "FID": 285}}, {"type": "Feature", "id": 286, "geometry": {"type": "Point", "coordinates": [-70.9455714, 41.6283204]}, "properties": {"F_": 296, "District": "NEB", "Town": "New Bedford", "Street": "Madison St / Orchard St / Hawthorn St", "Retirmement_footage": 8008, "Material": "BS", "Installation_footage": 8040, "Size_s__to_Install_": "12\r", "lat": 41.6283204, "lon": -70.9455714, "Mapped_address": "Hawthorn St, New Bedford, MA, USA", "FID": 286}}, {"type": "Feature", "id": 287, "geometry": {"type": "Point", "coordinates": [-70.9268926, 41.6308483]}, "properties": {"F_": 296, "District": "NEB", "Town": "New Bedford", "Street": "Madison St / Orchard St / Hawthorn St", "Retirmement_footage": 8008, "Material": "BS", "Installation_footage": 8040, "Size_s__to_Install_": "12\r", "lat": 41.6308483, "lon": -70.9268926, "Mapped_address": "Madison St, New Bedford, MA 02740, USA", "FID": 287}}, {"type": "Feature", "id": 288, "geometry": {"type": "Point", "coordinates": [-70.9296505, 41.6239983]}, "properties": {"F_": 296, "District": "NEB", "Town": "New Bedford", "Street": "Madison St / Orchard St / Hawthorn St", "Retirmement_footage": 8008, "Material": "BS", "Installation_footage": 8040, "Size_s__to_Install_": "12\r", "lat": 41.6239983, "lon": -70.9296505, "Mapped_address": "Orchard St, New Bedford, MA, USA", "FID": 288}}, {"type": "Feature", "id": 289, "geometry": {"type": "Point", "coordinates": [-70.9379927, 41.6456711]}, "properties": {"F_": 297, "District": "NEB", "Town": "New Bedford", "Street": "Maitland St", "Retirmement_footage": 707, "Material": "CI", "Installation_footage": 720, "Size_s__to_Install_": "4\r", "lat": 41.6456711, "lon": -70.9379927, "Mapped_address": "Maitland St, New Bedford, MA 02740, USA", "FID": 289}}, {"type": "Feature", "id": 290, "geometry": {"type": "Point", "coordinates": [-70.9457942, 41.6222402]}, "properties": {"F_": 298, "District": "NEB", "Town": "New Bedford", "Street": "Mandell St / Grape St / Brier St", "Retirmement_footage": 993, "Material": "CS, PD, PCS", "Installation_footage": 1000, "Size_s__to_Install_": "4\r", "lat": 41.6222402, "lon": -70.9457942, "Mapped_address": "Brier St, New Bedford, MA 02740, USA", "FID": 290}}, {"type": "Feature", "id": 291, "geometry": {"type": "Point", "coordinates": [-70.9407699, 41.6242922]}, "properties": {"F_": 298, "District": "NEB", "Town": "New Bedford", "Street": "Mandell St / Grape St / Brier St", "Retirmement_footage": 993, "Material": "CS, PD, PCS", "Installation_footage": 1000, "Size_s__to_Install_": "4\r", "lat": 41.6242922, "lon": -70.9407699, "Mapped_address": "Grape St, New Bedford, MA 02740, USA", "FID": 291}}, {"type": "Feature", "id": 292, "geometry": {"type": "Point", "coordinates": [-70.946636, 41.6230625]}, "properties": {"F_": 298, "District": "NEB", "Town": "New Bedford", "Street": "Mandell St / Grape St / Brier St", "Retirmement_footage": 993, "Material": "CS, PD, PCS", "Installation_footage": 1000, "Size_s__to_Install_": "4\r", "lat": 41.6230625, "lon": -70.946636, "Mapped_address": "Mandell St, New Bedford, MA 02740, USA", "FID": 292}}, {"type": "Feature", "id": 293, "geometry": {"type": "Point", "coordinates": [-70.9418765, 41.7302001]}, "properties": {"F_": 299, "District": "NEB", "Town": "New Bedford", "Street": "Manila St", "Retirmement_footage": 217, "Material": "CI", "Installation_footage": 240, "Size_s__to_Install_": "4\r", "lat": 41.7302001, "lon": -70.9418765, "Mapped_address": "Manila St, New Bedford, MA 02745, USA", "FID": 293}}, {"type": "Feature", "id": 294, "geometry": {"type": "Point", "coordinates": [-70.9392491, 41.6299935]}, "properties": {"F_": 300, "District": "NEB", "Town": "New Bedford", "Street": "Maple St", "Retirmement_footage": 1044, "Material": "CI, PD", "Installation_footage": 1080, "Size_s__to_Install_": "4\r", "lat": 41.6299935, "lon": -70.9392491, "Mapped_address": "Maple St, New Bedford, MA 02740, USA", "FID": 294}}, {"type": "Feature", "id": 295, "geometry": {"type": "Point", "coordinates": [-70.9293473, 41.6941488]}, "properties": {"F_": 301, "District": "NEB", "Town": "New Bedford", "Street": "Maplewood Ave", "Retirmement_footage": 505, "Material": "CI", "Installation_footage": 520, "Size_s__to_Install_": "4\r", "lat": 41.6941488, "lon": -70.9293473, "Mapped_address": "Maplewood St, New Bedford, MA 02745, USA", "FID": 295}}, {"type": "Feature", "id": 296, "geometry": {"type": "Point", "coordinates": [-70.9303755, 41.6905673]}, "properties": {"F_": 302, "District": "NEB", "Town": "New Bedford", "Street": "Marion St", "Retirmement_footage": 653, "Material": "CI", "Installation_footage": 680, "Size_s__to_Install_": "4\r", "lat": 41.6905673, "lon": -70.9303755, "Mapped_address": "Marion St, New Bedford, MA 02745, USA", "FID": 296}}, {"type": "Feature", "id": 297, "geometry": {"type": "Point", "coordinates": [-70.9346915, 41.6810969]}, "properties": {"F_": 303, "District": "NEB", "Town": "New Bedford", "Street": "Mary St", "Retirmement_footage": 736, "Material": "BS, CI", "Installation_footage": 760, "Size_s__to_Install_": "4\r", "lat": 41.6810969, "lon": -70.9346915, "Mapped_address": "Mary St, New Bedford, MA 02745, USA", "FID": 297}}, {"type": "Feature", "id": 298, "geometry": {"type": "Point", "coordinates": [-70.9381539, 41.639624]}, "properties": {"F_": 304, "District": "NEB", "Town": "New Bedford", "Street": "Maxfield St", "Retirmement_footage": 300, "Material": "CI", "Installation_footage": 320, "Size_s__to_Install_": "4\r", "lat": 41.639624, "lon": -70.9381539, "Mapped_address": "Maxfield St, New Bedford, MA 02740, USA", "FID": 298}}, {"type": "Feature", "id": 299, "geometry": {"type": "Point", "coordinates": [-70.9431691, 41.6366458]}, "properties": {"F_": 305, "District": "NEB", "Town": "New Bedford", "Street": "Maxfield St / Lindsey St", "Retirmement_footage": 1489, "Material": "CI", "Installation_footage": 1520, "Size_s__to_Install_": "6, 4\r", "lat": 41.6366458, "lon": -70.9431691, "Mapped_address": "Lindsey St, New Bedford, MA 02740, USA", "FID": 299}}, {"type": "Feature", "id": 300, "geometry": {"type": "Point", "coordinates": [-70.9381539, 41.639624]}, "properties": {"F_": 305, "District": "NEB", "Town": "New Bedford", "Street": "Maxfield St / Lindsey St", "Retirmement_footage": 1489, "Material": "CI", "Installation_footage": 1520, "Size_s__to_Install_": "6, 4\r", "lat": 41.639624, "lon": -70.9381539, "Mapped_address": "Maxfield St, New Bedford, MA 02740, USA", "FID": 300}}, {"type": "Feature", "id": 301, "geometry": {"type": "Point", "coordinates": [-71.4065903, 42.3009327]}, "properties": {"F_": 550, "District": "SOU", "Town": "Framingham", "Street": "Concord St", "Retirmement_footage": 120, "Material": "CI, BS", "Installation_footage": 120, "Size_s__to_Install_": "8\r", "lat": 42.3009327, "lon": -71.4065903, "Mapped_address": "Concord St, Framingham, MA, USA", "FID": 301}}, {"type": "Feature", "id": 302, "geometry": {"type": "Point", "coordinates": [-71.4401735, 42.2807451]}, "properties": {"F_": 551, "District": "SOU", "Town": "Framingham", "Street": "Crest Rd", "Retirmement_footage": 2373, "Material": "CS", "Installation_footage": 2400, "Size_s__to_Install_": "2\r", "lat": 42.2807451, "lon": -71.4401735, "Mapped_address": "Crest Rd, Framingham, MA 01702, USA", "FID": 302}}, {"type": "Feature", "id": 303, "geometry": {"type": "Point", "coordinates": [-71.4218349, 42.3070643]}, "properties": {"F_": 552, "District": "SOU", "Town": "Framingham", "Street": "Crestwood Dr, Indian Head Rd, Indian Head Hts", "Retirmement_footage": 3652, "Material": "CS", "Installation_footage": 3680, "Size_s__to_Install_": "4\r", "lat": 42.3070643, "lon": -71.4218349, "Mapped_address": "Crestwood Dr, Framingham, MA 01701, USA", "FID": 303}}, {"type": "Feature", "id": 304, "geometry": {"type": "Point", "coordinates": [-71.4200608, 42.3077612]}, "properties": {"F_": 552, "District": "SOU", "Town": "Framingham", "Street": "Crestwood Dr, Indian Head Rd, Indian Head Hts", "Retirmement_footage": 3652, "Material": "CS", "Installation_footage": 3680, "Size_s__to_Install_": "4\r", "lat": 42.3077612, "lon": -71.4200608, "Mapped_address": "Indian Head Heights, Framingham, MA 01701, USA", "FID": 304}}, {"type": "Feature", "id": 305, "geometry": {"type": "Point", "coordinates": [-71.4192552, 42.3092203]}, "properties": {"F_": 552, "District": "SOU", "Town": "Framingham", "Street": "Crestwood Dr, Indian Head Rd, Indian Head Hts", "Retirmement_footage": 3652, "Material": "CS", "Installation_footage": 3680, "Size_s__to_Install_": "4\r", "lat": 42.3092203, "lon": -71.4192552, "Mapped_address": "Indian Head Rd, Framingham, MA 01701, USA", "FID": 305}}, {"type": "Feature", "id": 306, "geometry": {"type": "Point", "coordinates": [-71.48235, 42.3209849]}, "properties": {"F_": 553, "District": "SOU", "Town": "Framingham", "Street": "Currier Dr", "Retirmement_footage": 615, "Material": "CS", "Installation_footage": 640, "Size_s__to_Install_": "2\r", "lat": 42.3209849, "lon": -71.48235, "Mapped_address": "Currier Dr, Framingham, MA 01701, USA", "FID": 306}}, {"type": "Feature", "id": 307, "geometry": {"type": "Point", "coordinates": [-71.4330489, 42.2726276]}, "properties": {"F_": 554, "District": "SOU", "Town": "Framingham", "Street": "Daytona Ave", "Retirmement_footage": 744, "Material": "CS", "Installation_footage": 760, "Size_s__to_Install_": "2\r", "lat": 42.2726276, "lon": -71.4330489, "Mapped_address": "Daytona Ave, Framingham, MA 01702, USA", "FID": 307}}, {"type": "Feature", "id": 308, "geometry": {"type": "Point", "coordinates": [-71.4020845, 42.2967254]}, "properties": {"F_": 555, "District": "SOU", "Town": "Framingham", "Street": "Dinsmore Ave", "Retirmement_footage": 387, "Material": "WI", "Installation_footage": 400, "Size_s__to_Install_": "4\r", "lat": 42.2967254, "lon": -71.4020845, "Mapped_address": "Dinsmore Ave, Framingham, MA 01702, USA", "FID": 308}}, {"type": "Feature", "id": 309, "geometry": {"type": "Point", "coordinates": [-71.4373079, 42.3122352]}, "properties": {"F_": 556, "District": "SOU", "Town": "Framingham", "Street": "Edgell Rd / Edgebrook Rd", "Retirmement_footage": 5857, "Material": "CS", "Installation_footage": 5880, "Size_s__to_Install_": "6, 2\r", "lat": 42.3122352, "lon": -71.4373079, "Mapped_address": "Edgebrook Rd, Framingham, MA 01701, USA", "FID": 309}}, {"type": "Feature", "id": 310, "geometry": {"type": "Point", "coordinates": [-71.4370378, 42.3234722]}, "properties": {"F_": 556, "District": "SOU", "Town": "Framingham", "Street": "Edgell Rd / Edgebrook Rd", "Retirmement_footage": 5857, "Material": "CS", "Installation_footage": 5880, "Size_s__to_Install_": "6, 2\r", "lat": 42.3234722, "lon": -71.4370378, "Mapped_address": "Edgell Rd, Framingham, MA, USA", "FID": 310}}, {"type": "Feature", "id": 311, "geometry": {"type": "Point", "coordinates": [-71.4000527, 42.3278045]}, "properties": {"F_": 557, "District": "SOU", "Town": "Framingham", "Street": "Edwards St", "Retirmement_footage": 53, "Material": "BS", "Installation_footage": 80, "Size_s__to_Install_": "2\r", "lat": 42.3278045, "lon": -71.4000527, "Mapped_address": "Edwards St, Framingham, MA 01701, USA", "FID": 311}}, {"type": "Feature", "id": 312, "geometry": {"type": "Point", "coordinates": [-71.4188706, 42.3199767]}, "properties": {"F_": 558, "District": "SOU", "Town": "Framingham", "Street": "Fairbrook Rd", "Retirmement_footage": 1149, "Material": "CS", "Installation_footage": 1160, "Size_s__to_Install_": "2\r", "lat": 42.3199767, "lon": -71.4188706, "Mapped_address": "Fairbrook Rd, Framingham, MA 01701, USA", "FID": 312}}, {"type": "Feature", "id": 313, "geometry": {"type": "Point", "coordinates": [-71.4759841, 42.3113978]}, "properties": {"F_": 559, "District": "SOU", "Town": "Framingham", "Street": "Foxhill Rd", "Retirmement_footage": 2399, "Material": "CS", "Installation_footage": 2400, "Size_s__to_Install_": "4\r", "lat": 42.3113978, "lon": -71.4759841, "Mapped_address": "Fox Hill Rd, Framingham, MA 01701, USA", "FID": 313}}, {"type": "Feature", "id": 314, "geometry": {"type": "Point", "coordinates": [-71.4259771, 42.2874727]}, "properties": {"F_": 560, "District": "SOU", "Town": "Framingham", "Street": "Franklin St", "Retirmement_footage": 569, "Material": "CS", "Installation_footage": 600, "Size_s__to_Install_": "4\r", "lat": 42.2874727, "lon": -71.4259771, "Mapped_address": "Franklin St, Framingham, MA 01702, USA", "FID": 314}}, {"type": "Feature", "id": 315, "geometry": {"type": "Point", "coordinates": [-71.4259771, 42.2874727]}, "properties": {"F_": 561, "District": "SOU", "Town": "Framingham", "Street": "Franklin St, Linden St", "Retirmement_footage": 1653, "Material": "CS", "Installation_footage": 1680, "Size_s__to_Install_": "4\r", "lat": 42.2874727, "lon": -71.4259771, "Mapped_address": "Franklin St, Framingham, MA 01702, USA", "FID": 315}}, {"type": "Feature", "id": 316, "geometry": {"type": "Point", "coordinates": [-71.4239688, 42.2859614]}, "properties": {"F_": 561, "District": "SOU", "Town": "Framingham", "Street": "Franklin St, Linden St", "Retirmement_footage": 1653, "Material": "CS", "Installation_footage": 1680, "Size_s__to_Install_": "4\r", "lat": 42.2859614, "lon": -71.4239688, "Mapped_address": "Linden St, Framingham, MA 01702, USA", "FID": 316}}, {"type": "Feature", "id": 317, "geometry": {"type": "Point", "coordinates": [-71.4331722, 42.3210705]}, "properties": {"F_": 562, "District": "SOU", "Town": "Framingham", "Street": "Frost St", "Retirmement_footage": 1107, "Material": "CS", "Installation_footage": 1120, "Size_s__to_Install_": "4\r", "lat": 42.3210705, "lon": -71.4331722, "Mapped_address": "Frost St, Framingham, MA 01701, USA", "FID": 317}}, {"type": "Feature", "id": 318, "geometry": {"type": "Point", "coordinates": [-71.4680336, 42.2928233]}, "properties": {"F_": 563, "District": "SOU", "Town": "Framingham", "Street": "Gates St", "Retirmement_footage": 178, "Material": "BS", "Installation_footage": 0, "Size_s__to_Install_": "n/a\r", "lat": 42.2928233, "lon": -71.4680336, "Mapped_address": "Gates St, Framingham, MA 01702, USA", "FID": 318}}, {"type": "Feature", "id": 319, "geometry": {"type": "Point", "coordinates": [-71.4188826, 42.2674597]}, "properties": {"F_": 564, "District": "SOU", "Town": "Framingham", "Street": "George St", "Retirmement_footage": 318, "Material": "BS", "Installation_footage": 320, "Size_s__to_Install_": "4\r", "lat": 42.2674597, "lon": -71.4188826, "Mapped_address": "George St, Framingham, MA 01702, USA", "FID": 319}}, {"type": "Feature", "id": 320, "geometry": {"type": "Point", "coordinates": [-71.4129883, 42.3166262]}, "properties": {"F_": 565, "District": "SOU", "Town": "Framingham", "Street": "Geraldine Rd / Gina Cir", "Retirmement_footage": 1273, "Material": "CS", "Installation_footage": 1280, "Size_s__to_Install_": "2\r", "lat": 42.3166262, "lon": -71.4129883, "Mapped_address": "Geraldine Rd, Framingham, MA 01701, USA", "FID": 320}}, {"type": "Feature", "id": 321, "geometry": {"type": "Point", "coordinates": [-71.4118943, 42.3170897]}, "properties": {"F_": 565, "District": "SOU", "Town": "Framingham", "Street": "Geraldine Rd / Gina Cir", "Retirmement_footage": 1273, "Material": "CS", "Installation_footage": 1280, "Size_s__to_Install_": "2\r", "lat": 42.3170897, "lon": -71.4118943, "Mapped_address": "Gina Cir, Framingham, MA 01701, USA", "FID": 321}}, {"type": "Feature", "id": 322, "geometry": {"type": "Point", "coordinates": [-71.3981558, 42.3161696]}, "properties": {"F_": 566, "District": "SOU", "Town": "Framingham", "Street": "Gleason St / King St", "Retirmement_footage": 1922, "Material": "CS, BS", "Installation_footage": 1960, "Size_s__to_Install_": "2\r", "lat": 42.3161696, "lon": -71.3981558, "Mapped_address": "Gleason St, Framingham, MA 01701, USA", "FID": 322}}, {"type": "Feature", "id": 323, "geometry": {"type": "Point", "coordinates": [-71.400049, 42.3163458]}, "properties": {"F_": 566, "District": "SOU", "Town": "Framingham", "Street": "Gleason St / King St", "Retirmement_footage": 1922, "Material": "CS, BS", "Installation_footage": 1960, "Size_s__to_Install_": "2\r", "lat": 42.3163458, "lon": -71.400049, "Mapped_address": "King St, Framingham, MA 01701, USA", "FID": 323}}, {"type": "Feature", "id": 324, "geometry": {"type": "Point", "coordinates": [-71.4327467, 42.2994219]}, "properties": {"F_": 567, "District": "SOU", "Town": "Framingham", "Street": "Granite St", "Retirmement_footage": 355, "Material": "BS", "Installation_footage": 360, "Size_s__to_Install_": "4\r", "lat": 42.2994219, "lon": -71.4327467, "Mapped_address": "Granite St, Framingham, MA 01702, USA", "FID": 324}}, {"type": "Feature", "id": 325, "geometry": {"type": "Point", "coordinates": [-71.4086239, 42.2847162]}, "properties": {"F_": 568, "District": "SOU", "Town": "Framingham", "Street": "Grant St", "Retirmement_footage": 3624, "Material": "CS, CI", "Installation_footage": 3640, "Size_s__to_Install_": "12\r", "lat": 42.2847162, "lon": -71.4086239, "Mapped_address": "Grant St, Framingham, MA 01702, USA", "FID": 325}}, {"type": "Feature", "id": 326, "geometry": {"type": "Point", "coordinates": [-71.3962014, 42.3090906]}, "properties": {"F_": 569, "District": "SOU", "Town": "Framingham", "Street": "Greenleaf Cir", "Retirmement_footage": 1512, "Material": "CS", "Installation_footage": 1520, "Size_s__to_Install_": "2\r", "lat": 42.3090906, "lon": -71.3962014, "Mapped_address": "Greenleaf Cir, Framingham, MA 01701, USA", "FID": 326}}, {"type": "Feature", "id": 327, "geometry": {"type": "Point", "coordinates": [-71.4113671, 42.2941456]}, "properties": {"F_": 570, "District": "SOU", "Town": "Framingham", "Street": "Guadal Canal Rd", "Retirmement_footage": 350, "Material": "BS", "Installation_footage": 360, "Size_s__to_Install_": "4\r", "lat": 42.2941456, "lon": -71.4113671, "Mapped_address": "Guadalcanal Rd, Framingham, MA 01702, USA", "FID": 327}}, {"type": "Feature", "id": 328, "geometry": {"type": "Point", "coordinates": [-71.4086154, 42.3227661]}, "properties": {"F_": 571, "District": "SOU", "Town": "Framingham", "Street": "Hallett Rd", "Retirmement_footage": 332, "Material": "CS", "Installation_footage": 360, "Size_s__to_Install_": "2\r", "lat": 42.3227661, "lon": -71.4086154, "Mapped_address": "Hallett Rd, Framingham, MA 01701, USA", "FID": 328}}, {"type": "Feature", "id": 329, "geometry": {"type": "Point", "coordinates": [-71.4123967, 42.3008093]}, "properties": {"F_": 572, "District": "SOU", "Town": "Framingham", "Street": "Hastings St / Fairbanks Rd / Pitt Rd / Murray Rd / Highland Ct / Fairbanks Way", "Retirmement_footage": 3076, "Material": "CS, BS, WI, PL", "Installation_footage": 3220, "Size_s__to_Install_": "4\r", "lat": 42.3008093, "lon": -71.4123967, "Mapped_address": "Fairbanks Rd, Framingham, MA 01701, USA", "FID": 329}}, {"type": "Feature", "id": 330, "geometry": {"type": "Point", "coordinates": [-71.4110507, 42.3012059]}, "properties": {"F_": 572, "District": "SOU", "Town": "Framingham", "Street": "Hastings St / Fairbanks Rd / Pitt Rd / Murray Rd / Highland Ct / Fairbanks Way", "Retirmement_footage": 3076, "Material": "CS, BS, WI, PL", "Installation_footage": 3220, "Size_s__to_Install_": "4\r", "lat": 42.3012059, "lon": -71.4110507, "Mapped_address": "Fairbanks Way, Framingham, MA 01701, USA", "FID": 330}}, {"type": "Feature", "id": 331, "geometry": {"type": "Point", "coordinates": [-71.4119345, 42.3022264]}, "properties": {"F_": 572, "District": "SOU", "Town": "Framingham", "Street": "Hastings St / Fairbanks Rd / Pitt Rd / Murray Rd / Highland Ct / Fairbanks Way", "Retirmement_footage": 3076, "Material": "CS, BS, WI, PL", "Installation_footage": 3220, "Size_s__to_Install_": "4\r", "lat": 42.3022264, "lon": -71.4119345, "Mapped_address": "Hastings St, Framingham, MA 01701, USA", "FID": 331}}, {"type": "Feature", "id": 332, "geometry": {"type": "Point", "coordinates": [-71.4113501, 42.302792]}, "properties": {"F_": 572, "District": "SOU", "Town": "Framingham", "Street": "Hastings St / Fairbanks Rd / Pitt Rd / Murray Rd / Highland Ct / Fairbanks Way", "Retirmement_footage": 3076, "Material": "CS, BS, WI, PL", "Installation_footage": 3220, "Size_s__to_Install_": "4\r", "lat": 42.302792, "lon": -71.4113501, "Mapped_address": "Highland Ct, Framingham, MA 01701, USA", "FID": 332}}, {"type": "Feature", "id": 333, "geometry": {"type": "Point", "coordinates": [-71.4121692, 42.3027686]}, "properties": {"F_": 572, "District": "SOU", "Town": "Framingham", "Street": "Hastings St / Fairbanks Rd / Pitt Rd / Murray Rd / Highland Ct / Fairbanks Way", "Retirmement_footage": 3076, "Material": "CS, BS, WI, PL", "Installation_footage": 3220, "Size_s__to_Install_": "4\r", "lat": 42.3027686, "lon": -71.4121692, "Mapped_address": "Murray Rd, Framingham, MA 01701, USA", "FID": 333}}, {"type": "Feature", "id": 334, "geometry": {"type": "Point", "coordinates": [-71.4128976, 42.3039897]}, "properties": {"F_": 572, "District": "SOU", "Town": "Framingham", "Street": "Hastings St / Fairbanks Rd / Pitt Rd / Murray Rd / Highland Ct / Fairbanks Way", "Retirmement_footage": 3076, "Material": "CS, BS, WI, PL", "Installation_footage": 3220, "Size_s__to_Install_": "4\r", "lat": 42.3039897, "lon": -71.4128976, "Mapped_address": "Pitt Rd, Framingham, MA 01701, USA", "FID": 334}}, {"type": "Feature", "id": 335, "geometry": {"type": "Point", "coordinates": [-71.4196635, 42.2684746]}, "properties": {"F_": 573, "District": "SOU", "Town": "Framingham", "Street": "Hollis St / Oak Pl", "Retirmement_footage": 1854, "Material": "CI, CS, BS", "Installation_footage": 1880, "Size_s__to_Install_": "6, 2\r", "lat": 42.2684746, "lon": -71.4196635, "Mapped_address": "Hollis St, Framingham, MA 01702, USA", "FID": 335}}, {"type": "Feature", "id": 336, "geometry": {"type": "Point", "coordinates": [-71.4177426, 42.2743867]}, "properties": {"F_": 573, "District": "SOU", "Town": "Framingham", "Street": "Hollis St / Oak Pl", "Retirmement_footage": 1854, "Material": "CI, CS, BS", "Installation_footage": 1880, "Size_s__to_Install_": "6, 2\r", "lat": 42.2743867, "lon": -71.4177426, "Mapped_address": "Oak Pl, Framingham, MA 01702, USA", "FID": 336}}, {"type": "Feature", "id": 337, "geometry": {"type": "Point", "coordinates": [-71.4114772, 42.2738676]}, "properties": {"F_": 574, "District": "SOU", "Town": "Framingham", "Street": "Irving St", "Retirmement_footage": 2865, "Material": "CI", "Installation_footage": 2880, "Size_s__to_Install_": "12\r", "lat": 42.2738676, "lon": -71.4114772, "Mapped_address": "Irving St, Framingham, MA 01702, USA", "FID": 337}}, {"type": "Feature", "id": 338, "geometry": {"type": "Point", "coordinates": [-71.4485914, 42.2760282]}, "properties": {"F_": 575, "District": "SOU", "Town": "Framingham", "Street": "Jodie Rd", "Retirmement_footage": 2182, "Material": "CS", "Installation_footage": 2200, "Size_s__to_Install_": "4\r", "lat": 42.2760282, "lon": -71.4485914, "Mapped_address": "Jodie Rd, Framingham, MA 01702, USA", "FID": 338}}, {"type": "Feature", "id": 339, "geometry": {"type": "Point", "coordinates": [-71.412093, 42.3335435]}, "properties": {"F_": 576, "District": "SOU", "Town": "Framingham", "Street": "Joseph Rd", "Retirmement_footage": 931, "Material": "CS", "Installation_footage": 960, "Size_s__to_Install_": "2\r", "lat": 42.3335435, "lon": -71.412093, "Mapped_address": "Joseph Rd, Framingham, MA 01701, USA", "FID": 339}}, {"type": "Feature", "id": 340, "geometry": {"type": "Point", "coordinates": [-71.4163173, 42.3341393]}, "properties": {"F_": 577, "District": "SOU", "Town": "Framingham", "Street": "Joyce Rd / Potter Rd", "Retirmement_footage": 3645, "Material": "CS", "Installation_footage": 3680, "Size_s__to_Install_": "4, 2\r", "lat": 42.3341393, "lon": -71.4163173, "Mapped_address": "Joyce Rd, Framingham, MA 01701, USA", "FID": 340}}, {"type": "Feature", "id": 341, "geometry": {"type": "Point", "coordinates": [-71.4084171, 42.3398337]}, "properties": {"F_": 577, "District": "SOU", "Town": "Framingham", "Street": "Joyce Rd / Potter Rd", "Retirmement_footage": 3645, "Material": "CS", "Installation_footage": 3680, "Size_s__to_Install_": "4, 2\r", "lat": 42.3398337, "lon": -71.4084171, "Mapped_address": "Potter Rd, Framingham, MA, USA", "FID": 341}}, {"type": "Feature", "id": 342, "geometry": {"type": "Point", "coordinates": [-71.4539088, 42.30897]}, "properties": {"F_": 578, "District": "SOU", "Town": "Framingham", "Street": "Knight Rd", "Retirmement_footage": 813, "Material": "CS", "Installation_footage": 840, "Size_s__to_Install_": "2\r", "lat": 42.30897, "lon": -71.4539088, "Mapped_address": "Knight Rd, Framingham, MA 01701, USA", "FID": 342}}, {"type": "Feature", "id": 343, "geometry": {"type": "Point", "coordinates": [-71.4216106, 42.3344642]}, "properties": {"F_": 579, "District": "SOU", "Town": "Framingham", "Street": "Lancaster Dr / Corrine Dr / Rolling Ln / Oakvale Rd", "Retirmement_footage": 3960, "Material": "CS, PL", "Installation_footage": 3960, "Size_s__to_Install_": "4, 2\r", "lat": 42.3344642, "lon": -71.4216106, "Mapped_address": "Corrine Dr, Framingham, MA 01701, USA", "FID": 343}}, {"type": "Feature", "id": 344, "geometry": {"type": "Point", "coordinates": [-71.420251, 42.3349044]}, "properties": {"F_": 579, "District": "SOU", "Town": "Framingham", "Street": "Lancaster Dr / Corrine Dr / Rolling Ln / Oakvale Rd", "Retirmement_footage": 3960, "Material": "CS, PL", "Installation_footage": 3960, "Size_s__to_Install_": "4, 2\r", "lat": 42.3349044, "lon": -71.420251, "Mapped_address": "Lancaster Dr, Framingham, MA 01701, USA", "FID": 344}}, {"type": "Feature", "id": 345, "geometry": {"type": "Point", "coordinates": [-71.4238271, 42.3349381]}, "properties": {"F_": 579, "District": "SOU", "Town": "Framingham", "Street": "Lancaster Dr / Corrine Dr / Rolling Ln / Oakvale Rd", "Retirmement_footage": 3960, "Material": "CS, PL", "Installation_footage": 3960, "Size_s__to_Install_": "4, 2\r", "lat": 42.3349381, "lon": -71.4238271, "Mapped_address": "Oakvale Rd, Framingham, MA 01701, USA", "FID": 345}}, {"type": "Feature", "id": 346, "geometry": {"type": "Point", "coordinates": [-71.4198591, 42.3368957]}, "properties": {"F_": 579, "District": "SOU", "Town": "Framingham", "Street": "Lancaster Dr / Corrine Dr / Rolling Ln / Oakvale Rd", "Retirmement_footage": 3960, "Material": "CS, PL", "Installation_footage": 3960, "Size_s__to_Install_": "4, 2\r", "lat": 42.3368957, "lon": -71.4198591, "Mapped_address": "Rolling Ln, Framingham, MA 01701, USA", "FID": 346}}, {"type": "Feature", "id": 347, "geometry": {"type": "Point", "coordinates": [-71.4451014, 42.324525]}, "properties": {"F_": 580, "District": "SOU", "Town": "Framingham", "Street": "Laurie Ln", "Retirmement_footage": 720, "Material": "CS", "Installation_footage": 720, "Size_s__to_Install_": "2\r", "lat": 42.324525, "lon": -71.4451014, "Mapped_address": "Laurie Ln, Framingham, MA 01701, USA", "FID": 347}}, {"type": "Feature", "id": 348, "geometry": {"type": "Point", "coordinates": [-71.4796726, 42.316196]}, "properties": {"F_": 581, "District": "SOU", "Town": "Framingham", "Street": "Ledgewood Rd", "Retirmement_footage": 3874, "Material": "CS", "Installation_footage": 3880, "Size_s__to_Install_": "2\r", "lat": 42.316196, "lon": -71.4796726, "Mapped_address": "Ledgewood Rd, Framingham, MA 01701, USA", "FID": 348}}, {"type": "Feature", "id": 349, "geometry": {"type": "Point", "coordinates": [-71.4017919, 42.2706666]}, "properties": {"F_": 582, "District": "SOU", "Town": "Framingham", "Street": "Leland St", "Retirmement_footage": 2429, "Material": "BS", "Installation_footage": 2440, "Size_s__to_Install_": "8\r", "lat": 42.2706666, "lon": -71.4017919, "Mapped_address": "Leland St, Framingham, MA 01702, USA", "FID": 349}}, {"type": "Feature", "id": 350, "geometry": {"type": "Point", "coordinates": [-71.4526281, 42.3066081]}, "properties": {"F_": 583, "District": "SOU", "Town": "Framingham", "Street": "Little Tree Ln", "Retirmement_footage": 341, "Material": "CS", "Installation_footage": 360, "Size_s__to_Install_": "2\r", "lat": 42.3066081, "lon": -71.4526281, "Mapped_address": "Little Tree Ln, Framingham, MA 01701, USA", "FID": 350}}, {"type": "Feature", "id": 351, "geometry": {"type": "Point", "coordinates": [-71.4526281, 42.3066081]}, "properties": {"F_": 584, "District": "SOU", "Town": "Framingham", "Street": "Little Tree Ln", "Retirmement_footage": 1098, "Material": "CS", "Installation_footage": 1120, "Size_s__to_Install_": "2\r", "lat": 42.3066081, "lon": -71.4526281, "Mapped_address": "Little Tree Ln, Framingham, MA 01701, USA", "FID": 351}}, {"type": "Feature", "id": 352, "geometry": {"type": "Point", "coordinates": [-71.4412934, 42.3257436]}, "properties": {"F_": 585, "District": "SOU", "Town": "Framingham", "Street": "Livoli Rd", "Retirmement_footage": 1525, "Material": "CS", "Installation_footage": 1560, "Size_s__to_Install_": "4\r", "lat": 42.3257436, "lon": -71.4412934, "Mapped_address": "Livoli Rd, Framingham, MA 01701, USA", "FID": 352}}, {"type": "Feature", "id": 353, "geometry": {"type": "Point", "coordinates": [-71.4032432, 42.2761596]}, "properties": {"F_": 586, "District": "SOU", "Town": "Framingham", "Street": "Marian Rd", "Retirmement_footage": 308, "Material": "CS", "Installation_footage": 320, "Size_s__to_Install_": "2\r", "lat": 42.2761596, "lon": -71.4032432, "Mapped_address": "Marian Rd, Framingham, MA 01702, USA", "FID": 353}}, {"type": "Feature", "id": 354, "geometry": {"type": "Point", "coordinates": [-71.4412679, 42.3015036]}, "properties": {"F_": 587, "District": "SOU", "Town": "Framingham", "Street": "Maynard Rd", "Retirmement_footage": 1975, "Material": "CS", "Installation_footage": 2000, "Size_s__to_Install_": "8\r", "lat": 42.3015036, "lon": -71.4412679, "Mapped_address": "Maynard Rd, Framingham, MA, USA", "FID": 354}}, {"type": "Feature", "id": 355, "geometry": {"type": "Point", "coordinates": [-71.4038007, 42.3096352]}, "properties": {"F_": 588, "District": "SOU", "Town": "Framingham", "Street": "McPhee Rd", "Retirmement_footage": 586, "Material": "CS", "Installation_footage": 600, "Size_s__to_Install_": "2\r", "lat": 42.3096352, "lon": -71.4038007, "Mapped_address": "McPhee Rd, Framingham, MA 01701, USA", "FID": 355}}, {"type": "Feature", "id": 356, "geometry": {"type": "Point", "coordinates": [-71.4520081, 42.3059054]}, "properties": {"F_": 589, "District": "SOU", "Town": "Framingham", "Street": "Merriam Rd", "Retirmement_footage": 680, "Material": "CS", "Installation_footage": 680, "Size_s__to_Install_": "4\r", "lat": 42.3059054, "lon": -71.4520081, "Mapped_address": "Merriam Rd, Framingham, MA 01701, USA", "FID": 356}}, {"type": "Feature", "id": 357, "geometry": {"type": "Point", "coordinates": [-71.4254335, 42.2912545]}, "properties": {"F_": 590, "District": "SOU", "Town": "Framingham", "Street": "Middlesex St", "Retirmement_footage": 308, "Material": "CS", "Installation_footage": 320, "Size_s__to_Install_": "4\r", "lat": 42.2912545, "lon": -71.4254335, "Mapped_address": "Middlesex St, Framingham, MA 01702, USA", "FID": 357}}, {"type": "Feature", "id": 358, "geometry": {"type": "Point", "coordinates": [-71.4488262, 42.3071807]}, "properties": {"F_": 591, "District": "SOU", "Town": "Framingham", "Street": "Mill St", "Retirmement_footage": 2300, "Material": "CS", "Installation_footage": 2320, "Size_s__to_Install_": "4\r", "lat": 42.3071807, "lon": -71.4488262, "Mapped_address": "Mill St, Framingham, MA 01701, USA", "FID": 358}}, {"type": "Feature", "id": 359, "geometry": {"type": "Point", "coordinates": [-71.460846, 42.3175028]}, "properties": {"F_": 592, "District": "SOU", "Town": "Framingham", "Street": "Millwood St", "Retirmement_footage": 1120, "Material": "CS", "Installation_footage": 1120, "Size_s__to_Install_": "2\r", "lat": 42.3175028, "lon": -71.460846, "Mapped_address": "Millwood St, Framingham, MA 01701, USA", "FID": 359}}, {"type": "Feature", "id": 360, "geometry": {"type": "Point", "coordinates": [-71.4134462, 42.2802681]}, "properties": {"F_": 593, "District": "SOU", "Town": "Framingham", "Street": "Milton St", "Retirmement_footage": 70, "Material": "BS", "Installation_footage": 80, "Size_s__to_Install_": "6\r", "lat": 42.2802681, "lon": -71.4134462, "Mapped_address": "Milton St, Framingham, MA 01702, USA", "FID": 360}}, {"type": "Feature", "id": 361, "geometry": {"type": "Point", "coordinates": [-71.4337657, 42.2977704]}, "properties": {"F_": 594, "District": "SOU", "Town": "Framingham", "Street": "Moulton Park Rd", "Retirmement_footage": 180, "Material": "CS", "Installation_footage": 200, "Size_s__to_Install_": "4\r", "lat": 42.2977704, "lon": -71.4337657, "Mapped_address": "Moulton Park Rd, Framingham, MA 01702, USA", "FID": 361}}, {"type": "Feature", "id": 362, "geometry": {"type": "Point", "coordinates": [-71.3950555, 42.3085941]}, "properties": {"F_": 596, "District": "SOU", "Town": "Framingham", "Street": "Newbury St", "Retirmement_footage": 1704, "Material": "CS", "Installation_footage": 1720, "Size_s__to_Install_": "4\r", "lat": 42.3085941, "lon": -71.3950555, "Mapped_address": "Newbury St, Framingham, MA 01701, USA", "FID": 362}}, {"type": "Feature", "id": 363, "geometry": {"type": "Point", "coordinates": [-71.3950555, 42.3085941]}, "properties": {"F_": 597, "District": "SOU", "Town": "Framingham", "Street": "Newbury St", "Retirmement_footage": 654, "Material": "CS", "Installation_footage": 680, "Size_s__to_Install_": "2\r", "lat": 42.3085941, "lon": -71.3950555, "Mapped_address": "Newbury St, Framingham, MA 01701, USA", "FID": 363}}, {"type": "Feature", "id": 364, "geometry": {"type": "Point", "coordinates": [-71.4121196, 42.2912611]}, "properties": {"F_": 598, "District": "SOU", "Town": "Framingham", "Street": "Normandy Rd", "Retirmement_footage": 525, "Material": "CS", "Installation_footage": 560, "Size_s__to_Install_": "6\r", "lat": 42.2912611, "lon": -71.4121196, "Mapped_address": "Normandy Rd, Framingham, MA 01702, USA", "FID": 364}}, {"type": "Feature", "id": 365, "geometry": {"type": "Point", "coordinates": [-71.4204944, 42.2924167]}, "properties": {"F_": 599, "District": "SOU", "Town": "Framingham", "Street": "Oaks Rd / Kittredge Rd / Stoneybrook Rd", "Retirmement_footage": 1647, "Material": "CS", "Installation_footage": 1680, "Size_s__to_Install_": "4\r", "lat": 42.2924167, "lon": -71.4204944, "Mapped_address": "Kittredge Rd, Framingham, MA 01702, USA", "FID": 365}}, {"type": "Feature", "id": 366, "geometry": {"type": "Point", "coordinates": [-71.4197753, 42.2940577]}, "properties": {"F_": 599, "District": "SOU", "Town": "Framingham", "Street": "Oaks Rd / Kittredge Rd / Stoneybrook Rd", "Retirmement_footage": 1647, "Material": "CS", "Installation_footage": 1680, "Size_s__to_Install_": "4\r", "lat": 42.2940577, "lon": -71.4197753, "Mapped_address": "Oaks Rd, Framingham, MA 01702, USA", "FID": 366}}, {"type": "Feature", "id": 367, "geometry": {"type": "Point", "coordinates": [-71.4207244, 42.2952028]}, "properties": {"F_": 599, "District": "SOU", "Town": "Framingham", "Street": "Oaks Rd / Kittredge Rd / Stoneybrook Rd", "Retirmement_footage": 1647, "Material": "CS", "Installation_footage": 1680, "Size_s__to_Install_": "4\r", "lat": 42.2952028, "lon": -71.4207244, "Mapped_address": "Stony Brook Rd, Framingham, MA 01702, USA", "FID": 367}}, {"type": "Feature", "id": 368, "geometry": {"type": "Point", "coordinates": [-71.3922139, 42.3179984]}, "properties": {"F_": 600, "District": "SOU", "Town": "Framingham", "Street": "Old Connecticut Pth", "Retirmement_footage": 395, "Material": "CS", "Installation_footage": 400, "Size_s__to_Install_": "4\r", "lat": 42.3179984, "lon": -71.3922139, "Mapped_address": "Old Connecticut Path, Framingham, MA, USA", "FID": 368}}, {"type": "Feature", "id": 369, "geometry": {"type": "Point", "coordinates": [-71.4544693, 42.2994494]}, "properties": {"F_": 601, "District": "SOU", "Town": "Framingham", "Street": "Old Worcester Rd / Old Wood Rd / Woodleigh Rd / Westgate Rd", "Retirmement_footage": 4669, "Material": "CS", "Installation_footage": 4680, "Size_s__to_Install_": "4\r", "lat": 42.2994494, "lon": -71.4544693, "Mapped_address": "Old Wood Rd, Framingham, MA 01701, USA", "FID": 369}}, {"type": "Feature", "id": 370, "geometry": {"type": "Point", "coordinates": [-71.4529914, 42.2980211]}, "properties": {"F_": 601, "District": "SOU", "Town": "Framingham", "Street": "Old Worcester Rd / Old Wood Rd / Woodleigh Rd / Westgate Rd", "Retirmement_footage": 4669, "Material": "CS", "Installation_footage": 4680, "Size_s__to_Install_": "4\r", "lat": 42.2980211, "lon": -71.4529914, "Mapped_address": "Old Worcester Rd, Framingham, MA 01701, USA", "FID": 370}}, {"type": "Feature", "id": 371, "geometry": {"type": "Point", "coordinates": [-71.4565475, 42.3007876]}, "properties": {"F_": 601, "District": "SOU", "Town": "Framingham", "Street": "Old Worcester Rd / Old Wood Rd / Woodleigh Rd / Westgate Rd", "Retirmement_footage": 4669, "Material": "CS", "Installation_footage": 4680, "Size_s__to_Install_": "4\r", "lat": 42.3007876, "lon": -71.4565475, "Mapped_address": "Westgate Rd, Framingham, MA 01701, USA", "FID": 371}}, {"type": "Feature", "id": 372, "geometry": {"type": "Point", "coordinates": [-71.4522605, 42.2994724]}, "properties": {"F_": 601, "District": "SOU", "Town": "Framingham", "Street": "Old Worcester Rd / Old Wood Rd / Woodleigh Rd / Westgate Rd", "Retirmement_footage": 4669, "Material": "CS", "Installation_footage": 4680, "Size_s__to_Install_": "4\r", "lat": 42.2994724, "lon": -71.4522605, "Mapped_address": "Woodleigh Rd, Framingham, MA 01701, USA", "FID": 372}}, {"type": "Feature", "id": 373, "geometry": {"type": "Point", "coordinates": [-71.4054417, 42.3274706]}, "properties": {"F_": 602, "District": "SOU", "Town": "Framingham", "Street": "Park Ave", "Retirmement_footage": 1230, "Material": "CS", "Installation_footage": 1240, "Size_s__to_Install_": "2\r", "lat": 42.3274706, "lon": -71.4054417, "Mapped_address": "Park Ave, Framingham, MA 01701, USA", "FID": 373}}, {"type": "Feature", "id": 374, "geometry": {"type": "Point", "coordinates": [-71.4045871, 42.2978652]}, "properties": {"F_": 603, "District": "SOU", "Town": "Framingham", "Street": "Pierce St", "Retirmement_footage": 180, "Material": "CS", "Installation_footage": 200, "Size_s__to_Install_": "4\r", "lat": 42.2978652, "lon": -71.4045871, "Mapped_address": "Pierce St, Framingham, MA 01702, USA", "FID": 374}}, {"type": "Feature", "id": 375, "geometry": {"type": "Point", "coordinates": [-71.4628435, 42.3045262]}, "properties": {"F_": 604, "District": "SOU", "Town": "Framingham", "Street": "Pleasant St", "Retirmement_footage": 11149, "Material": "CS", "Installation_footage": 11160, "Size_s__to_Install_": "4\r", "lat": 42.3045262, "lon": -71.4628435, "Mapped_address": "Pleasant St, Framingham, MA 01701, USA", "FID": 375}}, {"type": "Feature", "id": 376, "geometry": {"type": "Point", "coordinates": [-71.4628435, 42.3045262]}, "properties": {"F_": 605, "District": "SOU", "Town": "Framingham", "Street": "Pleasant St", "Retirmement_footage": 751, "Material": "CS", "Installation_footage": 0, "Size_s__to_Install_": "n/a\r", "lat": 42.3045262, "lon": -71.4628435, "Mapped_address": "Pleasant St, Framingham, MA 01701, USA", "FID": 376}}, {"type": "Feature", "id": 377, "geometry": {"type": "Point", "coordinates": [-71.4051345, 42.2994777]}, "properties": {"F_": 606, "District": "SOU", "Town": "Framingham", "Street": "Richwood St / Walsh St", "Retirmement_footage": 1220, "Material": "BS, CS", "Installation_footage": 1435, "Size_s__to_Install_": "2\r", "lat": 42.2994777, "lon": -71.4051345, "Mapped_address": "Richwood St, Framingham, MA 01701, USA", "FID": 377}}, {"type": "Feature", "id": 378, "geometry": {"type": "Point", "coordinates": [-71.4044547, 42.2999445]}, "properties": {"F_": 606, "District": "SOU", "Town": "Framingham", "Street": "Richwood St / Walsh St", "Retirmement_footage": 1220, "Material": "BS, CS", "Installation_footage": 1435, "Size_s__to_Install_": "2\r", "lat": 42.2999445, "lon": -71.4044547, "Mapped_address": "Walsh St, Framingham, MA 01701, USA", "FID": 378}}, {"type": "Feature", "id": 379, "geometry": {"type": "Point", "coordinates": [-71.4478983, 42.2788882]}, "properties": {"F_": 607, "District": "SOU", "Town": "Framingham", "Street": "Ricky Dr", "Retirmement_footage": 1054, "Material": "CS", "Installation_footage": 1080, "Size_s__to_Install_": "4\r", "lat": 42.2788882, "lon": -71.4478983, "Mapped_address": "Rickey Dr, Framingham, MA 01702, USA", "FID": 379}}, {"type": "Feature", "id": 380, "geometry": {"type": "Point", "coordinates": [-71.4293942, 42.2930586]}, "properties": {"F_": 608, "District": "SOU", "Town": "Framingham", "Street": "River St", "Retirmement_footage": 297, "Material": "BS, CS", "Installation_footage": 320, "Size_s__to_Install_": "4\r", "lat": 42.2930586, "lon": -71.4293942, "Mapped_address": "River St, Framingham, MA 01702, USA", "FID": 380}}, {"type": "Feature", "id": 381, "geometry": {"type": "Point", "coordinates": [-71.4590184, 42.2901514]}, "properties": {"F_": 609, "District": "SOU", "Town": "Framingham", "Street": "Salem End Rd", "Retirmement_footage": 2656, "Material": "CS", "Installation_footage": 2680, "Size_s__to_Install_": "4\r", "lat": 42.2901514, "lon": -71.4590184, "Mapped_address": "Salem End Rd, Framingham, MA 01702, USA", "FID": 381}}, {"type": "Feature", "id": 382, "geometry": {"type": "Point", "coordinates": [-71.4076179, 42.2968783]}, "properties": {"F_": 611, "District": "SOU", "Town": "Framingham", "Street": "Sewell St", "Retirmement_footage": 292, "Material": "BS", "Installation_footage": 320, "Size_s__to_Install_": "4\r", "lat": 42.2968783, "lon": -71.4076179, "Mapped_address": "Sewell St, Framingham, MA 01702, USA", "FID": 382}}, {"type": "Feature", "id": 383, "geometry": {"type": "Point", "coordinates": [-71.4161516, 42.2883981]}, "properties": {"F_": 612, "District": "SOU", "Town": "Framingham", "Street": "Shawmut Ter", "Retirmement_footage": 515, "Material": "WI, BS", "Installation_footage": 520, "Size_s__to_Install_": "4\r", "lat": 42.2883981, "lon": -71.4161516, "Mapped_address": "Shawmut Terrace, Framingham, MA 01702, USA", "FID": 383}}, {"type": "Feature", "id": 384, "geometry": {"type": "Point", "coordinates": [-71.4489494, 42.2824834]}, "properties": {"F_": 613, "District": "SOU", "Town": "Framingham", "Street": "Singletary Ln", "Retirmement_footage": 2849, "Material": "CS", "Installation_footage": 2880, "Size_s__to_Install_": "4\r", "lat": 42.2824834, "lon": -71.4489494, "Mapped_address": "Singletary Ln, Framingham, MA 01702, USA", "FID": 384}}, {"type": "Feature", "id": 385, "geometry": {"type": "Point", "coordinates": [-71.4070435, 42.2993649]}, "properties": {"F_": 614, "District": "SOU", "Town": "Framingham", "Street": "Stugis Rd", "Retirmement_footage": 634, "Material": "CS, BS", "Installation_footage": 640, "Size_s__to_Install_": "4\r", "lat": 42.2993649, "lon": -71.4070435, "Mapped_address": "Sturgis Rd, Framingham, MA 01701, USA", "FID": 385}}, {"type": "Feature", "id": 386, "geometry": {"type": "Point", "coordinates": [-71.4134505, 42.3104598]}, "properties": {"F_": 615, "District": "SOU", "Town": "Framingham", "Street": "Summer Ln", "Retirmement_footage": 287, "Material": "CS", "Installation_footage": 320, "Size_s__to_Install_": "2\r", "lat": 42.3104598, "lon": -71.4134505, "Mapped_address": "Summer Ln, Framingham, MA 01701, USA", "FID": 386}}, {"type": "Feature", "id": 387, "geometry": {"type": "Point", "coordinates": [-71.4348608, 42.291983]}, "properties": {"F_": 616, "District": "SOU", "Town": "Framingham", "Street": "Swift Rd, Normal Hill Rd, Trafton Rd, Circle Dr", "Retirmement_footage": 1545, "Material": "CS, PD", "Installation_footage": 1560, "Size_s__to_Install_": "2\r", "lat": 42.291983, "lon": -71.4348608, "Mapped_address": "Circle Dr, Framingham, MA 01702, USA", "FID": 387}}, {"type": "Feature", "id": 388, "geometry": {"type": "Point", "coordinates": [-71.4335352, 42.2951636]}, "properties": {"F_": 616, "District": "SOU", "Town": "Framingham", "Street": "Swift Rd, Normal Hill Rd, Trafton Rd, Circle Dr", "Retirmement_footage": 1545, "Material": "CS, PD", "Installation_footage": 1560, "Size_s__to_Install_": "2\r", "lat": 42.2951636, "lon": -71.4335352, "Mapped_address": "Normal Hill Rd, Framingham, MA 01702, USA", "FID": 388}}, {"type": "Feature", "id": 389, "geometry": {"type": "Point", "coordinates": [-71.4343636, 42.2944539]}, "properties": {"F_": 616, "District": "SOU", "Town": "Framingham", "Street": "Swift Rd, Normal Hill Rd, Trafton Rd, Circle Dr", "Retirmement_footage": 1545, "Material": "CS, PD", "Installation_footage": 1560, "Size_s__to_Install_": "2\r", "lat": 42.2944539, "lon": -71.4343636, "Mapped_address": "Swift Rd, Framingham, MA 01702, USA", "FID": 389}}, {"type": "Feature", "id": 390, "geometry": {"type": "Point", "coordinates": [-71.4339544, 42.2924154]}, "properties": {"F_": 616, "District": "SOU", "Town": "Framingham", "Street": "Swift Rd, Normal Hill Rd, Trafton Rd, Circle Dr", "Retirmement_footage": 1545, "Material": "CS, PD", "Installation_footage": 1560, "Size_s__to_Install_": "2\r", "lat": 42.2924154, "lon": -71.4339544, "Mapped_address": "Trafton Rd, Framingham, MA 01702, USA", "FID": 390}}, {"type": "Feature", "id": 391, "geometry": {"type": "Point", "coordinates": [-71.4518152, 42.300098]}, "properties": {"F_": 617, "District": "SOU", "Town": "Framingham", "Street": "Temple St", "Retirmement_footage": 2880, "Material": "CS", "Installation_footage": 2880, "Size_s__to_Install_": "2\r", "lat": 42.300098, "lon": -71.4518152, "Mapped_address": "Temple St, Framingham, MA, USA", "FID": 391}}, {"type": "Feature", "id": 392, "geometry": {"type": "Point", "coordinates": [-71.4189121, 42.3270443]}, "properties": {"F_": 618, "District": "SOU", "Town": "Framingham", "Street": "Water St", "Retirmement_footage": 908, "Material": "CS", "Installation_footage": 920, "Size_s__to_Install_": "4\r", "lat": 42.3270443, "lon": -71.4189121, "Mapped_address": "Water St, Framingham, MA 01701, USA", "FID": 392}}, {"type": "Feature", "id": 393, "geometry": {"type": "Point", "coordinates": [-71.4189121, 42.3270443]}, "properties": {"F_": 619, "District": "SOU", "Town": "Framingham", "Street": "Water St", "Retirmement_footage": 3635, "Material": "CS", "Installation_footage": 3640, "Size_s__to_Install_": "4\r", "lat": 42.3270443, "lon": -71.4189121, "Mapped_address": "Water St, Framingham, MA 01701, USA", "FID": 393}}, {"type": "Feature", "id": 394, "geometry": {"type": "Point", "coordinates": [-71.4281776, 42.3341088]}, "properties": {"F_": 620, "District": "SOU", "Town": "Framingham", "Street": "Water St / Hemenway Rd / Gregory Rd", "Retirmement_footage": 2669, "Material": "CS, BS", "Installation_footage": 2680, "Size_s__to_Install_": "6, 2\r", "lat": 42.3341088, "lon": -71.4281776, "Mapped_address": "Gregory Rd, Framingham, MA 01701, USA", "FID": 394}}, {"type": "Feature", "id": 395, "geometry": {"type": "Point", "coordinates": [-71.4274442, 42.3391302]}, "properties": {"F_": 620, "District": "SOU", "Town": "Framingham", "Street": "Water St / Hemenway Rd / Gregory Rd", "Retirmement_footage": 2669, "Material": "CS, BS", "Installation_footage": 2680, "Size_s__to_Install_": "6, 2\r", "lat": 42.3391302, "lon": -71.4274442, "Mapped_address": "Hemenway Rd, Framingham, MA, USA", "FID": 395}}, {"type": "Feature", "id": 396, "geometry": {"type": "Point", "coordinates": [-71.4189121, 42.3270443]}, "properties": {"F_": 620, "District": "SOU", "Town": "Framingham", "Street": "Water St / Hemenway Rd / Gregory Rd", "Retirmement_footage": 2669, "Material": "CS, BS", "Installation_footage": 2680, "Size_s__to_Install_": "6, 2\r", "lat": 42.3270443, "lon": -71.4189121, "Mapped_address": "Water St, Framingham, MA 01701, USA", "FID": 396}}, {"type": "Feature", "id": 397, "geometry": {"type": "Point", "coordinates": [-71.4101704, 42.3271029]}, "properties": {"F_": 621, "District": "SOU", "Town": "Framingham", "Street": "Water St, Costa Cir, Cart Pth", "Retirmement_footage": 1270, "Material": "CS", "Installation_footage": 1280, "Size_s__to_Install_": "6, 2\r", "lat": 42.3271029, "lon": -71.4101704, "Mapped_address": "Cart Path, Framingham, MA 01701, USA", "FID": 397}}, {"type": "Feature", "id": 398, "geometry": {"type": "Point", "coordinates": [-71.4092252, 42.3271802]}, "properties": {"F_": 621, "District": "SOU", "Town": "Framingham", "Street": "Water St, Costa Cir, Cart Pth", "Retirmement_footage": 1270, "Material": "CS", "Installation_footage": 1280, "Size_s__to_Install_": "6, 2\r", "lat": 42.3271802, "lon": -71.4092252, "Mapped_address": "Costa Cir, Framingham, MA 01701, USA", "FID": 398}}, {"type": "Feature", "id": 399, "geometry": {"type": "Point", "coordinates": [-71.4189121, 42.3270443]}, "properties": {"F_": 621, "District": "SOU", "Town": "Framingham", "Street": "Water St, Costa Cir, Cart Pth", "Retirmement_footage": 1270, "Material": "CS", "Installation_footage": 1280, "Size_s__to_Install_": "6, 2\r", "lat": 42.3270443, "lon": -71.4189121, "Mapped_address": "Water St, Framingham, MA 01701, USA", "FID": 399}}, {"type": "Feature", "id": 400, "geometry": {"type": "Point", "coordinates": [-71.4225649, 42.2746095]}, "properties": {"F_": 622, "District": "SOU", "Town": "Framingham", "Street": "Waverly Ct", "Retirmement_footage": 40, "Material": "CS", "Installation_footage": 0, "Size_s__to_Install_": "n/a\r", "lat": 42.2746095, "lon": -71.4225649, "Mapped_address": "Waverly Ct, Framingham, MA 01702, USA", "FID": 400}}, {"type": "Feature", "id": 401, "geometry": {"type": "Point", "coordinates": [-71.1542269, 42.2322354]}, "properties": {"F_": 11, "District": "HYP", "Town": "Dedham", "Street": "Cedar St, Beech St", "Retirmement_footage": 1700, "Material": "BS, CS", "Installation_footage": 1720, "Size_s__to_Install_": "4, 2\r", "lat": 42.2322354, "lon": -71.1542269, "Mapped_address": "Beech St, Dedham, MA 02026, USA", "FID": 401}}, {"type": "Feature", "id": 402, "geometry": {"type": "Point", "coordinates": [-71.1528502, 42.2384577]}, "properties": {"F_": 11, "District": "HYP", "Town": "Dedham", "Street": "Cedar St, Beech St", "Retirmement_footage": 1700, "Material": "BS, CS", "Installation_footage": 1720, "Size_s__to_Install_": "4, 2\r", "lat": 42.2384577, "lon": -71.1528502, "Mapped_address": "Cedar St, Dedham, MA 02026, USA", "FID": 402}}, {"type": "Feature", "id": 403, "geometry": {"type": "Point", "coordinates": [-71.1560256, 42.2488559]}, "properties": {"F_": 12, "District": "HYP", "Town": "Dedham", "Street": "Chauncey St", "Retirmement_footage": 359, "Material": "BS", "Installation_footage": 360, "Size_s__to_Install_": "4\r", "lat": 42.2488559, "lon": -71.1560256, "Mapped_address": "Chauncey St, Dedham, MA 02026, USA", "FID": 403}}, {"type": "Feature", "id": 404, "geometry": {"type": "Point", "coordinates": [-71.1811074, 42.2483203]}, "properties": {"F_": 13, "District": "HYP", "Town": "Dedham", "Street": "Chestnut St, County St", "Retirmement_footage": 1262, "Material": "BS, CI", "Installation_footage": 1680, "Size_s__to_Install_": "2\r", "lat": 42.2483203, "lon": -71.1811074, "Mapped_address": "Chestnut St, Dedham, MA 02026, USA", "FID": 404}}, {"type": "Feature", "id": 405, "geometry": {"type": "Point", "coordinates": [-71.1792977, 42.2485396]}, "properties": {"F_": 13, "District": "HYP", "Town": "Dedham", "Street": "Chestnut St, County St", "Retirmement_footage": 1262, "Material": "BS, CI", "Installation_footage": 1680, "Size_s__to_Install_": "2\r", "lat": 42.2485396, "lon": -71.1792977, "Mapped_address": "County St, Dedham, MA 02026, USA", "FID": 405}}, {"type": "Feature", "id": 406, "geometry": {"type": "Point", "coordinates": [-71.1532018, 42.2369233]}, "properties": {"F_": 14, "District": "HYP", "Town": "Dedham", "Street": "Circuit Rd, Wood Rd, Fales Rd, Russell Rd, Pratt Ave", "Retirmement_footage": 2845, "Material": "BS", "Installation_footage": 3055, "Size_s__to_Install_": "4, 2\r", "lat": 42.2369233, "lon": -71.1532018, "Mapped_address": "Circuit Rd, Dedham, MA 02026, USA", "FID": 406}}, {"type": "Feature", "id": 407, "geometry": {"type": "Point", "coordinates": [-71.152639, 42.2372107]}, "properties": {"F_": 14, "District": "HYP", "Town": "Dedham", "Street": "Circuit Rd, Wood Rd, Fales Rd, Russell Rd, Pratt Ave", "Retirmement_footage": 2845, "Material": "BS", "Installation_footage": 3055, "Size_s__to_Install_": "4, 2\r", "lat": 42.2372107, "lon": -71.152639, "Mapped_address": "Fales Rd, Dedham, MA 02026, USA", "FID": 407}}, {"type": "Feature", "id": 408, "geometry": {"type": "Point", "coordinates": [-71.1502086, 42.2387327]}, "properties": {"F_": 14, "District": "HYP", "Town": "Dedham", "Street": "Circuit Rd, Wood Rd, Fales Rd, Russell Rd, Pratt Ave", "Retirmement_footage": 2845, "Material": "BS", "Installation_footage": 3055, "Size_s__to_Install_": "4, 2\r", "lat": 42.2387327, "lon": -71.1502086, "Mapped_address": "Pratt Ave, Dedham, MA 02026, USA", "FID": 408}}, {"type": "Feature", "id": 409, "geometry": {"type": "Point", "coordinates": [-71.152037, 42.2365823]}, "properties": {"F_": 14, "District": "HYP", "Town": "Dedham", "Street": "Circuit Rd, Wood Rd, Fales Rd, Russell Rd, Pratt Ave", "Retirmement_footage": 2845, "Material": "BS", "Installation_footage": 3055, "Size_s__to_Install_": "4, 2\r", "lat": 42.2365823, "lon": -71.152037, "Mapped_address": "Russell Rd, Dedham, MA 02026, USA", "FID": 409}}, {"type": "Feature", "id": 410, "geometry": {"type": "Point", "coordinates": [-71.153292, 42.237807]}, "properties": {"F_": 14, "District": "HYP", "Town": "Dedham", "Street": "Circuit Rd, Wood Rd, Fales Rd, Russell Rd, Pratt Ave", "Retirmement_footage": 2845, "Material": "BS", "Installation_footage": 3055, "Size_s__to_Install_": "4, 2\r", "lat": 42.237807, "lon": -71.153292, "Mapped_address": "Wood Rd, Dedham, MA 02026, USA", "FID": 410}}, {"type": "Feature", "id": 411, "geometry": {"type": "Point", "coordinates": [-71.1663477, 42.2467556]}, "properties": {"F_": 15, "District": "HYP", "Town": "Dedham", "Street": "Clark St / Eleanor St", "Retirmement_footage": 1521, "Material": "BS", "Installation_footage": 1671, "Size_s__to_Install_": "2\r", "lat": 42.2467556, "lon": -71.1663477, "Mapped_address": "Clark St, Dedham, MA 02026, USA", "FID": 411}}, {"type": "Feature", "id": 412, "geometry": {"type": "Point", "coordinates": [-71.1676948, 42.2461258]}, "properties": {"F_": 15, "District": "HYP", "Town": "Dedham", "Street": "Clark St / Eleanor St", "Retirmement_footage": 1521, "Material": "BS", "Installation_footage": 1671, "Size_s__to_Install_": "2\r", "lat": 42.2461258, "lon": -71.1676948, "Mapped_address": "Eleanor St, Dedham, MA 02026, USA", "FID": 412}}, {"type": "Feature", "id": 413, "geometry": {"type": "Point", "coordinates": [-71.1478095, 42.2502251]}, "properties": {"F_": 16, "District": "HYP", "Town": "Dedham", "Street": "Cleveland St, Harding Ter, Leonard St, Fleming St, Leonard St, Stafford St", "Retirmement_footage": 4836, "Material": "BS, CS, PL", "Installation_footage": 4840, "Size_s__to_Install_": "2\r", "lat": 42.2502251, "lon": -71.1478095, "Mapped_address": "Cleveland St, Dedham, MA 02026, USA", "FID": 413}}, {"type": "Feature", "id": 414, "geometry": {"type": "Point", "coordinates": [-71.1476511, 42.2487503]}, "properties": {"F_": 16, "District": "HYP", "Town": "Dedham", "Street": "Cleveland St, Harding Ter, Leonard St, Fleming St, Leonard St, Stafford St", "Retirmement_footage": 4836, "Material": "BS, CS, PL", "Installation_footage": 4840, "Size_s__to_Install_": "2\r", "lat": 42.2487503, "lon": -71.1476511, "Mapped_address": "Fleming St, Dedham, MA 02026, USA", "FID": 414}}, {"type": "Feature", "id": 415, "geometry": {"type": "Point", "coordinates": [-71.1494758, 42.2504004]}, "properties": {"F_": 16, "District": "HYP", "Town": "Dedham", "Street": "Cleveland St, Harding Ter, Leonard St, Fleming St, Leonard St, Stafford St", "Retirmement_footage": 4836, "Material": "BS, CS, PL", "Installation_footage": 4840, "Size_s__to_Install_": "2\r", "lat": 42.2504004, "lon": -71.1494758, "Mapped_address": "Harding Terrace, Dedham, MA 02026, USA", "FID": 415}}, {"type": "Feature", "id": 416, "geometry": {"type": "Point", "coordinates": [-71.148138, 42.2482203]}, "properties": {"F_": 16, "District": "HYP", "Town": "Dedham", "Street": "Cleveland St, Harding Ter, Leonard St, Fleming St, Leonard St, Stafford St", "Retirmement_footage": 4836, "Material": "BS, CS, PL", "Installation_footage": 4840, "Size_s__to_Install_": "2\r", "lat": 42.2482203, "lon": -71.148138, "Mapped_address": "Leonard St, Dedham, MA 02026, USA", "FID": 416}}, {"type": "Feature", "id": 417, "geometry": {"type": "Point", "coordinates": [-71.1513897, 42.2509837]}, "properties": {"F_": 16, "District": "HYP", "Town": "Dedham", "Street": "Cleveland St, Harding Ter, Leonard St, Fleming St, Leonard St, Stafford St", "Retirmement_footage": 4836, "Material": "BS, CS, PL", "Installation_footage": 4840, "Size_s__to_Install_": "2\r", "lat": 42.2509837, "lon": -71.1513897, "Mapped_address": "Stafford St, Dedham, MA 02026, USA", "FID": 417}}, {"type": "Feature", "id": 418, "geometry": {"type": "Point", "coordinates": [-71.1534771, 42.2517395]}, "properties": {"F_": 17, "District": "HYP", "Town": "Dedham", "Street": "Colburn St", "Retirmement_footage": 783, "Material": "BS, PD", "Installation_footage": 800, "Size_s__to_Install_": "4\r", "lat": 42.2517395, "lon": -71.1534771, "Mapped_address": "Colburn St, Dedham, MA 02026, USA", "FID": 418}}, {"type": "Feature", "id": 419, "geometry": {"type": "Point", "coordinates": [-71.1534771, 42.2517395]}, "properties": {"F_": 18, "District": "HYP", "Town": "Dedham", "Street": "Colburn St, Denmark St, Waldo St, Gould St", "Retirmement_footage": 2557, "Material": "BS", "Installation_footage": 2560, "Size_s__to_Install_": "4\r", "lat": 42.2517395, "lon": -71.1534771, "Mapped_address": "Colburn St, Dedham, MA 02026, USA", "FID": 419}}, {"type": "Feature", "id": 420, "geometry": {"type": "Point", "coordinates": [-71.1583637, 42.2504465]}, "properties": {"F_": 18, "District": "HYP", "Town": "Dedham", "Street": "Colburn St, Denmark St, Waldo St, Gould St", "Retirmement_footage": 2557, "Material": "BS", "Installation_footage": 2560, "Size_s__to_Install_": "4\r", "lat": 42.2504465, "lon": -71.1583637, "Mapped_address": "Denmark St, Dedham, MA 02026, USA", "FID": 420}}, {"type": "Feature", "id": 421, "geometry": {"type": "Point", "coordinates": [-71.1582887, 42.2515708]}, "properties": {"F_": 18, "District": "HYP", "Town": "Dedham", "Street": "Colburn St, Denmark St, Waldo St, Gould St", "Retirmement_footage": 2557, "Material": "BS", "Installation_footage": 2560, "Size_s__to_Install_": "4\r", "lat": 42.2515708, "lon": -71.1582887, "Mapped_address": "Gould St, Dedham, MA 02026, USA", "FID": 421}}, {"type": "Feature", "id": 422, "geometry": {"type": "Point", "coordinates": [-71.1582697, 42.250967]}, "properties": {"F_": 18, "District": "HYP", "Town": "Dedham", "Street": "Colburn St, Denmark St, Waldo St, Gould St", "Retirmement_footage": 2557, "Material": "BS", "Installation_footage": 2560, "Size_s__to_Install_": "4\r", "lat": 42.250967, "lon": -71.1582697, "Mapped_address": "Waldo St, Dedham, MA 02026, USA", "FID": 422}}, {"type": "Feature", "id": 423, "geometry": {"type": "Point", "coordinates": [-71.1534771, 42.2517395]}, "properties": {"F_": 19, "District": "HYP", "Town": "Dedham", "Street": "Colburn St submain", "Retirmement_footage": 176, "Material": "CS, PL", "Installation_footage": 200, "Size_s__to_Install_": "2\r", "lat": 42.2517395, "lon": -71.1534771, "Mapped_address": "Colburn St, Dedham, MA 02026, USA", "FID": 423}}, {"type": "Feature", "id": 424, "geometry": {"type": "Point", "coordinates": [-71.1478159, 42.2512998]}, "properties": {"F_": 20, "District": "HYP", "Town": "Dedham", "Street": "Dedham Blv", "Retirmement_footage": 302, "Material": "BS", "Installation_footage": 320, "Size_s__to_Install_": "12\r", "lat": 42.2512998, "lon": -71.1478159, "Mapped_address": "Dedham Blvd, Dedham, MA, USA", "FID": 424}}, {"type": "Feature", "id": 425, "geometry": {"type": "Point", "coordinates": [-71.1544925, 42.2315741]}, "properties": {"F_": 21, "District": "HYP", "Town": "Dedham", "Street": "Dresser Ave", "Retirmement_footage": 458, "Material": "BS", "Installation_footage": 480, "Size_s__to_Install_": "12\r", "lat": 42.2315741, "lon": -71.1544925, "Mapped_address": "Dresser Ave, Dedham, MA 02026, USA", "FID": 425}}, {"type": "Feature", "id": 426, "geometry": {"type": "Point", "coordinates": [-71.1544925, 42.2315741]}, "properties": {"F_": 22, "District": "HYP", "Town": "Dedham", "Street": "Dresser Ave, Kimball Ave", "Retirmement_footage": 1385, "Material": "BS", "Installation_footage": 840, "Size_s__to_Install_": "12\r", "lat": 42.2315741, "lon": -71.1544925, "Mapped_address": "Dresser Ave, Dedham, MA 02026, USA", "FID": 426}}, {"type": "Feature", "id": 427, "geometry": {"type": "Point", "coordinates": [-71.1544925, 42.2315741]}, "properties": {"F_": 22, "District": "HYP", "Town": "Dedham", "Street": "Dresser Ave, Kimball Ave", "Retirmement_footage": 1385, "Material": "BS", "Installation_footage": 840, "Size_s__to_Install_": "12\r", "lat": 42.2315741, "lon": -71.1544925, "Mapped_address": "Kimball Rd, Dedham, MA 02026, USA", "FID": 427}}, {"type": "Feature", "id": 428, "geometry": {"type": "Point", "coordinates": [-71.1542269, 42.2322354]}, "properties": {"F_": 23, "District": "HYP", "Town": "Dedham", "Street": "Dresser Ave, Kimball Ave, Beech St", "Retirmement_footage": 1487, "Material": "BS, PD", "Installation_footage": 1540, "Size_s__to_Install_": "2\r", "lat": 42.2322354, "lon": -71.1542269, "Mapped_address": "Beech St, Dedham, MA 02026, USA", "FID": 428}}, {"type": "Feature", "id": 429, "geometry": {"type": "Point", "coordinates": [-71.1544925, 42.2315741]}, "properties": {"F_": 23, "District": "HYP", "Town": "Dedham", "Street": "Dresser Ave, Kimball Ave, Beech St", "Retirmement_footage": 1487, "Material": "BS, PD", "Installation_footage": 1540, "Size_s__to_Install_": "2\r", "lat": 42.2315741, "lon": -71.1544925, "Mapped_address": "Dresser Ave, Dedham, MA 02026, USA", "FID": 429}}, {"type": "Feature", "id": 430, "geometry": {"type": "Point", "coordinates": [-71.1544925, 42.2315741]}, "properties": {"F_": 23, "District": "HYP", "Town": "Dedham", "Street": "Dresser Ave, Kimball Ave, Beech St", "Retirmement_footage": 1487, "Material": "BS, PD", "Installation_footage": 1540, "Size_s__to_Install_": "2\r", "lat": 42.2315741, "lon": -71.1544925, "Mapped_address": "Kimball Rd, Dedham, MA 02026, USA", "FID": 430}}, {"type": "Feature", "id": 431, "geometry": {"type": "Point", "coordinates": [-71.1645766, 42.2391323]}, "properties": {"F_": 24, "District": "HYP", "Town": "Dedham", "Street": "East St", "Retirmement_footage": 850, "Material": "BS", "Installation_footage": 850, "Size_s__to_Install_": "12\r", "lat": 42.2391323, "lon": -71.1645766, "Mapped_address": "East St, Dedham, MA, USA", "FID": 431}}, {"type": "Feature", "id": 432, "geometry": {"type": "Point", "coordinates": [-71.1645766, 42.2391323]}, "properties": {"F_": 25, "District": "HYP", "Town": "Dedham", "Street": "East St", "Retirmement_footage": 2500, "Material": "CS", "Installation_footage": 2520, "Size_s__to_Install_": "12\r", "lat": 42.2391323, "lon": -71.1645766, "Mapped_address": "East St, Dedham, MA, USA", "FID": 432}}, {"type": "Feature", "id": 433, "geometry": {"type": "Point", "coordinates": [-71.1645766, 42.2391323]}, "properties": {"F_": 26, "District": "HYP", "Town": "Dedham", "Street": "East St, Hermaine Ave, Upland Rd, Preston St", "Retirmement_footage": 3033, "Material": "BS, CS, PL", "Installation_footage": 3040, "Size_s__to_Install_": "12, 2\r", "lat": 42.2391323, "lon": -71.1645766, "Mapped_address": "East St, Dedham, MA, USA", "FID": 433}}, {"type": "Feature", "id": 434, "geometry": {"type": "Point", "coordinates": [-71.1590185, 42.2305319]}, "properties": {"F_": 26, "District": "HYP", "Town": "Dedham", "Street": "East St, Hermaine Ave, Upland Rd, Preston St", "Retirmement_footage": 3033, "Material": "BS, CS, PL", "Installation_footage": 3040, "Size_s__to_Install_": "12, 2\r", "lat": 42.2305319, "lon": -71.1590185, "Mapped_address": "Hermaine Ave, Dedham, MA 02026, USA", "FID": 434}}, {"type": "Feature", "id": 435, "geometry": {"type": "Point", "coordinates": [-71.1608382, 42.2287063]}, "properties": {"F_": 26, "District": "HYP", "Town": "Dedham", "Street": "East St, Hermaine Ave, Upland Rd, Preston St", "Retirmement_footage": 3033, "Material": "BS, CS, PL", "Installation_footage": 3040, "Size_s__to_Install_": "12, 2\r", "lat": 42.2287063, "lon": -71.1608382, "Mapped_address": "Preston St, Dedham, MA 02026, USA", "FID": 435}}, {"type": "Feature", "id": 436, "geometry": {"type": "Point", "coordinates": [-71.1582373, 42.2296451]}, "properties": {"F_": 26, "District": "HYP", "Town": "Dedham", "Street": "East St, Hermaine Ave, Upland Rd, Preston St", "Retirmement_footage": 3033, "Material": "BS, CS, PL", "Installation_footage": 3040, "Size_s__to_Install_": "12, 2\r", "lat": 42.2296451, "lon": -71.1582373, "Mapped_address": "Upland Rd, Dedham, MA 02026, USA", "FID": 436}}, {"type": "Feature", "id": 437, "geometry": {"type": "Point", "coordinates": [-71.1773893, 42.2287847]}, "properties": {"F_": 27, "District": "HYP", "Town": "Dedham", "Street": "Elm St, Rustcraft Rd", "Retirmement_footage": 3960, "Material": "BS, CS", "Installation_footage": 3960, "Size_s__to_Install_": "6\r", "lat": 42.2287847, "lon": -71.1773893, "Mapped_address": "Elm St, Dedham, MA, USA", "FID": 437}}, {"type": "Feature", "id": 438, "geometry": {"type": "Point", "coordinates": [-71.1710442, 42.2305004]}, "properties": {"F_": 27, "District": "HYP", "Town": "Dedham", "Street": "Elm St, Rustcraft Rd", "Retirmement_footage": 3960, "Material": "BS, CS", "Installation_footage": 3960, "Size_s__to_Install_": "6\r", "lat": 42.2305004, "lon": -71.1710442, "Mapped_address": "Rustcraft Rd, Dedham, MA 02026, USA", "FID": 438}}, {"type": "Feature", "id": 439, "geometry": {"type": "Point", "coordinates": [-71.1766172, 42.2575688]}, "properties": {"F_": 28, "District": "HYP", "Town": "Dedham", "Street": "Fisher Rd, Maynard Rd, Maynard Rd", "Retirmement_footage": 986, "Material": "BS", "Installation_footage": 1000, "Size_s__to_Install_": "2\r", "lat": 42.2575688, "lon": -71.1766172, "Mapped_address": "Fisher Rd, Dedham, MA 02026, USA", "FID": 439}}, {"type": "Feature", "id": 440, "geometry": {"type": "Point", "coordinates": [-71.1764057, 42.2570407]}, "properties": {"F_": 28, "District": "HYP", "Town": "Dedham", "Street": "Fisher Rd, Maynard Rd, Maynard Rd", "Retirmement_footage": 986, "Material": "BS", "Installation_footage": 1000, "Size_s__to_Install_": "2\r", "lat": 42.2570407, "lon": -71.1764057, "Mapped_address": "Maynard Rd, Dedham, MA 02026, USA", "FID": 440}}, {"type": "Feature", "id": 441, "geometry": {"type": "Point", "coordinates": [-71.1487179, 42.2270177]}, "properties": {"F_": 29, "District": "HYP", "Town": "Dedham", "Street": "Gainsville Rd, Glen Rd, Hillsdale Rd", "Retirmement_footage": 2140, "Material": "CS, BS", "Installation_footage": 2160, "Size_s__to_Install_": "4, 2\r", "lat": 42.2270177, "lon": -71.1487179, "Mapped_address": "Gainsville Rd, Dedham, MA 02026, USA", "FID": 441}}, {"type": "Feature", "id": 442, "geometry": {"type": "Point", "coordinates": [-71.1507054, 42.226477]}, "properties": {"F_": 29, "District": "HYP", "Town": "Dedham", "Street": "Gainsville Rd, Glen Rd, Hillsdale Rd", "Retirmement_footage": 2140, "Material": "CS, BS", "Installation_footage": 2160, "Size_s__to_Install_": "4, 2\r", "lat": 42.226477, "lon": -71.1507054, "Mapped_address": "Glen Rd, Dedham, MA 02026, USA", "FID": 442}}, {"type": "Feature", "id": 443, "geometry": {"type": "Point", "coordinates": [-71.1477186, 42.2287178]}, "properties": {"F_": 29, "District": "HYP", "Town": "Dedham", "Street": "Gainsville Rd, Glen Rd, Hillsdale Rd", "Retirmement_footage": 2140, "Material": "CS, BS", "Installation_footage": 2160, "Size_s__to_Install_": "4, 2\r", "lat": 42.2287178, "lon": -71.1477186, "Mapped_address": "Hillsdale Rd, Dedham, MA 02026, USA", "FID": 443}}, {"type": "Feature", "id": 444, "geometry": {"type": "Point", "coordinates": [-71.1469664, 42.2260448]}, "properties": {"F_": 30, "District": "HYP", "Town": "Dedham", "Street": "Goshen Rd, main in ROW, Hastings Rd, Trenton Rd", "Retirmement_footage": 2081, "Material": "BS, PD", "Installation_footage": 2169, "Size_s__to_Install_": "2\r", "lat": 42.2260448, "lon": -71.1469664, "Mapped_address": "Goshen Rd, Dedham, MA 02026, USA", "FID": 444}}, {"type": "Feature", "id": 445, "geometry": {"type": "Point", "coordinates": [-71.1462888, 42.2256177]}, "properties": {"F_": 30, "District": "HYP", "Town": "Dedham", "Street": "Goshen Rd, main in ROW, Hastings Rd, Trenton Rd", "Retirmement_footage": 2081, "Material": "BS, PD", "Installation_footage": 2169, "Size_s__to_Install_": "2\r", "lat": 42.2256177, "lon": -71.1462888, "Mapped_address": "Hastings Rd, Dedham, MA 02026, USA", "FID": 445}}, {"type": "Feature", "id": 446, "geometry": {"type": "Point", "coordinates": [-71.1434415, 42.2272583]}, "properties": {"F_": 30, "District": "HYP", "Town": "Dedham", "Street": "Goshen Rd, main in ROW, Hastings Rd, Trenton Rd", "Retirmement_footage": 2081, "Material": "BS, PD", "Installation_footage": 2169, "Size_s__to_Install_": "2\r", "lat": 42.2272583, "lon": -71.1434415, "Mapped_address": "Trenton Rd, Dedham, MA 02026, USA", "FID": 446}}, {"type": "Feature", "id": 447, "geometry": {"type": "Point", "coordinates": [-71.2017664, 42.2445106]}, "properties": {"F_": 31, "District": "HYP", "Town": "Dedham", "Street": "High St", "Retirmement_footage": 2430, "Material": "CI", "Installation_footage": 2440, "Size_s__to_Install_": "8\r", "lat": 42.2445106, "lon": -71.2017664, "Mapped_address": "High St, Dedham, MA, USA", "FID": 447}}, {"type": "Feature", "id": 448, "geometry": {"type": "Point", "coordinates": [-71.1565482, 42.2477443]}, "properties": {"F_": 32, "District": "HYP", "Town": "Dedham", "Street": "High St, Echo Ln, Felix St, Pottery Ln", "Retirmement_footage": 2203, "Material": "CI, BS", "Installation_footage": 2240, "Size_s__to_Install_": "8\r", "lat": 42.2477443, "lon": -71.1565482, "Mapped_address": "Echo Ln, Dedham, MA 02026, USA", "FID": 448}}, {"type": "Feature", "id": 449, "geometry": {"type": "Point", "coordinates": [-71.1582896, 42.2482526]}, "properties": {"F_": 32, "District": "HYP", "Town": "Dedham", "Street": "High St, Echo Ln, Felix St, Pottery Ln", "Retirmement_footage": 2203, "Material": "CI, BS", "Installation_footage": 2240, "Size_s__to_Install_": "8\r", "lat": 42.2482526, "lon": -71.1582896, "Mapped_address": "Felix St, Dedham, MA 02026, USA", "FID": 449}}, {"type": "Feature", "id": 450, "geometry": {"type": "Point", "coordinates": [-71.2017664, 42.2445106]}, "properties": {"F_": 32, "District": "HYP", "Town": "Dedham", "Street": "High St, Echo Ln, Felix St, Pottery Ln", "Retirmement_footage": 2203, "Material": "CI, BS", "Installation_footage": 2240, "Size_s__to_Install_": "8\r", "lat": 42.2445106, "lon": -71.2017664, "Mapped_address": "High St, Dedham, MA, USA", "FID": 450}}, {"type": "Feature", "id": 451, "geometry": {"type": "Point", "coordinates": [-71.1604321, 42.2476743]}, "properties": {"F_": 32, "District": "HYP", "Town": "Dedham", "Street": "High St, Echo Ln, Felix St, Pottery Ln", "Retirmement_footage": 2203, "Material": "CI, BS", "Installation_footage": 2240, "Size_s__to_Install_": "8\r", "lat": 42.2476743, "lon": -71.1604321, "Mapped_address": "Pottery Ln, Dedham, MA 02026, USA", "FID": 451}}, {"type": "Feature", "id": 452, "geometry": {"type": "Point", "coordinates": [-71.1779394, 42.2712191]}, "properties": {"F_": 33, "District": "HYP", "Town": "Dedham", "Street": "Hillside Rd, Parker Staples Rd", "Retirmement_footage": 1710, "Material": "BS", "Installation_footage": 1720, "Size_s__to_Install_": "4, 2\r", "lat": 42.2712191, "lon": -71.1779394, "Mapped_address": "Hillside Rd, Dedham, MA 02026, USA", "FID": 452}}, {"type": "Feature", "id": 453, "geometry": {"type": "Point", "coordinates": [-71.1789126, 42.2712592]}, "properties": {"F_": 33, "District": "HYP", "Town": "Dedham", "Street": "Hillside Rd, Parker Staples Rd", "Retirmement_footage": 1710, "Material": "BS", "Installation_footage": 1720, "Size_s__to_Install_": "4, 2\r", "lat": 42.2712592, "lon": -71.1789126, "Mapped_address": "Parker Staples Rd, Dedham, MA 02026, USA", "FID": 453}}, {"type": "Feature", "id": 454, "geometry": {"type": "Point", "coordinates": [-71.1800306, 42.2633863]}, "properties": {"F_": 34, "District": "HYP", "Town": "Dedham", "Street": "Kiely Rd", "Retirmement_footage": 735, "Material": "BS", "Installation_footage": 760, "Size_s__to_Install_": "6\r", "lat": 42.2633863, "lon": -71.1800306, "Mapped_address": "Kiely Rd, Dedham, MA 02026, USA", "FID": 454}}, {"type": "Feature", "id": 455, "geometry": {"type": "Point", "coordinates": [-71.1733054, 42.2497633]}, "properties": {"F_": 35, "District": "HYP", "Town": "Dedham", "Street": "Maple Pl, ROW", "Retirmement_footage": 1236, "Material": "BS, CS", "Installation_footage": 1240, "Size_s__to_Install_": "6\r", "lat": 42.2497633, "lon": -71.1733054, "Mapped_address": "Maple Pl, Dedham, MA 02026, USA", "FID": 455}}, {"type": "Feature", "id": 456, "geometry": {"type": "Point", "coordinates": [-71.1492994, 42.243739]}, "properties": {"F_": 36, "District": "HYP", "Town": "Dedham", "Street": "Milton St / Flanagan Pl / Cliff Way", "Retirmement_footage": 3242, "Material": "CI,BS", "Installation_footage": 3280, "Size_s__to_Install_": "8,4\r", "lat": 42.243739, "lon": -71.1492994, "Mapped_address": "Cliff Way, Dedham, MA 02026, USA", "FID": 456}}, {"type": "Feature", "id": 457, "geometry": {"type": "Point", "coordinates": [-71.1501335, 42.2438297]}, "properties": {"F_": 36, "District": "HYP", "Town": "Dedham", "Street": "Milton St / Flanagan Pl / Cliff Way", "Retirmement_footage": 3242, "Material": "CI,BS", "Installation_footage": 3280, "Size_s__to_Install_": "8,4\r", "lat": 42.2438297, "lon": -71.1501335, "Mapped_address": "Flanagan Pl, Dedham, MA 02026, USA", "FID": 457}}, {"type": "Feature", "id": 458, "geometry": {"type": "Point", "coordinates": [-71.1499804, 42.2437114]}, "properties": {"F_": 36, "District": "HYP", "Town": "Dedham", "Street": "Milton St / Flanagan Pl / Cliff Way", "Retirmement_footage": 3242, "Material": "CI,BS", "Installation_footage": 3280, "Size_s__to_Install_": "8,4\r", "lat": 42.2437114, "lon": -71.1499804, "Mapped_address": "Milton St, Dedham, MA 02026, USA", "FID": 458}}, {"type": "Feature", "id": 459, "geometry": {"type": "Point", "coordinates": [-71.1599938, 42.2351282]}, "properties": {"F_": 37, "District": "HYP", "Town": "Dedham", "Street": "Monroe St / Elmwood Ave", "Retirmement_footage": 1414, "Material": "CI, BS", "Installation_footage": 1440, "Size_s__to_Install_": "4\r", "lat": 42.2351282, "lon": -71.1599938, "Mapped_address": "Elmwood Ave, Dedham, MA 02026, USA", "FID": 459}}, {"type": "Feature", "id": 460, "geometry": {"type": "Point", "coordinates": [-71.15988, 42.2373178]}, "properties": {"F_": 37, "District": "HYP", "Town": "Dedham", "Street": "Monroe St / Elmwood Ave", "Retirmement_footage": 1414, "Material": "CI, BS", "Installation_footage": 1440, "Size_s__to_Install_": "4\r", "lat": 42.2373178, "lon": -71.15988, "Mapped_address": "Monroe St, Dedham, MA 02026, USA", "FID": 460}}, {"type": "Feature", "id": 461, "geometry": {"type": "Point", "coordinates": [-71.1859393, 42.2687875]}, "properties": {"F_": 38, "District": "HYP", "Town": "Dedham", "Street": "Needham St", "Retirmement_footage": 933, "Material": "BS", "Installation_footage": 960, "Size_s__to_Install_": "8\r", "lat": 42.2687875, "lon": -71.1859393, "Mapped_address": "Needham St, Dedham, MA 02026, USA", "FID": 461}}, {"type": "Feature", "id": 462, "geometry": {"type": "Point", "coordinates": [-71.1606021, 42.2552493]}, "properties": {"F_": 39, "District": "HYP", "Town": "Dedham", "Street": "Oak St", "Retirmement_footage": 1708, "Material": "BS", "Installation_footage": 1720, "Size_s__to_Install_": "4\r", "lat": 42.2552493, "lon": -71.1606021, "Mapped_address": "Oak St, Dedham, MA 02026, USA", "FID": 462}}, {"type": "Feature", "id": 463, "geometry": {"type": "Point", "coordinates": [-71.1788817, 42.2552063]}, "properties": {"F_": 40, "District": "HYP", "Town": "Dedham", "Street": "Pleasant St, Pleasant Ln, Fuller St", "Retirmement_footage": 1383, "Material": "BS, CS", "Installation_footage": 1400, "Size_s__to_Install_": "4, 2\r", "lat": 42.2552063, "lon": -71.1788817, "Mapped_address": "Fuller St, Dedham, MA 02026, USA", "FID": 463}}, {"type": "Feature", "id": 464, "geometry": {"type": "Point", "coordinates": [-71.1780895, 42.2540604]}, "properties": {"F_": 40, "District": "HYP", "Town": "Dedham", "Street": "Pleasant St, Pleasant Ln, Fuller St", "Retirmement_footage": 1383, "Material": "BS, CS", "Installation_footage": 1400, "Size_s__to_Install_": "4, 2\r", "lat": 42.2540604, "lon": -71.1780895, "Mapped_address": "Pleasant St, Dedham, MA 02026, USA", "FID": 464}}, {"type": "Feature", "id": 465, "geometry": {"type": "Point", "coordinates": [-71.1502086, 42.2387327]}, "properties": {"F_": 41, "District": "HYP", "Town": "Dedham", "Street": "Pratt Ave", "Retirmement_footage": 613, "Material": "BS", "Installation_footage": 640, "Size_s__to_Install_": "2\r", "lat": 42.2387327, "lon": -71.1502086, "Mapped_address": "Pratt Ave, Dedham, MA 02026, USA", "FID": 465}}, {"type": "Feature", "id": 466, "geometry": {"type": "Point", "coordinates": [-71.1608382, 42.2287063]}, "properties": {"F_": 42, "District": "HYP", "Town": "Dedham", "Street": "Preston St / Rosen Rd", "Retirmement_footage": 913, "Material": "BS", "Installation_footage": 980, "Size_s__to_Install_": "2\r", "lat": 42.2287063, "lon": -71.1608382, "Mapped_address": "Preston St, Dedham, MA 02026, USA", "FID": 466}}, {"type": "Feature", "id": 467, "geometry": {"type": "Point", "coordinates": [-71.1576752, 42.2281921]}, "properties": {"F_": 42, "District": "HYP", "Town": "Dedham", "Street": "Preston St / Rosen Rd", "Retirmement_footage": 913, "Material": "BS", "Installation_footage": 980, "Size_s__to_Install_": "2\r", "lat": 42.2281921, "lon": -71.1576752, "Mapped_address": "Rosen Rd, Dedham, MA 02026, USA", "FID": 467}}, {"type": "Feature", "id": 468, "geometry": {"type": "Point", "coordinates": [-71.1648371, 42.2420397]}, "properties": {"F_": 43, "District": "HYP", "Town": "Dedham", "Street": "Puritan Ln", "Retirmement_footage": 661, "Material": "BS", "Installation_footage": 680, "Size_s__to_Install_": "2\r", "lat": 42.2420397, "lon": -71.1648371, "Mapped_address": "Puritan Ln, Dedham, MA 02026, USA", "FID": 468}}, {"type": "Feature", "id": 469, "geometry": {"type": "Point", "coordinates": [-71.1459961, 42.2416242]}, "properties": {"F_": 44, "District": "HYP", "Town": "Dedham", "Street": "Quincy Ave / Atkins St / Whiting Ave", "Retirmement_footage": 918, "Material": "BS, CS, PL", "Installation_footage": 749, "Size_s__to_Install_": "12, 4\r", "lat": 42.2416242, "lon": -71.1459961, "Mapped_address": "Atkins St, Dedham, MA 02026, USA", "FID": 469}}, {"type": "Feature", "id": 470, "geometry": {"type": "Point", "coordinates": [-71.1503425, 42.2395776]}, "properties": {"F_": 44, "District": "HYP", "Town": "Dedham", "Street": "Quincy Ave / Atkins St / Whiting Ave", "Retirmement_footage": 918, "Material": "BS, CS, PL", "Installation_footage": 749, "Size_s__to_Install_": "12, 4\r", "lat": 42.2395776, "lon": -71.1503425, "Mapped_address": "Quincy Ave, Dedham, MA 02026, USA", "FID": 470}}, {"type": "Feature", "id": 471, "geometry": {"type": "Point", "coordinates": [-71.1558799, 42.2446264]}, "properties": {"F_": 44, "District": "HYP", "Town": "Dedham", "Street": "Quincy Ave / Atkins St / Whiting Ave", "Retirmement_footage": 918, "Material": "BS, CS, PL", "Installation_footage": 749, "Size_s__to_Install_": "12, 4\r", "lat": 42.2446264, "lon": -71.1558799, "Mapped_address": "Whiting Ave, Dedham, MA 02026, USA", "FID": 471}}, {"type": "Feature", "id": 472, "geometry": {"type": "Point", "coordinates": [-71.1631459, 42.2343069]}, "properties": {"F_": 45, "District": "HYP", "Town": "Dedham", "Street": "Rustcraft Rd, Madison St, Ford St, Hobart Rd, Iverson Way", "Retirmement_footage": 2483, "Material": "BS, PL", "Installation_footage": 1685, "Size_s__to_Install_": "2\r", "lat": 42.2343069, "lon": -71.1631459, "Mapped_address": "Ford St, Dedham, MA 02026, USA", "FID": 472}}, {"type": "Feature", "id": 473, "geometry": {"type": "Point", "coordinates": [-71.1640434, 42.2343426]}, "properties": {"F_": 45, "District": "HYP", "Town": "Dedham", "Street": "Rustcraft Rd, Madison St, Ford St, Hobart Rd, Iverson Way", "Retirmement_footage": 2483, "Material": "BS, PL", "Installation_footage": 1685, "Size_s__to_Install_": "2\r", "lat": 42.2343426, "lon": -71.1640434, "Mapped_address": "Hobart St, Dedham, MA 02026, USA", "FID": 473}}, {"type": "Feature", "id": 474, "geometry": {"type": "Point", "coordinates": [-71.1643099, 42.2335843]}, "properties": {"F_": 45, "District": "HYP", "Town": "Dedham", "Street": "Rustcraft Rd, Madison St, Ford St, Hobart Rd, Iverson Way", "Retirmement_footage": 2483, "Material": "BS, PL", "Installation_footage": 1685, "Size_s__to_Install_": "2\r", "lat": 42.2335843, "lon": -71.1643099, "Mapped_address": "Iverson Way, Dedham, MA 02026, USA", "FID": 474}}, {"type": "Feature", "id": 475, "geometry": {"type": "Point", "coordinates": [-71.1591461, 42.2365491]}, "properties": {"F_": 45, "District": "HYP", "Town": "Dedham", "Street": "Rustcraft Rd, Madison St, Ford St, Hobart Rd, Iverson Way", "Retirmement_footage": 2483, "Material": "BS, PL", "Installation_footage": 1685, "Size_s__to_Install_": "2\r", "lat": 42.2365491, "lon": -71.1591461, "Mapped_address": "Madison St, Dedham, MA 02026, USA", "FID": 475}}, {"type": "Feature", "id": 476, "geometry": {"type": "Point", "coordinates": [-71.1710442, 42.2305004]}, "properties": {"F_": 45, "District": "HYP", "Town": "Dedham", "Street": "Rustcraft Rd, Madison St, Ford St, Hobart Rd, Iverson Way", "Retirmement_footage": 2483, "Material": "BS, PL", "Installation_footage": 1685, "Size_s__to_Install_": "2\r", "lat": 42.2305004, "lon": -71.1710442, "Mapped_address": "Rustcraft Rd, Dedham, MA 02026, USA", "FID": 476}}, {"type": "Feature", "id": 477, "geometry": {"type": "Point", "coordinates": [-71.1760372, 42.2468227]}, "properties": {"F_": 46, "District": "HYP", "Town": "Dedham", "Street": "School St / Worthington St", "Retirmement_footage": 1193, "Material": "CS, BS", "Installation_footage": 1200, "Size_s__to_Install_": "4\r", "lat": 42.2468227, "lon": -71.1760372, "Mapped_address": "School St, Dedham, MA 02026, USA", "FID": 477}}, {"type": "Feature", "id": 478, "geometry": {"type": "Point", "coordinates": [-71.1756503, 42.2460511]}, "properties": {"F_": 46, "District": "HYP", "Town": "Dedham", "Street": "School St / Worthington St", "Retirmement_footage": 1193, "Material": "CS, BS", "Installation_footage": 1200, "Size_s__to_Install_": "4\r", "lat": 42.2460511, "lon": -71.1756503, "Mapped_address": "Worthington St, Dedham, MA 02026, USA", "FID": 478}}, {"type": "Feature", "id": 479, "geometry": {"type": "Point", "coordinates": [-71.1469046, 42.2306696]}, "properties": {"F_": 47, "District": "HYP", "Town": "Dedham", "Street": "Sprague St / Upland Rd / Top Hill Ave", "Retirmement_footage": 669, "Material": "BS", "Installation_footage": 442, "Size_s__to_Install_": "2\r", "lat": 42.2306696, "lon": -71.1469046, "Mapped_address": "Sprague St, Dedham, MA, USA", "FID": 479}}, {"type": "Feature", "id": 480, "geometry": {"type": "Point", "coordinates": [-71.1583715, 42.2310002]}, "properties": {"F_": 47, "District": "HYP", "Town": "Dedham", "Street": "Sprague St / Upland Rd / Top Hill Ave", "Retirmement_footage": 669, "Material": "BS", "Installation_footage": 442, "Size_s__to_Install_": "2\r", "lat": 42.2310002, "lon": -71.1583715, "Mapped_address": "Top Hill Ave, Dedham, MA 02026, USA", "FID": 480}}, {"type": "Feature", "id": 481, "geometry": {"type": "Point", "coordinates": [-71.1582373, 42.2296451]}, "properties": {"F_": 47, "District": "HYP", "Town": "Dedham", "Street": "Sprague St / Upland Rd / Top Hill Ave", "Retirmement_footage": 669, "Material": "BS", "Installation_footage": 442, "Size_s__to_Install_": "2\r", "lat": 42.2296451, "lon": -71.1582373, "Mapped_address": "Upland Rd, Dedham, MA 02026, USA", "FID": 481}}, {"type": "Feature", "id": 482, "geometry": {"type": "Point", "coordinates": [-71.1547707, 42.2279164]}, "properties": {"F_": 48, "District": "HYP", "Town": "Dedham", "Street": "Stoughton Rd", "Retirmement_footage": 1248, "Material": "BS", "Installation_footage": 1280, "Size_s__to_Install_": "6\r", "lat": 42.2279164, "lon": -71.1547707, "Mapped_address": "Stoughton Rd, Dedham, MA 02026, USA", "FID": 482}}, {"type": "Feature", "id": 483, "geometry": {"type": "Point", "coordinates": [-71.1644463, 42.2356379]}, "properties": {"F_": 49, "District": "HYP", "Town": "Dedham", "Street": "Thompson St", "Retirmement_footage": 437, "Material": "BS", "Installation_footage": 440, "Size_s__to_Install_": "4\r", "lat": 42.2356379, "lon": -71.1644463, "Mapped_address": "Thompson St, Dedham, MA 02026, USA", "FID": 483}}, {"type": "Feature", "id": 484, "geometry": {"type": "Point", "coordinates": [-71.1610789, 42.2203843]}, "properties": {"F_": 50, "District": "HYP", "Town": "Dedham", "Street": "Vincent Rd", "Retirmement_footage": 3930, "Material": "CS, BS", "Installation_footage": 3960, "Size_s__to_Install_": "6\r", "lat": 42.2203843, "lon": -71.1610789, "Mapped_address": "Vincent Rd, Dedham, MA 02026, USA", "FID": 484}}, {"type": "Feature", "id": 485, "geometry": {"type": "Point", "coordinates": [-71.1579552, 42.2201209]}, "properties": {"F_": 51, "District": "HYP", "Town": "Dedham", "Street": "Vincent Rd, Greenlodge St, Indian Pth, Quarry Rd, Cranberry Ln, Mayfair Rd, Fillmore Rd, Roosevelt Rd", "Retirmement_footage": 6423, "Material": "BS, CS, PL", "Installation_footage": 6440, "Size_s__to_Install_": "2\r", "lat": 42.2201209, "lon": -71.1579552, "Mapped_address": "Cranberry Ln, Dedham, MA 02026, USA", "FID": 485}}, {"type": "Feature", "id": 486, "geometry": {"type": "Point", "coordinates": [-71.1532164, 42.218789]}, "properties": {"F_": 51, "District": "HYP", "Town": "Dedham", "Street": "Vincent Rd, Greenlodge St, Indian Pth, Quarry Rd, Cranberry Ln, Mayfair Rd, Fillmore Rd, Roosevelt Rd", "Retirmement_footage": 6423, "Material": "BS, CS, PL", "Installation_footage": 6440, "Size_s__to_Install_": "2\r", "lat": 42.218789, "lon": -71.1532164, "Mapped_address": "Fillmore Rd, Dedham, MA 02026, USA", "FID": 486}}, {"type": "Feature", "id": 487, "geometry": {"type": "Point", "coordinates": [-71.1558916, 42.2235976]}, "properties": {"F_": 51, "District": "HYP", "Town": "Dedham", "Street": "Vincent Rd, Greenlodge St, Indian Pth, Quarry Rd, Cranberry Ln, Mayfair Rd, Fillmore Rd, Roosevelt Rd", "Retirmement_footage": 6423, "Material": "BS, CS, PL", "Installation_footage": 6440, "Size_s__to_Install_": "2\r", "lat": 42.2235976, "lon": -71.1558916, "Mapped_address": "Greenlodge St, Dedham, MA 02026, USA", "FID": 487}}, {"type": "Feature", "id": 488, "geometry": {"type": "Point", "coordinates": [-71.1568271, 42.2204788]}, "properties": {"F_": 51, "District": "HYP", "Town": "Dedham", "Street": "Vincent Rd, Greenlodge St, Indian Pth, Quarry Rd, Cranberry Ln, Mayfair Rd, Fillmore Rd, Roosevelt Rd", "Retirmement_footage": 6423, "Material": "BS, CS, PL", "Installation_footage": 6440, "Size_s__to_Install_": "2\r", "lat": 42.2204788, "lon": -71.1568271, "Mapped_address": "Indian Path, Dedham, MA 02026, USA", "FID": 488}}, {"type": "Feature", "id": 489, "geometry": {"type": "Point", "coordinates": [-71.1555642, 42.2207207]}, "properties": {"F_": 51, "District": "HYP", "Town": "Dedham", "Street": "Vincent Rd, Greenlodge St, Indian Pth, Quarry Rd, Cranberry Ln, Mayfair Rd, Fillmore Rd, Roosevelt Rd", "Retirmement_footage": 6423, "Material": "BS, CS, PL", "Installation_footage": 6440, "Size_s__to_Install_": "2\r", "lat": 42.2207207, "lon": -71.1555642, "Mapped_address": "Mayfair Rd, Dedham, MA 02026, USA", "FID": 489}}, {"type": "Feature", "id": 490, "geometry": {"type": "Point", "coordinates": [-71.1571981, 42.2195308]}, "properties": {"F_": 51, "District": "HYP", "Town": "Dedham", "Street": "Vincent Rd, Greenlodge St, Indian Pth, Quarry Rd, Cranberry Ln, Mayfair Rd, Fillmore Rd, Roosevelt Rd", "Retirmement_footage": 6423, "Material": "BS, CS, PL", "Installation_footage": 6440, "Size_s__to_Install_": "2\r", "lat": 42.2195308, "lon": -71.1571981, "Mapped_address": "Quarry Rd, Dedham, MA 02026, USA", "FID": 490}}, {"type": "Feature", "id": 491, "geometry": {"type": "Point", "coordinates": [-71.153369, 42.2183078]}, "properties": {"F_": 51, "District": "HYP", "Town": "Dedham", "Street": "Vincent Rd, Greenlodge St, Indian Pth, Quarry Rd, Cranberry Ln, Mayfair Rd, Fillmore Rd, Roosevelt Rd", "Retirmement_footage": 6423, "Material": "BS, CS, PL", "Installation_footage": 6440, "Size_s__to_Install_": "2\r", "lat": 42.2183078, "lon": -71.153369, "Mapped_address": "Roosevelt Rd, Dedham, MA 02026, USA", "FID": 491}}, {"type": "Feature", "id": 492, "geometry": {"type": "Point", "coordinates": [-71.1610789, 42.2203843]}, "properties": {"F_": 51, "District": "HYP", "Town": "Dedham", "Street": "Vincent Rd, Greenlodge St, Indian Pth, Quarry Rd, Cranberry Ln, Mayfair Rd, Fillmore Rd, Roosevelt Rd", "Retirmement_footage": 6423, "Material": "BS, CS, PL", "Installation_footage": 6440, "Size_s__to_Install_": "2\r", "lat": 42.2203843, "lon": -71.1610789, "Mapped_address": "Vincent Rd, Dedham, MA 02026, USA", "FID": 492}}, {"type": "Feature", "id": 493, "geometry": {"type": "Point", "coordinates": [-71.1709862, 42.249909]}, "properties": {"F_": 52, "District": "HYP", "Town": "Dedham", "Street": "Washington St", "Retirmement_footage": 674, "Material": "BS", "Installation_footage": 680, "Size_s__to_Install_": "8\r", "lat": 42.249909, "lon": -71.1709862, "Mapped_address": "Washington St, Dedham, MA, USA", "FID": 493}}, {"type": "Feature", "id": 494, "geometry": {"type": "Point", "coordinates": [-71.1709862, 42.249909]}, "properties": {"F_": 53, "District": "HYP", "Town": "Dedham", "Street": "Washington St", "Retirmement_footage": 212, "Material": "BS", "Installation_footage": 240, "Size_s__to_Install_": "8\r", "lat": 42.249909, "lon": -71.1709862, "Mapped_address": "Washington St, Dedham, MA, USA", "FID": 494}}, {"type": "Feature", "id": 495, "geometry": {"type": "Point", "coordinates": [-71.1709862, 42.249909]}, "properties": {"F_": 54, "District": "HYP", "Town": "Dedham", "Street": "Washington St", "Retirmement_footage": 482, "Material": "BS", "Installation_footage": 520, "Size_s__to_Install_": "4\r", "lat": 42.249909, "lon": -71.1709862, "Mapped_address": "Washington St, Dedham, MA, USA", "FID": 495}}, {"type": "Feature", "id": 496, "geometry": {"type": "Point", "coordinates": [-71.1520856, 42.2278434]}, "properties": {"F_": 55, "District": "HYP", "Town": "Dedham", "Street": "Westchester Cir", "Retirmement_footage": 1047, "Material": "CS", "Installation_footage": 1080, "Size_s__to_Install_": "6\r", "lat": 42.2278434, "lon": -71.1520856, "Mapped_address": "Westchester Cir, Dedham, MA 02026, USA", "FID": 496}}, {"type": "Feature", "id": 497, "geometry": {"type": "Point", "coordinates": [-71.1513253, 42.2546109]}, "properties": {"F_": 56, "District": "HYP", "Town": "Dedham", "Street": "Whitehall St", "Retirmement_footage": 1124, "Material": "BS", "Installation_footage": 1160, "Size_s__to_Install_": "4\r", "lat": 42.2546109, "lon": -71.1513253, "Mapped_address": "Whitehall St, Dedham, MA 02026, USA", "FID": 497}}, {"type": "Feature", "id": 498, "geometry": {"type": "Point", "coordinates": [-71.1522866, 42.2402817]}, "properties": {"F_": 57, "District": "HYP", "Town": "Dedham", "Street": "Winthrop St", "Retirmement_footage": 252, "Material": "BS", "Installation_footage": 280, "Size_s__to_Install_": "2\r", "lat": 42.2402817, "lon": -71.1522866, "Mapped_address": "Winthrop St, Dedham, MA 02026, USA", "FID": 498}}, {"type": "Feature", "id": 499, "geometry": {"type": "Point", "coordinates": [-71.160257, 42.2429237]}, "properties": {"F_": 58, "District": "HYP", "Town": "Dedham", "Street": "Woodleigh Rd / Cherry Ln / Bailey Ln", "Retirmement_footage": 1562, "Material": "BS", "Installation_footage": 1600, "Size_s__to_Install_": "4\r", "lat": 42.2429237, "lon": -71.160257, "Mapped_address": "Bailey Ln, Dedham, MA 02026, USA", "FID": 499}}, {"type": "Feature", "id": 500, "geometry": {"type": "Point", "coordinates": [-71.1611191, 42.2431652]}, "properties": {"F_": 58, "District": "HYP", "Town": "Dedham", "Street": "Woodleigh Rd / Cherry Ln / Bailey Ln", "Retirmement_footage": 1562, "Material": "BS", "Installation_footage": 1600, "Size_s__to_Install_": "4\r", "lat": 42.2431652, "lon": -71.1611191, "Mapped_address": "Cherry Ln, Dedham, MA 02026, USA", "FID": 500}}, {"type": "Feature", "id": 501, "geometry": {"type": "Point", "coordinates": [-71.1604717, 42.2437904]}, "properties": {"F_": 58, "District": "HYP", "Town": "Dedham", "Street": "Woodleigh Rd / Cherry Ln / Bailey Ln", "Retirmement_footage": 1562, "Material": "BS", "Installation_footage": 1600, "Size_s__to_Install_": "4\r", "lat": 42.2437904, "lon": -71.1604717, "Mapped_address": "Woodleigh Rd, Dedham, MA 02026, USA", "FID": 501}}, {"type": "Feature", "id": 502, "geometry": {"type": "Point", "coordinates": [-71.2366798, 42.2263486]}, "properties": {"F_": 59, "District": "HYP", "Town": "Dover", "Street": "Dover Rd", "Retirmement_footage": 2150, "Material": "BS", "Installation_footage": 2160, "Size_s__to_Install_": "12\r", "lat": 42.2263486, "lon": -71.2366798, "Mapped_address": "Dover Rd, Dover, MA, USA", "FID": 502}}, {"type": "Feature", "id": 503, "geometry": {"type": "Point", "coordinates": [-71.218825, 42.3006684]}, "properties": {"F_": 83, "District": "HYP", "Town": "Needham", "Street": "A St, Second Ave, Cabot St, Second Ave", "Retirmement_footage": 4853, "Material": "CS, BS", "Installation_footage": 4142, "Size_s__to_Install_": "4\r", "lat": 42.3006684, "lon": -71.218825, "Mapped_address": "A St, Needham, MA 02494, USA", "FID": 503}}, {"type": "Feature", "id": 504, "geometry": {"type": "Point", "coordinates": [-71.2204567, 42.3029174]}, "properties": {"F_": 83, "District": "HYP", "Town": "Needham", "Street": "A St, Second Ave, Cabot St, Second Ave", "Retirmement_footage": 4853, "Material": "CS, BS", "Installation_footage": 4142, "Size_s__to_Install_": "4\r", "lat": 42.3029174, "lon": -71.2204567, "Mapped_address": "Cabot St, Needham, MA 02494, USA", "FID": 504}}, {"type": "Feature", "id": 505, "geometry": {"type": "Point", "coordinates": [-71.2192901, 42.2826366]}, "properties": {"F_": 84, "District": "HYP", "Town": "Needham", "Street": "Arden St", "Retirmement_footage": 194, "Material": "CS", "Installation_footage": 200, "Size_s__to_Install_": "2\r", "lat": 42.2826366, "lon": -71.2192901, "Mapped_address": "Arden St, Needham, MA 02492, USA", "FID": 505}}, {"type": "Feature", "id": 506, "geometry": {"type": "Point", "coordinates": [-71.2225753, 42.305267]}, "properties": {"F_": 85, "District": "HYP", "Town": "Needham", "Street": "Arlington Rd / Brook Rd", "Retirmement_footage": 885, "Material": "CS", "Installation_footage": 920, "Size_s__to_Install_": "4\r", "lat": 42.305267, "lon": -71.2225753, "Mapped_address": "Arlington Rd, Needham, MA 02494, USA", "FID": 506}}, {"type": "Feature", "id": 507, "geometry": {"type": "Point", "coordinates": [-71.2229341, 42.3046617]}, "properties": {"F_": 85, "District": "HYP", "Town": "Needham", "Street": "Arlington Rd / Brook Rd", "Retirmement_footage": 885, "Material": "CS", "Installation_footage": 920, "Size_s__to_Install_": "4\r", "lat": 42.3046617, "lon": -71.2229341, "Mapped_address": "Brook Rd, Needham, MA 02494, USA", "FID": 507}}, {"type": "Feature", "id": 508, "geometry": {"type": "Point", "coordinates": [-71.2200159, 42.283675]}, "properties": {"F_": 86, "District": "HYP", "Town": "Needham", "Street": "Beaufort Ave", "Retirmement_footage": 1320, "Material": "BS, PL", "Installation_footage": 1320, "Size_s__to_Install_": "4,2\r", "lat": 42.283675, "lon": -71.2200159, "Mapped_address": "Beaufort Ave, Needham, MA 02492, USA", "FID": 508}}, {"type": "Feature", "id": 509, "geometry": {"type": "Point", "coordinates": [-71.2790404, 42.2692613]}, "properties": {"F_": 87, "District": "HYP", "Town": "Needham", "Street": "Charles River St", "Retirmement_footage": 1390, "Material": "BS", "Installation_footage": 1400, "Size_s__to_Install_": "8\r", "lat": 42.2692613, "lon": -71.2790404, "Mapped_address": "Charles River St, Needham, MA, USA", "FID": 509}}, {"type": "Feature", "id": 510, "geometry": {"type": "Point", "coordinates": [-71.231704, 42.3121033]}, "properties": {"F_": 88, "District": "HYP", "Town": "Needham", "Street": "Daley St", "Retirmement_footage": 600, "Material": "CS", "Installation_footage": 600, "Size_s__to_Install_": "2\r", "lat": 42.3121033, "lon": -71.231704, "Mapped_address": "Daley St, Needham, MA 02494, USA", "FID": 510}}, {"type": "Feature", "id": 511, "geometry": {"type": "Point", "coordinates": [-71.2378429, 42.2802449]}, "properties": {"F_": 89, "District": "HYP", "Town": "Needham", "Street": "Great Plain Ave", "Retirmement_footage": 3298, "Material": "BS", "Installation_footage": 3320, "Size_s__to_Install_": "8\r", "lat": 42.2802449, "lon": -71.2378429, "Mapped_address": "Great Plain Ave, Needham, MA, USA", "FID": 511}}, {"type": "Feature", "id": 512, "geometry": {"type": "Point", "coordinates": [-71.2378429, 42.2802449]}, "properties": {"F_": 90, "District": "HYP", "Town": "Needham", "Street": "Great Plain Ave", "Retirmement_footage": 690, "Material": "BS", "Installation_footage": 720, "Size_s__to_Install_": "8\r", "lat": 42.2802449, "lon": -71.2378429, "Mapped_address": "Great Plain Ave, Needham, MA, USA", "FID": 512}}, {"type": "Feature", "id": 513, "geometry": {"type": "Point", "coordinates": [-71.2138251, 42.2710886]}, "properties": {"F_": 91, "District": "HYP", "Town": "Needham", "Street": "Green St / Lawton St stub", "Retirmement_footage": 1314, "Material": "BS, CS", "Installation_footage": 1320, "Size_s__to_Install_": "2\r", "lat": 42.2710886, "lon": -71.2138251, "Mapped_address": "Green St, Needham, MA 02492, USA", "FID": 513}}, {"type": "Feature", "id": 514, "geometry": {"type": "Point", "coordinates": [-71.2120748, 42.270765]}, "properties": {"F_": 91, "District": "HYP", "Town": "Needham", "Street": "Green St / Lawton St stub", "Retirmement_footage": 1314, "Material": "BS, CS", "Installation_footage": 1320, "Size_s__to_Install_": "2\r", "lat": 42.270765, "lon": -71.2120748, "Mapped_address": "Lawton Rd, Needham, MA 02492, USA", "FID": 514}}, {"type": "Feature", "id": 515, "geometry": {"type": "Point", "coordinates": [-71.2099526, 42.2856127]}, "properties": {"F_": 92, "District": "HYP", "Town": "Needham", "Street": "Greendale Ave / Hunting Rd", "Retirmement_footage": 3030, "Material": "CS, BS", "Installation_footage": 3040, "Size_s__to_Install_": "4\r", "lat": 42.2856127, "lon": -71.2099526, "Mapped_address": "Greendale Ave, Needham, MA, USA", "FID": 515}}, {"type": "Feature", "id": 516, "geometry": {"type": "Point", "coordinates": [-71.2228477, 42.2975502]}, "properties": {"F_": 92, "District": "HYP", "Town": "Needham", "Street": "Greendale Ave / Hunting Rd", "Retirmement_footage": 3030, "Material": "CS, BS", "Installation_footage": 3040, "Size_s__to_Install_": "4\r", "lat": 42.2975502, "lon": -71.2228477, "Mapped_address": "Hunting Rd, Needham, MA 02494, USA", "FID": 516}}, {"type": "Feature", "id": 517, "geometry": {"type": "Point", "coordinates": [-71.2352385, 42.2931462]}, "properties": {"F_": 93, "District": "HYP", "Town": "Needham", "Street": "Highland Ave / Manson Rd", "Retirmement_footage": 1935, "Material": "CS, BS", "Installation_footage": 1960, "Size_s__to_Install_": "8, 2\r", "lat": 42.2931462, "lon": -71.2352385, "Mapped_address": "Highland Ave, Needham, MA, USA", "FID": 517}}, {"type": "Feature", "id": 518, "geometry": {"type": "Point", "coordinates": [-71.2332315, 42.2972149]}, "properties": {"F_": 93, "District": "HYP", "Town": "Needham", "Street": "Highland Ave / Manson Rd", "Retirmement_footage": 1935, "Material": "CS, BS", "Installation_footage": 1960, "Size_s__to_Install_": "8, 2\r", "lat": 42.2972149, "lon": -71.2332315, "Mapped_address": "Manson Rd, Needham, MA 02494, USA", "FID": 518}}, {"type": "Feature", "id": 519, "geometry": {"type": "Point", "coordinates": [-71.2171139, 42.2827882]}, "properties": {"F_": 94, "District": "HYP", "Town": "Needham", "Street": "Hillcrest Rd", "Retirmement_footage": 957, "Material": "BS", "Installation_footage": 960, "Size_s__to_Install_": "4\r", "lat": 42.2827882, "lon": -71.2171139, "Mapped_address": "Hillcrest Rd, Needham, MA 02492, USA", "FID": 519}}, {"type": "Feature", "id": 520, "geometry": {"type": "Point", "coordinates": [-71.2420868, 42.3008237]}, "properties": {"F_": 95, "District": "HYP", "Town": "Needham", "Street": "Hunnewell St / Taylor St", "Retirmement_footage": 794, "Material": "CS, PD", "Installation_footage": 800, "Size_s__to_Install_": "4\r", "lat": 42.3008237, "lon": -71.2420868, "Mapped_address": "Hunnewell St, Needham, MA, USA", "FID": 520}}, {"type": "Feature", "id": 521, "geometry": {"type": "Point", "coordinates": [-71.2447637, 42.3037703]}, "properties": {"F_": 95, "District": "HYP", "Town": "Needham", "Street": "Hunnewell St / Taylor St", "Retirmement_footage": 794, "Material": "CS, PD", "Installation_footage": 800, "Size_s__to_Install_": "4\r", "lat": 42.3037703, "lon": -71.2447637, "Mapped_address": "Taylor St, Needham, MA 02494, USA", "FID": 521}}, {"type": "Feature", "id": 522, "geometry": {"type": "Point", "coordinates": [-71.2415106, 42.2731336]}, "properties": {"F_": 96, "District": "HYP", "Town": "Needham", "Street": "Linden St / Chambers St", "Retirmement_footage": 2600, "Material": "CS, PCS", "Installation_footage": 2600, "Size_s__to_Install_": "4\r", "lat": 42.2731336, "lon": -71.2415106, "Mapped_address": "Chambers St, Needham, MA 02492, USA", "FID": 522}}, {"type": "Feature", "id": 523, "geometry": {"type": "Point", "coordinates": [-71.2414159, 42.2758995]}, "properties": {"F_": 96, "District": "HYP", "Town": "Needham", "Street": "Linden St / Chambers St", "Retirmement_footage": 2600, "Material": "CS, PCS", "Installation_footage": 2600, "Size_s__to_Install_": "4\r", "lat": 42.2758995, "lon": -71.2414159, "Mapped_address": "Linden St, Needham, MA 02492, USA", "FID": 523}}, {"type": "Feature", "id": 524, "geometry": {"type": "Point", "coordinates": [-71.2337404, 42.2943404]}, "properties": {"F_": 97, "District": "HYP", "Town": "Needham", "Street": "Mark Lee Rd, Park Ave, Mercer Rd", "Retirmement_footage": 1347, "Material": "BS, PL", "Installation_footage": 1360, "Size_s__to_Install_": "2\r", "lat": 42.2943404, "lon": -71.2337404, "Mapped_address": "Mark Lee Rd, Needham, MA 02494, USA", "FID": 524}}, {"type": "Feature", "id": 525, "geometry": {"type": "Point", "coordinates": [-71.2314995, 42.2960793]}, "properties": {"F_": 97, "District": "HYP", "Town": "Needham", "Street": "Mark Lee Rd, Park Ave, Mercer Rd", "Retirmement_footage": 1347, "Material": "BS, PL", "Installation_footage": 1360, "Size_s__to_Install_": "2\r", "lat": 42.2960793, "lon": -71.2314995, "Mapped_address": "Mercer Rd, Needham, MA 02494, USA", "FID": 525}}, {"type": "Feature", "id": 526, "geometry": {"type": "Point", "coordinates": [-71.2308186, 42.2958467]}, "properties": {"F_": 97, "District": "HYP", "Town": "Needham", "Street": "Mark Lee Rd, Park Ave, Mercer Rd", "Retirmement_footage": 1347, "Material": "BS, PL", "Installation_footage": 1360, "Size_s__to_Install_": "2\r", "lat": 42.2958467, "lon": -71.2308186, "Mapped_address": "Park Ave, Needham, MA 02494, USA", "FID": 526}}, {"type": "Feature", "id": 527, "geometry": {"type": "Point", "coordinates": [-71.2337058, 42.3067682]}, "properties": {"F_": 98, "District": "HYP", "Town": "Needham", "Street": "Noanett Rd / Gary Rd / Amelia Rd / Lee Rd / Bower St / Gould St", "Retirmement_footage": 4850, "Material": "CS, BS, PL", "Installation_footage": 4880, "Size_s__to_Install_": "4, 2\r", "lat": 42.3067682, "lon": -71.2337058, "Mapped_address": "Amelia Rd, Needham, MA 02494, USA", "FID": 527}}, {"type": "Feature", "id": 528, "geometry": {"type": "Point", "coordinates": [-71.2305966, 42.3040623]}, "properties": {"F_": 98, "District": "HYP", "Town": "Needham", "Street": "Noanett Rd / Gary Rd / Amelia Rd / Lee Rd / Bower St / Gould St", "Retirmement_footage": 4850, "Material": "CS, BS, PL", "Installation_footage": 4880, "Size_s__to_Install_": "4, 2\r", "lat": 42.3040623, "lon": -71.2305966, "Mapped_address": "Bower St, Needham, MA 02494, USA", "FID": 528}}, {"type": "Feature", "id": 529, "geometry": {"type": "Point", "coordinates": [-71.2319132, 42.3045891]}, "properties": {"F_": 98, "District": "HYP", "Town": "Needham", "Street": "Noanett Rd / Gary Rd / Amelia Rd / Lee Rd / Bower St / Gould St", "Retirmement_footage": 4850, "Material": "CS, BS, PL", "Installation_footage": 4880, "Size_s__to_Install_": "4, 2\r", "lat": 42.3045891, "lon": -71.2319132, "Mapped_address": "Gary Rd, Needham, MA 02494, USA", "FID": 529}}, {"type": "Feature", "id": 530, "geometry": {"type": "Point", "coordinates": [-71.2298811, 42.3048881]}, "properties": {"F_": 98, "District": "HYP", "Town": "Needham", "Street": "Noanett Rd / Gary Rd / Amelia Rd / Lee Rd / Bower St / Gould St", "Retirmement_footage": 4850, "Material": "CS, BS, PL", "Installation_footage": 4880, "Size_s__to_Install_": "4, 2\r", "lat": 42.3048881, "lon": -71.2298811, "Mapped_address": "Gould St, Needham, MA 02494, USA", "FID": 530}}, {"type": "Feature", "id": 531, "geometry": {"type": "Point", "coordinates": [-71.2321604, 42.3056939]}, "properties": {"F_": 98, "District": "HYP", "Town": "Needham", "Street": "Noanett Rd / Gary Rd / Amelia Rd / Lee Rd / Bower St / Gould St", "Retirmement_footage": 4850, "Material": "CS, BS, PL", "Installation_footage": 4880, "Size_s__to_Install_": "4, 2\r", "lat": 42.3056939, "lon": -71.2321604, "Mapped_address": "Lee Rd, Needham, MA 02494, USA", "FID": 531}}, {"type": "Feature", "id": 532, "geometry": {"type": "Point", "coordinates": [-71.2323241, 42.3067464]}, "properties": {"F_": 98, "District": "HYP", "Town": "Needham", "Street": "Noanett Rd / Gary Rd / Amelia Rd / Lee Rd / Bower St / Gould St", "Retirmement_footage": 4850, "Material": "CS, BS, PL", "Installation_footage": 4880, "Size_s__to_Install_": "4, 2\r", "lat": 42.3067464, "lon": -71.2323241, "Mapped_address": "Noanett Rd, Needham, MA 02494, USA", "FID": 532}}, {"type": "Feature", "id": 533, "geometry": {"type": "Point", "coordinates": [-71.2364915, 42.299038]}, "properties": {"F_": 99, "District": "HYP", "Town": "Needham", "Street": "Pine Grove St, Avery St", "Retirmement_footage": 2063, "Material": "BS, CS, PL", "Installation_footage": 2080, "Size_s__to_Install_": "2\r", "lat": 42.299038, "lon": -71.2364915, "Mapped_address": "Avery St, Needham, MA 02494, USA", "FID": 533}}, {"type": "Feature", "id": 534, "geometry": {"type": "Point", "coordinates": [-71.2392473, 42.2998547]}, "properties": {"F_": 99, "District": "HYP", "Town": "Needham", "Street": "Pine Grove St, Avery St", "Retirmement_footage": 2063, "Material": "BS, CS, PL", "Installation_footage": 2080, "Size_s__to_Install_": "2\r", "lat": 42.2998547, "lon": -71.2392473, "Mapped_address": "Pine Grove St, Needham, MA 02494, USA", "FID": 534}}, {"type": "Feature", "id": 535, "geometry": {"type": "Point", "coordinates": [-71.2461153, 42.2815667]}, "properties": {"F_": 100, "District": "HYP", "Town": "Needham", "Street": "Prospect St", "Retirmement_footage": 982, "Material": "BS, CS, PL", "Installation_footage": 1000, "Size_s__to_Install_": "2\r", "lat": 42.2815667, "lon": -71.2461153, "Mapped_address": "Prospect St, Needham, MA 02492, USA", "FID": 535}}, {"type": "Feature", "id": 536, "geometry": {"type": "Point", "coordinates": [-71.2284534, 42.3104058]}, "properties": {"F_": 101, "District": "HYP", "Town": "Needham", "Street": "Reservoir St", "Retirmement_footage": 1450, "Material": "CS", "Installation_footage": 1480, "Size_s__to_Install_": "2\r", "lat": 42.3104058, "lon": -71.2284534, "Mapped_address": "Reservoir St, Needham, MA 02494, USA", "FID": 536}}, {"type": "Feature", "id": 537, "geometry": {"type": "Point", "coordinates": [-71.2332038, 42.3121416]}, "properties": {"F_": 102, "District": "HYP", "Town": "Needham", "Street": "Saint Mary St", "Retirmement_footage": 970, "Material": "CS", "Installation_footage": 1000, "Size_s__to_Install_": "4\r", "lat": 42.3121416, "lon": -71.2332038, "Mapped_address": "St Mary St, Needham, MA 02494, USA", "FID": 537}}, {"type": "Feature", "id": 538, "geometry": {"type": "Point", "coordinates": [-71.2329166, 42.2996896]}, "properties": {"F_": 103, "District": "HYP", "Town": "Needham", "Street": "Webster St / Guild St", "Retirmement_footage": 646, "Material": "CS", "Installation_footage": 680, "Size_s__to_Install_": "2\r", "lat": 42.2996896, "lon": -71.2329166, "Mapped_address": "Guild Rd, Needham, MA 02494, USA", "FID": 538}}, {"type": "Feature", "id": 539, "geometry": {"type": "Point", "coordinates": [-71.2303761, 42.2872027]}, "properties": {"F_": 103, "District": "HYP", "Town": "Needham", "Street": "Webster St / Guild St", "Retirmement_footage": 646, "Material": "CS", "Installation_footage": 680, "Size_s__to_Install_": "2\r", "lat": 42.2872027, "lon": -71.2303761, "Mapped_address": "Webster St, Needham, MA, USA", "FID": 539}}, {"type": "Feature", "id": 540, "geometry": {"type": "Point", "coordinates": [-71.2448163, 42.2928747]}, "properties": {"F_": 104, "District": "HYP", "Town": "Needham", "Street": "West St, Eliot Rd", "Retirmement_footage": 1784, "Material": "BS, CS, PD, PL", "Installation_footage": 1800, "Size_s__to_Install_": "4\r", "lat": 42.2928747, "lon": -71.2448163, "Mapped_address": "Eliot Rd, Needham, MA 02494, USA", "FID": 540}}, {"type": "Feature", "id": 541, "geometry": {"type": "Point", "coordinates": [-71.2394993, 42.2933328]}, "properties": {"F_": 104, "District": "HYP", "Town": "Needham", "Street": "West St, Eliot Rd", "Retirmement_footage": 1784, "Material": "BS, CS, PD, PL", "Installation_footage": 1800, "Size_s__to_Install_": "4\r", "lat": 42.2933328, "lon": -71.2394993, "Mapped_address": "West St, Needham, MA 02494, USA", "FID": 541}}, {"type": "Feature", "id": 542, "geometry": {"type": "Point", "coordinates": [-71.1562049, 42.2155889]}, "properties": {"F_": 106, "District": "HYP", "Town": "Westwood", "Street": "Blue Hill Dr, Lea Rd", "Retirmement_footage": 4217, "Material": "CS", "Installation_footage": 4240, "Size_s__to_Install_": "8, 4\r", "lat": 42.2155889, "lon": -71.1562049, "Mapped_address": "Blue Hill Dr, Westwood, MA 02090, USA", "FID": 542}}, {"type": "Feature", "id": 543, "geometry": {"type": "Point", "coordinates": [-71.160334, 42.2178997]}, "properties": {"F_": 106, "District": "HYP", "Town": "Westwood", "Street": "Blue Hill Dr, Lea Rd", "Retirmement_footage": 4217, "Material": "CS", "Installation_footage": 4240, "Size_s__to_Install_": "8, 4\r", "lat": 42.2178997, "lon": -71.160334, "Mapped_address": "Lea Rd, Westwood, MA 02090, USA", "FID": 543}}, {"type": "Feature", "id": 544, "geometry": {"type": "Point", "coordinates": [-71.2407728, 42.1861834]}, "properties": {"F_": 107, "District": "HYP", "Town": "Westwood", "Street": "Brook St", "Retirmement_footage": 310, "Material": "CS, PD", "Installation_footage": 320, "Size_s__to_Install_": "6\r", "lat": 42.1861834, "lon": -71.2407728, "Mapped_address": "Brook St, Westwood, MA, USA", "FID": 544}}, {"type": "Feature", "id": 545, "geometry": {"type": "Point", "coordinates": [-71.1659682, 42.2091122]}, "properties": {"F_": 108, "District": "HYP", "Town": "Westwood", "Street": "Canton St", "Retirmement_footage": 2186, "Material": "CS", "Installation_footage": 2200, "Size_s__to_Install_": "4\r", "lat": 42.2091122, "lon": -71.1659682, "Mapped_address": "Canton St, Westwood, MA, USA", "FID": 545}}, {"type": "Feature", "id": 546, "geometry": {"type": "Point", "coordinates": [-71.2102788, 42.2148467]}, "properties": {"F_": 109, "District": "HYP", "Town": "Westwood", "Street": "Clapboardtree St / Washington St", "Retirmement_footage": 617, "Material": "PD", "Installation_footage": 640, "Size_s__to_Install_": "8\r", "lat": 42.2148467, "lon": -71.2102788, "Mapped_address": "Clapboardtree St, Westwood, MA 02090, USA", "FID": 546}}, {"type": "Feature", "id": 547, "geometry": {"type": "Point", "coordinates": [-71.1871611, 42.2236969]}, "properties": {"F_": 109, "District": "HYP", "Town": "Westwood", "Street": "Clapboardtree St / Washington St", "Retirmement_footage": 617, "Material": "PD", "Installation_footage": 640, "Size_s__to_Install_": "8\r", "lat": 42.2236969, "lon": -71.1871611, "Mapped_address": "Washington St, Westwood, MA, USA", "FID": 547}}, {"type": "Feature", "id": 548, "geometry": {"type": "Point", "coordinates": [-71.1752136, 42.2132186]}, "properties": {"F_": 110, "District": "HYP", "Town": "Westwood", "Street": "Fearing Dr, Strasser Ave, Magaletta Dr, Hawktree Dr", "Retirmement_footage": 6070, "Material": "CS, PD, PL", "Installation_footage": 6080, "Size_s__to_Install_": "4\r", "lat": 42.2132186, "lon": -71.1752136, "Mapped_address": "Fearing Dr, Westwood, MA 02090, USA", "FID": 548}}, {"type": "Feature", "id": 549, "geometry": {"type": "Point", "coordinates": [-71.1754653, 42.2115876]}, "properties": {"F_": 110, "District": "HYP", "Town": "Westwood", "Street": "Fearing Dr, Strasser Ave, Magaletta Dr, Hawktree Dr", "Retirmement_footage": 6070, "Material": "CS, PD, PL", "Installation_footage": 6080, "Size_s__to_Install_": "4\r", "lat": 42.2115876, "lon": -71.1754653, "Mapped_address": "Hawktree Dr, Westwood, MA 02090, USA", "FID": 549}}, {"type": "Feature", "id": 550, "geometry": {"type": "Point", "coordinates": [-71.1741996, 42.2123423]}, "properties": {"F_": 110, "District": "HYP", "Town": "Westwood", "Street": "Fearing Dr, Strasser Ave, Magaletta Dr, Hawktree Dr", "Retirmement_footage": 6070, "Material": "CS, PD, PL", "Installation_footage": 6080, "Size_s__to_Install_": "4\r", "lat": 42.2123423, "lon": -71.1741996, "Mapped_address": "Magaletta Dr, Westwood, MA 02090, USA", "FID": 550}}, {"type": "Feature", "id": 551, "geometry": {"type": "Point", "coordinates": [-71.1724632, 42.2140313]}, "properties": {"F_": 110, "District": "HYP", "Town": "Westwood", "Street": "Fearing Dr, Strasser Ave, Magaletta Dr, Hawktree Dr", "Retirmement_footage": 6070, "Material": "CS, PD, PL", "Installation_footage": 6080, "Size_s__to_Install_": "4\r", "lat": 42.2140313, "lon": -71.1724632, "Mapped_address": "Strasser Ave, Westwood, MA 02090, USA", "FID": 551}}, {"type": "Feature", "id": 552, "geometry": {"type": "Point", "coordinates": [-71.2200671, 42.2317217]}, "properties": {"F_": 111, "District": "HYP", "Town": "Westwood", "Street": "High St", "Retirmement_footage": 2437, "Material": "CS", "Installation_footage": 2440, "Size_s__to_Install_": "8, 2\r", "lat": 42.2317217, "lon": -71.2200671, "Mapped_address": "High St, Westwood, MA, USA", "FID": 552}}, {"type": "Feature", "id": 553, "geometry": {"type": "Point", "coordinates": [-71.1635473, 42.2113856]}, "properties": {"F_": 112, "District": "HYP", "Town": "Westwood", "Street": "Nancy Dr", "Retirmement_footage": 262, "Material": "PD", "Installation_footage": 280, "Size_s__to_Install_": "2\r", "lat": 42.2113856, "lon": -71.1635473, "Mapped_address": "Nancy Dr, Westwood, MA 02090, USA", "FID": 553}}, {"type": "Feature", "id": 554, "geometry": {"type": "Point", "coordinates": [-71.2258435, 42.2118473]}, "properties": {"F_": 113, "District": "HYP", "Town": "Westwood", "Street": "Pond St", "Retirmement_footage": 5768, "Material": "CS", "Installation_footage": 5800, "Size_s__to_Install_": "6\r", "lat": 42.2118473, "lon": -71.2258435, "Mapped_address": "Pond St, Westwood, MA 02090, USA", "FID": 554}}, {"type": "Feature", "id": 555, "geometry": {"type": "Point", "coordinates": [-71.1772614, 42.2183442]}, "properties": {"F_": 114, "District": "HYP", "Town": "Westwood", "Street": "Smith Dr, Spring Ln", "Retirmement_footage": 1936, "Material": "CS", "Installation_footage": 1960, "Size_s__to_Install_": "12, 2\r", "lat": 42.2183442, "lon": -71.1772614, "Mapped_address": "Smith Dr, Westwood, MA 02090, USA", "FID": 555}}, {"type": "Feature", "id": 556, "geometry": {"type": "Point", "coordinates": [-71.1767248, 42.217197]}, "properties": {"F_": 114, "District": "HYP", "Town": "Westwood", "Street": "Smith Dr, Spring Ln", "Retirmement_footage": 1936, "Material": "CS", "Installation_footage": 1960, "Size_s__to_Install_": "12, 2\r", "lat": 42.217197, "lon": -71.1767248, "Mapped_address": "Spring Ln, Westwood, MA 02090, USA", "FID": 556}}, {"type": "Feature", "id": 557, "geometry": {"type": "Point", "coordinates": [-71.1681726, 42.2102697]}, "properties": {"F_": 115, "District": "HYP", "Town": "Westwood", "Street": "Spellman Rd, Forbes Rd, Cushing Rd, Aran Rd, Glandore Rd", "Retirmement_footage": 4428, "Material": "CS", "Installation_footage": 4440, "Size_s__to_Install_": "2\r", "lat": 42.2102697, "lon": -71.1681726, "Mapped_address": "Aran Rd, Westwood, MA 02090, USA", "FID": 557}}, {"type": "Feature", "id": 558, "geometry": {"type": "Point", "coordinates": [-71.1679983, 42.2123824]}, "properties": {"F_": 115, "District": "HYP", "Town": "Westwood", "Street": "Spellman Rd, Forbes Rd, Cushing Rd, Aran Rd, Glandore Rd", "Retirmement_footage": 4428, "Material": "CS", "Installation_footage": 4440, "Size_s__to_Install_": "2\r", "lat": 42.2123824, "lon": -71.1679983, "Mapped_address": "Cushing Rd, Westwood, MA 02090, USA", "FID": 558}}, {"type": "Feature", "id": 559, "geometry": {"type": "Point", "coordinates": [-71.1696497, 42.2130117]}, "properties": {"F_": 115, "District": "HYP", "Town": "Westwood", "Street": "Spellman Rd, Forbes Rd, Cushing Rd, Aran Rd, Glandore Rd", "Retirmement_footage": 4428, "Material": "CS", "Installation_footage": 4440, "Size_s__to_Install_": "2\r", "lat": 42.2130117, "lon": -71.1696497, "Mapped_address": "Forbes Rd, Westwood, MA, USA", "FID": 559}}, {"type": "Feature", "id": 560, "geometry": {"type": "Point", "coordinates": [-71.1704218, 42.2104311]}, "properties": {"F_": 115, "District": "HYP", "Town": "Westwood", "Street": "Spellman Rd, Forbes Rd, Cushing Rd, Aran Rd, Glandore Rd", "Retirmement_footage": 4428, "Material": "CS", "Installation_footage": 4440, "Size_s__to_Install_": "2\r", "lat": 42.2104311, "lon": -71.1704218, "Mapped_address": "Glandore Rd, Westwood, MA 02090, USA", "FID": 560}}, {"type": "Feature", "id": 561, "geometry": {"type": "Point", "coordinates": [-71.1684843, 42.2113188]}, "properties": {"F_": 115, "District": "HYP", "Town": "Westwood", "Street": "Spellman Rd, Forbes Rd, Cushing Rd, Aran Rd, Glandore Rd", "Retirmement_footage": 4428, "Material": "CS", "Installation_footage": 4440, "Size_s__to_Install_": "2\r", "lat": 42.2113188, "lon": -71.1684843, "Mapped_address": "Spellman Rd, Westwood, MA 02090, USA", "FID": 561}}, {"type": "Feature", "id": 562, "geometry": {"type": "Point", "coordinates": [-71.1871611, 42.2236969]}, "properties": {"F_": 116, "District": "HYP", "Town": "Westwood", "Street": "Washington St", "Retirmement_footage": 781, "Material": "BS", "Installation_footage": 800, "Size_s__to_Install_": "6\r", "lat": 42.2236969, "lon": -71.1871611, "Mapped_address": "Washington St, Westwood, MA, USA", "FID": 562}}, {"type": "Feature", "id": 563, "geometry": {"type": "Point", "coordinates": [-70.8889345, 41.7223344]}, "properties": {"F_": 117, "District": "NEB", "Town": "Acushnet", "Street": "Main St", "Retirmement_footage": 2450, "Material": "CI", "Installation_footage": 2480, "Size_s__to_Install_": "6\r", "lat": 41.7223344, "lon": -70.8889345, "Mapped_address": "Main St, Acushnet, MA 02743, USA", "FID": 563}}, {"type": "Feature", "id": 564, "geometry": {"type": "Point", "coordinates": [-70.9188583, 41.7078015]}, "properties": {"F_": 118, "District": "NEB", "Town": "Acushnet", "Street": "Mason St / Marion St", "Retirmement_footage": 548, "Material": "CS, PD", "Installation_footage": 560, "Size_s__to_Install_": "4\r", "lat": 41.7078015, "lon": -70.9188583, "Mapped_address": "Marion St, Acushnet, MA 02743, USA", "FID": 564}}, {"type": "Feature", "id": 565, "geometry": {"type": "Point", "coordinates": [-70.9178745, 41.7087179]}, "properties": {"F_": 118, "District": "NEB", "Town": "Acushnet", "Street": "Mason St / Marion St", "Retirmement_footage": 548, "Material": "CS, PD", "Installation_footage": 560, "Size_s__to_Install_": "4\r", "lat": 41.7087179, "lon": -70.9178745, "Mapped_address": "Mason St, Acushnet, MA 02743, USA", "FID": 565}}, {"type": "Feature", "id": 566, "geometry": {"type": "Point", "coordinates": [-70.8877805, 41.7199332]}, "properties": {"F_": 119, "District": "NEB", "Town": "Acushnet", "Street": "North Main St", "Retirmement_footage": 2120, "Material": "CI", "Installation_footage": 2120, "Size_s__to_Install_": "6\r", "lat": 41.7199332, "lon": -70.8877805, "Mapped_address": "N Main St, Acushnet, MA 02743, USA", "FID": 566}}, {"type": "Feature", "id": 567, "geometry": {"type": "Point", "coordinates": [-70.9395606, 41.7352113]}, "properties": {"F_": 120, "District": "NEB", "Town": "Acushnet", "Street": "Northwest St / Tobey St", "Retirmement_footage": 326, "Material": "BS, PD", "Installation_footage": 360, "Size_s__to_Install_": "2\r", "lat": 41.7352113, "lon": -70.9395606, "Mapped_address": "Northwest St, Acushnet, MA, USA", "FID": 567}}, {"type": "Feature", "id": 568, "geometry": {"type": "Point", "coordinates": [-70.9404125, 41.7341969]}, "properties": {"F_": 120, "District": "NEB", "Town": "Acushnet", "Street": "Northwest St / Tobey St", "Retirmement_footage": 326, "Material": "BS, PD", "Installation_footage": 360, "Size_s__to_Install_": "2\r", "lat": 41.7341969, "lon": -70.9404125, "Mapped_address": "Tobey St, Acushnet, MA, USA", "FID": 568}}, {"type": "Feature", "id": 569, "geometry": {"type": "Point", "coordinates": [-70.9093773, 41.6661352]}, "properties": {"F_": 121, "District": "NEB", "Town": "Acushnet", "Street": "Pleasant St", "Retirmement_footage": 241, "Material": "BS", "Installation_footage": 280, "Size_s__to_Install_": "2\r", "lat": 41.6661352, "lon": -70.9093773, "Mapped_address": "Pleasant St, Acushnet, MA 02743, USA", "FID": 569}}, {"type": "Feature", "id": 570, "geometry": {"type": "Point", "coordinates": [-70.9081643, 41.6701836]}, "properties": {"F_": 122, "District": "NEB", "Town": "Acushnet", "Street": "Rivet St", "Retirmement_footage": 239, "Material": "BS", "Installation_footage": 240, "Size_s__to_Install_": "2\r", "lat": 41.6701836, "lon": -70.9081643, "Mapped_address": "Rivet St, Acushnet, MA 02743, USA", "FID": 570}}, {"type": "Feature", "id": 571, "geometry": {"type": "Point", "coordinates": [-70.9084883, 41.6743408]}, "properties": {"F_": 123, "District": "NEB", "Town": "Acushnet", "Street": "South Main St", "Retirmement_footage": 860, "Material": "CI", "Installation_footage": 880, "Size_s__to_Install_": "6\r", "lat": 41.6743408, "lon": -70.9084883, "Mapped_address": "S Main St, Acushnet, MA, USA", "FID": 571}}, {"type": "Feature", "id": 572, "geometry": {"type": "Point", "coordinates": [-70.9404125, 41.7341969]}, "properties": {"F_": 124, "District": "NEB", "Town": "Acushnet", "Street": "Tobey St", "Retirmement_footage": 555, "Material": "PL", "Installation_footage": 555, "Size_s__to_Install_": "2\r", "lat": 41.7341969, "lon": -70.9404125, "Mapped_address": "Tobey St, Acushnet, MA, USA", "FID": 572}}, {"type": "Feature", "id": 573, "geometry": {"type": "Point", "coordinates": [-70.9254278, 41.691145]}, "properties": {"F_": 125, "District": "NEB", "Town": "Acushnet", "Street": "Westland St / Bartlett St", "Retirmement_footage": 1201, "Material": "BS, CS, PBS", "Installation_footage": 1240, "Size_s__to_Install_": "4\r", "lat": 41.691145, "lon": -70.9254278, "Mapped_address": "Bartlett St, Acushnet, MA, USA", "FID": 573}}, {"type": "Feature", "id": 574, "geometry": {"type": "Point", "coordinates": [-70.9249912, 41.6898215]}, "properties": {"F_": 125, "District": "NEB", "Town": "Acushnet", "Street": "Westland St / Bartlett St", "Retirmement_footage": 1201, "Material": "BS, CS, PBS", "Installation_footage": 1240, "Size_s__to_Install_": "4\r", "lat": 41.6898215, "lon": -70.9249912, "Mapped_address": "Westland St, Acushnet, MA, USA", "FID": 574}}, {"type": "Feature", "id": 575, "geometry": {"type": "Point", "coordinates": [-70.9558033, 41.6234618]}, "properties": {"F_": 126, "District": "NEB", "Town": "Dartmouth", "Street": "Allen St", "Retirmement_footage": 1311, "Material": "CS", "Installation_footage": 1320, "Size_s__to_Install_": "4\r", "lat": 41.6234618, "lon": -70.9558033, "Mapped_address": "Allen St, Dartmouth, MA, USA", "FID": 575}}, {"type": "Feature", "id": 576, "geometry": {"type": "Point", "coordinates": [-70.9947266, 41.6374375]}, "properties": {"F_": 127, "District": "NEB", "Town": "Dartmouth", "Street": "Emmitt Ave", "Retirmement_footage": 275, "Material": "CI", "Installation_footage": 280, "Size_s__to_Install_": "4\r", "lat": 41.6374375, "lon": -70.9947266, "Mapped_address": "Emmett Ave, Dartmouth, MA 02747, USA", "FID": 576}}, {"type": "Feature", "id": 577, "geometry": {"type": "Point", "coordinates": [-70.9318245, 41.5989363]}, "properties": {"F_": 128, "District": "NEB", "Town": "Dartmouth", "Street": "Flagship Dr", "Retirmement_footage": 1253, "Material": "PD", "Installation_footage": 1280, "Size_s__to_Install_": "2\r", "lat": 41.5989363, "lon": -70.9318245, "Mapped_address": "Flagship Dr, Dartmouth, MA 02748, USA", "FID": 577}}, {"type": "Feature", "id": 578, "geometry": {"type": "Point", "coordinates": [-70.959535, 41.6174979]}, "properties": {"F_": 129, "District": "NEB", "Town": "Dartmouth", "Street": "Gibson Ter", "Retirmement_footage": 481, "Material": "PCS", "Installation_footage": 520, "Size_s__to_Install_": "2\r", "lat": 41.6174979, "lon": -70.959535, "Mapped_address": "Gibson Terrace, Dartmouth, MA 02747, USA", "FID": 578}}, {"type": "Feature", "id": 579, "geometry": {"type": "Point", "coordinates": [-70.959553, 41.6344314]}, "properties": {"F_": 130, "District": "NEB", "Town": "Dartmouth", "Street": "Huntington Ave", "Retirmement_footage": 320, "Material": "CS", "Installation_footage": 320, "Size_s__to_Install_": "2\r", "lat": 41.6344314, "lon": -70.959553, "Mapped_address": "Huntington Ave, Dartmouth, MA, USA", "FID": 579}}, {"type": "Feature", "id": 580, "geometry": {"type": "Point", "coordinates": [-70.9701774, 41.6393793]}, "properties": {"F_": 131, "District": "NEB", "Town": "Dartmouth", "Street": "Johnson St", "Retirmement_footage": 304, "Material": "CI, BS", "Installation_footage": 320, "Size_s__to_Install_": "4\r", "lat": 41.6393793, "lon": -70.9701774, "Mapped_address": "Johnson St, Dartmouth, MA 02747, USA", "FID": 580}}, {"type": "Feature", "id": 581, "geometry": {"type": "Point", "coordinates": [-70.990214, 41.6356036]}, "properties": {"F_": 132, "District": "NEB", "Town": "Dartmouth", "Street": "Longview Dr", "Retirmement_footage": 1825, "Material": "CS, PS, PD", "Installation_footage": 1840, "Size_s__to_Install_": "2\r", "lat": 41.6356036, "lon": -70.990214, "Mapped_address": "Longview Dr, Dartmouth, MA 02747, USA", "FID": 581}}, {"type": "Feature", "id": 582, "geometry": {"type": "Point", "coordinates": [-70.9625999, 41.6247552]}, "properties": {"F_": 133, "District": "NEB", "Town": "Dartmouth", "Street": "Maplecrest Dr, Alder Ct", "Retirmement_footage": 1320, "Material": "CS, PD", "Installation_footage": 1320, "Size_s__to_Install_": "2\r", "lat": 41.6247552, "lon": -70.9625999, "Mapped_address": "Alder Ct, Dartmouth, MA 02747, USA", "FID": 582}}, {"type": "Feature", "id": 583, "geometry": {"type": "Point", "coordinates": [-70.9618674, 41.6248425]}, "properties": {"F_": 133, "District": "NEB", "Town": "Dartmouth", "Street": "Maplecrest Dr, Alder Ct", "Retirmement_footage": 1320, "Material": "CS, PD", "Installation_footage": 1320, "Size_s__to_Install_": "2\r", "lat": 41.6248425, "lon": -70.9618674, "Mapped_address": "Maplecrest Dr, Dartmouth, MA 02747, USA", "FID": 583}}, {"type": "Feature", "id": 584, "geometry": {"type": "Point", "coordinates": [-70.9524896, 41.6026074]}, "properties": {"F_": 134, "District": "NEB", "Town": "Dartmouth", "Street": "Raymond St", "Retirmement_footage": 154, "Material": "CS", "Installation_footage": 680, "Size_s__to_Install_": "2\r", "lat": 41.6026074, "lon": -70.9524896, "Mapped_address": "Raymond St, Dartmouth, MA 02748, USA", "FID": 584}}, {"type": "Feature", "id": 585, "geometry": {"type": "Point", "coordinates": [-71.0102054, 41.6271241]}, "properties": {"F_": 135, "District": "NEB", "Town": "Dartmouth", "Street": "Ring Rd", "Retirmement_footage": 380, "Material": "BS", "Installation_footage": 400, "Size_s__to_Install_": "4\r", "lat": 41.6271241, "lon": -71.0102054, "Mapped_address": "Ring Rd, Dartmouth, MA 02747, USA", "FID": 585}}, {"type": "Feature", "id": 586, "geometry": {"type": "Point", "coordinates": [-70.9420925, 41.6075669]}, "properties": {"F_": 136, "District": "NEB", "Town": "Dartmouth", "Street": "Rogers St", "Retirmement_footage": 149, "Material": "BS, PD", "Installation_footage": 160, "Size_s__to_Install_": "4\r", "lat": 41.6075669, "lon": -70.9420925, "Mapped_address": "Rogers St, Dartmouth, MA, USA", "FID": 586}}, {"type": "Feature", "id": 587, "geometry": {"type": "Point", "coordinates": [-70.9393257, 41.6183627]}, "properties": {"F_": 137, "District": "NEB", "Town": "Dartmouth", "Street": "Stephen St", "Retirmement_footage": 1304, "Material": "CI", "Installation_footage": 1320, "Size_s__to_Install_": "4\r", "lat": 41.6183627, "lon": -70.9393257, "Mapped_address": "Stephen St, Dartmouth, MA, USA", "FID": 587}}, {"type": "Feature", "id": 588, "geometry": {"type": "Point", "coordinates": [-70.958722, 41.600942]}, "properties": {"F_": 138, "District": "NEB", "Town": "Dartmouth", "Street": "Stonybrook Ln", "Retirmement_footage": 330, "Material": "CS", "Installation_footage": 360, "Size_s__to_Install_": "2\r", "lat": 41.600942, "lon": -70.958722, "Mapped_address": "Stoney Brook Ln, Dartmouth, MA 02748, USA", "FID": 588}}, {"type": "Feature", "id": 589, "geometry": {"type": "Point", "coordinates": [-70.955245, 41.6021249]}, "properties": {"F_": 139, "District": "NEB", "Town": "Dartmouth", "Street": "Theresa St, Crosby St", "Retirmement_footage": 866, "Material": "CS, PCS, PD", "Installation_footage": 880, "Size_s__to_Install_": "2\r", "lat": 41.6021249, "lon": -70.955245, "Mapped_address": "Crosby St, Dartmouth, MA 02748, USA", "FID": 589}}, {"type": "Feature", "id": 590, "geometry": {"type": "Point", "coordinates": [-70.9562132, 41.6013116]}, "properties": {"F_": 139, "District": "NEB", "Town": "Dartmouth", "Street": "Theresa St, Crosby St", "Retirmement_footage": 866, "Material": "CS, PCS, PD", "Installation_footage": 880, "Size_s__to_Install_": "2\r", "lat": 41.6013116, "lon": -70.9562132, "Mapped_address": "Theresa St, Dartmouth, MA 02748, USA", "FID": 590}}, {"type": "Feature", "id": 591, "geometry": {"type": "Point", "coordinates": [-70.9404843, 41.6125076]}, "properties": {"F_": 140, "District": "NEB", "Town": "Dartmouth", "Street": "West Bliss St", "Retirmement_footage": 320, "Material": "CI", "Installation_footage": 320, "Size_s__to_Install_": "6\r", "lat": 41.6125076, "lon": -70.9404843, "Mapped_address": "W Bliss St, Dartmouth, MA 02748, USA", "FID": 591}}, {"type": "Feature", "id": 592, "geometry": {"type": "Point", "coordinates": [-70.967962, 41.6470485]}, "properties": {"F_": 141, "District": "NEB", "Town": "Dartmouth", "Street": "Wilbur Ave, Gardner St", "Retirmement_footage": 1311, "Material": "BS, CS, PL", "Installation_footage": 1320, "Size_s__to_Install_": "2\r", "lat": 41.6470485, "lon": -70.967962, "Mapped_address": "Gardner St, Dartmouth, MA, USA", "FID": 592}}, {"type": "Feature", "id": 593, "geometry": {"type": "Point", "coordinates": [-70.9669343, 41.6429904]}, "properties": {"F_": 141, "District": "NEB", "Town": "Dartmouth", "Street": "Wilbur Ave, Gardner St", "Retirmement_footage": 1311, "Material": "BS, CS, PL", "Installation_footage": 1320, "Size_s__to_Install_": "2\r", "lat": 41.6429904, "lon": -70.9669343, "Mapped_address": "Wilbur Ave, Dartmouth, MA 02747, USA", "FID": 593}}, {"type": "Feature", "id": 594, "geometry": {"type": "Point", "coordinates": [-70.8695384, 41.6265569]}, "properties": {"F_": 142, "District": "NEB", "Town": "Fairhaven", "Street": "Austria Ave", "Retirmement_footage": 364, "Material": "CS", "Installation_footage": 400, "Size_s__to_Install_": "2\r", "lat": 41.6265569, "lon": -70.8695384, "Mapped_address": "Austria Ave, Fairhaven, MA 02719, USA", "FID": 594}}, {"type": "Feature", "id": 595, "geometry": {"type": "Point", "coordinates": [-70.9012806, 41.6493572]}, "properties": {"F_": 143, "District": "NEB", "Town": "Fairhaven", "Street": "Birchfield St", "Retirmement_footage": 1459, "Material": "CS, PCS, PBS, PD", "Installation_footage": 1480, "Size_s__to_Install_": "2\r", "lat": 41.6493572, "lon": -70.9012806, "Mapped_address": "Birchfield St, Fairhaven, MA 02719, USA", "FID": 595}}, {"type": "Feature", "id": 596, "geometry": {"type": "Point", "coordinates": [-70.9065343, 41.647048]}, "properties": {"F_": 144, "District": "NEB", "Town": "Fairhaven", "Street": "Castle Ave, Jarvis Ave, Oxford St, Robert St", "Retirmement_footage": 2275, "Material": "CS, BS, PD, PL", "Installation_footage": 2280, "Size_s__to_Install_": "2\r", "lat": 41.647048, "lon": -70.9065343, "Mapped_address": "Castle Ave, Fairhaven, MA 02719, USA", "FID": 596}}, {"type": "Feature", "id": 597, "geometry": {"type": "Point", "coordinates": [-70.9058171, 41.6498292]}, "properties": {"F_": 144, "District": "NEB", "Town": "Fairhaven", "Street": "Castle Ave, Jarvis Ave, Oxford St, Robert St", "Retirmement_footage": 2275, "Material": "CS, BS, PD, PL", "Installation_footage": 2280, "Size_s__to_Install_": "2\r", "lat": 41.6498292, "lon": -70.9058171, "Mapped_address": "Jarvis Ave, Fairhaven, MA 02719, USA", "FID": 597}}, {"type": "Feature", "id": 598, "geometry": {"type": "Point", "coordinates": [-70.9095096, 41.6476581]}, "properties": {"F_": 144, "District": "NEB", "Town": "Fairhaven", "Street": "Castle Ave, Jarvis Ave, Oxford St, Robert St", "Retirmement_footage": 2275, "Material": "CS, BS, PD, PL", "Installation_footage": 2280, "Size_s__to_Install_": "2\r", "lat": 41.6476581, "lon": -70.9095096, "Mapped_address": "Oxford St, Fairhaven, MA 02719, USA", "FID": 598}}, {"type": "Feature", "id": 599, "geometry": {"type": "Point", "coordinates": [-70.9067119, 41.6475259]}, "properties": {"F_": 144, "District": "NEB", "Town": "Fairhaven", "Street": "Castle Ave, Jarvis Ave, Oxford St, Robert St", "Retirmement_footage": 2275, "Material": "CS, BS, PD, PL", "Installation_footage": 2280, "Size_s__to_Install_": "2\r", "lat": 41.6475259, "lon": -70.9067119, "Mapped_address": "Robert St, Fairhaven, MA 02719, USA", "FID": 599}}, {"type": "Feature", "id": 600, "geometry": {"type": "Point", "coordinates": [-70.8963752, 41.628994]}, "properties": {"F_": 145, "District": "NEB", "Town": "Fairhaven", "Street": "Cedar St", "Retirmement_footage": 1317, "Material": "BS, CS", "Installation_footage": 1320, "Size_s__to_Install_": "4\r", "lat": 41.628994, "lon": -70.8963752, "Mapped_address": "Cedar St, Fairhaven, MA 02719, USA", "FID": 600}}, {"type": "Feature", "id": 601, "geometry": {"type": "Point", "coordinates": [-71.1247785, 42.3910669]}, "properties": {"F_": 476, "District": "SOM", "Town": "Cambridge", "Street": "Walden St, Mead St, Cogswell Ave, Russell St", "Retirmement_footage": 4333, "Material": "BS, PCS, PL, PD", "Installation_footage": 4360, "Size_s__to_Install_": "12, 8, 2\r", "lat": 42.3910669, "lon": -71.1247785, "Mapped_address": "Cogswell Ave, Cambridge, MA 02140, USA", "FID": 601}}, {"type": "Feature", "id": 602, "geometry": {"type": "Point", "coordinates": [-70.9364022, 41.6764798]}, "properties": {"F_": 306, "District": "NEB", "Town": "New Bedford", "Street": "Maywood St", "Retirmement_footage": 906, "Material": "CI", "Installation_footage": 920, "Size_s__to_Install_": "6\r", "lat": 41.6764798, "lon": -70.9364022, "Mapped_address": "Maywood St, New Bedford, MA 02745, USA", "FID": 602}}, {"type": "Feature", "id": 603, "geometry": {"type": "Point", "coordinates": [-70.9216935, 41.6841144]}, "properties": {"F_": 307, "District": "NEB", "Town": "New Bedford", "Street": "Mazeppa St", "Retirmement_footage": 166, "Material": "BS", "Installation_footage": 200, "Size_s__to_Install_": "4\r", "lat": 41.6841144, "lon": -70.9216935, "Mapped_address": "Mazeppa St, New Bedford, MA 02745, USA", "FID": 603}}, {"type": "Feature", "id": 604, "geometry": {"type": "Point", "coordinates": [-70.9443612, 41.6163645]}, "properties": {"F_": 308, "District": "NEB", "Town": "New Bedford", "Street": "McCabe St", "Retirmement_footage": 59, "Material": "CI", "Installation_footage": 80, "Size_s__to_Install_": "4\r", "lat": 41.6163645, "lon": -70.9443612, "Mapped_address": "McCabe St, New Bedford, MA, USA", "FID": 604}}, {"type": "Feature", "id": 605, "geometry": {"type": "Point", "coordinates": [-70.9315323, 41.646618]}, "properties": {"F_": 309, "District": "NEB", "Town": "New Bedford", "Street": "Merrimac St", "Retirmement_footage": 981, "Material": "CI", "Installation_footage": 1000, "Size_s__to_Install_": "4\r", "lat": 41.646618, "lon": -70.9315323, "Mapped_address": "Merrimac St, New Bedford, MA 02740, USA", "FID": 605}}, {"type": "Feature", "id": 606, "geometry": {"type": "Point", "coordinates": [-70.9280096, 41.6850364]}, "properties": {"F_": 310, "District": "NEB", "Town": "New Bedford", "Street": "Metcalf St / Pontiac St", "Retirmement_footage": 634, "Material": "CI", "Installation_footage": 640, "Size_s__to_Install_": "4\r", "lat": 41.6850364, "lon": -70.9280096, "Mapped_address": "Metcalf St, New Bedford, MA 02745, USA", "FID": 606}}, {"type": "Feature", "id": 607, "geometry": {"type": "Point", "coordinates": [-70.9285106, 41.6878743]}, "properties": {"F_": 310, "District": "NEB", "Town": "New Bedford", "Street": "Metcalf St / Pontiac St", "Retirmement_footage": 634, "Material": "CI", "Installation_footage": 640, "Size_s__to_Install_": "4\r", "lat": 41.6878743, "lon": -70.9285106, "Mapped_address": "Pontiac St, New Bedford, MA 02745, USA", "FID": 607}}, {"type": "Feature", "id": 608, "geometry": {"type": "Point", "coordinates": [-70.9353611, 41.6359703]}, "properties": {"F_": 311, "District": "NEB", "Town": "New Bedford", "Street": "Middle St", "Retirmement_footage": 360, "Material": "CI", "Installation_footage": 360, "Size_s__to_Install_": "4\r", "lat": 41.6359703, "lon": -70.9353611, "Mapped_address": "Middle St, New Bedford, MA 02740, USA", "FID": 608}}, {"type": "Feature", "id": 609, "geometry": {"type": "Point", "coordinates": [-70.9348138, 41.6764971]}, "properties": {"F_": 312, "District": "NEB", "Town": "New Bedford", "Street": "Milford St", "Retirmement_footage": 2037, "Material": "CI", "Installation_footage": 2040, "Size_s__to_Install_": "4\r", "lat": 41.6764971, "lon": -70.9348138, "Mapped_address": "Milford St, New Bedford, MA 02745, USA", "FID": 609}}, {"type": "Feature", "id": 610, "geometry": {"type": "Point", "coordinates": [-70.9205358, 41.6844457]}, "properties": {"F_": 313, "District": "NEB", "Town": "New Bedford", "Street": "Mill Rd", "Retirmement_footage": 2076, "Material": "CI, PY", "Installation_footage": 2080, "Size_s__to_Install_": "8\r", "lat": 41.6844457, "lon": -70.9205358, "Mapped_address": "Mill Rd, New Bedford, MA, USA", "FID": 610}}, {"type": "Feature", "id": 611, "geometry": {"type": "Point", "coordinates": [-70.9270106, 41.6905772]}, "properties": {"F_": 314, "District": "NEB", "Town": "New Bedford", "Street": "Monmouth St", "Retirmement_footage": 296, "Material": "BS", "Installation_footage": 320, "Size_s__to_Install_": "4\r", "lat": 41.6905772, "lon": -70.9270106, "Mapped_address": "Monmouth St, New Bedford, MA, USA", "FID": 611}}, {"type": "Feature", "id": 612, "geometry": {"type": "Point", "coordinates": [-70.9311141, 41.6910793]}, "properties": {"F_": 315, "District": "NEB", "Town": "New Bedford", "Street": "Montrose St", "Retirmement_footage": 368, "Material": "CI, BS, CS", "Installation_footage": 400, "Size_s__to_Install_": "4\r", "lat": 41.6910793, "lon": -70.9311141, "Mapped_address": "Montrose St, New Bedford, MA 02745, USA", "FID": 612}}, {"type": "Feature", "id": 613, "geometry": {"type": "Point", "coordinates": [-70.9086007, 41.6065807]}, "properties": {"F_": 316, "District": "NEB", "Town": "New Bedford", "Street": "Moss St", "Retirmement_footage": 830, "Material": "CI, BS, CS, PD", "Installation_footage": 840, "Size_s__to_Install_": "2\r", "lat": 41.6065807, "lon": -70.9086007, "Mapped_address": "Moss St, New Bedford, MA 02744, USA", "FID": 613}}, {"type": "Feature", "id": 614, "geometry": {"type": "Point", "coordinates": [-70.9104483, 41.612146]}, "properties": {"F_": 317, "District": "NEB", "Town": "New Bedford", "Street": "Mott St", "Retirmement_footage": 1421, "Material": "CI", "Installation_footage": 1440, "Size_s__to_Install_": "4\r", "lat": 41.612146, "lon": -70.9104483, "Mapped_address": "Mott St, New Bedford, MA 02744, USA", "FID": 614}}, {"type": "Feature", "id": 615, "geometry": {"type": "Point", "coordinates": [-70.9430022, 41.665257]}, "properties": {"F_": 318, "District": "NEB", "Town": "New Bedford", "Street": "Mount Pleasant St", "Retirmement_footage": 1037, "Material": "CI", "Installation_footage": 1040, "Size_s__to_Install_": "4\r", "lat": 41.665257, "lon": -70.9430022, "Mapped_address": "Mt Pleasant St, New Bedford, MA, USA", "FID": 615}}, {"type": "Feature", "id": 616, "geometry": {"type": "Point", "coordinates": [-70.9307868, 41.677968]}, "properties": {"F_": 319, "District": "NEB", "Town": "New Bedford", "Street": "Moynan St", "Retirmement_footage": 487, "Material": "CI", "Installation_footage": 520, "Size_s__to_Install_": "4\r", "lat": 41.677968, "lon": -70.9307868, "Mapped_address": "Moynan St, New Bedford, MA 02745, USA", "FID": 616}}, {"type": "Feature", "id": 617, "geometry": {"type": "Point", "coordinates": [-70.9253011, 41.6665784]}, "properties": {"F_": 320, "District": "NEB", "Town": "New Bedford", "Street": "Nash Rd / Madeira Ave", "Retirmement_footage": 5476, "Material": "BS, CI, CS, PD", "Installation_footage": 2839, "Size_s__to_Install_": "12\r", "lat": 41.6665784, "lon": -70.9253011, "Mapped_address": "Madeira Ave, New Bedford, MA, USA", "FID": 617}}, {"type": "Feature", "id": 618, "geometry": {"type": "Point", "coordinates": [-70.9358423, 41.6659735]}, "properties": {"F_": 320, "District": "NEB", "Town": "New Bedford", "Street": "Nash Rd / Madeira Ave", "Retirmement_footage": 5476, "Material": "BS, CI, CS, PD", "Installation_footage": 2839, "Size_s__to_Install_": "12\r", "lat": 41.6659735, "lon": -70.9358423, "Mapped_address": "Nash Rd, New Bedford, MA, USA", "FID": 618}}, {"type": "Feature", "id": 619, "geometry": {"type": "Point", "coordinates": [-70.92599, 41.6593162]}, "properties": {"F_": 321, "District": "NEB", "Town": "New Bedford", "Street": "North Front St", "Retirmement_footage": 1085, "Material": "CI", "Installation_footage": 1120, "Size_s__to_Install_": "4\r", "lat": 41.6593162, "lon": -70.92599, "Mapped_address": "N Front St, New Bedford, MA, USA", "FID": 619}}, {"type": "Feature", "id": 620, "geometry": {"type": "Point", "coordinates": [-70.92599, 41.6593162]}, "properties": {"F_": 322, "District": "NEB", "Town": "New Bedford", "Street": "North Front St", "Retirmement_footage": 479, "Material": "CI", "Installation_footage": 480, "Size_s__to_Install_": "4\r", "lat": 41.6593162, "lon": -70.92599, "Mapped_address": "N Front St, New Bedford, MA, USA", "FID": 620}}, {"type": "Feature", "id": 621, "geometry": {"type": "Point", "coordinates": [-70.9251294, 41.6903865]}, "properties": {"F_": 323, "District": "NEB", "Town": "New Bedford", "Street": "Norwood St", "Retirmement_footage": 198, "Material": "CI", "Installation_footage": 200, "Size_s__to_Install_": "4\r", "lat": 41.6903865, "lon": -70.9251294, "Mapped_address": "Norwood St, New Bedford, MA, USA", "FID": 621}}, {"type": "Feature", "id": 622, "geometry": {"type": "Point", "coordinates": [-70.9386118, 41.6837248]}, "properties": {"F_": 324, "District": "NEB", "Town": "New Bedford", "Street": "Oliver St", "Retirmement_footage": 2588, "Material": "CI, CS", "Installation_footage": 2600, "Size_s__to_Install_": "4\r", "lat": 41.6837248, "lon": -70.9386118, "Mapped_address": "Oliver St, New Bedford, MA 02745, USA", "FID": 622}}, {"type": "Feature", "id": 623, "geometry": {"type": "Point", "coordinates": [-70.9296505, 41.6239983]}, "properties": {"F_": 325, "District": "NEB", "Town": "New Bedford", "Street": "Orchard St", "Retirmement_footage": 647, "Material": "CI", "Installation_footage": 680, "Size_s__to_Install_": "4\r", "lat": 41.6239983, "lon": -70.9296505, "Mapped_address": "Orchard St, New Bedford, MA, USA", "FID": 623}}, {"type": "Feature", "id": 624, "geometry": {"type": "Point", "coordinates": [-70.9428651, 41.6430388]}, "properties": {"F_": 326, "District": "NEB", "Town": "New Bedford", "Street": "Parker St", "Retirmement_footage": 850, "Material": "CI", "Installation_footage": 880, "Size_s__to_Install_": "4\r", "lat": 41.6430388, "lon": -70.9428651, "Mapped_address": "Parker St, New Bedford, MA 02740, USA", "FID": 624}}, {"type": "Feature", "id": 625, "geometry": {"type": "Point", "coordinates": [-70.954215, 41.6297845]}, "properties": {"F_": 327, "District": "NEB", "Town": "New Bedford", "Street": "Pauline St", "Retirmement_footage": 245, "Material": "CI", "Installation_footage": 280, "Size_s__to_Install_": "4\r", "lat": 41.6297845, "lon": -70.954215, "Mapped_address": "Pauline St, New Bedford, MA, USA", "FID": 625}}, {"type": "Feature", "id": 626, "geometry": {"type": "Point", "coordinates": [-70.921489, 41.6754686]}, "properties": {"F_": 328, "District": "NEB", "Town": "New Bedford", "Street": "Perry St", "Retirmement_footage": 731, "Material": "CI", "Installation_footage": 760, "Size_s__to_Install_": "4\r", "lat": 41.6754686, "lon": -70.921489, "Mapped_address": "Perry St, New Bedford, MA 02745, USA", "FID": 626}}, {"type": "Feature", "id": 627, "geometry": {"type": "Point", "coordinates": [-70.9276446, 41.6382553]}, "properties": {"F_": 329, "District": "NEB", "Town": "New Bedford", "Street": "Pleasant St", "Retirmement_footage": 260, "Material": "CI", "Installation_footage": 280, "Size_s__to_Install_": "4\r", "lat": 41.6382553, "lon": -70.9276446, "Mapped_address": "Pleasant St, New Bedford, MA 02740, USA", "FID": 627}}, {"type": "Feature", "id": 628, "geometry": {"type": "Point", "coordinates": [-70.9469641, 41.6505236]}, "properties": {"F_": 330, "District": "NEB", "Town": "New Bedford", "Street": "Potter St", "Retirmement_footage": 224, "Material": "CS", "Installation_footage": 0, "Size_s__to_Install_": "n/a\r", "lat": 41.6505236, "lon": -70.9469641, "Mapped_address": "Potter St, New Bedford, MA, USA", "FID": 628}}, {"type": "Feature", "id": 629, "geometry": {"type": "Point", "coordinates": [-70.9469641, 41.6505236]}, "properties": {"F_": 331, "District": "NEB", "Town": "New Bedford", "Street": "Potter St", "Retirmement_footage": 128, "Material": "CI", "Installation_footage": 160, "Size_s__to_Install_": "4\r", "lat": 41.6505236, "lon": -70.9469641, "Mapped_address": "Potter St, New Bedford, MA, USA", "FID": 629}}, {"type": "Feature", "id": 630, "geometry": {"type": "Point", "coordinates": [-70.9377729, 41.6838236]}, "properties": {"F_": 332, "District": "NEB", "Town": "New Bedford", "Street": "Prescott St", "Retirmement_footage": 2335, "Material": "CI", "Installation_footage": 2360, "Size_s__to_Install_": "4\r", "lat": 41.6838236, "lon": -70.9377729, "Mapped_address": "Prescott St, New Bedford, MA 02745, USA", "FID": 630}}, {"type": "Feature", "id": 631, "geometry": {"type": "Point", "coordinates": [-70.92718, 41.6420909]}, "properties": {"F_": 333, "District": "NEB", "Town": "New Bedford", "Street": "Purchase St, Washington St", "Retirmement_footage": 904, "Material": "CI", "Installation_footage": 920, "Size_s__to_Install_": "4\r", "lat": 41.6420909, "lon": -70.92718, "Mapped_address": "Purchase St, New Bedford, MA, USA", "FID": 631}}, {"type": "Feature", "id": 632, "geometry": {"type": "Point", "coordinates": [-70.9279548, 41.6245695]}, "properties": {"F_": 333, "District": "NEB", "Town": "New Bedford", "Street": "Purchase St, Washington St", "Retirmement_footage": 904, "Material": "CI", "Installation_footage": 920, "Size_s__to_Install_": "4\r", "lat": 41.6245695, "lon": -70.9279548, "Mapped_address": "Washington St, New Bedford, MA 02740, USA", "FID": 632}}, {"type": "Feature", "id": 633, "geometry": {"type": "Point", "coordinates": [-70.9298043, 41.6700422]}, "properties": {"F_": 334, "District": "NEB", "Town": "New Bedford", "Street": "Query St", "Retirmement_footage": 2672, "Material": "CI", "Installation_footage": 2680, "Size_s__to_Install_": "6\r", "lat": 41.6700422, "lon": -70.9298043, "Mapped_address": "Query St, New Bedford, MA 02745, USA", "FID": 633}}, {"type": "Feature", "id": 634, "geometry": {"type": "Point", "coordinates": [-70.9466291, 41.630278]}, "properties": {"F_": 335, "District": "NEB", "Town": "New Bedford", "Street": "Reed St", "Retirmement_footage": 1448, "Material": "CI", "Installation_footage": 1480, "Size_s__to_Install_": "4\r", "lat": 41.630278, "lon": -70.9466291, "Mapped_address": "Reed St, New Bedford, MA 02740, USA", "FID": 634}}, {"type": "Feature", "id": 635, "geometry": {"type": "Point", "coordinates": [-70.9339426, 41.6537862]}, "properties": {"F_": 336, "District": "NEB", "Town": "New Bedford", "Street": "Reynolds St", "Retirmement_footage": 1200, "Material": "CI", "Installation_footage": 1200, "Size_s__to_Install_": "4\r", "lat": 41.6537862, "lon": -70.9339426, "Mapped_address": "Reynolds St, New Bedford, MA, USA", "FID": 635}}, {"type": "Feature", "id": 636, "geometry": {"type": "Point", "coordinates": [-70.9386458, 41.6478916]}, "properties": {"F_": 337, "District": "NEB", "Town": "New Bedford", "Street": "Richmond St", "Retirmement_footage": 2170, "Material": "CI", "Installation_footage": 2200, "Size_s__to_Install_": "6\r", "lat": 41.6478916, "lon": -70.9386458, "Mapped_address": "Richmond St, New Bedford, MA 02740, USA", "FID": 636}}, {"type": "Feature", "id": 637, "geometry": {"type": "Point", "coordinates": [-70.9270971, 41.6201394]}, "properties": {"F_": 338, "District": "NEB", "Town": "New Bedford", "Street": "Rivet St", "Retirmement_footage": 444, "Material": "CI", "Installation_footage": 480, "Size_s__to_Install_": "8\r", "lat": 41.6201394, "lon": -70.9270971, "Mapped_address": "Rivet St, New Bedford, MA, USA", "FID": 637}}, {"type": "Feature", "id": 638, "geometry": {"type": "Point", "coordinates": [-70.9368465, 41.646815]}, "properties": {"F_": 339, "District": "NEB", "Town": "New Bedford", "Street": "Robeson St", "Retirmement_footage": 924, "Material": "CI", "Installation_footage": 960, "Size_s__to_Install_": "4\r", "lat": 41.646815, "lon": -70.9368465, "Mapped_address": "Robeson St, New Bedford, MA 02740, USA", "FID": 638}}, {"type": "Feature", "id": 639, "geometry": {"type": "Point", "coordinates": [-70.9339286, 41.6761449]}, "properties": {"F_": 340, "District": "NEB", "Town": "New Bedford", "Street": "Rochambeau St", "Retirmement_footage": 1184, "Material": "CI", "Installation_footage": 1200, "Size_s__to_Install_": "4\r", "lat": 41.6761449, "lon": -70.9339286, "Mapped_address": "Rochambeau St, New Bedford, MA 02745, USA", "FID": 639}}, {"type": "Feature", "id": 640, "geometry": {"type": "Point", "coordinates": [-70.9485145, 41.6326039]}, "properties": {"F_": 341, "District": "NEB", "Town": "New Bedford", "Street": "Rockdale Ave", "Retirmement_footage": 1200, "Material": "CI", "Installation_footage": 1200, "Size_s__to_Install_": "6,4\r", "lat": 41.6326039, "lon": -70.9485145, "Mapped_address": "Rockdale Ave, New Bedford, MA, USA", "FID": 640}}, {"type": "Feature", "id": 641, "geometry": {"type": "Point", "coordinates": [-70.9485145, 41.6326039]}, "properties": {"F_": 342, "District": "NEB", "Town": "New Bedford", "Street": "Rockdale Ave", "Retirmement_footage": 1220, "Material": "CI, PL", "Installation_footage": 640, "Size_s__to_Install_": "8\r", "lat": 41.6326039, "lon": -70.9485145, "Mapped_address": "Rockdale Ave, New Bedford, MA, USA", "FID": 641}}, {"type": "Feature", "id": 642, "geometry": {"type": "Point", "coordinates": [-70.9485145, 41.6326039]}, "properties": {"F_": 343, "District": "NEB", "Town": "New Bedford", "Street": "Rockdale Ave", "Retirmement_footage": 1024, "Material": "CI", "Installation_footage": 1040, "Size_s__to_Install_": "6\r", "lat": 41.6326039, "lon": -70.9485145, "Mapped_address": "Rockdale Ave, New Bedford, MA, USA", "FID": 642}}, {"type": "Feature", "id": 643, "geometry": {"type": "Point", "coordinates": [-70.9485145, 41.6326039]}, "properties": {"F_": 344, "District": "NEB", "Town": "New Bedford", "Street": "Rockdale Ave (1)", "Retirmement_footage": 1331, "Material": "CI", "Installation_footage": 1360, "Size_s__to_Install_": "6\r", "lat": 41.6326039, "lon": -70.9485145, "Mapped_address": "Rockdale Ave, New Bedford, MA, USA", "FID": 643}}, {"type": "Feature", "id": 644, "geometry": {"type": "Point", "coordinates": [-70.9485145, 41.6326039]}, "properties": {"F_": 345, "District": "NEB", "Town": "New Bedford", "Street": "Rockdale Ave (2)", "Retirmement_footage": 696, "Material": "CI", "Installation_footage": 720, "Size_s__to_Install_": "6\r", "lat": 41.6326039, "lon": -70.9485145, "Mapped_address": "Rockdale Ave, New Bedford, MA, USA", "FID": 644}}, {"type": "Feature", "id": 645, "geometry": {"type": "Point", "coordinates": [-70.9485145, 41.6326039]}, "properties": {"F_": 346, "District": "NEB", "Town": "New Bedford", "Street": "Rockdale St", "Retirmement_footage": 220, "Material": "CI", "Installation_footage": 240, "Size_s__to_Install_": "4\r", "lat": 41.6326039, "lon": -70.9485145, "Mapped_address": "Rockdale Ave, New Bedford, MA, USA", "FID": 645}}, {"type": "Feature", "id": 646, "geometry": {"type": "Point", "coordinates": [-70.9285231, 41.6221793]}, "properties": {"F_": 347, "District": "NEB", "Town": "New Bedford", "Street": "Rockland St", "Retirmement_footage": 13, "Material": "CI", "Installation_footage": 0, "Size_s__to_Install_": "n/a\r", "lat": 41.6221793, "lon": -70.9285231, "Mapped_address": "Rockland St, New Bedford, MA 02740, USA", "FID": 646}}, {"type": "Feature", "id": 647, "geometry": {"type": "Point", "coordinates": [-70.9145346, 41.6150063]}, "properties": {"F_": 348, "District": "NEB", "Town": "New Bedford", "Street": "Roosevelt St", "Retirmement_footage": 1148, "Material": "CI", "Installation_footage": 1160, "Size_s__to_Install_": "4\r", "lat": 41.6150063, "lon": -70.9145346, "Mapped_address": "Roosevelt St, New Bedford, MA 02744, USA", "FID": 647}}, {"type": "Feature", "id": 648, "geometry": {"type": "Point", "coordinates": [-70.9315634, 41.6779815]}, "properties": {"F_": 349, "District": "NEB", "Town": "New Bedford", "Street": "Roy St", "Retirmement_footage": 426, "Material": "CI", "Installation_footage": 440, "Size_s__to_Install_": "4\r", "lat": 41.6779815, "lon": -70.9315634, "Mapped_address": "Roy St, New Bedford, MA 02745, USA", "FID": 648}}, {"type": "Feature", "id": 649, "geometry": {"type": "Point", "coordinates": [-70.9258345, 41.6814089]}, "properties": {"F_": 350, "District": "NEB", "Town": "New Bedford", "Street": "Rutland St", "Retirmement_footage": 651, "Material": "CI, BS", "Installation_footage": 680, "Size_s__to_Install_": "4\r", "lat": 41.6814089, "lon": -70.9258345, "Mapped_address": "Rutland St, New Bedford, MA 02745, USA", "FID": 649}}, {"type": "Feature", "id": 650, "geometry": {"type": "Point", "coordinates": [-70.9466813, 41.6264596]}, "properties": {"F_": 351, "District": "NEB", "Town": "New Bedford", "Street": "Ryan St", "Retirmement_footage": 505, "Material": "CI, PL", "Installation_footage": 520, "Size_s__to_Install_": "4\r", "lat": 41.6264596, "lon": -70.9466813, "Mapped_address": "Ryan St, New Bedford, MA 02740, USA", "FID": 650}}, {"type": "Feature", "id": 651, "geometry": {"type": "Point", "coordinates": [-70.9337778, 41.6172479]}, "properties": {"F_": 352, "District": "NEB", "Town": "New Bedford", "Street": "Sagamore St", "Retirmement_footage": 1332, "Material": "CI", "Installation_footage": 1360, "Size_s__to_Install_": "4\r", "lat": 41.6172479, "lon": -70.9337778, "Mapped_address": "Sagamore St, New Bedford, MA 02740, USA", "FID": 651}}, {"type": "Feature", "id": 652, "geometry": {"type": "Point", "coordinates": [-70.9395476, 41.6561962]}, "properties": {"F_": 353, "District": "NEB", "Town": "New Bedford", "Street": "Sawyer St", "Retirmement_footage": 805, "Material": "CI", "Installation_footage": 840, "Size_s__to_Install_": "8\r", "lat": 41.6561962, "lon": -70.9395476, "Mapped_address": "Sawyer St, New Bedford, MA, USA", "FID": 652}}, {"type": "Feature", "id": 653, "geometry": {"type": "Point", "coordinates": [-70.9395476, 41.6561962]}, "properties": {"F_": 354, "District": "NEB", "Town": "New Bedford", "Street": "Sawyer St", "Retirmement_footage": 638, "Material": "CI, PY", "Installation_footage": 640, "Size_s__to_Install_": "4\r", "lat": 41.6561962, "lon": -70.9395476, "Mapped_address": "Sawyer St, New Bedford, MA, USA", "FID": 653}}, {"type": "Feature", "id": 654, "geometry": {"type": "Point", "coordinates": [-70.9371405, 41.6762796]}, "properties": {"F_": 355, "District": "NEB", "Town": "New Bedford", "Street": "Seabury St", "Retirmement_footage": 935, "Material": "CS", "Installation_footage": 960, "Size_s__to_Install_": "6\r", "lat": 41.6762796, "lon": -70.9371405, "Mapped_address": "Seabury St, New Bedford, MA 02745, USA", "FID": 654}}, {"type": "Feature", "id": 655, "geometry": {"type": "Point", "coordinates": [-70.9516328, 41.6659166]}, "properties": {"F_": 357, "District": "NEB", "Town": "New Bedford", "Street": "Shawmut Ave", "Retirmement_footage": 1082, "Material": "CI", "Installation_footage": 1120, "Size_s__to_Install_": "4\r", "lat": 41.6659166, "lon": -70.9516328, "Mapped_address": "Shawmut Ave, New Bedford, MA, USA", "FID": 655}}, {"type": "Feature", "id": 656, "geometry": {"type": "Point", "coordinates": [-70.9516328, 41.6659166]}, "properties": {"F_": 358, "District": "NEB", "Town": "New Bedford", "Street": "Shawmut Ave", "Retirmement_footage": 1191, "Material": "CI", "Installation_footage": 1200, "Size_s__to_Install_": "4\r", "lat": 41.6659166, "lon": -70.9516328, "Mapped_address": "Shawmut Ave, New Bedford, MA, USA", "FID": 656}}, {"type": "Feature", "id": 657, "geometry": {"type": "Point", "coordinates": [-71.1250338, 42.3899771]}, "properties": {"F_": 476, "District": "SOM", "Town": "Cambridge", "Street": "Walden St, Mead St, Cogswell Ave, Russell St", "Retirmement_footage": 4333, "Material": "BS, PCS, PL, PD", "Installation_footage": 4360, "Size_s__to_Install_": "12, 8, 2\r", "lat": 42.3899771, "lon": -71.1250338, "Mapped_address": "Mead St, Cambridge, MA 02140, USA", "FID": 657}}, {"type": "Feature", "id": 658, "geometry": {"type": "Point", "coordinates": [-70.9516328, 41.6659166]}, "properties": {"F_": 359, "District": "NEB", "Town": "New Bedford", "Street": "Shawmut Ave", "Retirmement_footage": 1962, "Material": "CI", "Installation_footage": 2000, "Size_s__to_Install_": "8\r", "lat": 41.6659166, "lon": -70.9516328, "Mapped_address": "Shawmut Ave, New Bedford, MA, USA", "FID": 658}}, {"type": "Feature", "id": 659, "geometry": {"type": "Point", "coordinates": [-70.9348004, 41.7109545]}, "properties": {"F_": 360, "District": "NEB", "Town": "New Bedford", "Street": "Sheffield St", "Retirmement_footage": 413, "Material": "CI, CS", "Installation_footage": 440, "Size_s__to_Install_": "2\r", "lat": 41.7109545, "lon": -70.9348004, "Mapped_address": "Sheffield St, New Bedford, MA 02745, USA", "FID": 659}}, {"type": "Feature", "id": 660, "geometry": {"type": "Point", "coordinates": [-70.9301971, 41.6886658]}, "properties": {"F_": 361, "District": "NEB", "Town": "New Bedford", "Street": "Shelburne St", "Retirmement_footage": 491, "Material": "CI, CS", "Installation_footage": 520, "Size_s__to_Install_": "4\r", "lat": 41.6886658, "lon": -70.9301971, "Mapped_address": "Shelburne St, New Bedford, MA 02745, USA", "FID": 660}}, {"type": "Feature", "id": 661, "geometry": {"type": "Point", "coordinates": [-70.9335474, 41.6177975]}, "properties": {"F_": 362, "District": "NEB", "Town": "New Bedford", "Street": "Sidney St", "Retirmement_footage": 1322, "Material": "CI", "Installation_footage": 1360, "Size_s__to_Install_": "4\r", "lat": 41.6177975, "lon": -70.9335474, "Mapped_address": "Sidney St, New Bedford, MA 02740, USA", "FID": 661}}, {"type": "Feature", "id": 662, "geometry": {"type": "Point", "coordinates": [-70.9196294, 41.6206901]}, "properties": {"F_": 363, "District": "NEB", "Town": "New Bedford", "Street": "South Front St", "Retirmement_footage": 187, "Material": "CS", "Installation_footage": 200, "Size_s__to_Install_": "4\r", "lat": 41.6206901, "lon": -70.9196294, "Mapped_address": "S Front St, New Bedford, MA 02740, USA", "FID": 662}}, {"type": "Feature", "id": 663, "geometry": {"type": "Point", "coordinates": [-70.9225931, 41.6253776]}, "properties": {"F_": 364, "District": "NEB", "Town": "New Bedford", "Street": "South Second St", "Retirmement_footage": 2246, "Material": "CI", "Installation_footage": 0, "Size_s__to_Install_": "6\r", "lat": 41.6253776, "lon": -70.9225931, "Mapped_address": "S 2nd St, New Bedford, MA, USA", "FID": 663}}, {"type": "Feature", "id": 664, "geometry": {"type": "Point", "coordinates": [-70.9238494, 41.632995]}, "properties": {"F_": 365, "District": "NEB", "Town": "New Bedford", "Street": "South Second St @ School St", "Retirmement_footage": 160, "Material": "CI,CS", "Installation_footage": 0, "Size_s__to_Install_": "n/a\r", "lat": 41.632995, "lon": -70.9238494, "Mapped_address": "School St & S 2nd St, New Bedford, MA 02740, USA", "FID": 664}}, {"type": "Feature", "id": 665, "geometry": {"type": "Point", "coordinates": [-70.9323109, 41.6440232]}, "properties": {"F_": 366, "District": "NEB", "Town": "New Bedford", "Street": "Spencer St", "Retirmement_footage": 332, "Material": "CI", "Installation_footage": 360, "Size_s__to_Install_": "4\r", "lat": 41.6440232, "lon": -70.9323109, "Mapped_address": "Spencer St, New Bedford, MA 02740, USA", "FID": 665}}, {"type": "Feature", "id": 666, "geometry": {"type": "Point", "coordinates": [-70.9401702, 41.6185189]}, "properties": {"F_": 367, "District": "NEB", "Town": "New Bedford", "Street": "Stackhouse St, Stephen St", "Retirmement_footage": 126, "Material": "CI", "Installation_footage": 160, "Size_s__to_Install_": "4\r", "lat": 41.6185189, "lon": -70.9401702, "Mapped_address": "Stackhouse St, New Bedford, MA, USA", "FID": 666}}, {"type": "Feature", "id": 667, "geometry": {"type": "Point", "coordinates": [-70.9393257, 41.6183627]}, "properties": {"F_": 367, "District": "NEB", "Town": "New Bedford", "Street": "Stackhouse St, Stephen St", "Retirmement_footage": 126, "Material": "CI", "Installation_footage": 160, "Size_s__to_Install_": "4\r", "lat": 41.6183627, "lon": -70.9393257, "Mapped_address": "Stephen St, New Bedford, MA, USA", "FID": 667}}, {"type": "Feature", "id": 668, "geometry": {"type": "Point", "coordinates": [-70.930228, 41.6467713]}, "properties": {"F_": 368, "District": "NEB", "Town": "New Bedford", "Street": "State St", "Retirmement_footage": 1758, "Material": "CI", "Installation_footage": 1760, "Size_s__to_Install_": "6\r", "lat": 41.6467713, "lon": -70.930228, "Mapped_address": "State St, New Bedford, MA, USA", "FID": 668}}, {"type": "Feature", "id": 669, "geometry": {"type": "Point", "coordinates": [-70.9393257, 41.6183627]}, "properties": {"F_": 369, "District": "NEB", "Town": "New Bedford", "Street": "Stephen St", "Retirmement_footage": 956, "Material": "CI", "Installation_footage": 960, "Size_s__to_Install_": "4\r", "lat": 41.6183627, "lon": -70.9393257, "Mapped_address": "Stephen St, New Bedford, MA, USA", "FID": 669}}, {"type": "Feature", "id": 670, "geometry": {"type": "Point", "coordinates": [-70.9313748, 41.6916086]}, "properties": {"F_": 370, "District": "NEB", "Town": "New Bedford", "Street": "Sterling St", "Retirmement_footage": 604, "Material": "CI", "Installation_footage": 640, "Size_s__to_Install_": "4\r", "lat": 41.6916086, "lon": -70.9313748, "Mapped_address": "Sterling St, New Bedford, MA 02745, USA", "FID": 670}}, {"type": "Feature", "id": 671, "geometry": {"type": "Point", "coordinates": [-70.933806, 41.6478553]}, "properties": {"F_": 371, "District": "NEB", "Town": "New Bedford", "Street": "Summer St", "Retirmement_footage": 1100, "Material": "CI", "Installation_footage": 1120, "Size_s__to_Install_": "4\r", "lat": 41.6478553, "lon": -70.933806, "Mapped_address": "Summer St, New Bedford, MA, USA", "FID": 671}}, {"type": "Feature", "id": 672, "geometry": {"type": "Point", "coordinates": [-70.9077267, 41.6071951]}, "properties": {"F_": 372, "District": "NEB", "Town": "New Bedford", "Street": "Swan St", "Retirmement_footage": 242, "Material": "BS", "Installation_footage": 280, "Size_s__to_Install_": "2\r", "lat": 41.6071951, "lon": -70.9077267, "Mapped_address": "Swan St, New Bedford, MA 02744, USA", "FID": 672}}, {"type": "Feature", "id": 673, "geometry": {"type": "Point", "coordinates": [-70.9344255, 41.6407355]}, "properties": {"F_": 373, "District": "NEB", "Town": "New Bedford", "Street": "Sycamore St", "Retirmement_footage": 350, "Material": "CI", "Installation_footage": 360, "Size_s__to_Install_": "4\r", "lat": 41.6407355, "lon": -70.9344255, "Mapped_address": "Sycamore St, New Bedford, MA 02740, USA", "FID": 673}}, {"type": "Feature", "id": 674, "geometry": {"type": "Point", "coordinates": [-70.9344255, 41.6407355]}, "properties": {"F_": 374, "District": "NEB", "Town": "New Bedford", "Street": "Sycamore St", "Retirmement_footage": 158, "Material": "CI", "Installation_footage": 160, "Size_s__to_Install_": "4\r", "lat": 41.6407355, "lon": -70.9344255, "Mapped_address": "Sycamore St, New Bedford, MA 02740, USA", "FID": 674}}, {"type": "Feature", "id": 675, "geometry": {"type": "Point", "coordinates": [-70.9402667, 41.6456799]}, "properties": {"F_": 375, "District": "NEB", "Town": "New Bedford", "Street": "Sylvester St", "Retirmement_footage": 326, "Material": "CI", "Installation_footage": 360, "Size_s__to_Install_": "4\r", "lat": 41.6456799, "lon": -70.9402667, "Mapped_address": "Sylvester St, New Bedford, MA 02740, USA", "FID": 675}}, {"type": "Feature", "id": 676, "geometry": {"type": "Point", "coordinates": [-70.9278362, 41.6591367]}, "properties": {"F_": 376, "District": "NEB", "Town": "New Bedford", "Street": "Tallman St", "Retirmement_footage": 913, "Material": "CI", "Installation_footage": 920, "Size_s__to_Install_": "4\r", "lat": 41.6591367, "lon": -70.9278362, "Mapped_address": "Tallman St, New Bedford, MA 02746, USA", "FID": 676}}, {"type": "Feature", "id": 677, "geometry": {"type": "Point", "coordinates": [-70.9340423, 41.6821808]}, "properties": {"F_": 377, "District": "NEB", "Town": "New Bedford", "Street": "Tarkiln Hill Rd", "Retirmement_footage": 3586, "Material": "CI", "Installation_footage": 3600, "Size_s__to_Install_": "6\r", "lat": 41.6821808, "lon": -70.9340423, "Mapped_address": "Tarkiln Hill Rd, New Bedford, MA 02745, USA", "FID": 677}}, {"type": "Feature", "id": 678, "geometry": {"type": "Point", "coordinates": [-70.930981, 41.6967116]}, "properties": {"F_": 378, "District": "NEB", "Town": "New Bedford", "Street": "Terry Ln", "Retirmement_footage": 1627, "Material": "CI, PL", "Installation_footage": 1640, "Size_s__to_Install_": "4\r", "lat": 41.6967116, "lon": -70.930981, "Mapped_address": "Terry Ln, New Bedford, MA 02745, USA", "FID": 678}}, {"type": "Feature", "id": 679, "geometry": {"type": "Point", "coordinates": [-70.9399581, 41.6451531]}, "properties": {"F_": 379, "District": "NEB", "Town": "New Bedford", "Street": "Tilton St", "Retirmement_footage": 249, "Material": "CI", "Installation_footage": 280, "Size_s__to_Install_": "4\r", "lat": 41.6451531, "lon": -70.9399581, "Mapped_address": "Tilton St, New Bedford, MA 02740, USA", "FID": 679}}, {"type": "Feature", "id": 680, "geometry": {"type": "Point", "coordinates": [-70.928781, 41.6658967]}, "properties": {"F_": 380, "District": "NEB", "Town": "New Bedford", "Street": "Tinkham St", "Retirmement_footage": 988, "Material": "CI", "Installation_footage": 1000, "Size_s__to_Install_": "4\r", "lat": 41.6658967, "lon": -70.928781, "Mapped_address": "Tinkham St, New Bedford, MA 02746, USA", "FID": 680}}, {"type": "Feature", "id": 681, "geometry": {"type": "Point", "coordinates": [-70.9439047, 41.7338194]}, "properties": {"F_": 381, "District": "NEB", "Town": "New Bedford", "Street": "Tobey St / Upland St", "Retirmement_footage": 2045, "Material": "CS", "Installation_footage": 2080, "Size_s__to_Install_": "2\r", "lat": 41.7338194, "lon": -70.9439047, "Mapped_address": "Tobey St, New Bedford, MA, USA", "FID": 681}}, {"type": "Feature", "id": 682, "geometry": {"type": "Point", "coordinates": [-70.942056, 41.7363744]}, "properties": {"F_": 381, "District": "NEB", "Town": "New Bedford", "Street": "Tobey St / Upland St", "Retirmement_footage": 2045, "Material": "CS", "Installation_footage": 2080, "Size_s__to_Install_": "2\r", "lat": 41.7363744, "lon": -70.942056, "Mapped_address": "Upland St, New Bedford, MA 02745, USA", "FID": 682}}, {"type": "Feature", "id": 683, "geometry": {"type": "Point", "coordinates": [-70.9678608, 41.647103]}, "properties": {"F_": 382, "District": "NEB", "Town": "New Bedford", "Street": "Tradewind St, Gardner St, Geraldine St", "Retirmement_footage": 1300, "Material": "CS, BS, PL", "Installation_footage": 600, "Size_s__to_Install_": "2\r", "lat": 41.647103, "lon": -70.9678608, "Mapped_address": "Geraldine St, New Bedford, MA, USA", "FID": 683}}, {"type": "Feature", "id": 684, "geometry": {"type": "Point", "coordinates": [-70.9657898, 41.6462302]}, "properties": {"F_": 382, "District": "NEB", "Town": "New Bedford", "Street": "Tradewind St, Gardner St, Geraldine St", "Retirmement_footage": 1300, "Material": "CS, BS, PL", "Installation_footage": 600, "Size_s__to_Install_": "2\r", "lat": 41.6462302, "lon": -70.9657898, "Mapped_address": "Tradewind St, New Bedford, MA, USA", "FID": 684}}, {"type": "Feature", "id": 685, "geometry": {"type": "Point", "coordinates": [-70.9341177, 41.6136042]}, "properties": {"F_": 383, "District": "NEB", "Town": "New Bedford", "Street": "Transit St", "Retirmement_footage": 336, "Material": "CI", "Installation_footage": 360, "Size_s__to_Install_": "4\r", "lat": 41.6136042, "lon": -70.9341177, "Mapped_address": "Transit St, New Bedford, MA 02740, USA", "FID": 685}}, {"type": "Feature", "id": 686, "geometry": {"type": "Point", "coordinates": [-70.9354174, 41.6340229]}, "properties": {"F_": 384, "District": "NEB", "Town": "New Bedford", "Street": "Union St / Lincoln St / Ash St", "Retirmement_footage": 2438, "Material": "CI, PL", "Installation_footage": 2440, "Size_s__to_Install_": "4\r", "lat": 41.6340229, "lon": -70.9354174, "Mapped_address": "Ash St, New Bedford, MA 02740, USA", "FID": 686}}, {"type": "Feature", "id": 687, "geometry": {"type": "Point", "coordinates": [-70.9338755, 41.6325414]}, "properties": {"F_": 384, "District": "NEB", "Town": "New Bedford", "Street": "Union St / Lincoln St / Ash St", "Retirmement_footage": 2438, "Material": "CI, PL", "Installation_footage": 2440, "Size_s__to_Install_": "4\r", "lat": 41.6325414, "lon": -70.9338755, "Mapped_address": "Lincoln St, New Bedford, MA 02740, USA", "FID": 687}}, {"type": "Feature", "id": 688, "geometry": {"type": "Point", "coordinates": [-70.9345743, 41.6333595]}, "properties": {"F_": 384, "District": "NEB", "Town": "New Bedford", "Street": "Union St / Lincoln St / Ash St", "Retirmement_footage": 2438, "Material": "CI, PL", "Installation_footage": 2440, "Size_s__to_Install_": "4\r", "lat": 41.6333595, "lon": -70.9345743, "Mapped_address": "Union St, New Bedford, MA 02740, USA", "FID": 688}}, {"type": "Feature", "id": 689, "geometry": {"type": "Point", "coordinates": [-70.9284384, 41.6785254]}, "properties": {"F_": 385, "District": "NEB", "Town": "New Bedford", "Street": "Vernon St", "Retirmement_footage": 332, "Material": "CI", "Installation_footage": 360, "Size_s__to_Install_": "4\r", "lat": 41.6785254, "lon": -70.9284384, "Mapped_address": "Vernon St, New Bedford, MA 02745, USA", "FID": 689}}, {"type": "Feature", "id": 690, "geometry": {"type": "Point", "coordinates": [-70.9364262, 41.6965343]}, "properties": {"F_": 386, "District": "NEB", "Town": "New Bedford", "Street": "Victoria St", "Retirmement_footage": 621, "Material": "CI, CS", "Installation_footage": 640, "Size_s__to_Install_": "4\r", "lat": 41.6965343, "lon": -70.9364262, "Mapped_address": "Victoria St, New Bedford, MA 02745, USA", "FID": 690}}, {"type": "Feature", "id": 691, "geometry": {"type": "Point", "coordinates": [-70.937654, 41.6509423]}, "properties": {"F_": 387, "District": "NEB", "Town": "New Bedford", "Street": "Vine St", "Retirmement_footage": 1003, "Material": "CI", "Installation_footage": 1040, "Size_s__to_Install_": "4\r", "lat": 41.6509423, "lon": -70.937654, "Mapped_address": "Vine St, New Bedford, MA 02740, USA", "FID": 691}}, {"type": "Feature", "id": 692, "geometry": {"type": "Point", "coordinates": [-70.9292059, 41.6785666]}, "properties": {"F_": 388, "District": "NEB", "Town": "New Bedford", "Street": "Waldo St", "Retirmement_footage": 357, "Material": "CI", "Installation_footage": 360, "Size_s__to_Install_": "4\r", "lat": 41.6785666, "lon": -70.9292059, "Mapped_address": "Waldo St, New Bedford, MA 02745, USA", "FID": 692}}, {"type": "Feature", "id": 693, "geometry": {"type": "Point", "coordinates": [-70.9335328, 41.6256449]}, "properties": {"F_": 389, "District": "NEB", "Town": "New Bedford", "Street": "Ward St", "Retirmement_footage": 478, "Material": "CI", "Installation_footage": 500, "Size_s__to_Install_": "4\r", "lat": 41.6256449, "lon": -70.9335328, "Mapped_address": "Ward St, New Bedford, MA 02740, USA", "FID": 693}}, {"type": "Feature", "id": 694, "geometry": {"type": "Point", "coordinates": [-70.9236679, 41.653715]}, "properties": {"F_": 390, "District": "NEB", "Town": "New Bedford", "Street": "Washburn St", "Retirmement_footage": 765, "Material": "CI", "Installation_footage": 800, "Size_s__to_Install_": "4\r", "lat": 41.653715, "lon": -70.9236679, "Mapped_address": "Washburn St, New Bedford, MA 02740, USA", "FID": 694}}, {"type": "Feature", "id": 695, "geometry": {"type": "Point", "coordinates": [-70.9329233, 41.6511912]}, "properties": {"F_": 391, "District": "NEB", "Town": "New Bedford", "Street": "Weld St", "Retirmement_footage": 325, "Material": "CI", "Installation_footage": 360, "Size_s__to_Install_": "4\r", "lat": 41.6511912, "lon": -70.9329233, "Mapped_address": "Weld St, New Bedford, MA 02740, USA", "FID": 695}}, {"type": "Feature", "id": 696, "geometry": {"type": "Point", "coordinates": [-70.9449946, 41.6299207]}, "properties": {"F_": 392, "District": "NEB", "Town": "New Bedford", "Street": "West Clinton St", "Retirmement_footage": 1718, "Material": "CI", "Installation_footage": 1720, "Size_s__to_Install_": "4\r", "lat": 41.6299207, "lon": -70.9449946, "Mapped_address": "W Clinton St, New Bedford, MA 02740, USA", "FID": 696}}, {"type": "Feature", "id": 697, "geometry": {"type": "Point", "coordinates": [-70.9249912, 41.6898215]}, "properties": {"F_": 393, "District": "NEB", "Town": "New Bedford", "Street": "Westland St", "Retirmement_footage": 923, "Material": "CS, CI", "Installation_footage": 960, "Size_s__to_Install_": "4\r", "lat": 41.6898215, "lon": -70.9249912, "Mapped_address": "Westland St, New Bedford, MA, USA", "FID": 697}}, {"type": "Feature", "id": 698, "geometry": {"type": "Point", "coordinates": [-70.9273789, 41.6674729]}, "properties": {"F_": 394, "District": "NEB", "Town": "New Bedford", "Street": "Whitman St", "Retirmement_footage": 2275, "Material": "CI, PY", "Installation_footage": 2280, "Size_s__to_Install_": "4\r", "lat": 41.6674729, "lon": -70.9273789, "Mapped_address": "Whitman St, New Bedford, MA 02745, USA", "FID": 698}}, {"type": "Feature", "id": 699, "geometry": {"type": "Point", "coordinates": [-70.9339384, 41.6429547]}, "properties": {"F_": 395, "District": "NEB", "Town": "New Bedford", "Street": "Willis St", "Retirmement_footage": 1387, "Material": "CI", "Installation_footage": 1400, "Size_s__to_Install_": "4\r", "lat": 41.6429547, "lon": -70.9339384, "Mapped_address": "Willis St, New Bedford, MA 02740, USA", "FID": 699}}, {"type": "Feature", "id": 700, "geometry": {"type": "Point", "coordinates": [-70.9391413, 41.6471881]}, "properties": {"F_": 396, "District": "NEB", "Town": "New Bedford", "Street": "Willow St", "Retirmement_footage": 1252, "Material": "CI", "Installation_footage": 1280, "Size_s__to_Install_": "4\r", "lat": 41.6471881, "lon": -70.9391413, "Mapped_address": "Willow St, New Bedford, MA 02740, USA", "FID": 700}}, {"type": "Feature", "id": 701, "geometry": {"type": "Point", "coordinates": [-70.9254844, 41.6270965]}, "properties": {"F_": 397, "District": "NEB", "Town": "New Bedford", "Street": "Wing St", "Retirmement_footage": 458, "Material": "CI", "Installation_footage": 480, "Size_s__to_Install_": "4\r", "lat": 41.6270965, "lon": -70.9254844, "Mapped_address": "Wing St, New Bedford, MA 02740, USA", "FID": 701}}, {"type": "Feature", "id": 702, "geometry": {"type": "Point", "coordinates": [-70.9068071, 41.6076943]}, "properties": {"F_": 398, "District": "NEB", "Town": "New Bedford", "Street": "Winthrop St", "Retirmement_footage": 539, "Material": "CS, CI", "Installation_footage": 560, "Size_s__to_Install_": "2\r", "lat": 41.6076943, "lon": -70.9068071, "Mapped_address": "Winthrop St, New Bedford, MA 02744, USA", "FID": 702}}, {"type": "Feature", "id": 703, "geometry": {"type": "Point", "coordinates": [-71.1222811, 42.3928693]}, "properties": {"F_": 476, "District": "SOM", "Town": "Cambridge", "Street": "Walden St, Mead St, Cogswell Ave, Russell St", "Retirmement_footage": 4333, "Material": "BS, PCS, PL, PD", "Installation_footage": 4360, "Size_s__to_Install_": "12, 8, 2\r", "lat": 42.3928693, "lon": -71.1222811, "Mapped_address": "Russell St, Cambridge, MA, USA", "FID": 703}}, {"type": "Feature", "id": 704, "geometry": {"type": "Point", "coordinates": [-71.129161, 42.386827]}, "properties": {"F_": 476, "District": "SOM", "Town": "Cambridge", "Street": "Walden St, Mead St, Cogswell Ave, Russell St", "Retirmement_footage": 4333, "Material": "BS, PCS, PL, PD", "Installation_footage": 4360, "Size_s__to_Install_": "12, 8, 2\r", "lat": 42.386827, "lon": -71.129161, "Mapped_address": "Walden St, Cambridge, MA, USA", "FID": 704}}, {"type": "Feature", "id": 705, "geometry": {"type": "Point", "coordinates": [-71.089469, 42.3817203]}, "properties": {"F_": 477, "District": "SOM", "Town": "Somerville", "Street": "Alston St", "Retirmement_footage": 85, "Material": "CI, CS", "Installation_footage": 120, "Size_s__to_Install_": "4\r", "lat": 42.3817203, "lon": -71.089469, "Mapped_address": "Alston St, Somerville, MA, USA", "FID": 705}}, {"type": "Feature", "id": 706, "geometry": {"type": "Point", "coordinates": [-71.1237711, 42.39406]}, "properties": {"F_": 478, "District": "SOM", "Town": "Somerville", "Street": "Chester St", "Retirmement_footage": 910, "Material": "CI", "Installation_footage": 920, "Size_s__to_Install_": "12\r", "lat": 42.39406, "lon": -71.1237711, "Mapped_address": "Chester St, Somerville, MA, USA", "FID": 706}}, {"type": "Feature", "id": 707, "geometry": {"type": "Point", "coordinates": [-71.1257512, 42.4085038]}, "properties": {"F_": 479, "District": "SOM", "Town": "Somerville", "Street": "Chetwynd Rd", "Retirmement_footage": 900, "Material": "CI", "Installation_footage": 920, "Size_s__to_Install_": "6\r", "lat": 42.4085038, "lon": -71.1257512, "Mapped_address": "Chetwynd Rd, Somerville, MA 02144, USA", "FID": 707}}, {"type": "Feature", "id": 708, "geometry": {"type": "Point", "coordinates": [-71.117443, 42.4055575]}, "properties": {"F_": 480, "District": "SOM", "Town": "Somerville", "Street": "College Ave", "Retirmement_footage": 1361, "Material": "CI", "Installation_footage": 1400, "Size_s__to_Install_": "6\r", "lat": 42.4055575, "lon": -71.117443, "Mapped_address": "College Ave, Somerville, MA, USA", "FID": 708}}, {"type": "Feature", "id": 709, "geometry": {"type": "Point", "coordinates": [-71.117443, 42.4055575]}, "properties": {"F_": 481, "District": "SOM", "Town": "Somerville", "Street": "College Ave", "Retirmement_footage": 2348, "Material": "CI, PS", "Installation_footage": 2360, "Size_s__to_Install_": "6\r", "lat": 42.4055575, "lon": -71.117443, "Mapped_address": "College Ave, Somerville, MA, USA", "FID": 709}}, {"type": "Feature", "id": 710, "geometry": {"type": "Point", "coordinates": [-71.1292471, 42.4114371]}, "properties": {"F_": 482, "District": "SOM", "Town": "Somerville", "Street": "Fairfax St", "Retirmement_footage": 1004, "Material": "CI", "Installation_footage": 1040, "Size_s__to_Install_": "6\r", "lat": 42.4114371, "lon": -71.1292471, "Mapped_address": "Fairfax St, Somerville, MA 02144, USA", "FID": 710}}, {"type": "Feature", "id": 711, "geometry": {"type": "Point", "coordinates": [-71.1294364, 42.4129639]}, "properties": {"F_": 483, "District": "SOM", "Town": "Somerville", "Street": "Gordon St", "Retirmement_footage": 1298, "Material": "CI", "Installation_footage": 1320, "Size_s__to_Install_": "6\r", "lat": 42.4129639, "lon": -71.1294364, "Mapped_address": "Gordon St, Somerville, MA 02144, USA", "FID": 711}}, {"type": "Feature", "id": 712, "geometry": {"type": "Point", "coordinates": [-71.0846836, 42.372415]}, "properties": {"F_": 484, "District": "SOM", "Town": "Somerville", "Street": "Gore St submain", "Retirmement_footage": 1087, "Material": "BS, PD, PL", "Installation_footage": 725, "Size_s__to_Install_": "2\r", "lat": 42.372415, "lon": -71.0846836, "Mapped_address": "Gore St, Somerville, MA 02141, USA", "FID": 712}}, {"type": "Feature", "id": 713, "geometry": {"type": "Point", "coordinates": [-71.0846836, 42.372415]}, "properties": {"F_": 485, "District": "SOM", "Town": "Somerville", "Street": "Gore St submain 2", "Retirmement_footage": 126, "Material": "BS", "Installation_footage": 160, "Size_s__to_Install_": "6\r", "lat": 42.372415, "lon": -71.0846836, "Mapped_address": "Gore St, Somerville, MA 02141, USA", "FID": 713}}, {"type": "Feature", "id": 714, "geometry": {"type": "Point", "coordinates": [-71.1072827, 42.3899095]}, "properties": {"F_": 486, "District": "SOM", "Town": "Somerville", "Street": "Highland Ave", "Retirmement_footage": 54, "Material": "CI", "Installation_footage": 80, "Size_s__to_Install_": "6\r", "lat": 42.3899095, "lon": -71.1072827, "Mapped_address": "Highland Ave, Somerville, MA, USA", "FID": 714}}, {"type": "Feature", "id": 715, "geometry": {"type": "Point", "coordinates": [-71.1252357, 42.3998583]}, "properties": {"F_": 487, "District": "SOM", "Town": "Somerville", "Street": "Holland St", "Retirmement_footage": 1232, "Material": "CI", "Installation_footage": 1240, "Size_s__to_Install_": "6\r", "lat": 42.3998583, "lon": -71.1252357, "Mapped_address": "Holland St, Somerville, MA 02144, USA", "FID": 715}}, {"type": "Feature", "id": 716, "geometry": {"type": "Point", "coordinates": [-71.1252357, 42.3998583]}, "properties": {"F_": 488, "District": "SOM", "Town": "Somerville", "Street": "Holland St", "Retirmement_footage": 832, "Material": "CI", "Installation_footage": 840, "Size_s__to_Install_": "12\r", "lat": 42.3998583, "lon": -71.1252357, "Mapped_address": "Holland St, Somerville, MA 02144, USA", "FID": 716}}, {"type": "Feature", "id": 717, "geometry": {"type": "Point", "coordinates": [-71.1075387, 42.3908107]}, "properties": {"F_": 489, "District": "SOM", "Town": "Somerville", "Street": "Hudson St", "Retirmement_footage": 1380, "Material": "CI, CS, PL", "Installation_footage": 520, "Size_s__to_Install_": "4\r", "lat": 42.3908107, "lon": -71.1075387, "Mapped_address": "Hudson St, Somerville, MA, USA", "FID": 717}}, {"type": "Feature", "id": 718, "geometry": {"type": "Point", "coordinates": [-71.0979849, 42.3777004]}, "properties": {"F_": 490, "District": "SOM", "Town": "Somerville", "Street": "Joseph St", "Retirmement_footage": 437, "Material": "CI", "Installation_footage": 440, "Size_s__to_Install_": "4\r", "lat": 42.3777004, "lon": -71.0979849, "Mapped_address": "Joseph St, Somerville, MA 02143, USA", "FID": 718}}, {"type": "Feature", "id": 719, "geometry": {"type": "Point", "coordinates": [-71.1102937, 42.3829292]}, "properties": {"F_": 491, "District": "SOM", "Town": "Somerville", "Street": "Kent St", "Retirmement_footage": 650, "Material": "CS", "Installation_footage": 780, "Size_s__to_Install_": "8\r", "lat": 42.3829292, "lon": -71.1102937, "Mapped_address": "Kent St, Somerville, MA 02143, USA", "FID": 719}}, {"type": "Feature", "id": 720, "geometry": {"type": "Point", "coordinates": [-71.1204175, 42.4017969]}, "properties": {"F_": 492, "District": "SOM", "Town": "Somerville", "Street": "Leonard St", "Retirmement_footage": 474, "Material": "CI", "Installation_footage": 480, "Size_s__to_Install_": "4\r", "lat": 42.4017969, "lon": -71.1204175, "Mapped_address": "Leonard St, Somerville, MA 02144, USA", "FID": 720}}, {"type": "Feature", "id": 721, "geometry": {"type": "Point", "coordinates": [-71.1143997, 42.3977239]}, "properties": {"F_": 493, "District": "SOM", "Town": "Somerville", "Street": "Lowden Ave, Kidder Ave", "Retirmement_footage": 1400, "Material": "CI", "Installation_footage": 1400, "Size_s__to_Install_": "4\r", "lat": 42.3977239, "lon": -71.1143997, "Mapped_address": "Kidder Ave, Somerville, MA 02144, USA", "FID": 721}}, {"type": "Feature", "id": 722, "geometry": {"type": "Point", "coordinates": [-71.1146189, 42.3988092]}, "properties": {"F_": 493, "District": "SOM", "Town": "Somerville", "Street": "Lowden Ave, Kidder Ave", "Retirmement_footage": 1400, "Material": "CI", "Installation_footage": 1400, "Size_s__to_Install_": "4\r", "lat": 42.3988092, "lon": -71.1146189, "Mapped_address": "Lowden Ave, Somerville, MA 02144, USA", "FID": 722}}, {"type": "Feature", "id": 723, "geometry": {"type": "Point", "coordinates": [-71.090988, 42.3851317]}, "properties": {"F_": 494, "District": "SOM", "Town": "Somerville", "Street": "McGrath Hwy", "Retirmement_footage": 723, "Material": "CI", "Installation_footage": 760, "Size_s__to_Install_": "6\r", "lat": 42.3851317, "lon": -71.090988, "Mapped_address": "McGrath Hwy, Somerville, MA, USA", "FID": 723}}, {"type": "Feature", "id": 724, "geometry": {"type": "Point", "coordinates": [-71.090988, 42.3851317]}, "properties": {"F_": 495, "District": "SOM", "Town": "Somerville", "Street": "McGrath Hwy", "Retirmement_footage": 523, "Material": "BS", "Installation_footage": 640, "Size_s__to_Install_": "4\r", "lat": 42.3851317, "lon": -71.090988, "Mapped_address": "McGrath Hwy, Somerville, MA, USA", "FID": 724}}, {"type": "Feature", "id": 725, "geometry": {"type": "Point", "coordinates": [-71.0886685, 42.3755571]}, "properties": {"F_": 496, "District": "SOM", "Town": "Somerville", "Street": "Medford St, Warren St", "Retirmement_footage": 409, "Material": "CI", "Installation_footage": 440, "Size_s__to_Install_": "8,4\r", "lat": 42.3755571, "lon": -71.0886685, "Mapped_address": "Medford St, Somerville, MA, USA", "FID": 725}}, {"type": "Feature", "id": 726, "geometry": {"type": "Point", "coordinates": [-71.0880765, 42.3729156]}, "properties": {"F_": 496, "District": "SOM", "Town": "Somerville", "Street": "Medford St, Warren St", "Retirmement_footage": 409, "Material": "CI", "Installation_footage": 440, "Size_s__to_Install_": "8,4\r", "lat": 42.3729156, "lon": -71.0880765, "Mapped_address": "Warren St, Somerville, MA, USA", "FID": 726}}, {"type": "Feature", "id": 727, "geometry": {"type": "Point", "coordinates": [-71.1224511, 42.3930047]}, "properties": {"F_": 497, "District": "SOM", "Town": "Somerville", "Street": "Orchard St", "Retirmement_footage": 880, "Material": "CI", "Installation_footage": 880, "Size_s__to_Install_": "20\r", "lat": 42.3930047, "lon": -71.1224511, "Mapped_address": "Orchard St, Somerville, MA, USA", "FID": 727}}, {"type": "Feature", "id": 728, "geometry": {"type": "Point", "coordinates": [-71.1274628, 42.4070487]}, "properties": {"F_": 498, "District": "SOM", "Town": "Somerville", "Street": "Raymond Ave", "Retirmement_footage": 1331, "Material": "CI", "Installation_footage": 1460, "Size_s__to_Install_": "4\r", "lat": 42.4070487, "lon": -71.1274628, "Mapped_address": "Raymond Ave, Somerville, MA 02144, USA", "FID": 728}}, {"type": "Feature", "id": 729, "geometry": {"type": "Point", "coordinates": [-71.1222811, 42.3928693]}, "properties": {"F_": 499, "District": "SOM", "Town": "Somerville", "Street": "Russell St", "Retirmement_footage": 264, "Material": "BS", "Installation_footage": 280, "Size_s__to_Install_": "8\r", "lat": 42.3928693, "lon": -71.1222811, "Mapped_address": "Russell St, Somerville, MA, USA", "FID": 729}}, {"type": "Feature", "id": 730, "geometry": {"type": "Point", "coordinates": [-71.1186539, 42.3927299]}, "properties": {"F_": 500, "District": "SOM", "Town": "Somerville", "Street": "Saint James Ave", "Retirmement_footage": 769, "Material": "CI", "Installation_footage": 800, "Size_s__to_Install_": "4\r", "lat": 42.3927299, "lon": -71.1186539, "Mapped_address": "St James Ave, Somerville, MA 02144, USA", "FID": 730}}, {"type": "Feature", "id": 731, "geometry": {"type": "Point", "coordinates": [-71.123654, 42.406547]}, "properties": {"F_": 501, "District": "SOM", "Town": "Somerville", "Street": "Sawyer Ave", "Retirmement_footage": 700, "Material": "CI", "Installation_footage": 720, "Size_s__to_Install_": "4\r", "lat": 42.406547, "lon": -71.123654, "Mapped_address": "Sawyer Ave, Somerville, MA, USA", "FID": 731}}, {"type": "Feature", "id": 732, "geometry": {"type": "Point", "coordinates": [-71.0981974, 42.3876075]}, "properties": {"F_": 502, "District": "SOM", "Town": "Somerville", "Street": "School St", "Retirmement_footage": 895, "Material": "CI", "Installation_footage": 920, "Size_s__to_Install_": "8\r", "lat": 42.3876075, "lon": -71.0981974, "Mapped_address": "School St, Somerville, MA, USA", "FID": 732}}, {"type": "Feature", "id": 733, "geometry": {"type": "Point", "coordinates": [-71.104145, 42.3827109]}, "properties": {"F_": 503, "District": "SOM", "Town": "Somerville", "Street": "Somerville Ave", "Retirmement_footage": 2358, "Material": "CI", "Installation_footage": 2360, "Size_s__to_Install_": "12\r", "lat": 42.3827109, "lon": -71.104145, "Mapped_address": "Somerville Ave, Somerville, MA, USA", "FID": 733}}, {"type": "Feature", "id": 734, "geometry": {"type": "Point", "coordinates": [-71.1098067, 42.3879125]}, "properties": {"F_": 504, "District": "SOM", "Town": "Somerville", "Street": "Summer St", "Retirmement_footage": 6785, "Material": "CI", "Installation_footage": 6800, "Size_s__to_Install_": "12,8\r", "lat": 42.3879125, "lon": -71.1098067, "Mapped_address": "Summer St, Somerville, MA, USA", "FID": 734}}, {"type": "Feature", "id": 735, "geometry": {"type": "Point", "coordinates": [-71.1007489, 42.3768235]}, "properties": {"F_": 505, "District": "SOM", "Town": "Somerville", "Street": "Taunton St", "Retirmement_footage": 256, "Material": "CI", "Installation_footage": 280, "Size_s__to_Install_": "4\r", "lat": 42.3768235, "lon": -71.1007489, "Mapped_address": "Taunton St, Somerville, MA 02143, USA", "FID": 735}}, {"type": "Feature", "id": 736, "geometry": {"type": "Point", "coordinates": [-71.1250874, 42.3978387]}, "properties": {"F_": 506, "District": "SOM", "Town": "Somerville", "Street": "Thorndike St", "Retirmement_footage": 333, "Material": "CI", "Installation_footage": 360, "Size_s__to_Install_": "8\r", "lat": 42.3978387, "lon": -71.1250874, "Mapped_address": "Thorndike St, Somerville, MA 02144, USA", "FID": 736}}, {"type": "Feature", "id": 737, "geometry": {"type": "Point", "coordinates": [-71.0972805, 42.3840515]}, "properties": {"F_": 507, "District": "SOM", "Town": "Somerville", "Street": "Vinal Ave", "Retirmement_footage": 1460, "Material": "CI", "Installation_footage": 1460, "Size_s__to_Install_": "12\r", "lat": 42.3840515, "lon": -71.0972805, "Mapped_address": "Vinal Ave, Somerville, MA 02143, USA", "FID": 737}}, {"type": "Feature", "id": 738, "geometry": {"type": "Point", "coordinates": [-71.0954043, 42.3764049]}, "properties": {"F_": 508, "District": "SOM", "Town": "Somerville", "Street": "Webster Ave", "Retirmement_footage": 630, "Material": "CI, CS", "Installation_footage": 640, "Size_s__to_Install_": "12\r", "lat": 42.3764049, "lon": -71.0954043, "Mapped_address": "Webster Ave, Somerville, MA, USA", "FID": 738}}, {"type": "Feature", "id": 739, "geometry": {"type": "Point", "coordinates": [-71.1176483, 42.388708]}, "properties": {"F_": 509, "District": "SOM", "Town": "Somerville", "Street": "White St, White St Pl", "Retirmement_footage": 906, "Material": "CI", "Installation_footage": 920, "Size_s__to_Install_": "8, 2\r", "lat": 42.388708, "lon": -71.1176483, "Mapped_address": "White St Pl, Somerville, MA 02140, USA", "FID": 739}}, {"type": "Feature", "id": 740, "geometry": {"type": "Point", "coordinates": [-71.1183949, 42.3889031]}, "properties": {"F_": 509, "District": "SOM", "Town": "Somerville", "Street": "White St, White St Pl", "Retirmement_footage": 906, "Material": "CI", "Installation_footage": 920, "Size_s__to_Install_": "8, 2\r", "lat": 42.3889031, "lon": -71.1183949, "Mapped_address": "White St, Somerville, MA, USA", "FID": 740}}, {"type": "Feature", "id": 741, "geometry": {"type": "Point", "coordinates": [-71.0993161, 42.3885972]}, "properties": {"F_": 510, "District": "SOM", "Town": "Somerville", "Street": "Willoughby St, Sycamore St, Montrose St", "Retirmement_footage": 645, "Material": "CI, BS, PL", "Installation_footage": 680, "Size_s__to_Install_": "4\r", "lat": 42.3885972, "lon": -71.0993161, "Mapped_address": "Montrose St, Somerville, MA 02143, USA", "FID": 741}}, {"type": "Feature", "id": 742, "geometry": {"type": "Point", "coordinates": [-71.0994002, 42.3913324]}, "properties": {"F_": 510, "District": "SOM", "Town": "Somerville", "Street": "Willoughby St, Sycamore St, Montrose St", "Retirmement_footage": 645, "Material": "CI, BS, PL", "Installation_footage": 680, "Size_s__to_Install_": "4\r", "lat": 42.3913324, "lon": -71.0994002, "Mapped_address": "Sycamore St, Somerville, MA, USA", "FID": 742}}, {"type": "Feature", "id": 743, "geometry": {"type": "Point", "coordinates": [-71.1016541, 42.3895882]}, "properties": {"F_": 510, "District": "SOM", "Town": "Somerville", "Street": "Willoughby St, Sycamore St, Montrose St", "Retirmement_footage": 645, "Material": "CI, BS, PL", "Installation_footage": 680, "Size_s__to_Install_": "4\r", "lat": 42.3895882, "lon": -71.1016541, "Mapped_address": "Willoughby St, Somerville, MA 02143, USA", "FID": 743}}, {"type": "Feature", "id": 744, "geometry": {"type": "Point", "coordinates": [-71.1295179, 42.4123019]}, "properties": {"F_": 511, "District": "SOM", "Town": "Somerville", "Street": "Woods Ave", "Retirmement_footage": 1178, "Material": "CI", "Installation_footage": 1200, "Size_s__to_Install_": "4\r", "lat": 42.4123019, "lon": -71.1295179, "Mapped_address": "Woods Ave, Somerville, MA 02144, USA", "FID": 744}}, {"type": "Feature", "id": 745, "geometry": {"type": "Point", "coordinates": [-71.4446111, 42.2493061]}, "properties": {"F_": 512, "District": "SOU", "Town": "Ashland", "Street": "Bay Colony Dr", "Retirmement_footage": 1751, "Material": "PD", "Installation_footage": 1760, "Size_s__to_Install_": "2\r", "lat": 42.2493061, "lon": -71.4446111, "Mapped_address": "Bay Colony Dr, Ashland, MA 01721, USA", "FID": 745}}, {"type": "Feature", "id": 746, "geometry": {"type": "Point", "coordinates": [-71.4632013, 42.2543242]}, "properties": {"F_": 513, "District": "SOU", "Town": "Ashland", "Street": "Christy Ln", "Retirmement_footage": 328, "Material": "CS", "Installation_footage": 360, "Size_s__to_Install_": "2\r", "lat": 42.2543242, "lon": -71.4632013, "Mapped_address": "Christy Ln, Ashland, MA 01721, USA", "FID": 746}}, {"type": "Feature", "id": 747, "geometry": {"type": "Point", "coordinates": [-71.4592192, 42.2622705]}, "properties": {"F_": 514, "District": "SOU", "Town": "Ashland", "Street": "Concord St", "Retirmement_footage": 373, "Material": "CS", "Installation_footage": 400, "Size_s__to_Install_": "4\r", "lat": 42.2622705, "lon": -71.4592192, "Mapped_address": "Concord St, Ashland, MA 01721, USA", "FID": 747}}, {"type": "Feature", "id": 748, "geometry": {"type": "Point", "coordinates": [-71.4407267, 42.2617573]}, "properties": {"F_": 515, "District": "SOU", "Town": "Ashland", "Street": "East Union St", "Retirmement_footage": 745, "Material": "CS", "Installation_footage": 760, "Size_s__to_Install_": "4\r", "lat": 42.2617573, "lon": -71.4407267, "Mapped_address": "E Union St, Ashland, MA 01721, USA", "FID": 748}}, {"type": "Feature", "id": 749, "geometry": {"type": "Point", "coordinates": [-71.4466275, 42.243655]}, "properties": {"F_": 516, "District": "SOU", "Town": "Ashland", "Street": "Fruit St", "Retirmement_footage": 520, "Material": "CS", "Installation_footage": 520, "Size_s__to_Install_": "4\r", "lat": 42.243655, "lon": -71.4466275, "Mapped_address": "Fruit St, Ashland, MA 01721, USA", "FID": 749}}, {"type": "Feature", "id": 750, "geometry": {"type": "Point", "coordinates": [-71.4350471, 42.2444409]}, "properties": {"F_": 517, "District": "SOU", "Town": "Ashland", "Street": "Nickerson Rd", "Retirmement_footage": 2012, "Material": "CS", "Installation_footage": 2040, "Size_s__to_Install_": "4\r", "lat": 42.2444409, "lon": -71.4350471, "Mapped_address": "Nickerson Rd, Ashland, MA 01721, USA", "FID": 750}}, {"type": "Feature", "id": 751, "geometry": {"type": "Point", "coordinates": [-71.4732794, 42.2619109]}, "properties": {"F_": 518, "District": "SOU", "Town": "Ashland", "Street": "Pleasant St / submain to 21 Water St", "Retirmement_footage": 3150, "Material": "CS, CU", "Installation_footage": 3160, "Size_s__to_Install_": "4\r", "lat": 42.2619109, "lon": -71.4732794, "Mapped_address": "Pleasant St, Ashland, MA 01721, USA", "FID": 751}}, {"type": "Feature", "id": 752, "geometry": {"type": "Point", "coordinates": [-71.43028, 42.2477109]}, "properties": {"F_": 519, "District": "SOU", "Town": "Ashland", "Street": "Pond St (Rt 126)", "Retirmement_footage": 1100, "Material": "CS", "Installation_footage": 1120, "Size_s__to_Install_": "12\r", "lat": 42.2477109, "lon": -71.43028, "Mapped_address": "Pond St, Ashland, MA, USA", "FID": 752}}, {"type": "Feature", "id": 753, "geometry": {"type": "Point", "coordinates": [-71.4495245, 42.2423622]}, "properties": {"F_": 520, "District": "SOU", "Town": "Ashland", "Street": "Prospect St", "Retirmement_footage": 811, "Material": "CS", "Installation_footage": 840, "Size_s__to_Install_": "4\r", "lat": 42.2423622, "lon": -71.4495245, "Mapped_address": "Prospect St, Ashland, MA, USA", "FID": 753}}, {"type": "Feature", "id": 754, "geometry": {"type": "Point", "coordinates": [-71.4467708, 42.2453172]}, "properties": {"F_": 521, "District": "SOU", "Town": "Ashland", "Street": "Wayside Ln", "Retirmement_footage": 1263, "Material": "PD", "Installation_footage": 1280, "Size_s__to_Install_": "2\r", "lat": 42.2453172, "lon": -71.4467708, "Mapped_address": "Wayside Ln, Ashland, MA 01721, USA", "FID": 754}}, {"type": "Feature", "id": 755, "geometry": {"type": "Point", "coordinates": [-71.4675183, 42.2548243]}, "properties": {"F_": 522, "District": "SOU", "Town": "Ashland", "Street": "West Union St (Rt 135) / Stone Ave / Stone Ave", "Retirmement_footage": 1708, "Material": "CS", "Installation_footage": 1720, "Size_s__to_Install_": "4\r", "lat": 42.2548243, "lon": -71.4675183, "Mapped_address": "Stone Ave, Ashland, MA 01721, USA", "FID": 755}}, {"type": "Feature", "id": 756, "geometry": {"type": "Point", "coordinates": [-71.4745922, 42.2478875]}, "properties": {"F_": 522, "District": "SOU", "Town": "Ashland", "Street": "West Union St (Rt 135) / Stone Ave / Stone Ave", "Retirmement_footage": 1708, "Material": "CS", "Installation_footage": 1720, "Size_s__to_Install_": "4\r", "lat": 42.2478875, "lon": -71.4745922, "Mapped_address": "W Union St, Ashland, MA 01721, USA", "FID": 756}}, {"type": "Feature", "id": 757, "geometry": {"type": "Point", "coordinates": [-71.477387, 42.2705367]}, "properties": {"F_": 523, "District": "SOU", "Town": "Ashland", "Street": "Winter St, Harrington Dr", "Retirmement_footage": 3544, "Material": "CS", "Installation_footage": 3560, "Size_s__to_Install_": "4, 2\r", "lat": 42.2705367, "lon": -71.477387, "Mapped_address": "Harrington Dr, Ashland, MA 01721, USA", "FID": 757}}, {"type": "Feature", "id": 758, "geometry": {"type": "Point", "coordinates": [-71.471899, 42.271568]}, "properties": {"F_": 523, "District": "SOU", "Town": "Ashland", "Street": "Winter St, Harrington Dr", "Retirmement_footage": 3544, "Material": "CS", "Installation_footage": 3560, "Size_s__to_Install_": "4, 2\r", "lat": 42.271568, "lon": -71.471899, "Mapped_address": "Winter St, Ashland, MA 01721, USA", "FID": 758}}, {"type": "Feature", "id": 759, "geometry": {"type": "Point", "coordinates": [-71.5853809, 42.3846052]}, "properties": {"F_": 524, "District": "SOU", "Town": "Berlin", "Street": "River Rd East", "Retirmement_footage": 3050, "Material": "CS", "Installation_footage": 3080, "Size_s__to_Install_": "6\r", "lat": 42.3846052, "lon": -71.5853809, "Mapped_address": "River Rd E, Berlin, MA, USA", "FID": 759}}, {"type": "Feature", "id": 760, "geometry": {"type": "Point", "coordinates": [-71.5622724, 42.4124058]}, "properties": {"F_": 525, "District": "SOU", "Town": "Bolton", "Street": "Woobly Rd, Liberty Cir", "Retirmement_footage": 2670, "Material": "CS", "Installation_footage": 2680, "Size_s__to_Install_": "4, 2\r", "lat": 42.4124058, "lon": -71.5622724, "Mapped_address": "Liberty Rd, Bolton, MA 01740, USA", "FID": 760}}, {"type": "Feature", "id": 761, "geometry": {"type": "Point", "coordinates": [-71.5619404, 42.4141852]}, "properties": {"F_": 525, "District": "SOU", "Town": "Bolton", "Street": "Woobly Rd, Liberty Cir", "Retirmement_footage": 2670, "Material": "CS", "Installation_footage": 2680, "Size_s__to_Install_": "4, 2\r", "lat": 42.4141852, "lon": -71.5619404, "Mapped_address": "Woobly Rd, Bolton, MA 01740, USA", "FID": 761}}, {"type": "Feature", "id": 762, "geometry": {"type": "Point", "coordinates": [-71.4000277, 42.3196145]}, "properties": {"F_": 526, "District": "SOU", "Town": "Framingham", "Street": "A St, Dunham Rd, Winch Park Rd", "Retirmement_footage": 1888, "Material": "CS, PD", "Installation_footage": 1920, "Size_s__to_Install_": "2\r", "lat": 42.3196145, "lon": -71.4000277, "Mapped_address": "A St, Framingham, MA 01701, USA", "FID": 762}}, {"type": "Feature", "id": 763, "geometry": {"type": "Point", "coordinates": [-71.3993243, 42.3186992]}, "properties": {"F_": 526, "District": "SOU", "Town": "Framingham", "Street": "A St, Dunham Rd, Winch Park Rd", "Retirmement_footage": 1888, "Material": "CS, PD", "Installation_footage": 1920, "Size_s__to_Install_": "2\r", "lat": 42.3186992, "lon": -71.3993243, "Mapped_address": "Dunham Rd, Framingham, MA 01701, USA", "FID": 763}}, {"type": "Feature", "id": 764, "geometry": {"type": "Point", "coordinates": [-71.3986155, 42.3199144]}, "properties": {"F_": 526, "District": "SOU", "Town": "Framingham", "Street": "A St, Dunham Rd, Winch Park Rd", "Retirmement_footage": 1888, "Material": "CS, PD", "Installation_footage": 1920, "Size_s__to_Install_": "2\r", "lat": 42.3199144, "lon": -71.3986155, "Mapped_address": "Winch Park Rd, Framingham, MA 01701, USA", "FID": 764}}, {"type": "Feature", "id": 765, "geometry": {"type": "Point", "coordinates": [-71.4461831, 42.3259028]}, "properties": {"F_": 527, "District": "SOU", "Town": "Framingham", "Street": "Agnes Dr / Nancy Ln / Genardy Way / Livoli Rd", "Retirmement_footage": 2220, "Material": "CS", "Installation_footage": 2240, "Size_s__to_Install_": "4\r", "lat": 42.3259028, "lon": -71.4461831, "Mapped_address": "Agnes Dr, Framingham, MA 01701, USA", "FID": 765}}, {"type": "Feature", "id": 766, "geometry": {"type": "Point", "coordinates": [-71.4432495, 42.3290164]}, "properties": {"F_": 527, "District": "SOU", "Town": "Framingham", "Street": "Agnes Dr / Nancy Ln / Genardy Way / Livoli Rd", "Retirmement_footage": 2220, "Material": "CS", "Installation_footage": 2240, "Size_s__to_Install_": "4\r", "lat": 42.3290164, "lon": -71.4432495, "Mapped_address": "Genardy Way, Framingham, MA 01701, USA", "FID": 766}}, {"type": "Feature", "id": 767, "geometry": {"type": "Point", "coordinates": [-71.4412934, 42.3257436]}, "properties": {"F_": 527, "District": "SOU", "Town": "Framingham", "Street": "Agnes Dr / Nancy Ln / Genardy Way / Livoli Rd", "Retirmement_footage": 2220, "Material": "CS", "Installation_footage": 2240, "Size_s__to_Install_": "4\r", "lat": 42.3257436, "lon": -71.4412934, "Mapped_address": "Livoli Rd, Framingham, MA 01701, USA", "FID": 767}}, {"type": "Feature", "id": 768, "geometry": {"type": "Point", "coordinates": [-71.4432588, 42.3269584]}, "properties": {"F_": 527, "District": "SOU", "Town": "Framingham", "Street": "Agnes Dr / Nancy Ln / Genardy Way / Livoli Rd", "Retirmement_footage": 2220, "Material": "CS", "Installation_footage": 2240, "Size_s__to_Install_": "4\r", "lat": 42.3269584, "lon": -71.4432588, "Mapped_address": "Nancy Ln, Framingham, MA 01701, USA", "FID": 768}}, {"type": "Feature", "id": 769, "geometry": {"type": "Point", "coordinates": [-71.4461831, 42.3259028]}, "properties": {"F_": 528, "District": "SOU", "Town": "Framingham", "Street": "Agnes Dr / Neal Way", "Retirmement_footage": 1935, "Material": "CS, PD", "Installation_footage": 1960, "Size_s__to_Install_": "4, 2\r", "lat": 42.3259028, "lon": -71.4461831, "Mapped_address": "Agnes Dr, Framingham, MA 01701, USA", "FID": 769}}, {"type": "Feature", "id": 770, "geometry": {"type": "Point", "coordinates": [-71.4459305, 42.327079]}, "properties": {"F_": 528, "District": "SOU", "Town": "Framingham", "Street": "Agnes Dr / Neal Way", "Retirmement_footage": 1935, "Material": "CS, PD", "Installation_footage": 1960, "Size_s__to_Install_": "4, 2\r", "lat": 42.327079, "lon": -71.4459305, "Mapped_address": "Neal Way, Framingham, MA 01701, USA", "FID": 770}}, {"type": "Feature", "id": 771, "geometry": {"type": "Point", "coordinates": [-71.4189927, 42.266132]}, "properties": {"F_": 529, "District": "SOU", "Town": "Framingham", "Street": "Andrews St", "Retirmement_footage": 317, "Material": "CS", "Installation_footage": 320, "Size_s__to_Install_": "2\r", "lat": 42.266132, "lon": -71.4189927, "Mapped_address": "Andrews St, Framingham, MA 01702, USA", "FID": 771}}, {"type": "Feature", "id": 772, "geometry": {"type": "Point", "coordinates": [-71.4109686, 42.2932398]}, "properties": {"F_": 530, "District": "SOU", "Town": "Framingham", "Street": "Arsenal Rd", "Retirmement_footage": 1690, "Material": "CS, BS", "Installation_footage": 1720, "Size_s__to_Install_": "6\r", "lat": 42.2932398, "lon": -71.4109686, "Mapped_address": "Arsenal Rd, Framingham, MA 01702, USA", "FID": 772}}, {"type": "Feature", "id": 773, "geometry": {"type": "Point", "coordinates": [-71.4052428, 42.2845964]}, "properties": {"F_": 531, "District": "SOU", "Town": "Framingham", "Street": "Arthur St (IP)", "Retirmement_footage": 1147, "Material": "CS", "Installation_footage": 1160, "Size_s__to_Install_": "4\r", "lat": 42.2845964, "lon": -71.4052428, "Mapped_address": "Arthur St, Framingham, MA 01702, USA", "FID": 773}}, {"type": "Feature", "id": 774, "geometry": {"type": "Point", "coordinates": [-71.4052428, 42.2845964]}, "properties": {"F_": 532, "District": "SOU", "Town": "Framingham", "Street": "Arthur St (LP)", "Retirmement_footage": 630, "Material": "CS", "Installation_footage": 640, "Size_s__to_Install_": "8\r", "lat": 42.2845964, "lon": -71.4052428, "Mapped_address": "Arthur St, Framingham, MA 01702, USA", "FID": 774}}, {"type": "Feature", "id": 775, "geometry": {"type": "Point", "coordinates": [-71.430616, 42.2636483]}, "properties": {"F_": 533, "District": "SOU", "Town": "Framingham", "Street": "Barbieri Rd, Bethany Rd", "Retirmement_footage": 604, "Material": "CS", "Installation_footage": 640, "Size_s__to_Install_": "4, 2\r", "lat": 42.2636483, "lon": -71.430616, "Mapped_address": "Barbieri Rd, Framingham, MA 01702, USA", "FID": 775}}, {"type": "Feature", "id": 776, "geometry": {"type": "Point", "coordinates": [-71.431282, 42.2677486]}, "properties": {"F_": 533, "District": "SOU", "Town": "Framingham", "Street": "Barbieri Rd, Bethany Rd", "Retirmement_footage": 604, "Material": "CS", "Installation_footage": 640, "Size_s__to_Install_": "4, 2\r", "lat": 42.2677486, "lon": -71.431282, "Mapped_address": "Bethany Rd, Framingham, MA, USA", "FID": 776}}, {"type": "Feature", "id": 777, "geometry": {"type": "Point", "coordinates": [-71.399849, 42.2786194]}, "properties": {"F_": 534, "District": "SOU", "Town": "Framingham", "Street": "Beaver Park Dr / Beaver Park Rd / Marian Rd / Taralli Ter", "Retirmement_footage": 7754, "Material": "CS", "Installation_footage": 7760, "Size_s__to_Install_": "2\r", "lat": 42.2786194, "lon": -71.399849, "Mapped_address": "Beaver Park Dr, Framingham, MA 01702, USA", "FID": 777}}, {"type": "Feature", "id": 778, "geometry": {"type": "Point", "coordinates": [-71.4015237, 42.2765804]}, "properties": {"F_": 534, "District": "SOU", "Town": "Framingham", "Street": "Beaver Park Dr / Beaver Park Rd / Marian Rd / Taralli Ter", "Retirmement_footage": 7754, "Material": "CS", "Installation_footage": 7760, "Size_s__to_Install_": "2\r", "lat": 42.2765804, "lon": -71.4015237, "Mapped_address": "Beaver Park Rd, Framingham, MA 01702, USA", "FID": 778}}, {"type": "Feature", "id": 779, "geometry": {"type": "Point", "coordinates": [-71.4032432, 42.2761596]}, "properties": {"F_": 534, "District": "SOU", "Town": "Framingham", "Street": "Beaver Park Dr / Beaver Park Rd / Marian Rd / Taralli Ter", "Retirmement_footage": 7754, "Material": "CS", "Installation_footage": 7760, "Size_s__to_Install_": "2\r", "lat": 42.2761596, "lon": -71.4032432, "Mapped_address": "Marian Rd, Framingham, MA 01702, USA", "FID": 779}}, {"type": "Feature", "id": 780, "geometry": {"type": "Point", "coordinates": [-71.4022519, 42.2778878]}, "properties": {"F_": 534, "District": "SOU", "Town": "Framingham", "Street": "Beaver Park Dr / Beaver Park Rd / Marian Rd / Taralli Ter", "Retirmement_footage": 7754, "Material": "CS", "Installation_footage": 7760, "Size_s__to_Install_": "2\r", "lat": 42.2778878, "lon": -71.4022519, "Mapped_address": "Taralli Terrace, Framingham, MA 01702, USA", "FID": 780}}, {"type": "Feature", "id": 781, "geometry": {"type": "Point", "coordinates": [-71.4015237, 42.2765804]}, "properties": {"F_": 535, "District": "SOU", "Town": "Framingham", "Street": "Beaver Park Rd", "Retirmement_footage": 592, "Material": "CS", "Installation_footage": 600, "Size_s__to_Install_": "2\r", "lat": 42.2765804, "lon": -71.4015237, "Mapped_address": "Beaver Park Rd, Framingham, MA 01702, USA", "FID": 781}}, {"type": "Feature", "id": 782, "geometry": {"type": "Point", "coordinates": [-71.3987594, 42.2767276]}, "properties": {"F_": 536, "District": "SOU", "Town": "Framingham", "Street": "Beaver Terrace Cir", "Retirmement_footage": 6428, "Material": "CS", "Installation_footage": 6440, "Size_s__to_Install_": "2\r", "lat": 42.2767276, "lon": -71.3987594, "Mapped_address": "Beaver Terrace Cir, Framingham, MA 01702, USA", "FID": 782}}, {"type": "Feature", "id": 783, "geometry": {"type": "Point", "coordinates": [-71.453253, 42.3106968]}, "properties": {"F_": 537, "District": "SOU", "Town": "Framingham", "Street": "Belknap Rd", "Retirmement_footage": 4815, "Material": "CS, PL, PCS", "Installation_footage": 4840, "Size_s__to_Install_": "6\r", "lat": 42.3106968, "lon": -71.453253, "Mapped_address": "Belknap Rd, Framingham, MA 01701, USA", "FID": 783}}, {"type": "Feature", "id": 784, "geometry": {"type": "Point", "coordinates": [-71.4054932, 42.2912288]}, "properties": {"F_": 538, "District": "SOU", "Town": "Framingham", "Street": "Belvidere Rd", "Retirmement_footage": 218, "Material": "BS", "Installation_footage": 240, "Size_s__to_Install_": "4\r", "lat": 42.2912288, "lon": -71.4054932, "Mapped_address": "Belvidere Rd, Framingham, MA 01702, USA", "FID": 784}}, {"type": "Feature", "id": 785, "geometry": {"type": "Point", "coordinates": [-71.4585695, 42.3076446]}, "properties": {"F_": 539, "District": "SOU", "Town": "Framingham", "Street": "Berkeley Rd", "Retirmement_footage": 2280, "Material": "CS", "Installation_footage": 2280, "Size_s__to_Install_": "4\r", "lat": 42.3076446, "lon": -71.4585695, "Mapped_address": "Berkeley Rd, Framingham, MA 01701, USA", "FID": 785}}, {"type": "Feature", "id": 786, "geometry": {"type": "Point", "coordinates": [-71.4259052, 42.3197566]}, "properties": {"F_": 540, "District": "SOU", "Town": "Framingham", "Street": "Brook St", "Retirmement_footage": 6760, "Material": "CS", "Installation_footage": 6760, "Size_s__to_Install_": "8\r", "lat": 42.3197566, "lon": -71.4259052, "Mapped_address": "Brook St, Framingham, MA 01701, USA", "FID": 786}}, {"type": "Feature", "id": 787, "geometry": {"type": "Point", "coordinates": [-71.4219639, 42.3227045]}, "properties": {"F_": 541, "District": "SOU", "Town": "Framingham", "Street": "Brookvale Rd / Patricia Rd", "Retirmement_footage": 1373, "Material": "CS", "Installation_footage": 1400, "Size_s__to_Install_": "2\r", "lat": 42.3227045, "lon": -71.4219639, "Mapped_address": "Brookvale Rd, Framingham, MA 01701, USA", "FID": 787}}, {"type": "Feature", "id": 788, "geometry": {"type": "Point", "coordinates": [-71.4221656, 42.3222545]}, "properties": {"F_": 541, "District": "SOU", "Town": "Framingham", "Street": "Brookvale Rd / Patricia Rd", "Retirmement_footage": 1373, "Material": "CS", "Installation_footage": 1400, "Size_s__to_Install_": "2\r", "lat": 42.3222545, "lon": -71.4221656, "Mapped_address": "Patricia Rd, Framingham, MA 01701, USA", "FID": 788}}, {"type": "Feature", "id": 789, "geometry": {"type": "Point", "coordinates": [-71.4030653, 42.3246111]}, "properties": {"F_": 542, "District": "SOU", "Town": "Framingham", "Street": "Centennial Pl / Purchase St", "Retirmement_footage": 200, "Material": "CS, BS", "Installation_footage": 200, "Size_s__to_Install_": "2\r", "lat": 42.3246111, "lon": -71.4030653, "Mapped_address": "Centennial Pl, Framingham, MA 01701, USA", "FID": 789}}, {"type": "Feature", "id": 790, "geometry": {"type": "Point", "coordinates": [-71.4017841, 42.3235634]}, "properties": {"F_": 542, "District": "SOU", "Town": "Framingham", "Street": "Centennial Pl / Purchase St", "Retirmement_footage": 200, "Material": "CS, BS", "Installation_footage": 200, "Size_s__to_Install_": "2\r", "lat": 42.3235634, "lon": -71.4017841, "Mapped_address": "Purchase St, Framingham, MA 01701, USA", "FID": 790}}, {"type": "Feature", "id": 791, "geometry": {"type": "Point", "coordinates": [-71.4153323, 42.3152712]}, "properties": {"F_": 543, "District": "SOU", "Town": "Framingham", "Street": "Central St", "Retirmement_footage": 1881, "Material": "CS, BS", "Installation_footage": 1920, "Size_s__to_Install_": "4\r", "lat": 42.3152712, "lon": -71.4153323, "Mapped_address": "Central St, Framingham, MA 01701, USA", "FID": 791}}, {"type": "Feature", "id": 792, "geometry": {"type": "Point", "coordinates": [-71.4447298, 42.3235981]}, "properties": {"F_": 544, "District": "SOU", "Town": "Framingham", "Street": "Claudette Cir", "Retirmement_footage": 2832, "Material": "CS", "Installation_footage": 2840, "Size_s__to_Install_": "2\r", "lat": 42.3235981, "lon": -71.4447298, "Mapped_address": "Claudette Cir, Framingham, MA 01701, USA", "FID": 792}}, {"type": "Feature", "id": 793, "geometry": {"type": "Point", "coordinates": [-71.4575936, 42.3091769]}, "properties": {"F_": 545, "District": "SOU", "Town": "Framingham", "Street": "Clearview Dr", "Retirmement_footage": 1438, "Material": "CS", "Installation_footage": 1440, "Size_s__to_Install_": "4\r", "lat": 42.3091769, "lon": -71.4575936, "Mapped_address": "Clearview Dr, Framingham, MA 01701, USA", "FID": 793}}, {"type": "Feature", "id": 794, "geometry": {"type": "Point", "coordinates": [-71.3985904, 42.3040559]}, "properties": {"F_": 546, "District": "SOU", "Town": "Framingham", "Street": "Cochituate Rd (Rt 9)", "Retirmement_footage": 688, "Material": "CS", "Installation_footage": 720, "Size_s__to_Install_": "6\r", "lat": 42.3040559, "lon": -71.3985904, "Mapped_address": "Cochituate Rd, Framingham, MA 01701, USA", "FID": 794}}, {"type": "Feature", "id": 795, "geometry": {"type": "Point", "coordinates": [-71.4291267, 42.2972583]}, "properties": {"F_": 547, "District": "SOU", "Town": "Framingham", "Street": "Cochituate Rd / Whittier Ring Rd / Caldor Rd / Walsh St / sub main to #8 Greenview / 6 sub-mains", "Retirmement_footage": 6391, "Material": "CS, PD, PL, unknown", "Installation_footage": 6400, "Size_s__to_Install_": "4\r", "lat": 42.2972583, "lon": -71.4291267, "Mapped_address": "Main St, Framingham, MA 01702, USA", "FID": 795}}, {"type": "Feature", "id": 796, "geometry": {"type": "Point", "coordinates": [-71.4005638, 42.3007779]}, "properties": {"F_": 547, "District": "SOU", "Town": "Framingham", "Street": "Cochituate Rd / Whittier Ring Rd / Caldor Rd / Walsh St / sub main to #8 Greenview / 6 sub-mains", "Retirmement_footage": 6391, "Material": "CS, PD, PL, unknown", "Installation_footage": 6400, "Size_s__to_Install_": "4\r", "lat": 42.3007779, "lon": -71.4005638, "Mapped_address": "Caldor Rd, Framingham, MA 01701, USA", "FID": 796}}, {"type": "Feature", "id": 797, "geometry": {"type": "Point", "coordinates": [-71.3985904, 42.3040559]}, "properties": {"F_": 547, "District": "SOU", "Town": "Framingham", "Street": "Cochituate Rd / Whittier Ring Rd / Caldor Rd / Walsh St / sub main to #8 Greenview / 6 sub-mains", "Retirmement_footage": 6391, "Material": "CS, PD, PL, unknown", "Installation_footage": 6400, "Size_s__to_Install_": "4\r", "lat": 42.3040559, "lon": -71.3985904, "Mapped_address": "Cochituate Rd, Framingham, MA 01701, USA", "FID": 797}}, {"type": "Feature", "id": 798, "geometry": {"type": "Point", "coordinates": [-71.4044547, 42.2999445]}, "properties": {"F_": 547, "District": "SOU", "Town": "Framingham", "Street": "Cochituate Rd / Whittier Ring Rd / Caldor Rd / Walsh St / sub main to #8 Greenview / 6 sub-mains", "Retirmement_footage": 6391, "Material": "CS, PD, PL, unknown", "Installation_footage": 6400, "Size_s__to_Install_": "4\r", "lat": 42.2999445, "lon": -71.4044547, "Mapped_address": "Walsh St, Framingham, MA 01701, USA", "FID": 798}}, {"type": "Feature", "id": 799, "geometry": {"type": "Point", "coordinates": [-71.3898925, 42.3252451]}, "properties": {"F_": 548, "District": "SOU", "Town": "Framingham", "Street": "Colby Ave", "Retirmement_footage": 234, "Material": "BS", "Installation_footage": 240, "Size_s__to_Install_": "2\r", "lat": 42.3252451, "lon": -71.3898925, "Mapped_address": "Colby Ave, Framingham, MA 01701, USA", "FID": 799}}, {"type": "Feature", "id": 800, "geometry": {"type": "Point", "coordinates": [-71.4065903, 42.3009327]}, "properties": {"F_": 549, "District": "SOU", "Town": "Framingham", "Street": "Concord St", "Retirmement_footage": 830, "Material": "BS, CS", "Installation_footage": 840, "Size_s__to_Install_": "4\r", "lat": 42.3009327, "lon": -71.4065903, "Mapped_address": "Concord St, Framingham, MA, USA", "FID": 800}}, {"type": "Feature", "id": 801, "geometry": {"type": "Point", "coordinates": [-71.4269525, 42.2732701]}, "properties": {"F_": 623, "District": "SOU", "Town": "Framingham", "Street": "Waverly St", "Retirmement_footage": 344, "Material": "CS", "Installation_footage": 360, "Size_s__to_Install_": "6\r", "lat": 42.2732701, "lon": -71.4269525, "Mapped_address": "Waverly St, Framingham, MA, USA", "FID": 801}}, {"type": "Feature", "id": 802, "geometry": {"type": "Point", "coordinates": [-71.4295444, 42.2729009]}, "properties": {"F_": 624, "District": "SOU", "Town": "Framingham", "Street": "Waverly St, Waverly Pl", "Retirmement_footage": 2947, "Material": "CS, BS, PD", "Installation_footage": 2015, "Size_s__to_Install_": "8, 2\r", "lat": 42.2729009, "lon": -71.4295444, "Mapped_address": "Waverley Pl, Framingham, MA 01702, USA", "FID": 802}}, {"type": "Feature", "id": 803, "geometry": {"type": "Point", "coordinates": [-71.4269525, 42.2732701]}, "properties": {"F_": 624, "District": "SOU", "Town": "Framingham", "Street": "Waverly St, Waverly Pl", "Retirmement_footage": 2947, "Material": "CS, BS, PD", "Installation_footage": 2015, "Size_s__to_Install_": "8, 2\r", "lat": 42.2732701, "lon": -71.4269525, "Mapped_address": "Waverly St, Framingham, MA, USA", "FID": 803}}, {"type": "Feature", "id": 804, "geometry": {"type": "Point", "coordinates": [-71.4018788, 42.2682428]}, "properties": {"F_": 625, "District": "SOU", "Town": "Framingham", "Street": "Weld St", "Retirmement_footage": 165, "Material": "CS", "Installation_footage": 200, "Size_s__to_Install_": "2\r", "lat": 42.2682428, "lon": -71.4018788, "Mapped_address": "Weld St, Framingham, MA 01702, USA", "FID": 804}}, {"type": "Feature", "id": 805, "geometry": {"type": "Point", "coordinates": [-71.4475479, 42.2991388]}, "properties": {"F_": 626, "District": "SOU", "Town": "Framingham", "Street": "West St / Worcester Rd", "Retirmement_footage": 324, "Material": "CS, BS, PL", "Installation_footage": 360, "Size_s__to_Install_": "2\r", "lat": 42.2991388, "lon": -71.4475479, "Mapped_address": "West St, Framingham, MA 01701, USA", "FID": 805}}, {"type": "Feature", "id": 806, "geometry": {"type": "Point", "coordinates": [-71.4385211, 42.3000753]}, "properties": {"F_": 626, "District": "SOU", "Town": "Framingham", "Street": "West St / Worcester Rd", "Retirmement_footage": 324, "Material": "CS, BS, PL", "Installation_footage": 360, "Size_s__to_Install_": "2\r", "lat": 42.3000753, "lon": -71.4385211, "Mapped_address": "Worcester Rd, Framingham, MA, USA", "FID": 806}}, {"type": "Feature", "id": 807, "geometry": {"type": "Point", "coordinates": [-71.396435, 42.3065723]}, "properties": {"F_": 627, "District": "SOU", "Town": "Framingham", "Street": "Whittier St", "Retirmement_footage": 1097, "Material": "CS", "Installation_footage": 1120, "Size_s__to_Install_": "4\r", "lat": 42.3065723, "lon": -71.396435, "Mapped_address": "Whittier St, Framingham, MA 01701, USA", "FID": 807}}, {"type": "Feature", "id": 808, "geometry": {"type": "Point", "coordinates": [-71.4507343, 42.2770528]}, "properties": {"F_": 628, "District": "SOU", "Town": "Framingham", "Street": "William J Hts, Duggan Dr", "Retirmement_footage": 3379, "Material": "CS, PD", "Installation_footage": 3400, "Size_s__to_Install_": "2\r", "lat": 42.2770528, "lon": -71.4507343, "Mapped_address": "Duggan Dr, Framingham, MA 01702, USA", "FID": 808}}, {"type": "Feature", "id": 809, "geometry": {"type": "Point", "coordinates": [-71.4521766, 42.2764041]}, "properties": {"F_": 628, "District": "SOU", "Town": "Framingham", "Street": "William J Hts, Duggan Dr", "Retirmement_footage": 3379, "Material": "CS, PD", "Installation_footage": 3400, "Size_s__to_Install_": "2\r", "lat": 42.2764041, "lon": -71.4521766, "Mapped_address": "William J Heights, Framingham, MA 01702, USA", "FID": 809}}, {"type": "Feature", "id": 810, "geometry": {"type": "Point", "coordinates": [-71.4370929, 42.271991]}, "properties": {"F_": 629, "District": "SOU", "Town": "Framingham", "Street": "Wilson Ave", "Retirmement_footage": 248, "Material": "CS", "Installation_footage": 280, "Size_s__to_Install_": "2\r", "lat": 42.271991, "lon": -71.4370929, "Mapped_address": "Wilson Ave, Framingham, MA 01702, USA", "FID": 810}}, {"type": "Feature", "id": 811, "geometry": {"type": "Point", "coordinates": [-71.4522605, 42.2994724]}, "properties": {"F_": 630, "District": "SOU", "Town": "Framingham", "Street": "Woodleigh Rd", "Retirmement_footage": 635, "Material": "CS", "Installation_footage": 640, "Size_s__to_Install_": "2\r", "lat": 42.2994724, "lon": -71.4522605, "Mapped_address": "Woodleigh Rd, Framingham, MA 01701, USA", "FID": 811}}, {"type": "Feature", "id": 812, "geometry": {"type": "Point", "coordinates": [-71.4595237, 42.3075336]}, "properties": {"F_": 631, "District": "SOU", "Town": "Framingham", "Street": "Woodmere Rd", "Retirmement_footage": 2936, "Material": "CS", "Installation_footage": 2960, "Size_s__to_Install_": "4\r", "lat": 42.3075336, "lon": -71.4595237, "Mapped_address": "Woodmere Rd, Framingham, MA 01701, USA", "FID": 812}}, {"type": "Feature", "id": 813, "geometry": {"type": "Point", "coordinates": [-71.4119345, 42.3022264]}, "properties": {"F_": 632, "District": "SOU", "Town": "Framingham", "Street": "Woodward Rd / Royce Rd / Upland Rd / Hastings St / Old Conn Path", "Retirmement_footage": 3087, "Material": "CS", "Installation_footage": 3120, "Size_s__to_Install_": "4\r", "lat": 42.3022264, "lon": -71.4119345, "Mapped_address": "Hastings St, Framingham, MA 01701, USA", "FID": 813}}, {"type": "Feature", "id": 814, "geometry": {"type": "Point", "coordinates": [-71.4060083, 42.302736]}, "properties": {"F_": 632, "District": "SOU", "Town": "Framingham", "Street": "Woodward Rd / Royce Rd / Upland Rd / Hastings St / Old Conn Path", "Retirmement_footage": 3087, "Material": "CS", "Installation_footage": 3120, "Size_s__to_Install_": "4\r", "lat": 42.302736, "lon": -71.4060083, "Mapped_address": "Old Conn Path, Framingham, MA 01701, USA", "FID": 814}}, {"type": "Feature", "id": 815, "geometry": {"type": "Point", "coordinates": [-71.4086548, 42.3027783]}, "properties": {"F_": 632, "District": "SOU", "Town": "Framingham", "Street": "Woodward Rd / Royce Rd / Upland Rd / Hastings St / Old Conn Path", "Retirmement_footage": 3087, "Material": "CS", "Installation_footage": 3120, "Size_s__to_Install_": "4\r", "lat": 42.3027783, "lon": -71.4086548, "Mapped_address": "Royce Rd, Framingham, MA 01701, USA", "FID": 815}}, {"type": "Feature", "id": 816, "geometry": {"type": "Point", "coordinates": [-71.4077409, 42.3038929]}, "properties": {"F_": 632, "District": "SOU", "Town": "Framingham", "Street": "Woodward Rd / Royce Rd / Upland Rd / Hastings St / Old Conn Path", "Retirmement_footage": 3087, "Material": "CS", "Installation_footage": 3120, "Size_s__to_Install_": "4\r", "lat": 42.3038929, "lon": -71.4077409, "Mapped_address": "Upland Rd, Framingham, MA 01701, USA", "FID": 816}}, {"type": "Feature", "id": 817, "geometry": {"type": "Point", "coordinates": [-71.4073985, 42.3028775]}, "properties": {"F_": 632, "District": "SOU", "Town": "Framingham", "Street": "Woodward Rd / Royce Rd / Upland Rd / Hastings St / Old Conn Path", "Retirmement_footage": 3087, "Material": "CS", "Installation_footage": 3120, "Size_s__to_Install_": "4\r", "lat": 42.3028775, "lon": -71.4073985, "Mapped_address": "Woodward Rd, Framingham, MA 01701, USA", "FID": 817}}, {"type": "Feature", "id": 818, "geometry": {"type": "Point", "coordinates": [-71.4385211, 42.3000753]}, "properties": {"F_": 633, "District": "SOU", "Town": "Framingham", "Street": "Worcester Rd (Rt 9)", "Retirmement_footage": 284, "Material": "BS", "Installation_footage": 320, "Size_s__to_Install_": "8\r", "lat": 42.3000753, "lon": -71.4385211, "Mapped_address": "Worcester Rd, Framingham, MA, USA", "FID": 818}}, {"type": "Feature", "id": 819, "geometry": {"type": "Point", "coordinates": [-71.4385211, 42.3000753]}, "properties": {"F_": 634, "District": "SOU", "Town": "Framingham", "Street": "Worcester Rd (Rt 9)", "Retirmement_footage": 36, "Material": "BS", "Installation_footage": 40, "Size_s__to_Install_": "2\r", "lat": 42.3000753, "lon": -71.4385211, "Mapped_address": "Worcester Rd, Framingham, MA, USA", "FID": 819}}, {"type": "Feature", "id": 820, "geometry": {"type": "Point", "coordinates": [-71.4385211, 42.3000753]}, "properties": {"F_": 635, "District": "SOU", "Town": "Framingham", "Street": "Worcester Rd (Rt 9)", "Retirmement_footage": 1109, "Material": "BS", "Installation_footage": 1120, "Size_s__to_Install_": "6\r", "lat": 42.3000753, "lon": -71.4385211, "Mapped_address": "Worcester Rd, Framingham, MA, USA", "FID": 820}}, {"type": "Feature", "id": 821, "geometry": {"type": "Point", "coordinates": [-71.4385211, 42.3000753]}, "properties": {"F_": 636, "District": "SOU", "Town": "Framingham", "Street": "Worcester Rd (Rt 9)", "Retirmement_footage": 610, "Material": "BS", "Installation_footage": 640, "Size_s__to_Install_": "6\r", "lat": 42.3000753, "lon": -71.4385211, "Mapped_address": "Worcester Rd, Framingham, MA, USA", "FID": 821}}, {"type": "Feature", "id": 822, "geometry": {"type": "Point", "coordinates": [-71.4385211, 42.3000753]}, "properties": {"F_": 637, "District": "SOU", "Town": "Framingham", "Street": "Worcester Rd (Rt 9)", "Retirmement_footage": 2235, "Material": "BS", "Installation_footage": 2240, "Size_s__to_Install_": "12\r", "lat": 42.3000753, "lon": -71.4385211, "Mapped_address": "Worcester Rd, Framingham, MA, USA", "FID": 822}}, {"type": "Feature", "id": 823, "geometry": {"type": "Point", "coordinates": [-71.4385211, 42.3000753]}, "properties": {"F_": 638, "District": "SOU", "Town": "Framingham", "Street": "Worcester Rd (Rt 9)", "Retirmement_footage": 1280, "Material": "CS", "Installation_footage": 1280, "Size_s__to_Install_": "6\r", "lat": 42.3000753, "lon": -71.4385211, "Mapped_address": "Worcester Rd, Framingham, MA, USA", "FID": 823}}, {"type": "Feature", "id": 824, "geometry": {"type": "Point", "coordinates": [-71.4385211, 42.3000753]}, "properties": {"F_": 639, "District": "SOU", "Town": "Framingham", "Street": "Worcester Rd (Rt 9)", "Retirmement_footage": 2235, "Material": "CS", "Installation_footage": 2240, "Size_s__to_Install_": "12\r", "lat": 42.3000753, "lon": -71.4385211, "Mapped_address": "Worcester Rd, Framingham, MA, USA", "FID": 824}}, {"type": "Feature", "id": 825, "geometry": {"type": "Point", "coordinates": [-71.4385211, 42.3000753]}, "properties": {"F_": 640, "District": "SOU", "Town": "Framingham", "Street": "Worcester Rd (Rt 9)", "Retirmement_footage": 870, "Material": "CS", "Installation_footage": 880, "Size_s__to_Install_": "2\r", "lat": 42.3000753, "lon": -71.4385211, "Mapped_address": "Worcester Rd, Framingham, MA, USA", "FID": 825}}, {"type": "Feature", "id": 826, "geometry": {"type": "Point", "coordinates": [-71.4385211, 42.3000753]}, "properties": {"F_": 641, "District": "SOU", "Town": "Framingham", "Street": "Worcester Rd (Rt 9)", "Retirmement_footage": 880, "Material": "CS", "Installation_footage": 880, "Size_s__to_Install_": "2\r", "lat": 42.3000753, "lon": -71.4385211, "Mapped_address": "Worcester Rd, Framingham, MA, USA", "FID": 826}}, {"type": "Feature", "id": 827, "geometry": {"type": "Point", "coordinates": [-71.710159, 42.214094]}, "properties": {"F_": 642, "District": "SOU", "Town": "Grafton", "Street": "Brigham Hill Rd, sub-main", "Retirmement_footage": 1768, "Material": "PD, BS, CS", "Installation_footage": 1800, "Size_s__to_Install_": "4, 2\r", "lat": 42.214094, "lon": -71.710159, "Mapped_address": "Brigham Hill Rd, Grafton, MA, USA", "FID": 827}}, {"type": "Feature", "id": 828, "geometry": {"type": "Point", "coordinates": [-71.7141273, 42.1835523]}, "properties": {"F_": 643, "District": "SOU", "Town": "Grafton", "Street": "Follette St / Mayo Ct", "Retirmement_footage": 460, "Material": "PD", "Installation_footage": 480, "Size_s__to_Install_": "2\r", "lat": 42.1835523, "lon": -71.7141273, "Mapped_address": "Follette St, Grafton, MA, USA", "FID": 828}}, {"type": "Feature", "id": 829, "geometry": {"type": "Point", "coordinates": [-71.7178588, 42.1779957]}, "properties": {"F_": 643, "District": "SOU", "Town": "Grafton", "Street": "Follette St / Mayo Ct", "Retirmement_footage": 460, "Material": "PD", "Installation_footage": 480, "Size_s__to_Install_": "2\r", "lat": 42.1779957, "lon": -71.7178588, "Mapped_address": "Mayo Ct, Grafton, MA 01560, USA", "FID": 829}}, {"type": "Feature", "id": 830, "geometry": {"type": "Point", "coordinates": [-71.7178042, 42.2318068]}, "properties": {"F_": 644, "District": "SOU", "Town": "Grafton", "Street": "Hollywood Dr, Beverly Rd, Shore Dr", "Retirmement_footage": 3729, "Material": "CS", "Installation_footage": 3760, "Size_s__to_Install_": "4\r", "lat": 42.2318068, "lon": -71.7178042, "Mapped_address": "Beverly Rd, Grafton, MA 01536, USA", "FID": 830}}, {"type": "Feature", "id": 831, "geometry": {"type": "Point", "coordinates": [-71.7190059, 42.2320521]}, "properties": {"F_": 644, "District": "SOU", "Town": "Grafton", "Street": "Hollywood Dr, Beverly Rd, Shore Dr", "Retirmement_footage": 3729, "Material": "CS", "Installation_footage": 3760, "Size_s__to_Install_": "4\r", "lat": 42.2320521, "lon": -71.7190059, "Mapped_address": "Hollywood Dr, Grafton, MA 01536, USA", "FID": 831}}, {"type": "Feature", "id": 832, "geometry": {"type": "Point", "coordinates": [-71.7164, 42.2331833]}, "properties": {"F_": 644, "District": "SOU", "Town": "Grafton", "Street": "Hollywood Dr, Beverly Rd, Shore Dr", "Retirmement_footage": 3729, "Material": "CS", "Installation_footage": 3760, "Size_s__to_Install_": "4\r", "lat": 42.2331833, "lon": -71.7164, "Mapped_address": "Shore Dr, Grafton, MA 01536, USA", "FID": 832}}, {"type": "Feature", "id": 833, "geometry": {"type": "Point", "coordinates": [-71.691568, 42.220824]}, "properties": {"F_": 645, "District": "SOU", "Town": "Grafton", "Street": "Janet Cir, Vincent Rd, Doris Dr", "Retirmement_footage": 3181, "Material": "CS", "Installation_footage": 3200, "Size_s__to_Install_": "4, 2\r", "lat": 42.220824, "lon": -71.691568, "Mapped_address": "Doris Dr, Grafton, MA 01536, USA", "FID": 833}}, {"type": "Feature", "id": 834, "geometry": {"type": "Point", "coordinates": [-71.690322, 42.219057]}, "properties": {"F_": 645, "District": "SOU", "Town": "Grafton", "Street": "Janet Cir, Vincent Rd, Doris Dr", "Retirmement_footage": 3181, "Material": "CS", "Installation_footage": 3200, "Size_s__to_Install_": "4, 2\r", "lat": 42.219057, "lon": -71.690322, "Mapped_address": "Janet Cir, Grafton, MA 01536, USA", "FID": 834}}, {"type": "Feature", "id": 835, "geometry": {"type": "Point", "coordinates": [-71.690129, 42.220975]}, "properties": {"F_": 645, "District": "SOU", "Town": "Grafton", "Street": "Janet Cir, Vincent Rd, Doris Dr", "Retirmement_footage": 3181, "Material": "CS", "Installation_footage": 3200, "Size_s__to_Install_": "4, 2\r", "lat": 42.220975, "lon": -71.690129, "Mapped_address": "Vincent Rd, Grafton, MA 01536, USA", "FID": 835}}, {"type": "Feature", "id": 836, "geometry": {"type": "Point", "coordinates": [-71.4247181, 42.2012548]}, "properties": {"F_": 646, "District": "SOU", "Town": "Holliston", "Street": "Church St", "Retirmement_footage": 550, "Material": "BS", "Installation_footage": 560, "Size_s__to_Install_": "2\r", "lat": 42.2012548, "lon": -71.4247181, "Mapped_address": "Church St, Holliston, MA 01746, USA", "FID": 836}}, {"type": "Feature", "id": 837, "geometry": {"type": "Point", "coordinates": [-71.4247181, 42.2012548]}, "properties": {"F_": 647, "District": "SOU", "Town": "Holliston", "Street": "Church St / Railroad St", "Retirmement_footage": 560, "Material": "CS", "Installation_footage": 560, "Size_s__to_Install_": "2\r", "lat": 42.2012548, "lon": -71.4247181, "Mapped_address": "Church St, Holliston, MA 01746, USA", "FID": 837}}, {"type": "Feature", "id": 838, "geometry": {"type": "Point", "coordinates": [-71.4247885, 42.2006233]}, "properties": {"F_": 647, "District": "SOU", "Town": "Holliston", "Street": "Church St / Railroad St", "Retirmement_footage": 560, "Material": "CS", "Installation_footage": 560, "Size_s__to_Install_": "2\r", "lat": 42.2006233, "lon": -71.4247885, "Mapped_address": "Railroad St, Holliston, MA 01746, USA", "FID": 838}}, {"type": "Feature", "id": 839, "geometry": {"type": "Point", "coordinates": [-71.4086268, 42.1833578]}, "properties": {"F_": 648, "District": "SOU", "Town": "Holliston", "Street": "Gregory Rd", "Retirmement_footage": 129, "Material": "CS", "Installation_footage": 160, "Size_s__to_Install_": "2\r", "lat": 42.1833578, "lon": -71.4086268, "Mapped_address": "Gregory Rd, Holliston, MA 01746, USA", "FID": 839}}, {"type": "Feature", "id": 840, "geometry": {"type": "Point", "coordinates": [-71.4395947, 42.1989404]}, "properties": {"F_": 649, "District": "SOU", "Town": "Holliston", "Street": "Marked Tree Rd", "Retirmement_footage": 772, "Material": "CS", "Installation_footage": 800, "Size_s__to_Install_": "4\r", "lat": 42.1989404, "lon": -71.4395947, "Mapped_address": "Marked Tree Rd, Holliston, MA 01746, USA", "FID": 840}}, {"type": "Feature", "id": 841, "geometry": {"type": "Point", "coordinates": [-71.4533492, 42.1807993]}, "properties": {"F_": 650, "District": "SOU", "Town": "Holliston", "Street": "Pope Rd", "Retirmement_footage": 1121, "Material": "CS", "Installation_footage": 1160, "Size_s__to_Install_": "2\r", "lat": 42.1807993, "lon": -71.4533492, "Mapped_address": "Pope Rd, Holliston, MA 01746, USA", "FID": 841}}, {"type": "Feature", "id": 842, "geometry": {"type": "Point", "coordinates": [-71.5500423, 42.1342281]}, "properties": {"F_": 651, "District": "SOU", "Town": "Hopedale", "Street": "Freedom St / Williams St", "Retirmement_footage": 1697, "Material": "CS", "Installation_footage": 1720, "Size_s__to_Install_": "4\r", "lat": 42.1342281, "lon": -71.5500423, "Mapped_address": "Freedom St, Hopedale, MA, USA", "FID": 842}}, {"type": "Feature", "id": 843, "geometry": {"type": "Point", "coordinates": [-71.5381262, 42.1369958]}, "properties": {"F_": 651, "District": "SOU", "Town": "Hopedale", "Street": "Freedom St / Williams St", "Retirmement_footage": 1697, "Material": "CS", "Installation_footage": 1720, "Size_s__to_Install_": "4\r", "lat": 42.1369958, "lon": -71.5381262, "Mapped_address": "Williams St, Hopedale, MA 01747, USA", "FID": 843}}, {"type": "Feature", "id": 844, "geometry": {"type": "Point", "coordinates": [-71.5401404, 42.1312703]}, "properties": {"F_": 652, "District": "SOU", "Town": "Hopedale", "Street": "Peace St", "Retirmement_footage": 251, "Material": "BS", "Installation_footage": 280, "Size_s__to_Install_": "6\r", "lat": 42.1312703, "lon": -71.5401404, "Mapped_address": "Peace St, Hopedale, MA 01747, USA", "FID": 844}}, {"type": "Feature", "id": 845, "geometry": {"type": "Point", "coordinates": [-71.5128618, 42.2092007]}, "properties": {"F_": 653, "District": "SOU", "Town": "Hopkinton", "Street": "Hayden Rowe St (Rt 85)", "Retirmement_footage": 2251, "Material": "CS", "Installation_footage": 2280, "Size_s__to_Install_": "4\r", "lat": 42.2092007, "lon": -71.5128618, "Mapped_address": "Hayden Rowe St, Hopkinton, MA 01748, USA", "FID": 845}}, {"type": "Feature", "id": 846, "geometry": {"type": "Point", "coordinates": [-71.5611701, 42.2370634]}, "properties": {"F_": 655, "District": "SOU", "Town": "Hopkinton", "Street": "Wood St", "Retirmement_footage": 1900, "Material": "CS", "Installation_footage": 1920, "Size_s__to_Install_": "12\r", "lat": 42.2370634, "lon": -71.5611701, "Mapped_address": "Wood St, Hopkinton, MA 01748, USA", "FID": 846}}, {"type": "Feature", "id": 847, "geometry": {"type": "Point", "coordinates": [-71.5568292, 42.3982953]}, "properties": {"F_": 656, "District": "SOU", "Town": "Hudson", "Street": "Bennett St / Carlton St", "Retirmement_footage": 1667, "Material": "CS, PD", "Installation_footage": 1680, "Size_s__to_Install_": "4\r", "lat": 42.3982953, "lon": -71.5568292, "Mapped_address": "Bennett St, Hudson, MA 01749, USA", "FID": 847}}, {"type": "Feature", "id": 848, "geometry": {"type": "Point", "coordinates": [-71.5563302, 42.3941187]}, "properties": {"F_": 656, "District": "SOU", "Town": "Hudson", "Street": "Bennett St / Carlton St", "Retirmement_footage": 1667, "Material": "CS, PD", "Installation_footage": 1680, "Size_s__to_Install_": "4\r", "lat": 42.3941187, "lon": -71.5563302, "Mapped_address": "Carlton St, Hudson, MA 01749, USA", "FID": 848}}, {"type": "Feature", "id": 849, "geometry": {"type": "Point", "coordinates": [-71.5749443, 42.3973355]}, "properties": {"F_": 657, "District": "SOU", "Town": "Hudson", "Street": "Cottage St / O'Neil St", "Retirmement_footage": 3400, "Material": "CS", "Installation_footage": 3400, "Size_s__to_Install_": "4\r", "lat": 42.3973355, "lon": -71.5749443, "Mapped_address": "Cottage St, Hudson, MA 01749, USA", "FID": 849}}, {"type": "Feature", "id": 850, "geometry": {"type": "Point", "coordinates": [-71.5736645, 42.3978863]}, "properties": {"F_": 657, "District": "SOU", "Town": "Hudson", "Street": "Cottage St / O'Neil St", "Retirmement_footage": 3400, "Material": "CS", "Installation_footage": 3400, "Size_s__to_Install_": "4\r", "lat": 42.3978863, "lon": -71.5736645, "Mapped_address": "O'Neil St, Hudson, MA 01749, USA", "FID": 850}}, {"type": "Feature", "id": 851, "geometry": {"type": "Point", "coordinates": [-71.5282277, 42.3773378]}, "properties": {"F_": 658, "District": "SOU", "Town": "Hudson", "Street": "Hosmer St", "Retirmement_footage": 1100, "Material": "CS", "Installation_footage": 1120, "Size_s__to_Install_": "4\r", "lat": 42.3773378, "lon": -71.5282277, "Mapped_address": "Hosmer St, Hudson, MA, USA", "FID": 851}}, {"type": "Feature", "id": 852, "geometry": {"type": "Point", "coordinates": [-71.5665487, 42.3875241]}, "properties": {"F_": 659, "District": "SOU", "Town": "Hudson", "Street": "Houghton St", "Retirmement_footage": 1547, "Material": "CS", "Installation_footage": 1560, "Size_s__to_Install_": "2\r", "lat": 42.3875241, "lon": -71.5665487, "Mapped_address": "Houghton St, Hudson, MA 01749, USA", "FID": 852}}, {"type": "Feature", "id": 853, "geometry": {"type": "Point", "coordinates": [-71.5324937, 42.3767245]}, "properties": {"F_": 660, "District": "SOU", "Town": "Hudson", "Street": "Lakeshore Dr", "Retirmement_footage": 1378, "Material": "CS", "Installation_footage": 1400, "Size_s__to_Install_": "2\r", "lat": 42.3767245, "lon": -71.5324937, "Mapped_address": "Lakeshore Dr, Hudson, MA 01749, USA", "FID": 853}}, {"type": "Feature", "id": 854, "geometry": {"type": "Point", "coordinates": [-71.5648856, 42.401258]}, "properties": {"F_": 661, "District": "SOU", "Town": "Hudson", "Street": "Manning St", "Retirmement_footage": 960, "Material": "CS", "Installation_footage": 960, "Size_s__to_Install_": "4\r", "lat": 42.401258, "lon": -71.5648856, "Mapped_address": "Manning St, Hudson, MA 01749, USA", "FID": 854}}, {"type": "Feature", "id": 855, "geometry": {"type": "Point", "coordinates": [-71.5502227, 42.379089]}, "properties": {"F_": 662, "District": "SOU", "Town": "Hudson", "Street": "Marlboro St", "Retirmement_footage": 2578, "Material": "CS", "Installation_footage": 2600, "Size_s__to_Install_": "6\r", "lat": 42.379089, "lon": -71.5502227, "Mapped_address": "Marlboro St, Hudson, MA 01749, USA", "FID": 855}}, {"type": "Feature", "id": 856, "geometry": {"type": "Point", "coordinates": [-71.5399472, 42.3857823]}, "properties": {"F_": 663, "District": "SOU", "Town": "Hudson", "Street": "Old North Rd", "Retirmement_footage": 850, "Material": "CS", "Installation_footage": 880, "Size_s__to_Install_": "2\r", "lat": 42.3857823, "lon": -71.5399472, "Mapped_address": "Old North Rd, Hudson, MA 01749, USA", "FID": 856}}, {"type": "Feature", "id": 857, "geometry": {"type": "Point", "coordinates": [-71.5749443, 42.3973355]}, "properties": {"F_": 664, "District": "SOU", "Town": "Hudson", "Street": "Plant Ave / Cottage St / Ridge Rd / Shawmut Ave", "Retirmement_footage": 6350, "Material": "CS", "Installation_footage": 6360, "Size_s__to_Install_": "2\r", "lat": 42.3973355, "lon": -71.5749443, "Mapped_address": "Cottage St, Hudson, MA 01749, USA", "FID": 857}}, {"type": "Feature", "id": 858, "geometry": {"type": "Point", "coordinates": [-71.57862, 42.3996676]}, "properties": {"F_": 664, "District": "SOU", "Town": "Hudson", "Street": "Plant Ave / Cottage St / Ridge Rd / Shawmut Ave", "Retirmement_footage": 6350, "Material": "CS", "Installation_footage": 6360, "Size_s__to_Install_": "2\r", "lat": 42.3996676, "lon": -71.57862, "Mapped_address": "Plant Ave, Hudson, MA 01749, USA", "FID": 858}}, {"type": "Feature", "id": 859, "geometry": {"type": "Point", "coordinates": [-71.5801902, 42.4009399]}, "properties": {"F_": 664, "District": "SOU", "Town": "Hudson", "Street": "Plant Ave / Cottage St / Ridge Rd / Shawmut Ave", "Retirmement_footage": 6350, "Material": "CS", "Installation_footage": 6360, "Size_s__to_Install_": "2\r", "lat": 42.4009399, "lon": -71.5801902, "Mapped_address": "Ridge Rd, Hudson, MA 01749, USA", "FID": 859}}, {"type": "Feature", "id": 860, "geometry": {"type": "Point", "coordinates": [-71.5806071, 42.3984901]}, "properties": {"F_": 664, "District": "SOU", "Town": "Hudson", "Street": "Plant Ave / Cottage St / Ridge Rd / Shawmut Ave", "Retirmement_footage": 6350, "Material": "CS", "Installation_footage": 6360, "Size_s__to_Install_": "2\r", "lat": 42.3984901, "lon": -71.5806071, "Mapped_address": "Shawmut Ave, Hudson, MA 01749, USA", "FID": 860}}, {"type": "Feature", "id": 861, "geometry": {"type": "Point", "coordinates": [-71.5936634, 42.3739602]}, "properties": {"F_": 665, "District": "SOU", "Town": "Hudson", "Street": "River Rd", "Retirmement_footage": 2051, "Material": "CS", "Installation_footage": 2080, "Size_s__to_Install_": "4\r", "lat": 42.3739602, "lon": -71.5936634, "Mapped_address": "River Rd, Hudson, MA, USA", "FID": 861}}, {"type": "Feature", "id": 862, "geometry": {"type": "Point", "coordinates": [-71.5936634, 42.3739602]}, "properties": {"F_": 666, "District": "SOU", "Town": "Hudson", "Street": "River Rd, Four Bridges Rd, Rolling Ln, Rathbun Rd", "Retirmement_footage": 6330, "Material": "CS", "Installation_footage": 6360, "Size_s__to_Install_": "6, 2\r", "lat": 42.3739602, "lon": -71.5936634, "Mapped_address": "River Rd, Hudson, MA, USA", "FID": 862}}, {"type": "Feature", "id": 863, "geometry": {"type": "Point", "coordinates": [-71.5904901, 42.3758703]}, "properties": {"F_": 666, "District": "SOU", "Town": "Hudson", "Street": "River Rd, Four Bridges Rd, Rolling Ln, Rathbun Rd", "Retirmement_footage": 6330, "Material": "CS", "Installation_footage": 6360, "Size_s__to_Install_": "6, 2\r", "lat": 42.3758703, "lon": -71.5904901, "Mapped_address": "Rolling Ln, Hudson, MA 01749, USA", "FID": 863}}, {"type": "Feature", "id": 864, "geometry": {"type": "Point", "coordinates": [-71.5728854, 42.3963085]}, "properties": {"F_": 667, "District": "SOU", "Town": "Hudson", "Street": "Warner St", "Retirmement_footage": 620, "Material": "CS, BS", "Installation_footage": 640, "Size_s__to_Install_": "2\r", "lat": 42.3963085, "lon": -71.5728854, "Mapped_address": "Warner St, Hudson, MA 01749, USA", "FID": 864}}, {"type": "Feature", "id": 865, "geometry": {"type": "Point", "coordinates": [-71.5437844, 42.3530737]}, "properties": {"F_": 668, "District": "SOU", "Town": "Marlboro", "Street": "Akroyd St / Fowler St", "Retirmement_footage": 738, "Material": "CS, PD, PL", "Installation_footage": 760, "Size_s__to_Install_": "2\r", "lat": 42.3530737, "lon": -71.5437844, "Mapped_address": "Akroyd St, Marlborough, MA 01752, USA", "FID": 865}}, {"type": "Feature", "id": 866, "geometry": {"type": "Point", "coordinates": [-71.5448484, 42.3531492]}, "properties": {"F_": 668, "District": "SOU", "Town": "Marlboro", "Street": "Akroyd St / Fowler St", "Retirmement_footage": 738, "Material": "CS, PD, PL", "Installation_footage": 760, "Size_s__to_Install_": "2\r", "lat": 42.3531492, "lon": -71.5448484, "Mapped_address": "Fowler St, Marlborough, MA 01752, USA", "FID": 866}}, {"type": "Feature", "id": 867, "geometry": {"type": "Point", "coordinates": [-71.5897817, 42.3344409]}, "properties": {"F_": 669, "District": "SOU", "Town": "Marlboro", "Street": "Ames St", "Retirmement_footage": 796, "Material": "CS", "Installation_footage": 800, "Size_s__to_Install_": "8\r", "lat": 42.3344409, "lon": -71.5897817, "Mapped_address": "Ames St, Marlborough, MA 01752, USA", "FID": 867}}, {"type": "Feature", "id": 868, "geometry": {"type": "Point", "coordinates": [-71.5348341, 42.3704242]}, "properties": {"F_": 670, "District": "SOU", "Town": "Marlboro", "Street": "Amory Rd", "Retirmement_footage": 213, "Material": "CS", "Installation_footage": 240, "Size_s__to_Install_": "2\r", "lat": 42.3704242, "lon": -71.5348341, "Mapped_address": "Amory Rd, Marlborough, MA 01752, USA", "FID": 868}}, {"type": "Feature", "id": 869, "geometry": {"type": "Point", "coordinates": [-71.5925807, 42.3475731]}, "properties": {"F_": 671, "District": "SOU", "Town": "Marlboro", "Street": "Beaudry St / Chase Rd", "Retirmement_footage": 2056, "Material": "CS", "Installation_footage": 2080, "Size_s__to_Install_": "2\r", "lat": 42.3475731, "lon": -71.5925807, "Mapped_address": "Beaudry St, Marlborough, MA 01752, USA", "FID": 869}}, {"type": "Feature", "id": 870, "geometry": {"type": "Point", "coordinates": [-71.5925107, 42.346583]}, "properties": {"F_": 671, "District": "SOU", "Town": "Marlboro", "Street": "Beaudry St / Chase Rd", "Retirmement_footage": 2056, "Material": "CS", "Installation_footage": 2080, "Size_s__to_Install_": "2\r", "lat": 42.346583, "lon": -71.5925107, "Mapped_address": "Chase Rd, Marlborough, MA 01752, USA", "FID": 870}}, {"type": "Feature", "id": 871, "geometry": {"type": "Point", "coordinates": [-71.5812591, 42.3568471]}, "properties": {"F_": 672, "District": "SOU", "Town": "Marlboro", "Street": "Berlin Rd", "Retirmement_footage": 1273, "Material": "CS", "Installation_footage": 1280, "Size_s__to_Install_": "4\r", "lat": 42.3568471, "lon": -71.5812591, "Mapped_address": "Berlin Rd, Marlborough, MA 01752, USA", "FID": 871}}, {"type": "Feature", "id": 872, "geometry": {"type": "Point", "coordinates": [-71.5897653, 42.3536079]}, "properties": {"F_": 673, "District": "SOU", "Town": "Marlboro", "Street": "Bigelow St", "Retirmement_footage": 1365, "Material": "CS", "Installation_footage": 1400, "Size_s__to_Install_": "4\r", "lat": 42.3536079, "lon": -71.5897653, "Mapped_address": "Bigelow St, Marlborough, MA 01752, USA", "FID": 872}}, {"type": "Feature", "id": 873, "geometry": {"type": "Point", "coordinates": [-71.5602509, 42.3660531]}, "properties": {"F_": 674, "District": "SOU", "Town": "Marlboro", "Street": "Blaiswood Ave", "Retirmement_footage": 550, "Material": "CS", "Installation_footage": 560, "Size_s__to_Install_": "2\r", "lat": 42.3660531, "lon": -71.5602509, "Mapped_address": "Blaiswood Ave, Marlborough, MA 01752, USA", "FID": 873}}, {"type": "Feature", "id": 874, "geometry": {"type": "Point", "coordinates": [-71.5521372, 42.360201]}, "properties": {"F_": 675, "District": "SOU", "Town": "Marlboro", "Street": "Bolton St / Reservoir St", "Retirmement_footage": 1232, "Material": "CS", "Installation_footage": 1240, "Size_s__to_Install_": "8, 2\r", "lat": 42.360201, "lon": -71.5521372, "Mapped_address": "Bolton St, Marlborough, MA, USA", "FID": 874}}, {"type": "Feature", "id": 875, "geometry": {"type": "Point", "coordinates": [-71.5548814, 42.368345]}, "properties": {"F_": 675, "District": "SOU", "Town": "Marlboro", "Street": "Bolton St / Reservoir St", "Retirmement_footage": 1232, "Material": "CS", "Installation_footage": 1240, "Size_s__to_Install_": "8, 2\r", "lat": 42.368345, "lon": -71.5548814, "Mapped_address": "Reservoir St, Marlborough, MA 01752, USA", "FID": 875}}, {"type": "Feature", "id": 876, "geometry": {"type": "Point", "coordinates": [-71.5599624, 42.3331826]}, "properties": {"F_": 676, "District": "SOU", "Town": "Marlboro", "Street": "Brigham St / Brigham St / Diana Dr / Fuller Dr / Leoleis Dr", "Retirmement_footage": 4372, "Material": "CS, PD, PCS, PL", "Installation_footage": 4400, "Size_s__to_Install_": "4, 2\r", "lat": 42.3331826, "lon": -71.5599624, "Mapped_address": "Diana Dr, Marlborough, MA 01752, USA", "FID": 876}}, {"type": "Feature", "id": 877, "geometry": {"type": "Point", "coordinates": [-71.5594663, 42.3334875]}, "properties": {"F_": 676, "District": "SOU", "Town": "Marlboro", "Street": "Brigham St / Brigham St / Diana Dr / Fuller Dr / Leoleis Dr", "Retirmement_footage": 4372, "Material": "CS, PD, PCS, PL", "Installation_footage": 4400, "Size_s__to_Install_": "4, 2\r", "lat": 42.3334875, "lon": -71.5594663, "Mapped_address": "Fuller Dr, Marlborough, MA 01752, USA", "FID": 877}}, {"type": "Feature", "id": 878, "geometry": {"type": "Point", "coordinates": [-71.5616953, 42.3339737]}, "properties": {"F_": 676, "District": "SOU", "Town": "Marlboro", "Street": "Brigham St / Brigham St / Diana Dr / Fuller Dr / Leoleis Dr", "Retirmement_footage": 4372, "Material": "CS, PD, PCS, PL", "Installation_footage": 4400, "Size_s__to_Install_": "4, 2\r", "lat": 42.3339737, "lon": -71.5616953, "Mapped_address": "Leoleis Dr, Marlborough, MA 01752, USA", "FID": 878}}, {"type": "Feature", "id": 879, "geometry": {"type": "Point", "coordinates": [-71.5568302, 42.3425105]}, "properties": {"F_": 677, "District": "SOU", "Town": "Marlboro", "Street": "Charles St", "Retirmement_footage": 304, "Material": "CS", "Installation_footage": 320, "Size_s__to_Install_": "2\r", "lat": 42.3425105, "lon": -71.5568302, "Mapped_address": "Charles St, Marlborough, MA 01752, USA", "FID": 879}}, {"type": "Feature", "id": 880, "geometry": {"type": "Point", "coordinates": [-71.5635418, 42.3357495]}, "properties": {"F_": 678, "District": "SOU", "Town": "Marlboro", "Street": "Clover Hill St / Gleason St Ext / Sindey St", "Retirmement_footage": 2269, "Material": "CS", "Installation_footage": 2280, "Size_s__to_Install_": "4, 2\r", "lat": 42.3357495, "lon": -71.5635418, "Mapped_address": "Clover Hill St, Marlborough, MA 01752, USA", "FID": 880}}, {"type": "Feature", "id": 881, "geometry": {"type": "Point", "coordinates": [-71.5599525, 42.3369404]}, "properties": {"F_": 678, "District": "SOU", "Town": "Marlboro", "Street": "Clover Hill St / Gleason St Ext / Sindey St", "Retirmement_footage": 2269, "Material": "CS", "Installation_footage": 2280, "Size_s__to_Install_": "4, 2\r", "lat": 42.3369404, "lon": -71.5599525, "Mapped_address": "Gleason Street Extension, Marlborough, MA 01752, USA", "FID": 881}}, {"type": "Feature", "id": 882, "geometry": {"type": "Point", "coordinates": [-71.5607374, 42.336614]}, "properties": {"F_": 678, "District": "SOU", "Town": "Marlboro", "Street": "Clover Hill St / Gleason St Ext / Sindey St", "Retirmement_footage": 2269, "Material": "CS", "Installation_footage": 2280, "Size_s__to_Install_": "4, 2\r", "lat": 42.336614, "lon": -71.5607374, "Mapped_address": "Sidney St, Marlborough, MA 01752, USA", "FID": 882}}, {"type": "Feature", "id": 883, "geometry": {"type": "Point", "coordinates": [-71.510411, 42.3655216]}, "properties": {"F_": 679, "District": "SOU", "Town": "Marlboro", "Street": "Concord Rd", "Retirmement_footage": 1580, "Material": "CS", "Installation_footage": 1600, "Size_s__to_Install_": "4\r", "lat": 42.3655216, "lon": -71.510411, "Mapped_address": "Concord Rd, Marlborough, MA 01752, USA", "FID": 883}}, {"type": "Feature", "id": 884, "geometry": {"type": "Point", "coordinates": [-71.510411, 42.3655216]}, "properties": {"F_": 680, "District": "SOU", "Town": "Marlboro", "Street": "Concord Rd", "Retirmement_footage": 1723, "Material": "CS", "Installation_footage": 1760, "Size_s__to_Install_": "4\r", "lat": 42.3655216, "lon": -71.510411, "Mapped_address": "Concord Rd, Marlborough, MA 01752, USA", "FID": 884}}, {"type": "Feature", "id": 885, "geometry": {"type": "Point", "coordinates": [-71.510411, 42.3655216]}, "properties": {"F_": 681, "District": "SOU", "Town": "Marlboro", "Street": "Concord Rd", "Retirmement_footage": 1631, "Material": "CS", "Installation_footage": 1640, "Size_s__to_Install_": "4\r", "lat": 42.3655216, "lon": -71.510411, "Mapped_address": "Concord Rd, Marlborough, MA 01752, USA", "FID": 885}}, {"type": "Feature", "id": 886, "geometry": {"type": "Point", "coordinates": [-71.510411, 42.3655216]}, "properties": {"F_": 682, "District": "SOU", "Town": "Marlboro", "Street": "Concord Rd", "Retirmement_footage": 1098, "Material": "CS", "Installation_footage": 1120, "Size_s__to_Install_": "4\r", "lat": 42.3655216, "lon": -71.510411, "Mapped_address": "Concord Rd, Marlborough, MA 01752, USA", "FID": 886}}, {"type": "Feature", "id": 887, "geometry": {"type": "Point", "coordinates": [-71.510411, 42.3655216]}, "properties": {"F_": 683, "District": "SOU", "Town": "Marlboro", "Street": "Concord Rd", "Retirmement_footage": 1445, "Material": "CS", "Installation_footage": 1480, "Size_s__to_Install_": "4\r", "lat": 42.3655216, "lon": -71.510411, "Mapped_address": "Concord Rd, Marlborough, MA 01752, USA", "FID": 887}}, {"type": "Feature", "id": 888, "geometry": {"type": "Point", "coordinates": [-71.530877, 42.3456875]}, "properties": {"F_": 684, "District": "SOU", "Town": "Marlboro", "Street": "Cook Ln", "Retirmement_footage": 2888, "Material": "CS", "Installation_footage": 2920, "Size_s__to_Install_": "8\r", "lat": 42.3456875, "lon": -71.530877, "Mapped_address": "Cook Ln, Marlborough, MA 01752, USA", "FID": 888}}, {"type": "Feature", "id": 889, "geometry": {"type": "Point", "coordinates": [-71.5373688, 42.3689207]}, "properties": {"F_": 685, "District": "SOU", "Town": "Marlboro", "Street": "Cullinane Dr / Longfellow Ter / Oak Rd / Upland Rd / Pembroke St / Algosi Rd", "Retirmement_footage": 5929, "Material": "CS, PL", "Installation_footage": 5960, "Size_s__to_Install_": "2\r", "lat": 42.3689207, "lon": -71.5373688, "Mapped_address": "Algosi Rd, Marlborough, MA 01752, USA", "FID": 889}}, {"type": "Feature", "id": 890, "geometry": {"type": "Point", "coordinates": [-71.5386135, 42.3713536]}, "properties": {"F_": 685, "District": "SOU", "Town": "Marlboro", "Street": "Cullinane Dr / Longfellow Ter / Oak Rd / Upland Rd / Pembroke St / Algosi Rd", "Retirmement_footage": 5929, "Material": "CS, PL", "Installation_footage": 5960, "Size_s__to_Install_": "2\r", "lat": 42.3713536, "lon": -71.5386135, "Mapped_address": "Cullinane Dr, Marlborough, MA 01752, USA", "FID": 890}}, {"type": "Feature", "id": 891, "geometry": {"type": "Point", "coordinates": [-71.5386781, 42.3722485]}, "properties": {"F_": 685, "District": "SOU", "Town": "Marlboro", "Street": "Cullinane Dr / Longfellow Ter / Oak Rd / Upland Rd / Pembroke St / Algosi Rd", "Retirmement_footage": 5929, "Material": "CS, PL", "Installation_footage": 5960, "Size_s__to_Install_": "2\r", "lat": 42.3722485, "lon": -71.5386781, "Mapped_address": "Longfellow Terrace, Marlborough, MA 01752, USA", "FID": 891}}, {"type": "Feature", "id": 892, "geometry": {"type": "Point", "coordinates": [-71.538937, 42.3716193]}, "properties": {"F_": 685, "District": "SOU", "Town": "Marlboro", "Street": "Cullinane Dr / Longfellow Ter / Oak Rd / Upland Rd / Pembroke St / Algosi Rd", "Retirmement_footage": 5929, "Material": "CS, PL", "Installation_footage": 5960, "Size_s__to_Install_": "2\r", "lat": 42.3716193, "lon": -71.538937, "Mapped_address": "Oak Rd, Marlborough, MA 01752, USA", "FID": 892}}, {"type": "Feature", "id": 893, "geometry": {"type": "Point", "coordinates": [-71.5383323, 42.3684949]}, "properties": {"F_": 685, "District": "SOU", "Town": "Marlboro", "Street": "Cullinane Dr / Longfellow Ter / Oak Rd / Upland Rd / Pembroke St / Algosi Rd", "Retirmement_footage": 5929, "Material": "CS, PL", "Installation_footage": 5960, "Size_s__to_Install_": "2\r", "lat": 42.3684949, "lon": -71.5383323, "Mapped_address": "Pembroke St, Marlborough, MA 01752, USA", "FID": 893}}, {"type": "Feature", "id": 894, "geometry": {"type": "Point", "coordinates": [-71.5392091, 42.3689983]}, "properties": {"F_": 685, "District": "SOU", "Town": "Marlboro", "Street": "Cullinane Dr / Longfellow Ter / Oak Rd / Upland Rd / Pembroke St / Algosi Rd", "Retirmement_footage": 5929, "Material": "CS, PL", "Installation_footage": 5960, "Size_s__to_Install_": "2\r", "lat": 42.3689983, "lon": -71.5392091, "Mapped_address": "Upland Rd, Marlborough, MA 01752, USA", "FID": 894}}, {"type": "Feature", "id": 895, "geometry": {"type": "Point", "coordinates": [-71.536976, 42.3511632]}, "properties": {"F_": 686, "District": "SOU", "Town": "Marlboro", "Street": "East Main St (Rt 20)", "Retirmement_footage": 868, "Material": "CS", "Installation_footage": 880, "Size_s__to_Install_": "4\r", "lat": 42.3511632, "lon": -71.536976, "Mapped_address": "E Main St, Marlborough, MA 01752, USA", "FID": 895}}, {"type": "Feature", "id": 896, "geometry": {"type": "Point", "coordinates": [-71.536976, 42.3511632]}, "properties": {"F_": 687, "District": "SOU", "Town": "Marlboro", "Street": "East Main St / Elm Pl", "Retirmement_footage": 1197, "Material": "CS, CU, PD, PL", "Installation_footage": 1200, "Size_s__to_Install_": "4, 2\r", "lat": 42.3511632, "lon": -71.536976, "Mapped_address": "E Main St, Marlborough, MA 01752, USA", "FID": 896}}, {"type": "Feature", "id": 897, "geometry": {"type": "Point", "coordinates": [-71.5415298, 42.3487462]}, "properties": {"F_": 687, "District": "SOU", "Town": "Marlboro", "Street": "East Main St / Elm Pl", "Retirmement_footage": 1197, "Material": "CS, CU, PD, PL", "Installation_footage": 1200, "Size_s__to_Install_": "4, 2\r", "lat": 42.3487462, "lon": -71.5415298, "Mapped_address": "Elm Pl, Marlborough, MA 01752, USA", "FID": 897}}, {"type": "Feature", "id": 898, "geometry": {"type": "Point", "coordinates": [-71.54034, 42.3453323]}, "properties": {"F_": 688, "District": "SOU", "Town": "Marlboro", "Street": "Edinboro St / Exeter St / Church St", "Retirmement_footage": 3493, "Material": "PD, CS, BS, PL", "Installation_footage": 3520, "Size_s__to_Install_": "2\r", "lat": 42.3453323, "lon": -71.54034, "Mapped_address": "Church St, Marlborough, MA 01752, USA", "FID": 898}}, {"type": "Feature", "id": 899, "geometry": {"type": "Point", "coordinates": [-71.5384237, 42.341552]}, "properties": {"F_": 688, "District": "SOU", "Town": "Marlboro", "Street": "Edinboro St / Exeter St / Church St", "Retirmement_footage": 3493, "Material": "PD, CS, BS, PL", "Installation_footage": 3520, "Size_s__to_Install_": "2\r", "lat": 42.341552, "lon": -71.5384237, "Mapped_address": "Edinboro St, Marlborough, MA 01752, USA", "FID": 899}}, {"type": "Feature", "id": 900, "geometry": {"type": "Point", "coordinates": [-71.535856, 42.3407332]}, "properties": {"F_": 688, "District": "SOU", "Town": "Marlboro", "Street": "Edinboro St / Exeter St / Church St", "Retirmement_footage": 3493, "Material": "PD, CS, BS, PL", "Installation_footage": 3520, "Size_s__to_Install_": "2\r", "lat": 42.3407332, "lon": -71.535856, "Mapped_address": "Exeter St, Marlborough, MA 01752, USA", "FID": 900}}, {"type": "Feature", "id": 901, "geometry": {"type": "Point", "coordinates": [-70.8997781, 41.6332254]}, "properties": {"F_": 146, "District": "NEB", "Town": "Fairhaven", "Street": "Church St", "Retirmement_footage": 1345, "Material": "BS", "Installation_footage": 1360, "Size_s__to_Install_": "4\r", "lat": 41.6332254, "lon": -70.8997781, "Mapped_address": "Church St, Fairhaven, MA 02719, USA", "FID": 901}}, {"type": "Feature", "id": 902, "geometry": {"type": "Point", "coordinates": [-70.8753551, 41.6285767]}, "properties": {"F_": 147, "District": "NEB", "Town": "Fairhaven", "Street": "Cove St", "Retirmement_footage": 76, "Material": "PD", "Installation_footage": 80, "Size_s__to_Install_": "2\r", "lat": 41.6285767, "lon": -70.8753551, "Mapped_address": "Cove St, Fairhaven, MA 02719, USA", "FID": 902}}, {"type": "Feature", "id": 903, "geometry": {"type": "Point", "coordinates": [-70.897381, 41.6320178]}, "properties": {"F_": 148, "District": "NEB", "Town": "Fairhaven", "Street": "Farmfield St, Atlas St, Atlas St, Allen St, Lawton St", "Retirmement_footage": 2100, "Material": "BS, CS", "Installation_footage": 2120, "Size_s__to_Install_": "2\r", "lat": 41.6320178, "lon": -70.897381, "Mapped_address": "Allen St, Fairhaven, MA 02719, USA", "FID": 903}}, {"type": "Feature", "id": 904, "geometry": {"type": "Point", "coordinates": [-70.896692, 41.6322415]}, "properties": {"F_": 148, "District": "NEB", "Town": "Fairhaven", "Street": "Farmfield St, Atlas St, Atlas St, Allen St, Lawton St", "Retirmement_footage": 2100, "Material": "BS, CS", "Installation_footage": 2120, "Size_s__to_Install_": "2\r", "lat": 41.6322415, "lon": -70.896692, "Mapped_address": "Atlas St, Fairhaven, MA 02719, USA", "FID": 904}}, {"type": "Feature", "id": 905, "geometry": {"type": "Point", "coordinates": [-70.8970281, 41.6311317]}, "properties": {"F_": 148, "District": "NEB", "Town": "Fairhaven", "Street": "Farmfield St, Atlas St, Atlas St, Allen St, Lawton St", "Retirmement_footage": 2100, "Material": "BS, CS", "Installation_footage": 2120, "Size_s__to_Install_": "2\r", "lat": 41.6311317, "lon": -70.8970281, "Mapped_address": "Farmfield St, Fairhaven, MA 02719, USA", "FID": 905}}, {"type": "Feature", "id": 906, "geometry": {"type": "Point", "coordinates": [-70.8959925, 41.632381]}, "properties": {"F_": 148, "District": "NEB", "Town": "Fairhaven", "Street": "Farmfield St, Atlas St, Atlas St, Allen St, Lawton St", "Retirmement_footage": 2100, "Material": "BS, CS", "Installation_footage": 2120, "Size_s__to_Install_": "2\r", "lat": 41.632381, "lon": -70.8959925, "Mapped_address": "Lawton St, Fairhaven, MA 02719, USA", "FID": 906}}, {"type": "Feature", "id": 907, "geometry": {"type": "Point", "coordinates": [-70.9031565, 41.6455785]}, "properties": {"F_": 149, "District": "NEB", "Town": "Fairhaven", "Street": "Francis St", "Retirmement_footage": 156, "Material": "BS", "Installation_footage": 160, "Size_s__to_Install_": "2\r", "lat": 41.6455785, "lon": -70.9031565, "Mapped_address": "Francis St, Fairhaven, MA 02719, USA", "FID": 907}}, {"type": "Feature", "id": 908, "geometry": {"type": "Point", "coordinates": [-70.877842, 41.6307773]}, "properties": {"F_": 150, "District": "NEB", "Town": "Fairhaven", "Street": "Harvard St / Manhattan Ave / Highland Ave / Bay St / Chaney Ave / Yale St", "Retirmement_footage": 5453, "Material": "BS, PD, CS, PL", "Installation_footage": 5480, "Size_s__to_Install_": "2\r", "lat": 41.6307773, "lon": -70.877842, "Mapped_address": "Bay St, Fairhaven, MA 02719, USA", "FID": 908}}, {"type": "Feature", "id": 909, "geometry": {"type": "Point", "coordinates": [-70.8802556, 41.6311829]}, "properties": {"F_": 150, "District": "NEB", "Town": "Fairhaven", "Street": "Harvard St / Manhattan Ave / Highland Ave / Bay St / Chaney Ave / Yale St", "Retirmement_footage": 5453, "Material": "BS, PD, CS, PL", "Installation_footage": 5480, "Size_s__to_Install_": "2\r", "lat": 41.6311829, "lon": -70.8802556, "Mapped_address": "Chaney Ave, Fairhaven, MA 02719, USA", "FID": 909}}, {"type": "Feature", "id": 910, "geometry": {"type": "Point", "coordinates": [-70.8766598, 41.6317981]}, "properties": {"F_": 150, "District": "NEB", "Town": "Fairhaven", "Street": "Harvard St / Manhattan Ave / Highland Ave / Bay St / Chaney Ave / Yale St", "Retirmement_footage": 5453, "Material": "BS, PD, CS, PL", "Installation_footage": 5480, "Size_s__to_Install_": "2\r", "lat": 41.6317981, "lon": -70.8766598, "Mapped_address": "Harvard St, Fairhaven, MA 02719, USA", "FID": 910}}, {"type": "Feature", "id": 911, "geometry": {"type": "Point", "coordinates": [-70.8791049, 41.6327612]}, "properties": {"F_": 150, "District": "NEB", "Town": "Fairhaven", "Street": "Harvard St / Manhattan Ave / Highland Ave / Bay St / Chaney Ave / Yale St", "Retirmement_footage": 5453, "Material": "BS, PD, CS, PL", "Installation_footage": 5480, "Size_s__to_Install_": "2\r", "lat": 41.6327612, "lon": -70.8791049, "Mapped_address": "Highland Ave, Fairhaven, MA 02719, USA", "FID": 911}}, {"type": "Feature", "id": 912, "geometry": {"type": "Point", "coordinates": [-70.8772343, 41.6312794]}, "properties": {"F_": 150, "District": "NEB", "Town": "Fairhaven", "Street": "Harvard St / Manhattan Ave / Highland Ave / Bay St / Chaney Ave / Yale St", "Retirmement_footage": 5453, "Material": "BS, PD, CS, PL", "Installation_footage": 5480, "Size_s__to_Install_": "2\r", "lat": 41.6312794, "lon": -70.8772343, "Mapped_address": "Manhattan Ave, Fairhaven, MA 02719, USA", "FID": 912}}, {"type": "Feature", "id": 913, "geometry": {"type": "Point", "coordinates": [-70.8764268, 41.6324806]}, "properties": {"F_": 150, "District": "NEB", "Town": "Fairhaven", "Street": "Harvard St / Manhattan Ave / Highland Ave / Bay St / Chaney Ave / Yale St", "Retirmement_footage": 5453, "Material": "BS, PD, CS, PL", "Installation_footage": 5480, "Size_s__to_Install_": "2\r", "lat": 41.6324806, "lon": -70.8764268, "Mapped_address": "Plante Way, Fairhaven, MA 02719, USA", "FID": 913}}, {"type": "Feature", "id": 914, "geometry": {"type": "Point", "coordinates": [-70.8734376, 41.6301939]}, "properties": {"F_": 151, "District": "NEB", "Town": "Fairhaven", "Street": "Hathaway St", "Retirmement_footage": 383, "Material": "Bs, PL", "Installation_footage": 400, "Size_s__to_Install_": "2\r", "lat": 41.6301939, "lon": -70.8734376, "Mapped_address": "Hathaway St, Fairhaven, MA 02719, USA", "FID": 914}}, {"type": "Feature", "id": 915, "geometry": {"type": "Point", "coordinates": [-70.9051359, 41.6646318]}, "properties": {"F_": 152, "District": "NEB", "Town": "Fairhaven", "Street": "Main St, Haste St, Nicholas St, Jesse St", "Retirmement_footage": 3255, "Material": "CS, BS, PD, PL", "Installation_footage": 3280, "Size_s__to_Install_": "12, 2\r", "lat": 41.6646318, "lon": -70.9051359, "Mapped_address": "Haste St, Fairhaven, MA 02719, USA", "FID": 915}}, {"type": "Feature", "id": 916, "geometry": {"type": "Point", "coordinates": [-70.9049347, 41.6634583]}, "properties": {"F_": 152, "District": "NEB", "Town": "Fairhaven", "Street": "Main St, Haste St, Nicholas St, Jesse St", "Retirmement_footage": 3255, "Material": "CS, BS, PD, PL", "Installation_footage": 3280, "Size_s__to_Install_": "12, 2\r", "lat": 41.6634583, "lon": -70.9049347, "Mapped_address": "Jesse St, Fairhaven, MA 02719, USA", "FID": 916}}, {"type": "Feature", "id": 917, "geometry": {"type": "Point", "coordinates": [-70.9093004, 41.6496996]}, "properties": {"F_": 152, "District": "NEB", "Town": "Fairhaven", "Street": "Main St, Haste St, Nicholas St, Jesse St", "Retirmement_footage": 3255, "Material": "CS, BS, PD, PL", "Installation_footage": 3280, "Size_s__to_Install_": "12, 2\r", "lat": 41.6496996, "lon": -70.9093004, "Mapped_address": "Main St, Fairhaven, MA, USA", "FID": 917}}, {"type": "Feature", "id": 918, "geometry": {"type": "Point", "coordinates": [-70.9051916, 41.6652435]}, "properties": {"F_": 152, "District": "NEB", "Town": "Fairhaven", "Street": "Main St, Haste St, Nicholas St, Jesse St", "Retirmement_footage": 3255, "Material": "CS, BS, PD, PL", "Installation_footage": 3280, "Size_s__to_Install_": "12, 2\r", "lat": 41.6652435, "lon": -70.9051916, "Mapped_address": "Nicholas St, Fairhaven, MA 02719, USA", "FID": 918}}, {"type": "Feature", "id": 919, "geometry": {"type": "Point", "coordinates": [-70.855224, 41.6479621]}, "properties": {"F_": 153, "District": "NEB", "Town": "Fairhaven", "Street": "Mangham Way", "Retirmement_footage": 562, "Material": "BS", "Installation_footage": 600, "Size_s__to_Install_": "2\r", "lat": 41.6479621, "lon": -70.855224, "Mapped_address": "Mangham Way, Fairhaven, MA 02719, USA", "FID": 919}}, {"type": "Feature", "id": 920, "geometry": {"type": "Point", "coordinates": [-70.8691881, 41.626115]}, "properties": {"F_": 154, "District": "NEB", "Town": "Fairhaven", "Street": "Moravia Ave", "Retirmement_footage": 350, "Material": "CS, PD, PL", "Installation_footage": 360, "Size_s__to_Install_": "2\r", "lat": 41.626115, "lon": -70.8691881, "Mapped_address": "Moravia Ave, Fairhaven, MA 02719, USA", "FID": 920}}, {"type": "Feature", "id": 921, "geometry": {"type": "Point", "coordinates": [-70.8718239, 41.6301912]}, "properties": {"F_": 155, "District": "NEB", "Town": "Fairhaven", "Street": "Orchard St", "Retirmement_footage": 472, "Material": "CS", "Installation_footage": 480, "Size_s__to_Install_": "2\r", "lat": 41.6301912, "lon": -70.8718239, "Mapped_address": "Orchard St, Fairhaven, MA 02719, USA", "FID": 921}}, {"type": "Feature", "id": 922, "geometry": {"type": "Point", "coordinates": [-70.908235, 41.6579893]}, "properties": {"F_": 156, "District": "NEB", "Town": "Fairhaven", "Street": "Ryle St", "Retirmement_footage": 35, "Material": "BS", "Installation_footage": 40, "Size_s__to_Install_": "2\r", "lat": 41.6579893, "lon": -70.908235, "Mapped_address": "Ryle St, Fairhaven, MA 02719, USA", "FID": 922}}, {"type": "Feature", "id": 923, "geometry": {"type": "Point", "coordinates": [-70.9097014, 41.6574196]}, "properties": {"F_": 157, "District": "NEB", "Town": "Fairhaven", "Street": "Ryle St / Morton St", "Retirmement_footage": 347, "Material": "BS", "Installation_footage": 360, "Size_s__to_Install_": "2\r", "lat": 41.6574196, "lon": -70.9097014, "Mapped_address": "Morton St, Fairhaven, MA 02719, USA", "FID": 923}}, {"type": "Feature", "id": 924, "geometry": {"type": "Point", "coordinates": [-70.908235, 41.6579893]}, "properties": {"F_": 157, "District": "NEB", "Town": "Fairhaven", "Street": "Ryle St / Morton St", "Retirmement_footage": 347, "Material": "BS", "Installation_footage": 360, "Size_s__to_Install_": "2\r", "lat": 41.6579893, "lon": -70.908235, "Mapped_address": "Ryle St, Fairhaven, MA 02719, USA", "FID": 924}}, {"type": "Feature", "id": 925, "geometry": {"type": "Point", "coordinates": [-70.8729489, 41.6321626]}, "properties": {"F_": 159, "District": "NEB", "Town": "Fairhaven", "Street": "Wayne St", "Retirmement_footage": 367, "Material": "BS", "Installation_footage": 400, "Size_s__to_Install_": "2\r", "lat": 41.6321626, "lon": -70.8729489, "Mapped_address": "Wayne St, Fairhaven, MA 02719, USA", "FID": 925}}, {"type": "Feature", "id": 926, "geometry": {"type": "Point", "coordinates": [-70.77262, 41.709041]}, "properties": {"F_": 160, "District": "NEB", "Town": "Marion", "Street": "Barnabas Rd", "Retirmement_footage": 226, "Material": "CS", "Installation_footage": 240, "Size_s__to_Install_": "2\r", "lat": 41.709041, "lon": -70.77262, "Mapped_address": "Barnabas Rd, Marion, MA 02738, USA", "FID": 926}}, {"type": "Feature", "id": 927, "geometry": {"type": "Point", "coordinates": [-70.7658351, 41.704556]}, "properties": {"F_": 161, "District": "NEB", "Town": "Marion", "Street": "Cottage Ln", "Retirmement_footage": 235, "Material": "BS", "Installation_footage": 240, "Size_s__to_Install_": "2\r", "lat": 41.704556, "lon": -70.7658351, "Mapped_address": "Cottage Ln, Marion, MA 02738, USA", "FID": 927}}, {"type": "Feature", "id": 928, "geometry": {"type": "Point", "coordinates": [-70.7714917, 41.6942746]}, "properties": {"F_": 162, "District": "NEB", "Town": "Marion", "Street": "Giffords Corner Rd", "Retirmement_footage": 208, "Material": "CS", "Installation_footage": 240, "Size_s__to_Install_": "2\r", "lat": 41.6942746, "lon": -70.7714917, "Mapped_address": "Giffords Corner Rd, Marion, MA 02738, USA", "FID": 928}}, {"type": "Feature", "id": 929, "geometry": {"type": "Point", "coordinates": [-70.7610626, 41.6983303]}, "properties": {"F_": 163, "District": "NEB", "Town": "Marion", "Street": "Holmes St / Holmes St", "Retirmement_footage": 391, "Material": "CS, BS, PD", "Installation_footage": 400, "Size_s__to_Install_": "2\r", "lat": 41.6983303, "lon": -70.7610626, "Mapped_address": "Holmes St, Marion, MA 02738, USA", "FID": 929}}, {"type": "Feature", "id": 930, "geometry": {"type": "Point", "coordinates": [-70.7475262, 41.6770286]}, "properties": {"F_": 164, "District": "NEB", "Town": "Marion", "Street": "Moorings Rd", "Retirmement_footage": 292, "Material": "BS", "Installation_footage": 320, "Size_s__to_Install_": "2\r", "lat": 41.6770286, "lon": -70.7475262, "Mapped_address": "Moorings Rd, Marion, MA 02738, USA", "FID": 930}}, {"type": "Feature", "id": 931, "geometry": {"type": "Point", "coordinates": [-70.8100421, 41.659801]}, "properties": {"F_": 165, "District": "NEB", "Town": "Mattapoisett", "Street": "Captains Ln", "Retirmement_footage": 272, "Material": "CS", "Installation_footage": 280, "Size_s__to_Install_": "2\r", "lat": 41.659801, "lon": -70.8100421, "Mapped_address": "Captains Ln, Mattapoisett, MA 02739, USA", "FID": 931}}, {"type": "Feature", "id": 932, "geometry": {"type": "Point", "coordinates": [-70.8069109, 41.6641112]}, "properties": {"F_": 166, "District": "NEB", "Town": "Mattapoisett", "Street": "County Rd, Fairhaven Rd", "Retirmement_footage": 4639, "Material": "PD, BS, PCS", "Installation_footage": 2700, "Size_s__to_Install_": "8\r", "lat": 41.6641112, "lon": -70.8069109, "Mapped_address": "County Rd, Mattapoisett, MA 02739, USA", "FID": 932}}, {"type": "Feature", "id": 933, "geometry": {"type": "Point", "coordinates": [-70.8346108, 41.6568297]}, "properties": {"F_": 166, "District": "NEB", "Town": "Mattapoisett", "Street": "County Rd, Fairhaven Rd", "Retirmement_footage": 4639, "Material": "PD, BS, PCS", "Installation_footage": 2700, "Size_s__to_Install_": "8\r", "lat": 41.6568297, "lon": -70.8346108, "Mapped_address": "Fairhaven Rd, Mattapoisett, MA, USA", "FID": 933}}, {"type": "Feature", "id": 934, "geometry": {"type": "Point", "coordinates": [-70.8193964, 41.6598534]}, "properties": {"F_": 167, "District": "NEB", "Town": "Mattapoisett", "Street": "Depot St / Main St / Railroad Ave", "Retirmement_footage": 2420, "Material": "BS, CS, PCS", "Installation_footage": 1800, "Size_s__to_Install_": "4,2\r", "lat": 41.6598534, "lon": -70.8193964, "Mapped_address": "Depot St, Mattapoisett, MA 02739, USA", "FID": 934}}, {"type": "Feature", "id": 935, "geometry": {"type": "Point", "coordinates": [-70.8183898, 41.6602683]}, "properties": {"F_": 167, "District": "NEB", "Town": "Mattapoisett", "Street": "Depot St / Main St / Railroad Ave", "Retirmement_footage": 2420, "Material": "BS, CS, PCS", "Installation_footage": 1800, "Size_s__to_Install_": "4,2\r", "lat": 41.6602683, "lon": -70.8183898, "Mapped_address": "Main St, Mattapoisett, MA 02739, USA", "FID": 935}}, {"type": "Feature", "id": 936, "geometry": {"type": "Point", "coordinates": [-70.8189159, 41.6728212]}, "properties": {"F_": 167, "District": "NEB", "Town": "Mattapoisett", "Street": "Depot St / Main St / Railroad Ave", "Retirmement_footage": 2420, "Material": "BS, CS, PCS", "Installation_footage": 1800, "Size_s__to_Install_": "4,2\r", "lat": 41.6728212, "lon": -70.8189159, "Mapped_address": "Railroad Ave, Mattapoisett, MA 02739, USA", "FID": 936}}, {"type": "Feature", "id": 937, "geometry": {"type": "Point", "coordinates": [-70.8346108, 41.6568297]}, "properties": {"F_": 168, "District": "NEB", "Town": "Mattapoisett", "Street": "Fairhaven Rd (Route 6)", "Retirmement_footage": 865, "Material": "BS", "Installation_footage": 880, "Size_s__to_Install_": "4\r", "lat": 41.6568297, "lon": -70.8346108, "Mapped_address": "Fairhaven Rd, Mattapoisett, MA, USA", "FID": 937}}, {"type": "Feature", "id": 938, "geometry": {"type": "Point", "coordinates": [-70.8183898, 41.6602683]}, "properties": {"F_": 169, "District": "NEB", "Town": "Mattapoisett", "Street": "Main St / Water St", "Retirmement_footage": 1945, "Material": "BS, PD", "Installation_footage": 1960, "Size_s__to_Install_": "4,2\r", "lat": 41.6602683, "lon": -70.8183898, "Mapped_address": "Main St, Mattapoisett, MA 02739, USA", "FID": 938}}, {"type": "Feature", "id": 939, "geometry": {"type": "Point", "coordinates": [-70.8078666, 41.658691]}, "properties": {"F_": 169, "District": "NEB", "Town": "Mattapoisett", "Street": "Main St / Water St", "Retirmement_footage": 1945, "Material": "BS, PD", "Installation_footage": 1960, "Size_s__to_Install_": "4,2\r", "lat": 41.658691, "lon": -70.8078666, "Mapped_address": "Water St, Mattapoisett, MA 02739, USA", "FID": 939}}, {"type": "Feature", "id": 940, "geometry": {"type": "Point", "coordinates": [-70.9444054, 41.6488818]}, "properties": {"F_": 170, "District": "NEB", "Town": "New Bedford", "Street": "Acorn St", "Retirmement_footage": 338, "Material": "CI, CS", "Installation_footage": 360, "Size_s__to_Install_": "4\r", "lat": 41.6488818, "lon": -70.9444054, "Mapped_address": "Acorn St, New Bedford, MA 02740, USA", "FID": 940}}, {"type": "Feature", "id": 941, "geometry": {"type": "Point", "coordinates": [-70.926316, 41.6872241]}, "properties": {"F_": 171, "District": "NEB", "Town": "New Bedford", "Street": "Acushnet Ave", "Retirmement_footage": 1113, "Material": "CI", "Installation_footage": 1120, "Size_s__to_Install_": "8\r", "lat": 41.6872241, "lon": -70.926316, "Mapped_address": "Acushnet Ave, New Bedford, MA, USA", "FID": 941}}, {"type": "Feature", "id": 942, "geometry": {"type": "Point", "coordinates": [-70.926316, 41.6872241]}, "properties": {"F_": 172, "District": "NEB", "Town": "New Bedford", "Street": "Acushnet Ave", "Retirmement_footage": 3050, "Material": "CI", "Installation_footage": 0, "Size_s__to_Install_": "n/a\r", "lat": 41.6872241, "lon": -70.926316, "Mapped_address": "Acushnet Ave, New Bedford, MA, USA", "FID": 942}}, {"type": "Feature", "id": 943, "geometry": {"type": "Point", "coordinates": [-70.926316, 41.6872241]}, "properties": {"F_": 173, "District": "NEB", "Town": "New Bedford", "Street": "Acushnet Ave", "Retirmement_footage": 3871, "Material": "CI", "Installation_footage": 3880, "Size_s__to_Install_": "8\r", "lat": 41.6872241, "lon": -70.926316, "Mapped_address": "Acushnet Ave, New Bedford, MA, USA", "FID": 943}}, {"type": "Feature", "id": 944, "geometry": {"type": "Point", "coordinates": [-70.926316, 41.6872241]}, "properties": {"F_": 174, "District": "NEB", "Town": "New Bedford", "Street": "Acushnet Ave Phase II", "Retirmement_footage": 1000, "Material": "CI", "Installation_footage": 1000, "Size_s__to_Install_": "12\r", "lat": 41.6872241, "lon": -70.926316, "Mapped_address": "Acushnet Ave, New Bedford, MA, USA", "FID": 944}}, {"type": "Feature", "id": 945, "geometry": {"type": "Point", "coordinates": [-70.9363598, 41.6558365]}, "properties": {"F_": 175, "District": "NEB", "Town": "New Bedford", "Street": "Adams St", "Retirmement_footage": 2210, "Material": "CI", "Installation_footage": 2240, "Size_s__to_Install_": "6\r", "lat": 41.6558365, "lon": -70.9363598, "Mapped_address": "Adams St, New Bedford, MA 02746, USA", "FID": 945}}, {"type": "Feature", "id": 946, "geometry": {"type": "Point", "coordinates": [-70.9518222, 41.6239512]}, "properties": {"F_": 176, "District": "NEB", "Town": "New Bedford", "Street": "Allen St, Snow St, Burns St", "Retirmement_footage": 1256, "Material": "CS, PL", "Installation_footage": 1280, "Size_s__to_Install_": "8, 2\r", "lat": 41.6239512, "lon": -70.9518222, "Mapped_address": "Allen St, New Bedford, MA, USA", "FID": 946}}, {"type": "Feature", "id": 947, "geometry": {"type": "Point", "coordinates": [-70.9507859, 41.6260033]}, "properties": {"F_": 176, "District": "NEB", "Town": "New Bedford", "Street": "Allen St, Snow St, Burns St", "Retirmement_footage": 1256, "Material": "CS, PL", "Installation_footage": 1280, "Size_s__to_Install_": "8, 2\r", "lat": 41.6260033, "lon": -70.9507859, "Mapped_address": "Burns St, New Bedford, MA 02740, USA", "FID": 947}}, {"type": "Feature", "id": 948, "geometry": {"type": "Point", "coordinates": [-70.9513482, 41.6249379]}, "properties": {"F_": 176, "District": "NEB", "Town": "New Bedford", "Street": "Allen St, Snow St, Burns St", "Retirmement_footage": 1256, "Material": "CS, PL", "Installation_footage": 1280, "Size_s__to_Install_": "8, 2\r", "lat": 41.6249379, "lon": -70.9513482, "Mapped_address": "Snow St, New Bedford, MA 02740, USA", "FID": 948}}, {"type": "Feature", "id": 949, "geometry": {"type": "Point", "coordinates": [-70.9369938, 41.7167206]}, "properties": {"F_": 177, "District": "NEB", "Town": "New Bedford", "Street": "Almy St", "Retirmement_footage": 225, "Material": "CS", "Installation_footage": 240, "Size_s__to_Install_": "4\r", "lat": 41.7167206, "lon": -70.9369938, "Mapped_address": "Almy St, New Bedford, MA 02745, USA", "FID": 949}}, {"type": "Feature", "id": 950, "geometry": {"type": "Point", "coordinates": [-70.9096598, 41.6065546]}, "properties": {"F_": 178, "District": "NEB", "Town": "New Bedford", "Street": "Annette St", "Retirmement_footage": 307, "Material": "CI", "Installation_footage": 320, "Size_s__to_Install_": "4\r", "lat": 41.6065546, "lon": -70.9096598, "Mapped_address": "Annette St, New Bedford, MA 02744, USA", "FID": 950}}, {"type": "Feature", "id": 951, "geometry": {"type": "Point", "coordinates": [-70.9385021, 41.6311474]}, "properties": {"F_": 179, "District": "NEB", "Town": "New Bedford", "Street": "Arnold St", "Retirmement_footage": 987, "Material": "CI", "Installation_footage": 1000, "Size_s__to_Install_": "4\r", "lat": 41.6311474, "lon": -70.9385021, "Mapped_address": "Arnold St, New Bedford, MA 02740, USA", "FID": 951}}, {"type": "Feature", "id": 952, "geometry": {"type": "Point", "coordinates": [-70.9354174, 41.6340229]}, "properties": {"F_": 180, "District": "NEB", "Town": "New Bedford", "Street": "Ash St", "Retirmement_footage": 765, "Material": "CI", "Installation_footage": 800, "Size_s__to_Install_": "4\r", "lat": 41.6340229, "lon": -70.9354174, "Mapped_address": "Ash St, New Bedford, MA 02740, USA", "FID": 952}}, {"type": "Feature", "id": 953, "geometry": {"type": "Point", "coordinates": [-70.9333687, 41.648906]}, "properties": {"F_": 181, "District": "NEB", "Town": "New Bedford", "Street": "Ashland Pl / Linden Ct / Linden St", "Retirmement_footage": 2270, "Material": "CI", "Installation_footage": 2280, "Size_s__to_Install_": "8, 4\r", "lat": 41.648906, "lon": -70.9333687, "Mapped_address": "Ashland Pl, New Bedford, MA 02740, USA", "FID": 953}}, {"type": "Feature", "id": 954, "geometry": {"type": "Point", "coordinates": [-70.9325217, 41.6493586]}, "properties": {"F_": 181, "District": "NEB", "Town": "New Bedford", "Street": "Ashland Pl / Linden Ct / Linden St", "Retirmement_footage": 2270, "Material": "CI", "Installation_footage": 2280, "Size_s__to_Install_": "8, 4\r", "lat": 41.6493586, "lon": -70.9325217, "Mapped_address": "Linden Ct, New Bedford, MA 02740, USA", "FID": 954}}, {"type": "Feature", "id": 955, "geometry": {"type": "Point", "coordinates": [-70.9317041, 41.6498803]}, "properties": {"F_": 181, "District": "NEB", "Town": "New Bedford", "Street": "Ashland Pl / Linden Ct / Linden St", "Retirmement_footage": 2270, "Material": "CI", "Installation_footage": 2280, "Size_s__to_Install_": "8, 4\r", "lat": 41.6498803, "lon": -70.9317041, "Mapped_address": "Linden St, New Bedford, MA 02740, USA", "FID": 955}}, {"type": "Feature", "id": 956, "geometry": {"type": "Point", "coordinates": [-70.9339569, 41.6817226]}, "properties": {"F_": 182, "District": "NEB", "Town": "New Bedford", "Street": "Ashley Blv", "Retirmement_footage": 2931, "Material": "CI", "Installation_footage": 2960, "Size_s__to_Install_": "4\r", "lat": 41.6817226, "lon": -70.9339569, "Mapped_address": "Ashley Blvd, New Bedford, MA, USA", "FID": 956}}, {"type": "Feature", "id": 957, "geometry": {"type": "Point", "coordinates": [-70.9339569, 41.6817226]}, "properties": {"F_": 183, "District": "NEB", "Town": "New Bedford", "Street": "Ashley Blvd", "Retirmement_footage": 2853, "Material": " CI", "Installation_footage": 2880, "Size_s__to_Install_": "8,6\r", "lat": 41.6817226, "lon": -70.9339569, "Mapped_address": "Ashley Blvd, New Bedford, MA, USA", "FID": 957}}, {"type": "Feature", "id": 958, "geometry": {"type": "Point", "coordinates": [-70.9353559, 41.648279]}, "properties": {"F_": 184, "District": "NEB", "Town": "New Bedford", "Street": "Austin St", "Retirmement_footage": 80, "Material": "CI", "Installation_footage": 80, "Size_s__to_Install_": "4\r", "lat": 41.648279, "lon": -70.9353559, "Mapped_address": "Austin St, New Bedford, MA 02740, USA", "FID": 958}}, {"type": "Feature", "id": 959, "geometry": {"type": "Point", "coordinates": [-70.937074, 41.620495]}, "properties": {"F_": 185, "District": "NEB", "Town": "New Bedford", "Street": "Babbitt St", "Retirmement_footage": 624, "Material": "CI", "Installation_footage": 640, "Size_s__to_Install_": "2\r", "lat": 41.620495, "lon": -70.937074, "Mapped_address": "Babbitt St, New Bedford, MA 02740, USA", "FID": 959}}, {"type": "Feature", "id": 960, "geometry": {"type": "Point", "coordinates": [-70.9410226, 41.6176668]}, "properties": {"F_": 186, "District": "NEB", "Town": "New Bedford", "Street": "Bank St", "Retirmement_footage": 683, "Material": "CI", "Installation_footage": 720, "Size_s__to_Install_": "4\r", "lat": 41.6176668, "lon": -70.9410226, "Mapped_address": "Bank St, New Bedford, MA 02740, USA", "FID": 960}}, {"type": "Feature", "id": 961, "geometry": {"type": "Point", "coordinates": [-70.9270433, 41.6696992]}, "properties": {"F_": 187, "District": "NEB", "Town": "New Bedford", "Street": "Bates St", "Retirmement_footage": 1079, "Material": "CI", "Installation_footage": 1080, "Size_s__to_Install_": "6\r", "lat": 41.6696992, "lon": -70.9270433, "Mapped_address": "Bates St, New Bedford, MA, USA", "FID": 961}}, {"type": "Feature", "id": 962, "geometry": {"type": "Point", "coordinates": [-70.9268684, 41.6792513]}, "properties": {"F_": 188, "District": "NEB", "Town": "New Bedford", "Street": "Baylies St / Conduit St / Fielding St", "Retirmement_footage": 713, "Material": "CI", "Installation_footage": 720, "Size_s__to_Install_": "4\r", "lat": 41.6792513, "lon": -70.9268684, "Mapped_address": "Baylies St, New Bedford, MA 02745, USA", "FID": 962}}, {"type": "Feature", "id": 963, "geometry": {"type": "Point", "coordinates": [-70.9235633, 41.6714935]}, "properties": {"F_": 188, "District": "NEB", "Town": "New Bedford", "Street": "Baylies St / Conduit St / Fielding St", "Retirmement_footage": 713, "Material": "CI", "Installation_footage": 720, "Size_s__to_Install_": "4\r", "lat": 41.6714935, "lon": -70.9235633, "Mapped_address": "Conduit St, New Bedford, MA, USA", "FID": 963}}, {"type": "Feature", "id": 964, "geometry": {"type": "Point", "coordinates": [-70.9243731, 41.6783129]}, "properties": {"F_": 188, "District": "NEB", "Town": "New Bedford", "Street": "Baylies St / Conduit St / Fielding St", "Retirmement_footage": 713, "Material": "CI", "Installation_footage": 720, "Size_s__to_Install_": "4\r", "lat": 41.6783129, "lon": -70.9243731, "Mapped_address": "Fielding St, New Bedford, MA 02745, USA", "FID": 964}}, {"type": "Feature", "id": 965, "geometry": {"type": "Point", "coordinates": [-70.9359341, 41.6270586]}, "properties": {"F_": 189, "District": "NEB", "Town": "New Bedford", "Street": "Bedford St", "Retirmement_footage": 900, "Material": "CI, PD", "Installation_footage": 920, "Size_s__to_Install_": "6\r", "lat": 41.6270586, "lon": -70.9359341, "Mapped_address": "Bedford St, New Bedford, MA 02740, USA", "FID": 965}}, {"type": "Feature", "id": 966, "geometry": {"type": "Point", "coordinates": [-70.9383622, 41.6978659]}, "properties": {"F_": 190, "District": "NEB", "Town": "New Bedford", "Street": "Belair St", "Retirmement_footage": 544, "Material": "CI, CS", "Installation_footage": 560, "Size_s__to_Install_": "4\r", "lat": 41.6978659, "lon": -70.9383622, "Mapped_address": "Belair St, New Bedford, MA 02745, USA", "FID": 966}}, {"type": "Feature", "id": 967, "geometry": {"type": "Point", "coordinates": [-70.9206736, 41.6688865]}, "properties": {"F_": 191, "District": "NEB", "Town": "New Bedford", "Street": "Belleville Ave / Harwich St / Brewster St / Truro St", "Retirmement_footage": 3043, "Material": "CI, CS, BS, PL, PD", "Installation_footage": 3080, "Size_s__to_Install_": "12, 4, 2\r", "lat": 41.6688865, "lon": -70.9206736, "Mapped_address": "Belleville Ave, New Bedford, MA, USA", "FID": 967}}, {"type": "Feature", "id": 968, "geometry": {"type": "Point", "coordinates": [-70.9220316, 41.6787746]}, "properties": {"F_": 191, "District": "NEB", "Town": "New Bedford", "Street": "Belleville Ave / Harwich St / Brewster St / Truro St", "Retirmement_footage": 3043, "Material": "CI, CS, BS, PL, PD", "Installation_footage": 3080, "Size_s__to_Install_": "12, 4, 2\r", "lat": 41.6787746, "lon": -70.9220316, "Mapped_address": "Brewster St, New Bedford, MA 02745, USA", "FID": 968}}, {"type": "Feature", "id": 969, "geometry": {"type": "Point", "coordinates": [-70.9253062, 41.6802908]}, "properties": {"F_": 191, "District": "NEB", "Town": "New Bedford", "Street": "Belleville Ave / Harwich St / Brewster St / Truro St", "Retirmement_footage": 3043, "Material": "CI, CS, BS, PL, PD", "Installation_footage": 3080, "Size_s__to_Install_": "12, 4, 2\r", "lat": 41.6802908, "lon": -70.9253062, "Mapped_address": "Harwich St, New Bedford, MA 02745, USA", "FID": 969}}, {"type": "Feature", "id": 970, "geometry": {"type": "Point", "coordinates": [-70.9194121, 41.6793635]}, "properties": {"F_": 191, "District": "NEB", "Town": "New Bedford", "Street": "Belleville Ave / Harwich St / Brewster St / Truro St", "Retirmement_footage": 3043, "Material": "CI, CS, BS, PL, PD", "Installation_footage": 3080, "Size_s__to_Install_": "12, 4, 2\r", "lat": 41.6793635, "lon": -70.9194121, "Mapped_address": "Truro St, New Bedford, MA 02745, USA", "FID": 970}}, {"type": "Feature", "id": 971, "geometry": {"type": "Point", "coordinates": [-70.9098066, 41.6058792]}, "properties": {"F_": 192, "District": "NEB", "Town": "New Bedford", "Street": "Birch St", "Retirmement_footage": 325, "Material": "CI", "Installation_footage": 360, "Size_s__to_Install_": "4\r", "lat": 41.6058792, "lon": -70.9098066, "Mapped_address": "Birch St, New Bedford, MA 02744, USA", "FID": 971}}, {"type": "Feature", "id": 972, "geometry": {"type": "Point", "coordinates": [-70.9420413, 41.7307523]}, "properties": {"F_": 193, "District": "NEB", "Town": "New Bedford", "Street": "Bismark St", "Retirmement_footage": 377, "Material": "CS, BS", "Installation_footage": 400, "Size_s__to_Install_": "4\r", "lat": 41.7307523, "lon": -70.9420413, "Mapped_address": "Bismark St, New Bedford, MA 02745, USA", "FID": 972}}, {"type": "Feature", "id": 973, "geometry": {"type": "Point", "coordinates": [-70.9203259, 41.620562]}, "properties": {"F_": 194, "District": "NEB", "Town": "New Bedford", "Street": "Blackmer St", "Retirmement_footage": 740, "Material": "CI", "Installation_footage": 760, "Size_s__to_Install_": "4\r", "lat": 41.620562, "lon": -70.9203259, "Mapped_address": "Blackmer St, New Bedford, MA, USA", "FID": 973}}, {"type": "Feature", "id": 974, "geometry": {"type": "Point", "coordinates": [-70.9361593, 41.6112626]}, "properties": {"F_": 195, "District": "NEB", "Town": "New Bedford", "Street": "Bliss St", "Retirmement_footage": 204, "Material": "CI", "Installation_footage": 240, "Size_s__to_Install_": "4\r", "lat": 41.6112626, "lon": -70.9361593, "Mapped_address": "Bliss St, New Bedford, MA, USA", "FID": 974}}, {"type": "Feature", "id": 975, "geometry": {"type": "Point", "coordinates": [-70.9317269, 41.6167556]}, "properties": {"F_": 196, "District": "NEB", "Town": "New Bedford", "Street": "Bolton St", "Retirmement_footage": 1755, "Material": "CI", "Installation_footage": 1760, "Size_s__to_Install_": "4\r", "lat": 41.6167556, "lon": -70.9317269, "Mapped_address": "Bolton St, New Bedford, MA, USA", "FID": 975}}, {"type": "Feature", "id": 976, "geometry": {"type": "Point", "coordinates": [-70.9535803, 41.7291343]}, "properties": {"F_": 197, "District": "NEB", "Town": "New Bedford", "Street": "Braley Rd / Phillips Rd", "Retirmement_footage": 5209, "Material": "BS", "Installation_footage": 5240, "Size_s__to_Install_": "16\r", "lat": 41.7291343, "lon": -70.9535803, "Mapped_address": "Braley Rd, New Bedford, MA 02745, USA", "FID": 976}}, {"type": "Feature", "id": 977, "geometry": {"type": "Point", "coordinates": [-70.9477271, 41.7143593]}, "properties": {"F_": 197, "District": "NEB", "Town": "New Bedford", "Street": "Braley Rd / Phillips Rd", "Retirmement_footage": 5209, "Material": "BS", "Installation_footage": 5240, "Size_s__to_Install_": "16\r", "lat": 41.7143593, "lon": -70.9477271, "Mapped_address": "Phillips Rd, New Bedford, MA 02745, USA", "FID": 977}}, {"type": "Feature", "id": 978, "geometry": {"type": "Point", "coordinates": [-70.9276261, 41.6798277]}, "properties": {"F_": 198, "District": "NEB", "Town": "New Bedford", "Street": "Branscomb St", "Retirmement_footage": 2440, "Material": "CI, CS", "Installation_footage": 2440, "Size_s__to_Install_": "4\r", "lat": 41.6798277, "lon": -70.9276261, "Mapped_address": "Branscomb St, New Bedford, MA 02745, USA", "FID": 978}}, {"type": "Feature", "id": 979, "geometry": {"type": "Point", "coordinates": [-70.9106884, 41.6060316]}, "properties": {"F_": 199, "District": "NEB", "Town": "New Bedford", "Street": "Brock Ave", "Retirmement_footage": 1154, "Material": "CI", "Installation_footage": 1160, "Size_s__to_Install_": "6\r", "lat": 41.6060316, "lon": -70.9106884, "Mapped_address": "Brock Ave, New Bedford, MA 02744, USA", "FID": 979}}, {"type": "Feature", "id": 980, "geometry": {"type": "Point", "coordinates": [-70.9106884, 41.6060316]}, "properties": {"F_": 200, "District": "NEB", "Town": "New Bedford", "Street": "Brock Ave", "Retirmement_footage": 1500, "Material": "CI", "Installation_footage": 1520, "Size_s__to_Install_": "8\r", "lat": 41.6060316, "lon": -70.9106884, "Mapped_address": "Brock Ave, New Bedford, MA 02744, USA", "FID": 980}}, {"type": "Feature", "id": 981, "geometry": {"type": "Point", "coordinates": [-70.9331232, 41.6647726]}, "properties": {"F_": 201, "District": "NEB", "Town": "New Bedford", "Street": "Brook St", "Retirmement_footage": 740, "Material": "CI", "Installation_footage": 760, "Size_s__to_Install_": "4\r", "lat": 41.6647726, "lon": -70.9331232, "Mapped_address": "Brook St, New Bedford, MA, USA", "FID": 981}}, {"type": "Feature", "id": 982, "geometry": {"type": "Point", "coordinates": [-70.9331232, 41.6647726]}, "properties": {"F_": 202, "District": "NEB", "Town": "New Bedford", "Street": "Brook St / Coffin Ave", "Retirmement_footage": 1488, "Material": "CI", "Installation_footage": 1520, "Size_s__to_Install_": "4\r", "lat": 41.6647726, "lon": -70.9331232, "Mapped_address": "Brook St, New Bedford, MA, USA", "FID": 982}}, {"type": "Feature", "id": 983, "geometry": {"type": "Point", "coordinates": [-70.9260073, 41.6623067]}, "properties": {"F_": 202, "District": "NEB", "Town": "New Bedford", "Street": "Brook St / Coffin Ave", "Retirmement_footage": 1488, "Material": "CI", "Installation_footage": 1520, "Size_s__to_Install_": "4\r", "lat": 41.6623067, "lon": -70.9260073, "Mapped_address": "Coffin Ave, New Bedford, MA 02746, USA", "FID": 983}}, {"type": "Feature", "id": 984, "geometry": {"type": "Point", "coordinates": [-70.9226344, 41.6767481]}, "properties": {"F_": 203, "District": "NEB", "Town": "New Bedford", "Street": "Brooklawn Ct", "Retirmement_footage": 382, "Material": "CI", "Installation_footage": 400, "Size_s__to_Install_": "4\r", "lat": 41.6767481, "lon": -70.9226344, "Mapped_address": "Brooklawn Ct, New Bedford, MA 02745, USA", "FID": 984}}, {"type": "Feature", "id": 985, "geometry": {"type": "Point", "coordinates": [-70.9439567, 41.6284933]}, "properties": {"F_": 204, "District": "NEB", "Town": "New Bedford", "Street": "Brownell St", "Retirmement_footage": 311, "Material": "CI", "Installation_footage": 320, "Size_s__to_Install_": "4\r", "lat": 41.6284933, "lon": -70.9439567, "Mapped_address": "Brownell St, New Bedford, MA 02740, USA", "FID": 985}}, {"type": "Feature", "id": 986, "geometry": {"type": "Point", "coordinates": [-70.9439567, 41.6284933]}, "properties": {"F_": 205, "District": "NEB", "Town": "New Bedford", "Street": "Brownell St", "Retirmement_footage": 224, "Material": "CI", "Installation_footage": 240, "Size_s__to_Install_": "4\r", "lat": 41.6284933, "lon": -70.9439567, "Mapped_address": "Brownell St, New Bedford, MA 02740, USA", "FID": 986}}, {"type": "Feature", "id": 987, "geometry": {"type": "Point", "coordinates": [-70.9439567, 41.6284933]}, "properties": {"F_": 206, "District": "NEB", "Town": "New Bedford", "Street": "Brownell St", "Retirmement_footage": 411, "Material": "PD", "Installation_footage": 440, "Size_s__to_Install_": "4\r", "lat": 41.6284933, "lon": -70.9439567, "Mapped_address": "Brownell St, New Bedford, MA 02740, USA", "FID": 987}}, {"type": "Feature", "id": 988, "geometry": {"type": "Point", "coordinates": [-70.9392735, 41.6574887]}, "properties": {"F_": 207, "District": "NEB", "Town": "New Bedford", "Street": "Buchanan St", "Retirmement_footage": 405, "Material": "CI", "Installation_footage": 440, "Size_s__to_Install_": "4\r", "lat": 41.6574887, "lon": -70.9392735, "Mapped_address": "Buchanan St, New Bedford, MA 02746, USA", "FID": 988}}, {"type": "Feature", "id": 989, "geometry": {"type": "Point", "coordinates": [-70.9278316, 41.6604966]}, "properties": {"F_": 208, "District": "NEB", "Town": "New Bedford", "Street": "Bullard St", "Retirmement_footage": 942, "Material": "CI", "Installation_footage": 960, "Size_s__to_Install_": "4\r", "lat": 41.6604966, "lon": -70.9278316, "Mapped_address": "Bullard St, New Bedford, MA 02746, USA", "FID": 989}}, {"type": "Feature", "id": 990, "geometry": {"type": "Point", "coordinates": [-70.9082442, 41.6082758]}, "properties": {"F_": 209, "District": "NEB", "Town": "New Bedford", "Street": "Butler St", "Retirmement_footage": 1788, "Material": "CI", "Installation_footage": 1800, "Size_s__to_Install_": "4\r", "lat": 41.6082758, "lon": -70.9082442, "Mapped_address": "Butler St, New Bedford, MA 02744, USA", "FID": 990}}, {"type": "Feature", "id": 991, "geometry": {"type": "Point", "coordinates": [-70.9082442, 41.6082758]}, "properties": {"F_": 210, "District": "NEB", "Town": "New Bedford", "Street": "Butler St", "Retirmement_footage": 1916, "Material": "BS", "Installation_footage": 1920, "Size_s__to_Install_": "12\r", "lat": 41.6082758, "lon": -70.9082442, "Mapped_address": "Butler St, New Bedford, MA 02744, USA", "FID": 991}}, {"type": "Feature", "id": 992, "geometry": {"type": "Point", "coordinates": [-70.9422756, 41.6470073]}, "properties": {"F_": 211, "District": "NEB", "Town": "New Bedford", "Street": "Caroline St", "Retirmement_footage": 183, "Material": "CI", "Installation_footage": 200, "Size_s__to_Install_": "4\r", "lat": 41.6470073, "lon": -70.9422756, "Mapped_address": "Caroline St, New Bedford, MA 02740, USA", "FID": 992}}, {"type": "Feature", "id": 993, "geometry": {"type": "Point", "coordinates": [-70.9422756, 41.6470073]}, "properties": {"F_": 212, "District": "NEB", "Town": "New Bedford", "Street": "Caroline St / Willow St", "Retirmement_footage": 928, "Material": "CI, BS, CS", "Installation_footage": 960, "Size_s__to_Install_": "4\r", "lat": 41.6470073, "lon": -70.9422756, "Mapped_address": "Caroline St, New Bedford, MA 02740, USA", "FID": 993}}, {"type": "Feature", "id": 994, "geometry": {"type": "Point", "coordinates": [-70.9391413, 41.6471881]}, "properties": {"F_": 212, "District": "NEB", "Town": "New Bedford", "Street": "Caroline St / Willow St", "Retirmement_footage": 928, "Material": "CI, BS, CS", "Installation_footage": 960, "Size_s__to_Install_": "4\r", "lat": 41.6471881, "lon": -70.9391413, "Mapped_address": "Willow St, New Bedford, MA 02740, USA", "FID": 994}}, {"type": "Feature", "id": 995, "geometry": {"type": "Point", "coordinates": [-70.9359849, 41.6421152]}, "properties": {"F_": 213, "District": "NEB", "Town": "New Bedford", "Street": "Cedar St", "Retirmement_footage": 375, "Material": "CI", "Installation_footage": 400, "Size_s__to_Install_": "6\r", "lat": 41.6421152, "lon": -70.9359849, "Mapped_address": "Cedar St, New Bedford, MA 02740, USA", "FID": 995}}, {"type": "Feature", "id": 996, "geometry": {"type": "Point", "coordinates": [-70.9359849, 41.6421152]}, "properties": {"F_": 214, "District": "NEB", "Town": "New Bedford", "Street": "Cedar St / Cedar St", "Retirmement_footage": 1564, "Material": "CI", "Installation_footage": 1600, "Size_s__to_Install_": "6\r", "lat": 41.6421152, "lon": -70.9359849, "Mapped_address": "Cedar St, New Bedford, MA 02740, USA", "FID": 996}}, {"type": "Feature", "id": 997, "geometry": {"type": "Point", "coordinates": [-70.9351327, 41.6950367]}, "properties": {"F_": 215, "District": "NEB", "Town": "New Bedford", "Street": "Chaffee St", "Retirmement_footage": 2059, "Material": "CI", "Installation_footage": 2080, "Size_s__to_Install_": "4\r", "lat": 41.6950367, "lon": -70.9351327, "Mapped_address": "Chaffee St, New Bedford, MA 02745, USA", "FID": 997}}, {"type": "Feature", "id": 998, "geometry": {"type": "Point", "coordinates": [-70.9377709, 41.6378358]}, "properties": {"F_": 216, "District": "NEB", "Town": "New Bedford", "Street": "Chancery St", "Retirmement_footage": 1180, "Material": "CI", "Installation_footage": 1200, "Size_s__to_Install_": "4\r", "lat": 41.6378358, "lon": -70.9377709, "Mapped_address": "Chancery St, New Bedford, MA 02740, USA", "FID": 998}}, {"type": "Feature", "id": 999, "geometry": {"type": "Point", "coordinates": [-70.9390944, 41.6819046]}, "properties": {"F_": 217, "District": "NEB", "Town": "New Bedford", "Street": "Church St", "Retirmement_footage": 200, "Material": "CI", "Installation_footage": 200, "Size_s__to_Install_": "6\r", "lat": 41.6819046, "lon": -70.9390944, "Mapped_address": "Church St, New Bedford, MA, USA", "FID": 999}}, {"type": "Feature", "id": 1000, "geometry": {"type": "Point", "coordinates": [-70.9336885, 41.614747]}, "properties": {"F_": 218, "District": "NEB", "Town": "New Bedford", "Street": "Circuit St", "Retirmement_footage": 521, "Material": "CI", "Installation_footage": 560, "Size_s__to_Install_": "4\r", "lat": 41.614747, "lon": -70.9336885, "Mapped_address": "Circuit St, New Bedford, MA 02740, USA", "FID": 1000}}, {"type": "Feature", "id": 1001, "geometry": {"type": "Point", "coordinates": [-71.5221651, 42.3414987]}, "properties": {"F_": 689, "District": "SOU", "Town": "Marlboro", "Street": "Farm Rd", "Retirmement_footage": 1441, "Material": "CS", "Installation_footage": 1480, "Size_s__to_Install_": "8\r", "lat": 42.3414987, "lon": -71.5221651, "Mapped_address": "Farm Rd, Marlborough, MA 01752, USA", "FID": 1001}}, {"type": "Feature", "id": 1002, "geometry": {"type": "Point", "coordinates": [-71.8396458, 42.2234612]}, "properties": {"F_": 762, "District": "WOR", "Town": "Auburn", "Street": "Adella Rd / Robert Ave / Shirley St / Wellman St", "Retirmement_footage": 1803, "Material": "CI, PL , PCS", "Installation_footage": 1840, "Size_s__to_Install_": "4\r", "lat": 42.2234612, "lon": -71.8396458, "Mapped_address": "Wellman St, Auburn, MA 01501, USA", "FID": 1002}}, {"type": "Feature", "id": 1003, "geometry": {"type": "Point", "coordinates": [-71.5381986, 42.3433189]}, "properties": {"F_": 690, "District": "SOU", "Town": "Marlboro", "Street": "Greenwood St", "Retirmement_footage": 673, "Material": "BS, CS", "Installation_footage": 680, "Size_s__to_Install_": "2\r", "lat": 42.3433189, "lon": -71.5381986, "Mapped_address": "Greenwood St, Marlborough, MA 01752, USA", "FID": 1003}}, {"type": "Feature", "id": 1004, "geometry": {"type": "Point", "coordinates": [-71.8362168, 42.2282925]}, "properties": {"F_": 763, "District": "WOR", "Town": "Auburn", "Street": "Alden St", "Retirmement_footage": 233, "Material": "CI", "Installation_footage": 240, "Size_s__to_Install_": "4\r", "lat": 42.2282925, "lon": -71.8362168, "Mapped_address": "Alden St, Auburn, MA 01501, USA", "FID": 1004}}, {"type": "Feature", "id": 1005, "geometry": {"type": "Point", "coordinates": [-71.5316876, 42.3661138]}, "properties": {"F_": 691, "District": "SOU", "Town": "Marlboro", "Street": "Hosmer St", "Retirmement_footage": 2844, "Material": "CS", "Installation_footage": 2880, "Size_s__to_Install_": "8\r", "lat": 42.3661138, "lon": -71.5316876, "Mapped_address": "Hosmer St, Marlborough, MA, USA", "FID": 1005}}, {"type": "Feature", "id": 1006, "geometry": {"type": "Point", "coordinates": [-71.8304588, 42.2263369]}, "properties": {"F_": 764, "District": "WOR", "Town": "Auburn", "Street": "Bay Ridge Rd", "Retirmement_footage": 284, "Material": "CS,CI", "Installation_footage": 320, "Size_s__to_Install_": "4\r", "lat": 42.2263369, "lon": -71.8304588, "Mapped_address": "Bay Ridge Rd, Auburn, MA 01501, USA", "FID": 1006}}, {"type": "Feature", "id": 1007, "geometry": {"type": "Point", "coordinates": [-71.5418534, 42.3373036]}, "properties": {"F_": 692, "District": "SOU", "Town": "Marlboro", "Street": "Maple St / Maple St / River St", "Retirmement_footage": 2691, "Material": "CS, BS, PD", "Installation_footage": 2720, "Size_s__to_Install_": "8\r", "lat": 42.3373036, "lon": -71.5418534, "Mapped_address": "Maple St, Marlborough, MA 01752, USA", "FID": 1007}}, {"type": "Feature", "id": 1008, "geometry": {"type": "Point", "coordinates": [-71.8401149, 42.2217638]}, "properties": {"F_": 765, "District": "WOR", "Town": "Auburn", "Street": "Boyce St", "Retirmement_footage": 1800, "Material": "CI", "Installation_footage": 1231, "Size_s__to_Install_": "8\r", "lat": 42.2217638, "lon": -71.8401149, "Mapped_address": "Boyce St, Auburn, MA, USA", "FID": 1008}}, {"type": "Feature", "id": 1009, "geometry": {"type": "Point", "coordinates": [-71.5403969, 42.3339058]}, "properties": {"F_": 692, "District": "SOU", "Town": "Marlboro", "Street": "Maple St / Maple St / River St", "Retirmement_footage": 2691, "Material": "CS, BS, PD", "Installation_footage": 2720, "Size_s__to_Install_": "8\r", "lat": 42.3339058, "lon": -71.5403969, "Mapped_address": "River St, Marlborough, MA 01752, USA", "FID": 1009}}, {"type": "Feature", "id": 1010, "geometry": {"type": "Point", "coordinates": [-71.8529692, 42.2221003]}, "properties": {"F_": 766, "District": "WOR", "Town": "Auburn", "Street": "Burnett St", "Retirmement_footage": 132, "Material": "CI", "Installation_footage": 160, "Size_s__to_Install_": "4\r", "lat": 42.2221003, "lon": -71.8529692, "Mapped_address": "Burnett St, Auburn, MA, USA", "FID": 1010}}, {"type": "Feature", "id": 1011, "geometry": {"type": "Point", "coordinates": [-71.841217, 42.224196]}, "properties": {"F_": 767, "District": "WOR", "Town": "Auburn", "Street": "Chestnut Ave", "Retirmement_footage": 840, "Material": "CI", "Installation_footage": 840, "Size_s__to_Install_": "4\r", "lat": 42.224196, "lon": -71.841217, "Mapped_address": "Chestnut Ave, Auburn, MA 01501, USA", "FID": 1011}}, {"type": "Feature", "id": 1012, "geometry": {"type": "Point", "coordinates": [-71.8425919, 42.2323852]}, "properties": {"F_": 850, "District": "WOR", "Town": "Worcester", "Street": "Heard St / Waterman St / Pine View Ave / Truro St / Dunbar St / Linda Vista St / Royal Rd / Saint Kevin St", "Retirmement_footage": 5443, "Material": "CI, CS, PL", "Installation_footage": 5480, "Size_s__to_Install_": "4, 2\r", "lat": 42.2323852, "lon": -71.8425919, "Mapped_address": "Heard St, Worcester, MA, USA", "FID": 1012}}, {"type": "Feature", "id": 1013, "geometry": {"type": "Point", "coordinates": [-71.5340496, 42.3707355]}, "properties": {"F_": 693, "District": "SOU", "Town": "Marlboro", "Street": "Meadow St", "Retirmement_footage": 640, "Material": "CS", "Installation_footage": 640, "Size_s__to_Install_": "2\r", "lat": 42.3707355, "lon": -71.5340496, "Mapped_address": "Meadow St, Marlborough, MA 01752, USA", "FID": 1013}}, {"type": "Feature", "id": 1014, "geometry": {"type": "Point", "coordinates": [-71.5236747, 42.3405694]}, "properties": {"F_": 694, "District": "SOU", "Town": "Marlboro", "Street": "Pheasant Hill Rd, Farmington Cir, Dove Rd", "Retirmement_footage": 3427, "Material": "CS", "Installation_footage": 3440, "Size_s__to_Install_": "2\r", "lat": 42.3405694, "lon": -71.5236747, "Mapped_address": "Dove Rd, Marlborough, MA 01752, USA", "FID": 1014}}, {"type": "Feature", "id": 1015, "geometry": {"type": "Point", "coordinates": [-71.8128187, 42.2275996]}, "properties": {"F_": 768, "District": "WOR", "Town": "Auburn", "Street": "Manor Rd / Summer Hill Rd / Pakachoag St / Hoover Rd / Alex Cir", "Retirmement_footage": 2571, "Material": "BS, CI", "Installation_footage": 2794, "Size_s__to_Install_": "4\r", "lat": 42.2275996, "lon": -71.8128187, "Mapped_address": "Alex Cir, Auburn, MA 01501, USA", "FID": 1015}}, {"type": "Feature", "id": 1016, "geometry": {"type": "Point", "coordinates": [-71.5211849, 42.3409992]}, "properties": {"F_": 694, "District": "SOU", "Town": "Marlboro", "Street": "Pheasant Hill Rd, Farmington Cir, Dove Rd", "Retirmement_footage": 3427, "Material": "CS", "Installation_footage": 3440, "Size_s__to_Install_": "2\r", "lat": 42.3409992, "lon": -71.5211849, "Mapped_address": "Farmington Cir, Marlborough, MA 01752, USA", "FID": 1016}}, {"type": "Feature", "id": 1017, "geometry": {"type": "Point", "coordinates": [-71.5241017, 42.3398361]}, "properties": {"F_": 694, "District": "SOU", "Town": "Marlboro", "Street": "Pheasant Hill Rd, Farmington Cir, Dove Rd", "Retirmement_footage": 3427, "Material": "CS", "Installation_footage": 3440, "Size_s__to_Install_": "2\r", "lat": 42.3398361, "lon": -71.5241017, "Mapped_address": "Pheasant Hill Rd, Marlborough, MA 01752, USA", "FID": 1017}}, {"type": "Feature", "id": 1018, "geometry": {"type": "Point", "coordinates": [-71.5521372, 42.360201]}, "properties": {"F_": 695, "District": "SOU", "Town": "Marlboro", "Street": "Rice St / Bolton St / Huntington Ave / Washington St", "Retirmement_footage": 3093, "Material": "CS, BS, PL", "Installation_footage": 3120, "Size_s__to_Install_": "8, 4, 2\r", "lat": 42.360201, "lon": -71.5521372, "Mapped_address": "Bolton St, Marlborough, MA, USA", "FID": 1018}}, {"type": "Feature", "id": 1019, "geometry": {"type": "Point", "coordinates": [-71.8105834, 42.2278947]}, "properties": {"F_": 768, "District": "WOR", "Town": "Auburn", "Street": "Manor Rd / Summer Hill Rd / Pakachoag St / Hoover Rd / Alex Cir", "Retirmement_footage": 2571, "Material": "BS, CI", "Installation_footage": 2794, "Size_s__to_Install_": "4\r", "lat": 42.2278947, "lon": -71.8105834, "Mapped_address": "Hoover Rd, Auburn, MA 01501, USA", "FID": 1019}}, {"type": "Feature", "id": 1020, "geometry": {"type": "Point", "coordinates": [-71.5508279, 42.3493111]}, "properties": {"F_": 695, "District": "SOU", "Town": "Marlboro", "Street": "Rice St / Bolton St / Huntington Ave / Washington St", "Retirmement_footage": 3093, "Material": "CS, BS, PL", "Installation_footage": 3120, "Size_s__to_Install_": "8, 4, 2\r", "lat": 42.3493111, "lon": -71.5508279, "Mapped_address": "Huntington Ave, Marlborough, MA 01752, USA", "FID": 1020}}, {"type": "Feature", "id": 1021, "geometry": {"type": "Point", "coordinates": [-71.8098207, 42.2252927]}, "properties": {"F_": 768, "District": "WOR", "Town": "Auburn", "Street": "Manor Rd / Summer Hill Rd / Pakachoag St / Hoover Rd / Alex Cir", "Retirmement_footage": 2571, "Material": "BS, CI", "Installation_footage": 2794, "Size_s__to_Install_": "4\r", "lat": 42.2252927, "lon": -71.8098207, "Mapped_address": "Manor Rd, Auburn, MA 01501, USA", "FID": 1021}}, {"type": "Feature", "id": 1022, "geometry": {"type": "Point", "coordinates": [-71.5482687, 42.3490507]}, "properties": {"F_": 695, "District": "SOU", "Town": "Marlboro", "Street": "Rice St / Bolton St / Huntington Ave / Washington St", "Retirmement_footage": 3093, "Material": "CS, BS, PL", "Installation_footage": 3120, "Size_s__to_Install_": "8, 4, 2\r", "lat": 42.3490507, "lon": -71.5482687, "Mapped_address": "Rice St, Marlborough, MA 01752, USA", "FID": 1022}}, {"type": "Feature", "id": 1023, "geometry": {"type": "Point", "coordinates": [-71.8201926, 42.2161871]}, "properties": {"F_": 768, "District": "WOR", "Town": "Auburn", "Street": "Manor Rd / Summer Hill Rd / Pakachoag St / Hoover Rd / Alex Cir", "Retirmement_footage": 2571, "Material": "BS, CI", "Installation_footage": 2794, "Size_s__to_Install_": "4\r", "lat": 42.2161871, "lon": -71.8201926, "Mapped_address": "Pakachoag St, Auburn, MA 01501, USA", "FID": 1023}}, {"type": "Feature", "id": 1024, "geometry": {"type": "Point", "coordinates": [-71.5489236, 42.3481228]}, "properties": {"F_": 695, "District": "SOU", "Town": "Marlboro", "Street": "Rice St / Bolton St / Huntington Ave / Washington St", "Retirmement_footage": 3093, "Material": "CS, BS, PL", "Installation_footage": 3120, "Size_s__to_Install_": "8, 4, 2\r", "lat": 42.3481228, "lon": -71.5489236, "Mapped_address": "Washington St, Marlborough, MA 01752, USA", "FID": 1024}}, {"type": "Feature", "id": 1025, "geometry": {"type": "Point", "coordinates": [-71.8112973, 42.2267339]}, "properties": {"F_": 768, "District": "WOR", "Town": "Auburn", "Street": "Manor Rd / Summer Hill Rd / Pakachoag St / Hoover Rd / Alex Cir", "Retirmement_footage": 2571, "Material": "BS, CI", "Installation_footage": 2794, "Size_s__to_Install_": "4\r", "lat": 42.2267339, "lon": -71.8112973, "Mapped_address": "Summerhill Rd, Auburn, MA 01501, USA", "FID": 1025}}, {"type": "Feature", "id": 1026, "geometry": {"type": "Point", "coordinates": [-71.5488639, 42.350844]}, "properties": {"F_": 696, "District": "SOU", "Town": "Marlboro", "Street": "Tremont St", "Retirmement_footage": 640, "Material": "CS", "Installation_footage": 640, "Size_s__to_Install_": "2\r", "lat": 42.350844, "lon": -71.5488639, "Mapped_address": "Tremont St, Marlborough, MA 01752, USA", "FID": 1026}}, {"type": "Feature", "id": 1027, "geometry": {"type": "Point", "coordinates": [-71.8192169, 42.227766]}, "properties": {"F_": 769, "District": "WOR", "Town": "Auburn", "Street": "Newton St", "Retirmement_footage": 413, "Material": "CI, PL", "Installation_footage": 440, "Size_s__to_Install_": "4\r", "lat": 42.227766, "lon": -71.8192169, "Mapped_address": "Newton St, Auburn, MA 01501, USA", "FID": 1027}}, {"type": "Feature", "id": 1028, "geometry": {"type": "Point", "coordinates": [-71.5537185, 42.3447587]}, "properties": {"F_": 697, "District": "SOU", "Town": "Marlboro", "Street": "Water Ter", "Retirmement_footage": 246, "Material": "BS", "Installation_footage": 280, "Size_s__to_Install_": "4\r", "lat": 42.3447587, "lon": -71.5537185, "Mapped_address": "Water Terrace, Marlborough, MA 01752, USA", "FID": 1028}}, {"type": "Feature", "id": 1029, "geometry": {"type": "Point", "coordinates": [-71.8315985, 42.2256974]}, "properties": {"F_": 770, "District": "WOR", "Town": "Auburn", "Street": "Rockaway Rd / Pineview Tr / Shore Dr / Woodland Rd / Sword St", "Retirmement_footage": 3132, "Material": "CI, CS, PY", "Installation_footage": 2110, "Size_s__to_Install_": "6, 4\r", "lat": 42.2256974, "lon": -71.8315985, "Mapped_address": "Pineview Trail, Auburn, MA 01501, USA", "FID": 1029}}, {"type": "Feature", "id": 1030, "geometry": {"type": "Point", "coordinates": [-71.4562115, 42.4371946]}, "properties": {"F_": 698, "District": "SOU", "Town": "Maynard", "Street": "Brooks St / Nason St / Linden St", "Retirmement_footage": 1448, "Material": "CS, BS, PD", "Installation_footage": 1480, "Size_s__to_Install_": "2\r", "lat": 42.4371946, "lon": -71.4562115, "Mapped_address": "Brooks St, Maynard, MA 01754, USA", "FID": 1030}}, {"type": "Feature", "id": 1031, "geometry": {"type": "Point", "coordinates": [-71.830058, 42.224889]}, "properties": {"F_": 770, "District": "WOR", "Town": "Auburn", "Street": "Rockaway Rd / Pineview Tr / Shore Dr / Woodland Rd / Sword St", "Retirmement_footage": 3132, "Material": "CI, CS, PY", "Installation_footage": 2110, "Size_s__to_Install_": "6, 4\r", "lat": 42.224889, "lon": -71.830058, "Mapped_address": "Rockaway Rd, Auburn, MA 01501, USA", "FID": 1031}}, {"type": "Feature", "id": 1032, "geometry": {"type": "Point", "coordinates": [-71.455042, 42.4346009]}, "properties": {"F_": 698, "District": "SOU", "Town": "Maynard", "Street": "Brooks St / Nason St / Linden St", "Retirmement_footage": 1448, "Material": "CS, BS, PD", "Installation_footage": 1480, "Size_s__to_Install_": "2\r", "lat": 42.4346009, "lon": -71.455042, "Mapped_address": "Linden St, Maynard, MA 01754, USA", "FID": 1032}}, {"type": "Feature", "id": 1033, "geometry": {"type": "Point", "coordinates": [-71.8330535, 42.2272319]}, "properties": {"F_": 770, "District": "WOR", "Town": "Auburn", "Street": "Rockaway Rd / Pineview Tr / Shore Dr / Woodland Rd / Sword St", "Retirmement_footage": 3132, "Material": "CI, CS, PY", "Installation_footage": 2110, "Size_s__to_Install_": "6, 4\r", "lat": 42.2272319, "lon": -71.8330535, "Mapped_address": "Shore Dr, Auburn, MA 01501, USA", "FID": 1033}}, {"type": "Feature", "id": 1034, "geometry": {"type": "Point", "coordinates": [-71.4528939, 42.4336719]}, "properties": {"F_": 698, "District": "SOU", "Town": "Maynard", "Street": "Brooks St / Nason St / Linden St", "Retirmement_footage": 1448, "Material": "CS, BS, PD", "Installation_footage": 1480, "Size_s__to_Install_": "2\r", "lat": 42.4336719, "lon": -71.4528939, "Mapped_address": "Nason St, Maynard, MA 01754, USA", "FID": 1034}}, {"type": "Feature", "id": 1035, "geometry": {"type": "Point", "coordinates": [-71.8288866, 42.2223653]}, "properties": {"F_": 770, "District": "WOR", "Town": "Auburn", "Street": "Rockaway Rd / Pineview Tr / Shore Dr / Woodland Rd / Sword St", "Retirmement_footage": 3132, "Material": "CI, CS, PY", "Installation_footage": 2110, "Size_s__to_Install_": "6, 4\r", "lat": 42.2223653, "lon": -71.8288866, "Mapped_address": "Sword St, Auburn, MA, USA", "FID": 1035}}, {"type": "Feature", "id": 1036, "geometry": {"type": "Point", "coordinates": [-71.4436199, 42.4287552]}, "properties": {"F_": 699, "District": "SOU", "Town": "Maynard", "Street": "Demars St", "Retirmement_footage": 550, "Material": "CS, CU", "Installation_footage": 560, "Size_s__to_Install_": "2\r", "lat": 42.4287552, "lon": -71.4436199, "Mapped_address": "Demars St, Maynard, MA 01754, USA", "FID": 1036}}, {"type": "Feature", "id": 1037, "geometry": {"type": "Point", "coordinates": [-71.832484, 42.22523]}, "properties": {"F_": 770, "District": "WOR", "Town": "Auburn", "Street": "Rockaway Rd / Pineview Tr / Shore Dr / Woodland Rd / Sword St", "Retirmement_footage": 3132, "Material": "CI, CS, PY", "Installation_footage": 2110, "Size_s__to_Install_": "6, 4\r", "lat": 42.22523, "lon": -71.832484, "Mapped_address": "Woodland Rd, Auburn, MA 01501, USA", "FID": 1037}}, {"type": "Feature", "id": 1038, "geometry": {"type": "Point", "coordinates": [-71.4618201, 42.4291053]}, "properties": {"F_": 701, "District": "SOU", "Town": "Maynard", "Street": "High St, Sudbury St, Sudbury Ct", "Retirmement_footage": 1638, "Material": "CS, PL", "Installation_footage": 1640, "Size_s__to_Install_": "2\r", "lat": 42.4291053, "lon": -71.4618201, "Mapped_address": "High St, Maynard, MA 01754, USA", "FID": 1038}}, {"type": "Feature", "id": 1039, "geometry": {"type": "Point", "coordinates": [-71.8240411, 42.2724918]}, "properties": {"F_": 916, "District": "WOR", "Town": "Worcester", "Street": "Newton Ave / Suburban Rd", "Retirmement_footage": 786, "Material": "BS, CI", "Installation_footage": 575, "Size_s__to_Install_": "4\r", "lat": 42.2724918, "lon": -71.8240411, "Mapped_address": "Newton Ave, Worcester, MA 01602, USA", "FID": 1039}}, {"type": "Feature", "id": 1040, "geometry": {"type": "Point", "coordinates": [-71.8288866, 42.2223653]}, "properties": {"F_": 771, "District": "WOR", "Town": "Auburn", "Street": "Sword St", "Retirmement_footage": 2702, "Material": "CS", "Installation_footage": 2720, "Size_s__to_Install_": "8\r", "lat": 42.2223653, "lon": -71.8288866, "Mapped_address": "Sword St, Auburn, MA, USA", "FID": 1040}}, {"type": "Feature", "id": 1041, "geometry": {"type": "Point", "coordinates": [-71.832484, 42.22523]}, "properties": {"F_": 772, "District": "WOR", "Town": "Auburn", "Street": "Woodland Rd", "Retirmement_footage": 550, "Material": "CI", "Installation_footage": 0, "Size_s__to_Install_": "n/a\r", "lat": 42.22523, "lon": -71.832484, "Mapped_address": "Woodland Rd, Auburn, MA 01501, USA", "FID": 1041}}, {"type": "Feature", "id": 1042, "geometry": {"type": "Point", "coordinates": [-71.8181948, 42.3344939]}, "properties": {"F_": 773, "District": "WOR", "Town": "Holden", "Street": "Shrewsbury St", "Retirmement_footage": 1825, "Material": "CS", "Installation_footage": 1840, "Size_s__to_Install_": "6\r", "lat": 42.3344939, "lon": -71.8181948, "Mapped_address": "Shrewsbury St, Holden, MA, USA", "FID": 1042}}, {"type": "Feature", "id": 1043, "geometry": {"type": "Point", "coordinates": [-71.7683424, 42.1762766]}, "properties": {"F_": 774, "District": "WOR", "Town": "Millbury", "Street": "Burbank St", "Retirmement_footage": 1280, "Material": "CS", "Installation_footage": 1280, "Size_s__to_Install_": "2\r", "lat": 42.1762766, "lon": -71.7683424, "Mapped_address": "Burbank St, Millbury, MA, USA", "FID": 1043}}, {"type": "Feature", "id": 1044, "geometry": {"type": "Point", "coordinates": [-71.7383894, 42.2302748]}, "properties": {"F_": 775, "District": "WOR", "Town": "Millbury", "Street": "Grafton Rd", "Retirmement_footage": 1120, "Material": "CS", "Installation_footage": 1120, "Size_s__to_Install_": "12\r", "lat": 42.2302748, "lon": -71.7383894, "Mapped_address": "Grafton Rd, Millbury, MA 01527, USA", "FID": 1044}}, {"type": "Feature", "id": 1045, "geometry": {"type": "Point", "coordinates": [-71.7596762, 42.1973099]}, "properties": {"F_": 776, "District": "WOR", "Town": "Millbury", "Street": "Lincoln Ave", "Retirmement_footage": 662, "Material": "CS, PL", "Installation_footage": 680, "Size_s__to_Install_": "2\r", "lat": 42.1973099, "lon": -71.7596762, "Mapped_address": "Lincoln Ave, Millbury, MA 01527, USA", "FID": 1045}}, {"type": "Feature", "id": 1046, "geometry": {"type": "Point", "coordinates": [-71.7565835, 42.1913085]}, "properties": {"F_": 777, "District": "WOR", "Town": "Millbury", "Street": "Maple St / Providence St", "Retirmement_footage": 734, "Material": "CS, BS", "Installation_footage": 760, "Size_s__to_Install_": "4\r", "lat": 42.1913085, "lon": -71.7565835, "Mapped_address": "Maple St, Millbury, MA 01527, USA", "FID": 1046}}, {"type": "Feature", "id": 1047, "geometry": {"type": "Point", "coordinates": [-71.7447841, 42.1860169]}, "properties": {"F_": 777, "District": "WOR", "Town": "Millbury", "Street": "Maple St / Providence St", "Retirmement_footage": 734, "Material": "CS, BS", "Installation_footage": 760, "Size_s__to_Install_": "4\r", "lat": 42.1860169, "lon": -71.7447841, "Mapped_address": "Providence St, Millbury, MA, USA", "FID": 1047}}, {"type": "Feature", "id": 1048, "geometry": {"type": "Point", "coordinates": [-71.77065, 42.2008874]}, "properties": {"F_": 778, "District": "WOR", "Town": "Millbury", "Street": "Martin St", "Retirmement_footage": 1014, "Material": "CS", "Installation_footage": 1040, "Size_s__to_Install_": "4\r", "lat": 42.2008874, "lon": -71.77065, "Mapped_address": "Martin St, Millbury, MA 01527, USA", "FID": 1048}}, {"type": "Feature", "id": 1049, "geometry": {"type": "Point", "coordinates": [-71.7203292, 42.1761908]}, "properties": {"F_": 779, "District": "WOR", "Town": "Sutton", "Street": "Depot St / Chaulsse Way", "Retirmement_footage": 1055, "Material": "CS", "Installation_footage": 920, "Size_s__to_Install_": "2\r", "lat": 42.1761908, "lon": -71.7203292, "Mapped_address": "Depot St, Sutton, MA 01590, USA", "FID": 1049}}, {"type": "Feature", "id": 1050, "geometry": {"type": "Point", "coordinates": [-71.7603292, 42.3854239]}, "properties": {"F_": 781, "District": "WOR", "Town": "West Boylston", "Street": "Lancaster St", "Retirmement_footage": 1680, "Material": "BS", "Installation_footage": 1680, "Size_s__to_Install_": "4\r", "lat": 42.3854239, "lon": -71.7603292, "Mapped_address": "Lancaster St, West Boylston, MA, USA", "FID": 1050}}, {"type": "Feature", "id": 1051, "geometry": {"type": "Point", "coordinates": [-71.7867251, 42.3427834]}, "properties": {"F_": 783, "District": "WOR", "Town": "West Boylston", "Street": "West Boylston St / Lebanon Ave", "Retirmement_footage": 2580, "Material": "CS, PD", "Installation_footage": 2600, "Size_s__to_Install_": "4, 2\r", "lat": 42.3427834, "lon": -71.7867251, "Mapped_address": "Lebanon Ave, West Boylston, MA 01583, USA", "FID": 1051}}, {"type": "Feature", "id": 1052, "geometry": {"type": "Point", "coordinates": [-71.788979, 42.3362314]}, "properties": {"F_": 783, "District": "WOR", "Town": "West Boylston", "Street": "West Boylston St / Lebanon Ave", "Retirmement_footage": 2580, "Material": "CS, PD", "Installation_footage": 2600, "Size_s__to_Install_": "4, 2\r", "lat": 42.3362314, "lon": -71.788979, "Mapped_address": "W Boylston St, West Boylston, MA, USA", "FID": 1052}}, {"type": "Feature", "id": 1053, "geometry": {"type": "Point", "coordinates": [-71.792077, 42.3393855]}, "properties": {"F_": 784, "District": "WOR", "Town": "West Boylston", "Street": "Woodland St / Blue Ridge Rd", "Retirmement_footage": 267, "Material": "CS", "Installation_footage": 280, "Size_s__to_Install_": "4\r", "lat": 42.3393855, "lon": -71.792077, "Mapped_address": "Blueridge Rd, West Boylston, MA 01583, USA", "FID": 1053}}, {"type": "Feature", "id": 1054, "geometry": {"type": "Point", "coordinates": [-71.7946992, 42.3397576]}, "properties": {"F_": 784, "District": "WOR", "Town": "West Boylston", "Street": "Woodland St / Blue Ridge Rd", "Retirmement_footage": 267, "Material": "CS", "Installation_footage": 280, "Size_s__to_Install_": "4\r", "lat": 42.3397576, "lon": -71.7946992, "Mapped_address": "Woodland St, West Boylston, MA 01583, USA", "FID": 1054}}, {"type": "Feature", "id": 1055, "geometry": {"type": "Point", "coordinates": [-71.7818633, 42.3548819]}, "properties": {"F_": 785, "District": "WOR", "Town": "West Boylston", "Street": "Worcester St", "Retirmement_footage": 774, "Material": "BS", "Installation_footage": 800, "Size_s__to_Install_": "4\r", "lat": 42.3548819, "lon": -71.7818633, "Mapped_address": "Worcester St, West Boylston, MA, USA", "FID": 1055}}, {"type": "Feature", "id": 1056, "geometry": {"type": "Point", "coordinates": [-71.8608676, 42.2713326]}, "properties": {"F_": 786, "District": "WOR", "Town": "Worcester", "Street": "Airport Dr", "Retirmement_footage": 219, "Material": "BS", "Installation_footage": 240, "Size_s__to_Install_": "8\r", "lat": 42.2713326, "lon": -71.8608676, "Mapped_address": "Airport Dr, Worcester, MA 01602, USA", "FID": 1056}}, {"type": "Feature", "id": 1057, "geometry": {"type": "Point", "coordinates": [-71.8269391, 42.2761136]}, "properties": {"F_": 787, "District": "WOR", "Town": "Worcester", "Street": "Amherst St / South Kinnicutt Rd", "Retirmement_footage": 709, "Material": "CI, BS", "Installation_footage": 720, "Size_s__to_Install_": "4\r", "lat": 42.2761136, "lon": -71.8269391, "Mapped_address": "Amherst St, Worcester, MA 01602, USA", "FID": 1057}}, {"type": "Feature", "id": 1058, "geometry": {"type": "Point", "coordinates": [-71.8283783, 42.2790671]}, "properties": {"F_": 787, "District": "WOR", "Town": "Worcester", "Street": "Amherst St / South Kinnicutt Rd", "Retirmement_footage": 709, "Material": "CI, BS", "Installation_footage": 720, "Size_s__to_Install_": "4\r", "lat": 42.2790671, "lon": -71.8283783, "Mapped_address": "Kinnicutt Rd, Worcester, MA 01602, USA", "FID": 1058}}, {"type": "Feature", "id": 1059, "geometry": {"type": "Point", "coordinates": [-71.8769878, 42.2806172]}, "properties": {"F_": 788, "District": "WOR", "Town": "Worcester", "Street": "Assabet Ln", "Retirmement_footage": 200, "Material": "CS", "Installation_footage": 200, "Size_s__to_Install_": "6\r", "lat": 42.2806172, "lon": -71.8769878, "Mapped_address": "Assabet Ln, Worcester, MA 01602, USA", "FID": 1059}}, {"type": "Feature", "id": 1060, "geometry": {"type": "Point", "coordinates": [-71.8182121, 42.2595066]}, "properties": {"F_": 789, "District": "WOR", "Town": "Worcester", "Street": "Bancroft St / Bluff St", "Retirmement_footage": 1530, "Material": "CS, CI", "Installation_footage": 1560, "Size_s__to_Install_": "4\r", "lat": 42.2595066, "lon": -71.8182121, "Mapped_address": "Bancroft St, Worcester, MA, USA", "FID": 1060}}, {"type": "Feature", "id": 1061, "geometry": {"type": "Point", "coordinates": [-71.8177072, 42.2589208]}, "properties": {"F_": 789, "District": "WOR", "Town": "Worcester", "Street": "Bancroft St / Bluff St", "Retirmement_footage": 1530, "Material": "CS, CI", "Installation_footage": 1560, "Size_s__to_Install_": "4\r", "lat": 42.2589208, "lon": -71.8177072, "Mapped_address": "Bluff St, Worcester, MA, USA", "FID": 1061}}, {"type": "Feature", "id": 1062, "geometry": {"type": "Point", "coordinates": [-71.7944388, 42.2920468]}, "properties": {"F_": 790, "District": "WOR", "Town": "Worcester", "Street": "Barnard Rd", "Retirmement_footage": 938, "Material": "CI", "Installation_footage": 960, "Size_s__to_Install_": "6\r", "lat": 42.2920468, "lon": -71.7944388, "Mapped_address": "Barnard Rd, Worcester, MA 01605, USA", "FID": 1062}}, {"type": "Feature", "id": 1063, "geometry": {"type": "Point", "coordinates": [-71.8671848, 42.2798958]}, "properties": {"F_": 791, "District": "WOR", "Town": "Worcester", "Street": "Baxter St / Mower St", "Retirmement_footage": 959, "Material": "CI, BS", "Installation_footage": 960, "Size_s__to_Install_": "6\r", "lat": 42.2798958, "lon": -71.8671848, "Mapped_address": "Baxter St, Worcester, MA 01602, USA", "FID": 1063}}, {"type": "Feature", "id": 1064, "geometry": {"type": "Point", "coordinates": [-71.8702394, 42.2824123]}, "properties": {"F_": 791, "District": "WOR", "Town": "Worcester", "Street": "Baxter St / Mower St", "Retirmement_footage": 959, "Material": "CI, BS", "Installation_footage": 960, "Size_s__to_Install_": "6\r", "lat": 42.2824123, "lon": -71.8702394, "Mapped_address": "Mower St, Worcester, MA, USA", "FID": 1064}}, {"type": "Feature", "id": 1065, "geometry": {"type": "Point", "coordinates": [-71.828394, 42.249622]}, "properties": {"F_": 792, "District": "WOR", "Town": "Worcester", "Street": "Beaver St / Main St / Crystal St", "Retirmement_footage": 2634, "Material": "CS", "Installation_footage": 2359, "Size_s__to_Install_": "6\r", "lat": 42.249622, "lon": -71.828394, "Mapped_address": "Beaver St, Worcester, MA 01603, USA", "FID": 1065}}, {"type": "Feature", "id": 1066, "geometry": {"type": "Point", "coordinates": [-71.8225901, 42.2473164]}, "properties": {"F_": 792, "District": "WOR", "Town": "Worcester", "Street": "Beaver St / Main St / Crystal St", "Retirmement_footage": 2634, "Material": "CS", "Installation_footage": 2359, "Size_s__to_Install_": "6\r", "lat": 42.2473164, "lon": -71.8225901, "Mapped_address": "Crystal St, Worcester, MA, USA", "FID": 1066}}, {"type": "Feature", "id": 1067, "geometry": {"type": "Point", "coordinates": [-71.8366302, 42.244442]}, "properties": {"F_": 792, "District": "WOR", "Town": "Worcester", "Street": "Beaver St / Main St / Crystal St", "Retirmement_footage": 2634, "Material": "CS", "Installation_footage": 2359, "Size_s__to_Install_": "6\r", "lat": 42.244442, "lon": -71.8366302, "Mapped_address": "Main St, Worcester, MA, USA", "FID": 1067}}, {"type": "Feature", "id": 1068, "geometry": {"type": "Point", "coordinates": [-71.7879523, 42.3050146]}, "properties": {"F_": 793, "District": "WOR", "Town": "Worcester", "Street": "Bellingham Rd / Devens Rd", "Retirmement_footage": 1271, "Material": "CI, BS, PL", "Installation_footage": 1280, "Size_s__to_Install_": "2\r", "lat": 42.3050146, "lon": -71.7879523, "Mapped_address": "Bellingham Rd, Worcester, MA 01606, USA", "FID": 1068}}, {"type": "Feature", "id": 1069, "geometry": {"type": "Point", "coordinates": [-71.7883803, 42.3057068]}, "properties": {"F_": 793, "District": "WOR", "Town": "Worcester", "Street": "Bellingham Rd / Devens Rd", "Retirmement_footage": 1271, "Material": "CI, BS, PL", "Installation_footage": 1280, "Size_s__to_Install_": "2\r", "lat": 42.3057068, "lon": -71.7883803, "Mapped_address": "Devens Rd, Worcester, MA 01606, USA", "FID": 1069}}, {"type": "Feature", "id": 1070, "geometry": {"type": "Point", "coordinates": [-71.7585125, 42.2359357]}, "properties": {"F_": 794, "District": "WOR", "Town": "Worcester", "Street": "Blithewood Ave / Blithewood Ave", "Retirmement_footage": 512, "Material": "CS", "Installation_footage": 520, "Size_s__to_Install_": "4\r", "lat": 42.2359357, "lon": -71.7585125, "Mapped_address": "Blithewood Ave, Worcester, MA 01604, USA", "FID": 1070}}, {"type": "Feature", "id": 1071, "geometry": {"type": "Point", "coordinates": [-71.8407444, 42.2636516]}, "properties": {"F_": 795, "District": "WOR", "Town": "Worcester", "Street": "Buckley Rd", "Retirmement_footage": 293, "Material": "CI, PD", "Installation_footage": 320, "Size_s__to_Install_": "2\r", "lat": 42.2636516, "lon": -71.8407444, "Mapped_address": "Buckley Rd, Worcester, MA 01602, USA", "FID": 1071}}, {"type": "Feature", "id": 1072, "geometry": {"type": "Point", "coordinates": [-71.7938302, 42.2913513]}, "properties": {"F_": 796, "District": "WOR", "Town": "Worcester", "Street": "Burncoat Ter", "Retirmement_footage": 940, "Material": "CI", "Installation_footage": 960, "Size_s__to_Install_": "8\r", "lat": 42.2913513, "lon": -71.7938302, "Mapped_address": "Burncoat Terrace, Worcester, MA 01605, USA", "FID": 1072}}, {"type": "Feature", "id": 1073, "geometry": {"type": "Point", "coordinates": [-71.8434456, 42.2327515]}, "properties": {"F_": 850, "District": "WOR", "Town": "Worcester", "Street": "Heard St / Waterman St / Pine View Ave / Truro St / Dunbar St / Linda Vista St / Royal Rd / Saint Kevin St", "Retirmement_footage": 5443, "Material": "CI, CS, PL", "Installation_footage": 5480, "Size_s__to_Install_": "4, 2\r", "lat": 42.2327515, "lon": -71.8434456, "Mapped_address": "Linda Vista St, Worcester, MA 01603, USA", "FID": 1073}}, {"type": "Feature", "id": 1074, "geometry": {"type": "Point", "coordinates": [-71.8176753, 42.2435883]}, "properties": {"F_": 797, "District": "WOR", "Town": "Worcester", "Street": "Cambridge St", "Retirmement_footage": 1318, "Material": "CI", "Installation_footage": 1320, "Size_s__to_Install_": "8\r", "lat": 42.2435883, "lon": -71.8176753, "Mapped_address": "Cambridge St, Worcester, MA, USA", "FID": 1074}}, {"type": "Feature", "id": 1075, "geometry": {"type": "Point", "coordinates": [-71.8176753, 42.2435883]}, "properties": {"F_": 798, "District": "WOR", "Town": "Worcester", "Street": "Cambridge St", "Retirmement_footage": 1647, "Material": "CS", "Installation_footage": 1680, "Size_s__to_Install_": "12\r", "lat": 42.2435883, "lon": -71.8176753, "Mapped_address": "Cambridge St, Worcester, MA, USA", "FID": 1075}}, {"type": "Feature", "id": 1076, "geometry": {"type": "Point", "coordinates": [-71.8176753, 42.2435883]}, "properties": {"F_": 799, "District": "WOR", "Town": "Worcester", "Street": "Cambridge St, Nixon Ave", "Retirmement_footage": 1282, "Material": "CS", "Installation_footage": 1320, "Size_s__to_Install_": "12\r", "lat": 42.2435883, "lon": -71.8176753, "Mapped_address": "Cambridge St, Worcester, MA, USA", "FID": 1076}}, {"type": "Feature", "id": 1077, "geometry": {"type": "Point", "coordinates": [-71.8310943, 42.2442298]}, "properties": {"F_": 799, "District": "WOR", "Town": "Worcester", "Street": "Cambridge St, Nixon Ave", "Retirmement_footage": 1282, "Material": "CS", "Installation_footage": 1320, "Size_s__to_Install_": "12\r", "lat": 42.2442298, "lon": -71.8310943, "Mapped_address": "Nixon Ave, Worcester, MA 01603, USA", "FID": 1077}}, {"type": "Feature", "id": 1078, "geometry": {"type": "Point", "coordinates": [-71.8166252, 42.2473839]}, "properties": {"F_": 800, "District": "WOR", "Town": "Worcester", "Street": "Canterbury St", "Retirmement_footage": 2858, "Material": "CI", "Installation_footage": 2880, "Size_s__to_Install_": "8\r", "lat": 42.2473839, "lon": -71.8166252, "Mapped_address": "Canterbury St, Worcester, MA, USA", "FID": 1078}}, {"type": "Feature", "id": 1079, "geometry": {"type": "Point", "coordinates": [-71.83442, 42.2644586]}, "properties": {"F_": 801, "District": "WOR", "Town": "Worcester", "Street": "Chandler St", "Retirmement_footage": 324, "Material": "CI", "Installation_footage": 360, "Size_s__to_Install_": "8\r", "lat": 42.2644586, "lon": -71.83442, "Mapped_address": "Chandler St, Worcester, MA, USA", "FID": 1079}}, {"type": "Feature", "id": 1080, "geometry": {"type": "Point", "coordinates": [-71.83442, 42.2644586]}, "properties": {"F_": 802, "District": "WOR", "Town": "Worcester", "Street": "Chandler St", "Retirmement_footage": 1715, "Material": "CI", "Installation_footage": 1720, "Size_s__to_Install_": "6\r", "lat": 42.2644586, "lon": -71.83442, "Mapped_address": "Chandler St, Worcester, MA, USA", "FID": 1080}}, {"type": "Feature", "id": 1081, "geometry": {"type": "Point", "coordinates": [-71.83442, 42.2644586]}, "properties": {"F_": 803, "District": "WOR", "Town": "Worcester", "Street": "Chandler St", "Retirmement_footage": 2273, "Material": "CI", "Installation_footage": 2280, "Size_s__to_Install_": "8\r", "lat": 42.2644586, "lon": -71.83442, "Mapped_address": "Chandler St, Worcester, MA, USA", "FID": 1081}}, {"type": "Feature", "id": 1082, "geometry": {"type": "Point", "coordinates": [-71.83442, 42.2644586]}, "properties": {"F_": 804, "District": "WOR", "Town": "Worcester", "Street": "Chandler St", "Retirmement_footage": 1382, "Material": "CI", "Installation_footage": 1400, "Size_s__to_Install_": "6\r", "lat": 42.2644586, "lon": -71.83442, "Mapped_address": "Chandler St, Worcester, MA, USA", "FID": 1082}}, {"type": "Feature", "id": 1083, "geometry": {"type": "Point", "coordinates": [-71.7899103, 42.3078464]}, "properties": {"F_": 805, "District": "WOR", "Town": "Worcester", "Street": "Chatham Village Rd", "Retirmement_footage": 461, "Material": "BS", "Installation_footage": 480, "Size_s__to_Install_": "4\r", "lat": 42.3078464, "lon": -71.7899103, "Mapped_address": "Chatham Village Rd, Worcester, MA 01606, USA", "FID": 1083}}, {"type": "Feature", "id": 1084, "geometry": {"type": "Point", "coordinates": [-71.7816165, 42.3107395]}, "properties": {"F_": 806, "District": "WOR", "Town": "Worcester", "Street": "Clark St", "Retirmement_footage": 973, "Material": "CI", "Installation_footage": 1000, "Size_s__to_Install_": "6\r", "lat": 42.3107395, "lon": -71.7816165, "Mapped_address": "Clark St, Worcester, MA 01606, USA", "FID": 1084}}, {"type": "Feature", "id": 1085, "geometry": {"type": "Point", "coordinates": [-71.785679, 42.3325488]}, "properties": {"F_": 807, "District": "WOR", "Town": "Worcester", "Street": "Cliveden St", "Retirmement_footage": 155, "Material": "CS", "Installation_footage": 160, "Size_s__to_Install_": "2\r", "lat": 42.3325488, "lon": -71.785679, "Mapped_address": "Cliveden St, Worcester, MA 01606, USA", "FID": 1085}}, {"type": "Feature", "id": 1086, "geometry": {"type": "Point", "coordinates": [-71.7593759, 42.2645321]}, "properties": {"F_": 808, "District": "WOR", "Town": "Worcester", "Street": "Coburn Ave", "Retirmement_footage": 4862, "Material": "CI", "Installation_footage": 4880, "Size_s__to_Install_": "8\r", "lat": 42.2645321, "lon": -71.7593759, "Mapped_address": "Coburn Ave, Worcester, MA 01604, USA", "FID": 1086}}, {"type": "Feature", "id": 1087, "geometry": {"type": "Point", "coordinates": [-71.8087707, 42.2626787]}, "properties": {"F_": 809, "District": "WOR", "Town": "Worcester", "Street": "Crown St", "Retirmement_footage": 401, "Material": "CI, PD, PS", "Installation_footage": 440, "Size_s__to_Install_": "6\r", "lat": 42.2626787, "lon": -71.8087707, "Mapped_address": "Crown St, Worcester, MA 01609, USA", "FID": 1087}}, {"type": "Feature", "id": 1088, "geometry": {"type": "Point", "coordinates": [-71.7870004, 42.2542204]}, "properties": {"F_": 810, "District": "WOR", "Town": "Worcester", "Street": "Cutler St", "Retirmement_footage": 531, "Material": "CI", "Installation_footage": 560, "Size_s__to_Install_": "4\r", "lat": 42.2542204, "lon": -71.7870004, "Mapped_address": "Cutler St, Worcester, MA 01604, USA", "FID": 1088}}, {"type": "Feature", "id": 1089, "geometry": {"type": "Point", "coordinates": [-71.7739321, 42.2534699]}, "properties": {"F_": 811, "District": "WOR", "Town": "Worcester", "Street": "Dana Ave", "Retirmement_footage": 963, "Material": "CI", "Installation_footage": 1000, "Size_s__to_Install_": "4\r", "lat": 42.2534699, "lon": -71.7739321, "Mapped_address": "Dana Ave, Worcester, MA 01604, USA", "FID": 1089}}, {"type": "Feature", "id": 1090, "geometry": {"type": "Point", "coordinates": [-71.7903519, 42.2518128]}, "properties": {"F_": 812, "District": "WOR", "Town": "Worcester", "Street": "Dorchester St", "Retirmement_footage": 463, "Material": "CI", "Installation_footage": 480, "Size_s__to_Install_": "6\r", "lat": 42.2518128, "lon": -71.7903519, "Mapped_address": "Dorchester St, Worcester, MA, USA", "FID": 1090}}, {"type": "Feature", "id": 1091, "geometry": {"type": "Point", "coordinates": [-71.8134452, 42.2719214]}, "properties": {"F_": 813, "District": "WOR", "Town": "Worcester", "Street": "Dover St", "Retirmement_footage": 984, "Material": "CS", "Installation_footage": 1000, "Size_s__to_Install_": "4\r", "lat": 42.2719214, "lon": -71.8134452, "Mapped_address": "Dover St, Worcester, MA 01609, USA", "FID": 1091}}, {"type": "Feature", "id": 1092, "geometry": {"type": "Point", "coordinates": [-71.8235271, 42.2526162]}, "properties": {"F_": 814, "District": "WOR", "Town": "Worcester", "Street": "Downing St", "Retirmement_footage": 1100, "Material": "CI", "Installation_footage": 1120, "Size_s__to_Install_": "4\r", "lat": 42.2526162, "lon": -71.8235271, "Mapped_address": "Downing St, Worcester, MA 01610, USA", "FID": 1092}}, {"type": "Feature", "id": 1093, "geometry": {"type": "Point", "coordinates": [-71.7997459, 42.2302052]}, "properties": {"F_": 815, "District": "WOR", "Town": "Worcester", "Street": "Dybeck St", "Retirmement_footage": 360, "Material": "CS, CI", "Installation_footage": 360, "Size_s__to_Install_": "2\r", "lat": 42.2302052, "lon": -71.7997459, "Mapped_address": "Dybeck St, Worcester, MA 01607, USA", "FID": 1093}}, {"type": "Feature", "id": 1094, "geometry": {"type": "Point", "coordinates": [-71.7809351, 42.3193923]}, "properties": {"F_": 816, "District": "WOR", "Town": "Worcester", "Street": "East Mountain St", "Retirmement_footage": 1075, "Material": "BS", "Installation_footage": 1080, "Size_s__to_Install_": "8\r", "lat": 42.3193923, "lon": -71.7809351, "Mapped_address": "Mountain St E, Worcester, MA 01606, USA", "FID": 1094}}, {"type": "Feature", "id": 1095, "geometry": {"type": "Point", "coordinates": [-71.7897073, 42.2713184]}, "properties": {"F_": 817, "District": "WOR", "Town": "Worcester", "Street": "Eastern Ave, Vinson St", "Retirmement_footage": 633, "Material": "CI", "Installation_footage": 640, "Size_s__to_Install_": "4\r", "lat": 42.2713184, "lon": -71.7897073, "Mapped_address": "Eastern Ave, Worcester, MA 01605, USA", "FID": 1095}}, {"type": "Feature", "id": 1096, "geometry": {"type": "Point", "coordinates": [-71.7856295, 42.275529]}, "properties": {"F_": 817, "District": "WOR", "Town": "Worcester", "Street": "Eastern Ave, Vinson St", "Retirmement_footage": 633, "Material": "CI", "Installation_footage": 640, "Size_s__to_Install_": "4\r", "lat": 42.275529, "lon": -71.7856295, "Mapped_address": "Vinson St, Worcester, MA 01605, USA", "FID": 1096}}, {"type": "Feature", "id": 1097, "geometry": {"type": "Point", "coordinates": [-71.8100062, 42.2656158]}, "properties": {"F_": 818, "District": "WOR", "Town": "Worcester", "Street": "Elm St / Oak St", "Retirmement_footage": 1205, "Material": "CI, BS, PL", "Installation_footage": 1081, "Size_s__to_Install_": "4\r", "lat": 42.2656158, "lon": -71.8100062, "Mapped_address": "Elm St, Worcester, MA, USA", "FID": 1097}}, {"type": "Feature", "id": 1098, "geometry": {"type": "Point", "coordinates": [-71.8078296, 42.2664863]}, "properties": {"F_": 818, "District": "WOR", "Town": "Worcester", "Street": "Elm St / Oak St", "Retirmement_footage": 1205, "Material": "CI, BS, PL", "Installation_footage": 1081, "Size_s__to_Install_": "4\r", "lat": 42.2664863, "lon": -71.8078296, "Mapped_address": "Oak St, Worcester, MA 01609, USA", "FID": 1098}}, {"type": "Feature", "id": 1099, "geometry": {"type": "Point", "coordinates": [-71.8100062, 42.2656158]}, "properties": {"F_": 819, "District": "WOR", "Town": "Worcester", "Street": "Elm St / Park Ave / Marmon Pl", "Retirmement_footage": 1450, "Material": "CI, BS, CS, PL", "Installation_footage": 1480, "Size_s__to_Install_": "4\r", "lat": 42.2656158, "lon": -71.8100062, "Mapped_address": "Elm St, Worcester, MA, USA", "FID": 1099}}, {"type": "Feature", "id": 1100, "geometry": {"type": "Point", "coordinates": [-71.7773501, 42.2585077]}, "properties": {"F_": 819, "District": "WOR", "Town": "Worcester", "Street": "Elm St / Park Ave / Marmon Pl", "Retirmement_footage": 1450, "Material": "CI, BS, CS, PL", "Installation_footage": 1480, "Size_s__to_Install_": "4\r", "lat": 42.2585077, "lon": -71.7773501, "Mapped_address": "Harmon St, Worcester, MA 01604, USA", "FID": 1100}}, {"type": "Feature", "id": 1101, "geometry": {"type": "Point", "coordinates": [-71.819618, 42.2637249]}, "properties": {"F_": 819, "District": "WOR", "Town": "Worcester", "Street": "Elm St / Park Ave / Marmon Pl", "Retirmement_footage": 1450, "Material": "CI, BS, CS, PL", "Installation_footage": 1480, "Size_s__to_Install_": "4\r", "lat": 42.2637249, "lon": -71.819618, "Mapped_address": "Park Ave, Worcester, MA, USA", "FID": 1101}}, {"type": "Feature", "id": 1102, "geometry": {"type": "Point", "coordinates": [-71.835502, 42.25602]}, "properties": {"F_": 820, "District": "WOR", "Town": "Worcester", "Street": "Englewood Ave", "Retirmement_footage": 1590, "Material": "CI, BS", "Installation_footage": 1600, "Size_s__to_Install_": "8\r", "lat": 42.25602, "lon": -71.835502, "Mapped_address": "Englewood Ave, Worcester, MA, USA", "FID": 1102}}, {"type": "Feature", "id": 1103, "geometry": {"type": "Point", "coordinates": [-71.7967137, 42.2396063]}, "properties": {"F_": 821, "District": "WOR", "Town": "Worcester", "Street": "Esther St", "Retirmement_footage": 1449, "Material": "CI", "Installation_footage": 1480, "Size_s__to_Install_": "8\r", "lat": 42.2396063, "lon": -71.7967137, "Mapped_address": "Esther St, Worcester, MA, USA", "FID": 1103}}, {"type": "Feature", "id": 1104, "geometry": {"type": "Point", "coordinates": [-71.7980846, 42.2260695]}, "properties": {"F_": 822, "District": "WOR", "Town": "Worcester", "Street": "Evelyn St", "Retirmement_footage": 221, "Material": "CS", "Installation_footage": 240, "Size_s__to_Install_": "2\r", "lat": 42.2260695, "lon": -71.7980846, "Mapped_address": "Evelyn St, Worcester, MA 01607, USA", "FID": 1104}}, {"type": "Feature", "id": 1105, "geometry": {"type": "Point", "coordinates": [-71.8272094, 42.2559461]}, "properties": {"F_": 823, "District": "WOR", "Town": "Worcester", "Street": "Fairfield St", "Retirmement_footage": 831, "Material": "BS, CI", "Installation_footage": 840, "Size_s__to_Install_": "6\r", "lat": 42.2559461, "lon": -71.8272094, "Mapped_address": "Fairfield St, Worcester, MA, USA", "FID": 1105}}, {"type": "Feature", "id": 1106, "geometry": {"type": "Point", "coordinates": [-71.8352269, 42.2826121]}, "properties": {"F_": 824, "District": "WOR", "Town": "Worcester", "Street": "Flagg St culvert", "Retirmement_footage": 50, "Material": "BS", "Installation_footage": 50, "Size_s__to_Install_": "12\r", "lat": 42.2826121, "lon": -71.8352269, "Mapped_address": "Flagg St, Worcester, MA, USA", "FID": 1106}}, {"type": "Feature", "id": 1107, "geometry": {"type": "Point", "coordinates": [-71.8285483, 42.2698135]}, "properties": {"F_": 826, "District": "WOR", "Town": "Worcester", "Street": "Franconia St", "Retirmement_footage": 300, "Material": "CS", "Installation_footage": 320, "Size_s__to_Install_": "4\r", "lat": 42.2698135, "lon": -71.8285483, "Mapped_address": "Franconia St, Worcester, MA 01602, USA", "FID": 1107}}, {"type": "Feature", "id": 1108, "geometry": {"type": "Point", "coordinates": [-71.798804, 42.3023403]}, "properties": {"F_": 828, "District": "WOR", "Town": "Worcester", "Street": "Fraternal Ave, Bourne St, Christine St", "Retirmement_footage": 998, "Material": "CS, BS, PL", "Installation_footage": 1000, "Size_s__to_Install_": "4\r", "lat": 42.3023403, "lon": -71.798804, "Mapped_address": "Bourne St, Worcester, MA 01606, USA", "FID": 1108}}, {"type": "Feature", "id": 1109, "geometry": {"type": "Point", "coordinates": [-71.7943298, 42.3023773]}, "properties": {"F_": 828, "District": "WOR", "Town": "Worcester", "Street": "Fraternal Ave, Bourne St, Christine St", "Retirmement_footage": 998, "Material": "CS, BS, PL", "Installation_footage": 1000, "Size_s__to_Install_": "4\r", "lat": 42.3023773, "lon": -71.7943298, "Mapped_address": "Christine St, Worcester, MA 01606, USA", "FID": 1109}}, {"type": "Feature", "id": 1110, "geometry": {"type": "Point", "coordinates": [-71.7970713, 42.3017199]}, "properties": {"F_": 828, "District": "WOR", "Town": "Worcester", "Street": "Fraternal Ave, Bourne St, Christine St", "Retirmement_footage": 998, "Material": "CS, BS, PL", "Installation_footage": 1000, "Size_s__to_Install_": "4\r", "lat": 42.3017199, "lon": -71.7970713, "Mapped_address": "Fraternal Ave, Worcester, MA 01606, USA", "FID": 1110}}, {"type": "Feature", "id": 1111, "geometry": {"type": "Point", "coordinates": [-71.8275284, 42.2418337]}, "properties": {"F_": 829, "District": "WOR", "Town": "Worcester", "Street": "Fremont St", "Retirmement_footage": 1971, "Material": "BS", "Installation_footage": 2000, "Size_s__to_Install_": "12\r", "lat": 42.2418337, "lon": -71.8275284, "Mapped_address": "Fremont St, Worcester, MA 01603, USA", "FID": 1111}}, {"type": "Feature", "id": 1112, "geometry": {"type": "Point", "coordinates": [-71.8298544, 42.2546944]}, "properties": {"F_": 830, "District": "WOR", "Town": "Worcester", "Street": "Friedel St, Beaver Brook Pky", "Retirmement_footage": 867, "Material": "CI, BS, CS", "Installation_footage": null, "Size_s__to_Install_": "4\r", "lat": 42.2546944, "lon": -71.8298544, "Mapped_address": "Beaver Brook Pkwy, Worcester, MA, USA", "FID": 1112}}, {"type": "Feature", "id": 1113, "geometry": {"type": "Point", "coordinates": [-71.8306937, 42.2553592]}, "properties": {"F_": 830, "District": "WOR", "Town": "Worcester", "Street": "Friedel St, Beaver Brook Pky", "Retirmement_footage": 867, "Material": "CI, BS, CS", "Installation_footage": null, "Size_s__to_Install_": "4\r", "lat": 42.2553592, "lon": -71.8306937, "Mapped_address": "Friedel St, Worcester, MA 01603, USA", "FID": 1113}}, {"type": "Feature", "id": 1114, "geometry": {"type": "Point", "coordinates": [-71.8344145, 42.25158]}, "properties": {"F_": 831, "District": "WOR", "Town": "Worcester", "Street": "Garland St", "Retirmement_footage": 432, "Material": "CI, PD", "Installation_footage": 440, "Size_s__to_Install_": "4\r", "lat": 42.25158, "lon": -71.8344145, "Mapped_address": "Garland St, Worcester, MA 01603, USA", "FID": 1114}}, {"type": "Feature", "id": 1115, "geometry": {"type": "Point", "coordinates": [-71.7948115, 42.238931]}, "properties": {"F_": 832, "District": "WOR", "Town": "Worcester", "Street": "Gloucester Rd", "Retirmement_footage": 562, "Material": "CI", "Installation_footage": 600, "Size_s__to_Install_": "4\r", "lat": 42.238931, "lon": -71.7948115, "Mapped_address": "Gloucester Rd, Worcester, MA 01607, USA", "FID": 1115}}, {"type": "Feature", "id": 1116, "geometry": {"type": "Point", "coordinates": [-71.8032498, 42.2557749]}, "properties": {"F_": 833, "District": "WOR", "Town": "Worcester", "Street": "Gold St", "Retirmement_footage": 190, "Material": "CI", "Installation_footage": 0, "Size_s__to_Install_": "n/a\r", "lat": 42.2557749, "lon": -71.8032498, "Mapped_address": "Gold St, Worcester, MA, USA", "FID": 1116}}, {"type": "Feature", "id": 1117, "geometry": {"type": "Point", "coordinates": [-71.7838339, 42.3116261]}, "properties": {"F_": 834, "District": "WOR", "Town": "Worcester", "Street": "Governors St", "Retirmement_footage": 151, "Material": "BS", "Installation_footage": 120, "Size_s__to_Install_": "12\r", "lat": 42.3116261, "lon": -71.7838339, "Mapped_address": "Governors St, Worcester, MA 01606, USA", "FID": 1117}}, {"type": "Feature", "id": 1118, "geometry": {"type": "Point", "coordinates": [-71.7699888, 42.2503464]}, "properties": {"F_": 836, "District": "WOR", "Town": "Worcester", "Street": "Grafton St", "Retirmement_footage": 1145, "Material": "CI", "Installation_footage": 1160, "Size_s__to_Install_": "6\r", "lat": 42.2503464, "lon": -71.7699888, "Mapped_address": "Grafton St, Worcester, MA 01604, USA", "FID": 1118}}, {"type": "Feature", "id": 1119, "geometry": {"type": "Point", "coordinates": [-71.7699888, 42.2503464]}, "properties": {"F_": 837, "District": "WOR", "Town": "Worcester", "Street": "Grafton St", "Retirmement_footage": 5850, "Material": "CS", "Installation_footage": 5880, "Size_s__to_Install_": "12\r", "lat": 42.2503464, "lon": -71.7699888, "Mapped_address": "Grafton St, Worcester, MA 01604, USA", "FID": 1119}}, {"type": "Feature", "id": 1120, "geometry": {"type": "Point", "coordinates": [-71.7699888, 42.2503464]}, "properties": {"F_": 838, "District": "WOR", "Town": "Worcester", "Street": "Grafton St (Rt 122)", "Retirmement_footage": 1360, "Material": "CI", "Installation_footage": 1360, "Size_s__to_Install_": "8\r", "lat": 42.2503464, "lon": -71.7699888, "Mapped_address": "Grafton St, Worcester, MA 01604, USA", "FID": 1120}}, {"type": "Feature", "id": 1121, "geometry": {"type": "Point", "coordinates": [-71.7959807, 42.2208807]}, "properties": {"F_": 839, "District": "WOR", "Town": "Worcester", "Street": "Greenwood St / Adelle Circuit", "Retirmement_footage": 3702, "Material": "CI, PL", "Installation_footage": 2494, "Size_s__to_Install_": "4\r", "lat": 42.2208807, "lon": -71.7959807, "Mapped_address": "Adelle Circuit, Worcester, MA 01607, USA", "FID": 1121}}, {"type": "Feature", "id": 1122, "geometry": {"type": "Point", "coordinates": [-71.7967575, 42.2226292]}, "properties": {"F_": 839, "District": "WOR", "Town": "Worcester", "Street": "Greenwood St / Adelle Circuit", "Retirmement_footage": 3702, "Material": "CI, PL", "Installation_footage": 2494, "Size_s__to_Install_": "4\r", "lat": 42.2226292, "lon": -71.7967575, "Mapped_address": "Greenwood St, Worcester, MA, USA", "FID": 1122}}, {"type": "Feature", "id": 1123, "geometry": {"type": "Point", "coordinates": [-71.8165172, 42.2926226]}, "properties": {"F_": 840, "District": "WOR", "Town": "Worcester", "Street": "Grove St", "Retirmement_footage": 1141, "Material": "CI, CS", "Installation_footage": 617, "Size_s__to_Install_": "12\r", "lat": 42.2926226, "lon": -71.8165172, "Mapped_address": "Grove St, Worcester, MA, USA", "FID": 1123}}, {"type": "Feature", "id": 1124, "geometry": {"type": "Point", "coordinates": [-71.8165172, 42.2926226]}, "properties": {"F_": 841, "District": "WOR", "Town": "Worcester", "Street": "Grove St", "Retirmement_footage": 1944, "Material": "CI", "Installation_footage": 1960, "Size_s__to_Install_": "8\r", "lat": 42.2926226, "lon": -71.8165172, "Mapped_address": "Grove St, Worcester, MA, USA", "FID": 1124}}, {"type": "Feature", "id": 1125, "geometry": {"type": "Point", "coordinates": [-71.8165172, 42.2926226]}, "properties": {"F_": 842, "District": "WOR", "Town": "Worcester", "Street": "Grove St", "Retirmement_footage": 2440, "Material": "CI", "Installation_footage": 2440, "Size_s__to_Install_": "12\r", "lat": 42.2926226, "lon": -71.8165172, "Mapped_address": "Grove St, Worcester, MA, USA", "FID": 1125}}, {"type": "Feature", "id": 1126, "geometry": {"type": "Point", "coordinates": [-71.8165172, 42.2926226]}, "properties": {"F_": 843, "District": "WOR", "Town": "Worcester", "Street": "Grove St", "Retirmement_footage": 250, "Material": "CI", "Installation_footage": 280, "Size_s__to_Install_": "8\r", "lat": 42.2926226, "lon": -71.8165172, "Mapped_address": "Grove St, Worcester, MA, USA", "FID": 1126}}, {"type": "Feature", "id": 1127, "geometry": {"type": "Point", "coordinates": [-71.8052876, 42.2863265]}, "properties": {"F_": 844, "District": "WOR", "Town": "Worcester", "Street": "Grove St, Glennie St", "Retirmement_footage": 2391, "Material": "CI, CS", "Installation_footage": 2400, "Size_s__to_Install_": "\r", "lat": 42.2863265, "lon": -71.8052876, "Mapped_address": "Glennie St, Worcester, MA 01605, USA", "FID": 1127}}, {"type": "Feature", "id": 1128, "geometry": {"type": "Point", "coordinates": [-71.8165172, 42.2926226]}, "properties": {"F_": 844, "District": "WOR", "Town": "Worcester", "Street": "Grove St, Glennie St", "Retirmement_footage": 2391, "Material": "CI, CS", "Installation_footage": 2400, "Size_s__to_Install_": "\r", "lat": 42.2926226, "lon": -71.8165172, "Mapped_address": "Grove St, Worcester, MA, USA", "FID": 1128}}, {"type": "Feature", "id": 1129, "geometry": {"type": "Point", "coordinates": [-71.8124757, 42.2718217]}, "properties": {"F_": 845, "District": "WOR", "Town": "Worcester", "Street": "Hackfeld Rd", "Retirmement_footage": 540, "Material": "CS", "Installation_footage": 560, "Size_s__to_Install_": "4\r", "lat": 42.2718217, "lon": -71.8124757, "Mapped_address": "Hackfeld Rd, Worcester, MA 01609, USA", "FID": 1129}}, {"type": "Feature", "id": 1130, "geometry": {"type": "Point", "coordinates": [-71.7697055, 42.2573051]}, "properties": {"F_": 846, "District": "WOR", "Town": "Worcester", "Street": "Hamilton St", "Retirmement_footage": 2707, "Material": "CS", "Installation_footage": 1700, "Size_s__to_Install_": "\r", "lat": 42.2573051, "lon": -71.7697055, "Mapped_address": "Hamilton St, Worcester, MA 01604, USA", "FID": 1130}}, {"type": "Feature", "id": 1131, "geometry": {"type": "Point", "coordinates": [-71.7644948, 42.2564427]}, "properties": {"F_": 847, "District": "WOR", "Town": "Worcester", "Street": "Harold St", "Retirmement_footage": 494, "Material": "CI", "Installation_footage": 520, "Size_s__to_Install_": "4\r", "lat": 42.2564427, "lon": -71.7644948, "Mapped_address": "Harold St, Worcester, MA 01604, USA", "FID": 1131}}, {"type": "Feature", "id": 1132, "geometry": {"type": "Point", "coordinates": [-71.7940494, 42.2553393]}, "properties": {"F_": 848, "District": "WOR", "Town": "Worcester", "Street": "Harrison St", "Retirmement_footage": 560, "Material": "CS", "Installation_footage": 560, "Size_s__to_Install_": "8\r", "lat": 42.2553393, "lon": -71.7940494, "Mapped_address": "Harrison St, Worcester, MA 01604, USA", "FID": 1132}}, {"type": "Feature", "id": 1133, "geometry": {"type": "Point", "coordinates": [-71.8023926, 42.2691619]}, "properties": {"F_": 849, "District": "WOR", "Town": "Worcester", "Street": "Harvard St / Sudbury St", "Retirmement_footage": 262, "Material": "CI", "Installation_footage": 280, "Size_s__to_Install_": "6\r", "lat": 42.2691619, "lon": -71.8023926, "Mapped_address": "Harvard St, Worcester, MA, USA", "FID": 1133}}, {"type": "Feature", "id": 1134, "geometry": {"type": "Point", "coordinates": [-71.8024599, 42.2663098]}, "properties": {"F_": 849, "District": "WOR", "Town": "Worcester", "Street": "Harvard St / Sudbury St", "Retirmement_footage": 262, "Material": "CI", "Installation_footage": 280, "Size_s__to_Install_": "6\r", "lat": 42.2663098, "lon": -71.8024599, "Mapped_address": "Sudbury St, Worcester, MA, USA", "FID": 1134}}, {"type": "Feature", "id": 1135, "geometry": {"type": "Point", "coordinates": [-71.8442144, 42.2333987]}, "properties": {"F_": 850, "District": "WOR", "Town": "Worcester", "Street": "Heard St / Waterman St / Pine View Ave / Truro St / Dunbar St / Linda Vista St / Royal Rd / Saint Kevin St", "Retirmement_footage": 5443, "Material": "CI, CS, PL", "Installation_footage": 5480, "Size_s__to_Install_": "4, 2\r", "lat": 42.2333987, "lon": -71.8442144, "Mapped_address": "Dunbar St, Worcester, MA 01603, USA", "FID": 1135}}, {"type": "Feature", "id": 1136, "geometry": {"type": "Point", "coordinates": [-71.8230581, 42.2708024]}, "properties": {"F_": 916, "District": "WOR", "Town": "Worcester", "Street": "Newton Ave / Suburban Rd", "Retirmement_footage": 786, "Material": "BS, CI", "Installation_footage": 575, "Size_s__to_Install_": "4\r", "lat": 42.2708024, "lon": -71.8230581, "Mapped_address": "Suburban Rd, Worcester, MA 01602, USA", "FID": 1136}}, {"type": "Feature", "id": 1137, "geometry": {"type": "Point", "coordinates": [-71.4603307, 42.4292234]}, "properties": {"F_": 701, "District": "SOU", "Town": "Maynard", "Street": "High St, Sudbury St, Sudbury Ct", "Retirmement_footage": 1638, "Material": "CS, PL", "Installation_footage": 1640, "Size_s__to_Install_": "2\r", "lat": 42.4292234, "lon": -71.4603307, "Mapped_address": "Sudbury Ct, Maynard, MA 01754, USA", "FID": 1137}}, {"type": "Feature", "id": 1138, "geometry": {"type": "Point", "coordinates": [-71.8310943, 42.2442298]}, "properties": {"F_": 917, "District": "WOR", "Town": "Worcester", "Street": "Nixon Ave", "Retirmement_footage": 442, "Material": "BS", "Installation_footage": 480, "Size_s__to_Install_": "2\r", "lat": 42.2442298, "lon": -71.8310943, "Mapped_address": "Nixon Ave, Worcester, MA 01603, USA", "FID": 1138}}, {"type": "Feature", "id": 1139, "geometry": {"type": "Point", "coordinates": [-71.7784627, 42.2738861]}, "properties": {"F_": 919, "District": "WOR", "Town": "Worcester", "Street": "Oden Ave", "Retirmement_footage": 213, "Material": "CI, CS, PL", "Installation_footage": 240, "Size_s__to_Install_": "4\r", "lat": 42.2738861, "lon": -71.7784627, "Mapped_address": "Oden Ave, Worcester, MA, USA", "FID": 1139}}, {"type": "Feature", "id": 1140, "geometry": {"type": "Point", "coordinates": [-71.4592999, 42.4280135]}, "properties": {"F_": 701, "District": "SOU", "Town": "Maynard", "Street": "High St, Sudbury St, Sudbury Ct", "Retirmement_footage": 1638, "Material": "CS, PL", "Installation_footage": 1640, "Size_s__to_Install_": "2\r", "lat": 42.4280135, "lon": -71.4592999, "Mapped_address": "Sudbury St, Maynard, MA 01754, USA", "FID": 1140}}, {"type": "Feature", "id": 1141, "geometry": {"type": "Point", "coordinates": [-71.7765106, 42.2646209]}, "properties": {"F_": 920, "District": "WOR", "Town": "Worcester", "Street": "Orient St / Lord St / Trent Rd", "Retirmement_footage": 1171, "Material": "BS, PD, CI, CS, PL", "Installation_footage": 1200, "Size_s__to_Install_": "4\r", "lat": 42.2646209, "lon": -71.7765106, "Mapped_address": "Lord St, Worcester, MA 01604, USA", "FID": 1141}}, {"type": "Feature", "id": 1142, "geometry": {"type": "Point", "coordinates": [-71.4591058, 42.430781]}, "properties": {"F_": 702, "District": "SOU", "Town": "Maynard", "Street": "Main St / Martin St", "Retirmement_footage": 1096, "Material": "CS", "Installation_footage": 1120, "Size_s__to_Install_": "4, 2\r", "lat": 42.430781, "lon": -71.4591058, "Mapped_address": "Main St, Maynard, MA 01754, USA", "FID": 1142}}, {"type": "Feature", "id": 1143, "geometry": {"type": "Point", "coordinates": [-71.7816568, 42.2622712]}, "properties": {"F_": 920, "District": "WOR", "Town": "Worcester", "Street": "Orient St / Lord St / Trent Rd", "Retirmement_footage": 1171, "Material": "BS, PD, CI, CS, PL", "Installation_footage": 1200, "Size_s__to_Install_": "4\r", "lat": 42.2622712, "lon": -71.7816568, "Mapped_address": "Orient St, Worcester, MA 01604, USA", "FID": 1143}}, {"type": "Feature", "id": 1144, "geometry": {"type": "Point", "coordinates": [-71.4619053, 42.4303883]}, "properties": {"F_": 702, "District": "SOU", "Town": "Maynard", "Street": "Main St / Martin St", "Retirmement_footage": 1096, "Material": "CS", "Installation_footage": 1120, "Size_s__to_Install_": "4, 2\r", "lat": 42.4303883, "lon": -71.4619053, "Mapped_address": "Martin St, Maynard, MA 01754, USA", "FID": 1144}}, {"type": "Feature", "id": 1145, "geometry": {"type": "Point", "coordinates": [-71.7740415, 42.2654254]}, "properties": {"F_": 920, "District": "WOR", "Town": "Worcester", "Street": "Orient St / Lord St / Trent Rd", "Retirmement_footage": 1171, "Material": "BS, PD, CI, CS, PL", "Installation_footage": 1200, "Size_s__to_Install_": "4\r", "lat": 42.2654254, "lon": -71.7740415, "Mapped_address": "Trent Rd, Worcester, MA 01604, USA", "FID": 1145}}, {"type": "Feature", "id": 1146, "geometry": {"type": "Point", "coordinates": [-71.844934, 42.233315]}, "properties": {"F_": 850, "District": "WOR", "Town": "Worcester", "Street": "Heard St / Waterman St / Pine View Ave / Truro St / Dunbar St / Linda Vista St / Royal Rd / Saint Kevin St", "Retirmement_footage": 5443, "Material": "CI, CS, PL", "Installation_footage": 5480, "Size_s__to_Install_": "4, 2\r", "lat": 42.233315, "lon": -71.844934, "Mapped_address": "Pine View Ave, Worcester, MA 01603, USA", "FID": 1146}}, {"type": "Feature", "id": 1147, "geometry": {"type": "Point", "coordinates": [-71.5195868, 42.1510674]}, "properties": {"F_": 703, "District": "SOU", "Town": "Milford", "Street": "Birmingham Ct", "Retirmement_footage": 717, "Material": "CS, PD", "Installation_footage": 720, "Size_s__to_Install_": "4\r", "lat": 42.1510674, "lon": -71.5195868, "Mapped_address": "Birmingham Ct, Milford, MA 01757, USA", "FID": 1147}}, {"type": "Feature", "id": 1148, "geometry": {"type": "Point", "coordinates": [-71.8397734, 42.2311243]}, "properties": {"F_": 850, "District": "WOR", "Town": "Worcester", "Street": "Heard St / Waterman St / Pine View Ave / Truro St / Dunbar St / Linda Vista St / Royal Rd / Saint Kevin St", "Retirmement_footage": 5443, "Material": "CI, CS, PL", "Installation_footage": 5480, "Size_s__to_Install_": "4, 2\r", "lat": 42.2311243, "lon": -71.8397734, "Mapped_address": "Royal Rd, Worcester, MA 01603, USA", "FID": 1148}}, {"type": "Feature", "id": 1149, "geometry": {"type": "Point", "coordinates": [-71.8440791, 42.2300241]}, "properties": {"F_": 850, "District": "WOR", "Town": "Worcester", "Street": "Heard St / Waterman St / Pine View Ave / Truro St / Dunbar St / Linda Vista St / Royal Rd / Saint Kevin St", "Retirmement_footage": 5443, "Material": "CI, CS, PL", "Installation_footage": 5480, "Size_s__to_Install_": "4, 2\r", "lat": 42.2300241, "lon": -71.8440791, "Mapped_address": "St Kevin Rd, Worcester, MA 01603, USA", "FID": 1149}}, {"type": "Feature", "id": 1150, "geometry": {"type": "Point", "coordinates": [-71.5294766, 42.1533643]}, "properties": {"F_": 704, "District": "SOU", "Town": "Milford", "Street": "Congress St / Congress St", "Retirmement_footage": 1540, "Material": "CS", "Installation_footage": 1200, "Size_s__to_Install_": "8\r", "lat": 42.1533643, "lon": -71.5294766, "Mapped_address": "Congress St, Milford, MA 01757, USA", "FID": 1150}}, {"type": "Feature", "id": 1151, "geometry": {"type": "Point", "coordinates": [-71.843839, 42.2347391]}, "properties": {"F_": 850, "District": "WOR", "Town": "Worcester", "Street": "Heard St / Waterman St / Pine View Ave / Truro St / Dunbar St / Linda Vista St / Royal Rd / Saint Kevin St", "Retirmement_footage": 5443, "Material": "CI, CS, PL", "Installation_footage": 5480, "Size_s__to_Install_": "4, 2\r", "lat": 42.2347391, "lon": -71.843839, "Mapped_address": "Truro St, Worcester, MA 01603, USA", "FID": 1151}}, {"type": "Feature", "id": 1152, "geometry": {"type": "Point", "coordinates": [-71.5155719, 42.1339968]}, "properties": {"F_": 705, "District": "SOU", "Town": "Milford", "Street": "Depot St", "Retirmement_footage": 670, "Material": "CS, BS", "Installation_footage": 0, "Size_s__to_Install_": "n/a\r", "lat": 42.1339968, "lon": -71.5155719, "Mapped_address": "Depot St, Milford, MA 01757, USA", "FID": 1152}}, {"type": "Feature", "id": 1153, "geometry": {"type": "Point", "coordinates": [-71.8437424, 42.2354392]}, "properties": {"F_": 850, "District": "WOR", "Town": "Worcester", "Street": "Heard St / Waterman St / Pine View Ave / Truro St / Dunbar St / Linda Vista St / Royal Rd / Saint Kevin St", "Retirmement_footage": 5443, "Material": "CI, CS, PL", "Installation_footage": 5480, "Size_s__to_Install_": "4, 2\r", "lat": 42.2354392, "lon": -71.8437424, "Mapped_address": "Waterman St, Worcester, MA 01603, USA", "FID": 1153}}, {"type": "Feature", "id": 1154, "geometry": {"type": "Point", "coordinates": [-71.847963, 42.2852506]}, "properties": {"F_": 921, "District": "WOR", "Town": "Worcester", "Street": "Paradox Dr", "Retirmement_footage": 1710, "Material": "CS, PL", "Installation_footage": 1720, "Size_s__to_Install_": "8, 2\r", "lat": 42.2852506, "lon": -71.847963, "Mapped_address": "Paradox Dr, Worcester, MA 01602, USA", "FID": 1154}}, {"type": "Feature", "id": 1155, "geometry": {"type": "Point", "coordinates": [-71.5138612, 42.1375221]}, "properties": {"F_": 706, "District": "SOU", "Town": "Milford", "Street": "Depot St / Cemetery St", "Retirmement_footage": 1270, "Material": "BS, CS, PL", "Installation_footage": 186, "Size_s__to_Install_": "2\r", "lat": 42.1375221, "lon": -71.5138612, "Mapped_address": "Cemetery St, Milford, MA 01757, USA", "FID": 1155}}, {"type": "Feature", "id": 1156, "geometry": {"type": "Point", "coordinates": [-71.7874544, 42.2640047]}, "properties": {"F_": 851, "District": "WOR", "Town": "Worcester", "Street": "Henry St", "Retirmement_footage": 404, "Material": "CI", "Installation_footage": 440, "Size_s__to_Install_": "2\r", "lat": 42.2640047, "lon": -71.7874544, "Mapped_address": "Henry St, Worcester, MA 01604, USA", "FID": 1156}}, {"type": "Feature", "id": 1157, "geometry": {"type": "Point", "coordinates": [-71.819618, 42.2637249]}, "properties": {"F_": 922, "District": "WOR", "Town": "Worcester", "Street": "Park Ave", "Retirmement_footage": 1764, "Material": "CI, CS", "Installation_footage": 1800, "Size_s__to_Install_": "8\r", "lat": 42.2637249, "lon": -71.819618, "Mapped_address": "Park Ave, Worcester, MA, USA", "FID": 1157}}, {"type": "Feature", "id": 1158, "geometry": {"type": "Point", "coordinates": [-71.5155719, 42.1339968]}, "properties": {"F_": 706, "District": "SOU", "Town": "Milford", "Street": "Depot St / Cemetery St", "Retirmement_footage": 1270, "Material": "BS, CS, PL", "Installation_footage": 186, "Size_s__to_Install_": "2\r", "lat": 42.1339968, "lon": -71.5155719, "Mapped_address": "Depot St, Milford, MA 01757, USA", "FID": 1158}}, {"type": "Feature", "id": 1159, "geometry": {"type": "Point", "coordinates": [-71.7848261, 42.2479483]}, "properties": {"F_": 852, "District": "WOR", "Town": "Worcester", "Street": "Heywood St", "Retirmement_footage": 600, "Material": "CI", "Installation_footage": 600, "Size_s__to_Install_": "8\r", "lat": 42.2479483, "lon": -71.7848261, "Mapped_address": "Heywood St, Worcester, MA 01604, USA", "FID": 1159}}, {"type": "Feature", "id": 1160, "geometry": {"type": "Point", "coordinates": [-71.819618, 42.2637249]}, "properties": {"F_": 923, "District": "WOR", "Town": "Worcester", "Street": "Park Ave", "Retirmement_footage": 2014, "Material": "CI", "Installation_footage": 2040, "Size_s__to_Install_": "8\r", "lat": 42.2637249, "lon": -71.819618, "Mapped_address": "Park Ave, Worcester, MA, USA", "FID": 1160}}, {"type": "Feature", "id": 1161, "geometry": {"type": "Point", "coordinates": [-71.5500423, 42.1342281]}, "properties": {"F_": 707, "District": "SOU", "Town": "Milford", "Street": "Freedom St", "Retirmement_footage": 282, "Material": "CS", "Installation_footage": 300, "Size_s__to_Install_": "4\r", "lat": 42.1342281, "lon": -71.5500423, "Mapped_address": "Freedom St, Milford, MA, USA", "FID": 1161}}, {"type": "Feature", "id": 1162, "geometry": {"type": "Point", "coordinates": [-71.7848261, 42.2479483]}, "properties": {"F_": 853, "District": "WOR", "Town": "Worcester", "Street": "Heywood St", "Retirmement_footage": 1040, "Material": "CS", "Installation_footage": 1040, "Size_s__to_Install_": "8\r", "lat": 42.2479483, "lon": -71.7848261, "Mapped_address": "Heywood St, Worcester, MA 01604, USA", "FID": 1162}}, {"type": "Feature", "id": 1163, "geometry": {"type": "Point", "coordinates": [-71.8201931, 42.2588259]}, "properties": {"F_": 924, "District": "WOR", "Town": "Worcester", "Street": "Parker St / Mason Ct", "Retirmement_footage": 263, "Material": "CI, CS", "Installation_footage": 280, "Size_s__to_Install_": "4\r", "lat": 42.2588259, "lon": -71.8201931, "Mapped_address": "Mason Ct, Worcester, MA 01610, USA", "FID": 1163}}, {"type": "Feature", "id": 1164, "geometry": {"type": "Point", "coordinates": [-71.5270808, 42.1253449]}, "properties": {"F_": 708, "District": "SOU", "Town": "Milford", "Street": "Green St", "Retirmement_footage": 1874, "Material": "CS", "Installation_footage": 1880, "Size_s__to_Install_": "2\r", "lat": 42.1253449, "lon": -71.5270808, "Mapped_address": "Greene St, Milford, MA, USA", "FID": 1164}}, {"type": "Feature", "id": 1165, "geometry": {"type": "Point", "coordinates": [-71.7848261, 42.2479483]}, "properties": {"F_": 854, "District": "WOR", "Town": "Worcester", "Street": "Heywood St / Park Terrace Rd", "Retirmement_footage": 3112, "Material": "CS, CI", "Installation_footage": 2068, "Size_s__to_Install_": "4\r", "lat": 42.2479483, "lon": -71.7848261, "Mapped_address": "Heywood St, Worcester, MA 01604, USA", "FID": 1165}}, {"type": "Feature", "id": 1166, "geometry": {"type": "Point", "coordinates": [-71.8221428, 42.2587469]}, "properties": {"F_": 924, "District": "WOR", "Town": "Worcester", "Street": "Parker St / Mason Ct", "Retirmement_footage": 263, "Material": "CI, CS", "Installation_footage": 280, "Size_s__to_Install_": "4\r", "lat": 42.2587469, "lon": -71.8221428, "Mapped_address": "Parker St, Worcester, MA, USA", "FID": 1166}}, {"type": "Feature", "id": 1167, "geometry": {"type": "Point", "coordinates": [-71.5262803, 42.1411415]}, "properties": {"F_": 709, "District": "SOU", "Town": "Milford", "Street": "High St / West Spruce St / Cherry St", "Retirmement_footage": 1928, "Material": "CS", "Installation_footage": 1960, "Size_s__to_Install_": "2\r", "lat": 42.1411415, "lon": -71.5262803, "Mapped_address": "Cherry St, Milford, MA 01757, USA", "FID": 1167}}, {"type": "Feature", "id": 1168, "geometry": {"type": "Point", "coordinates": [-71.7826501, 42.2489763]}, "properties": {"F_": 854, "District": "WOR", "Town": "Worcester", "Street": "Heywood St / Park Terrace Rd", "Retirmement_footage": 3112, "Material": "CS, CI", "Installation_footage": 2068, "Size_s__to_Install_": "4\r", "lat": 42.2489763, "lon": -71.7826501, "Mapped_address": "Park Terrace Rd, Worcester, MA 01604, USA", "FID": 1168}}, {"type": "Feature", "id": 1169, "geometry": {"type": "Point", "coordinates": [-71.8214608, 42.3037558]}, "properties": {"F_": 925, "District": "WOR", "Town": "Worcester", "Street": "Parkton Ave", "Retirmement_footage": 541, "Material": "CI, PD", "Installation_footage": 560, "Size_s__to_Install_": "2\r", "lat": 42.3037558, "lon": -71.8214608, "Mapped_address": "Parkton Ave, Worcester, MA 01605, USA", "FID": 1169}}, {"type": "Feature", "id": 1170, "geometry": {"type": "Point", "coordinates": [-71.5279508, 42.1430612]}, "properties": {"F_": 709, "District": "SOU", "Town": "Milford", "Street": "High St / West Spruce St / Cherry St", "Retirmement_footage": 1928, "Material": "CS", "Installation_footage": 1960, "Size_s__to_Install_": "2\r", "lat": 42.1430612, "lon": -71.5279508, "Mapped_address": "High St, Milford, MA 01757, USA", "FID": 1170}}, {"type": "Feature", "id": 1171, "geometry": {"type": "Point", "coordinates": [-71.8238135, 42.271036]}, "properties": {"F_": 855, "District": "WOR", "Town": "Worcester", "Street": "Highland Ter", "Retirmement_footage": 473, "Material": "CI, BS", "Installation_footage": 480, "Size_s__to_Install_": "4\r", "lat": 42.271036, "lon": -71.8238135, "Mapped_address": "Highland Terrace, Worcester, MA 01602, USA", "FID": 1171}}, {"type": "Feature", "id": 1172, "geometry": {"type": "Point", "coordinates": [-71.8000515, 42.2278133]}, "properties": {"F_": 926, "District": "WOR", "Town": "Worcester", "Street": "Peacedale Ave", "Retirmement_footage": 444, "Material": "CI", "Installation_footage": 480, "Size_s__to_Install_": "2\r", "lat": 42.2278133, "lon": -71.8000515, "Mapped_address": "Peacedale Ave, Worcester, MA 01607, USA", "FID": 1172}}, {"type": "Feature", "id": 1173, "geometry": {"type": "Point", "coordinates": [-71.5256883, 42.1434123]}, "properties": {"F_": 709, "District": "SOU", "Town": "Milford", "Street": "High St / West Spruce St / Cherry St", "Retirmement_footage": 1928, "Material": "CS", "Installation_footage": 1960, "Size_s__to_Install_": "2\r", "lat": 42.1434123, "lon": -71.5256883, "Mapped_address": "W Spruce St, Milford, MA 01757, USA", "FID": 1173}}, {"type": "Feature", "id": 1174, "geometry": {"type": "Point", "coordinates": [-71.7749371, 42.2547778]}, "properties": {"F_": 856, "District": "WOR", "Town": "Worcester", "Street": "Hilton Ave / Cohasset St", "Retirmement_footage": 1416, "Material": "CI, CS", "Installation_footage": 1440, "Size_s__to_Install_": "4\r", "lat": 42.2547778, "lon": -71.7749371, "Mapped_address": "Cohasset St, Worcester, MA 01604, USA", "FID": 1174}}, {"type": "Feature", "id": 1175, "geometry": {"type": "Point", "coordinates": [-71.5443665, 42.1530924]}, "properties": {"F_": 710, "District": "SOU", "Town": "Milford", "Street": "Highland St", "Retirmement_footage": 3551, "Material": "CS", "Installation_footage": 3560, "Size_s__to_Install_": "6\r", "lat": 42.1530924, "lon": -71.5443665, "Mapped_address": "Highland St, Milford, MA 01757, USA", "FID": 1175}}, {"type": "Feature", "id": 1176, "geometry": {"type": "Point", "coordinates": [-71.7675632, 42.2563504]}, "properties": {"F_": 856, "District": "WOR", "Town": "Worcester", "Street": "Hilton Ave / Cohasset St", "Retirmement_footage": 1416, "Material": "CI, CS", "Installation_footage": 1440, "Size_s__to_Install_": "4\r", "lat": 42.2563504, "lon": -71.7675632, "Mapped_address": "Hilton Ave, Worcester, MA 01604, USA", "FID": 1176}}, {"type": "Feature", "id": 1177, "geometry": {"type": "Point", "coordinates": [-71.790271, 42.2548211]}, "properties": {"F_": 927, "District": "WOR", "Town": "Worcester", "Street": "Penn Ave", "Retirmement_footage": 268, "Material": "CI", "Installation_footage": 280, "Size_s__to_Install_": "4\r", "lat": 42.2548211, "lon": -71.790271, "Mapped_address": "Penn Ave, Worcester, MA 01604, USA", "FID": 1177}}, {"type": "Feature", "id": 1178, "geometry": {"type": "Point", "coordinates": [-71.5175445, 42.1406931]}, "properties": {"F_": 711, "District": "SOU", "Town": "Milford", "Street": "Jefferson St", "Retirmement_footage": 1018, "Material": "CS", "Installation_footage": 1040, "Size_s__to_Install_": "2\r", "lat": 42.1406931, "lon": -71.5175445, "Mapped_address": "Jefferson St, Milford, MA 01757, USA", "FID": 1178}}, {"type": "Feature", "id": 1179, "geometry": {"type": "Point", "coordinates": [-71.8195183, 42.2791978]}, "properties": {"F_": 928, "District": "WOR", "Town": "Worcester", "Street": "Pine Tree Dr", "Retirmement_footage": 1478, "Material": "CI, BS, CS", "Installation_footage": 1480, "Size_s__to_Install_": "8\r", "lat": 42.2791978, "lon": -71.8195183, "Mapped_address": "Pine Tree Dr, Worcester, MA 01609, USA", "FID": 1179}}, {"type": "Feature", "id": 1180, "geometry": {"type": "Point", "coordinates": [-71.8203498, 42.3154749]}, "properties": {"F_": 857, "District": "WOR", "Town": "Worcester", "Street": "Holden St", "Retirmement_footage": 1523, "Material": "CS", "Installation_footage": 1560, "Size_s__to_Install_": "8\r", "lat": 42.3154749, "lon": -71.8203498, "Mapped_address": "Holden St, Worcester, MA, USA", "FID": 1180}}, {"type": "Feature", "id": 1181, "geometry": {"type": "Point", "coordinates": [-71.8459298, 42.2307148]}, "properties": {"F_": 929, "District": "WOR", "Town": "Worcester", "Street": "Pine View Ave, Lanark St, Hulbert Rd, Dunbar St, Papineau Ave, Laurier St, Antoine St, Tilbury St", "Retirmement_footage": 4349, "Material": "CI, CS, BS, PL", "Installation_footage": 4360, "Size_s__to_Install_": "4, 2\r", "lat": 42.2307148, "lon": -71.8459298, "Mapped_address": "Antoine St, Worcester, MA 01603, USA", "FID": 1181}}, {"type": "Feature", "id": 1182, "geometry": {"type": "Point", "coordinates": [-71.5221676, 42.137923]}, "properties": {"F_": 712, "District": "SOU", "Town": "Milford", "Street": "Main St", "Retirmement_footage": 516, "Material": "CI", "Installation_footage": 520, "Size_s__to_Install_": "12\r", "lat": 42.137923, "lon": -71.5221676, "Mapped_address": "Main St, Milford, MA 01757, USA", "FID": 1182}}, {"type": "Feature", "id": 1183, "geometry": {"type": "Point", "coordinates": [-71.7838339, 42.3116261]}, "properties": {"F_": 858, "District": "WOR", "Town": "Worcester", "Street": "Housatonic St / Uncatena Ave / Welcome St / Governors St", "Retirmement_footage": 5415, "Material": "CI, BS, CS, PL", "Installation_footage": 4136, "Size_s__to_Install_": "4\r", "lat": 42.3116261, "lon": -71.7838339, "Mapped_address": "Governors St, Worcester, MA 01606, USA", "FID": 1183}}, {"type": "Feature", "id": 1184, "geometry": {"type": "Point", "coordinates": [-71.8442144, 42.2333987]}, "properties": {"F_": 929, "District": "WOR", "Town": "Worcester", "Street": "Pine View Ave, Lanark St, Hulbert Rd, Dunbar St, Papineau Ave, Laurier St, Antoine St, Tilbury St", "Retirmement_footage": 4349, "Material": "CI, CS, BS, PL", "Installation_footage": 4360, "Size_s__to_Install_": "4, 2\r", "lat": 42.2333987, "lon": -71.8442144, "Mapped_address": "Dunbar St, Worcester, MA 01603, USA", "FID": 1184}}, {"type": "Feature", "id": 1185, "geometry": {"type": "Point", "coordinates": [-71.5235181, 42.1377573]}, "properties": {"F_": 713, "District": "SOU", "Town": "Milford", "Street": "Mayhew Slip", "Retirmement_footage": 238, "Material": "CS", "Installation_footage": 240, "Size_s__to_Install_": "4\r", "lat": 42.1377573, "lon": -71.5235181, "Mapped_address": "Mayhew Slip, Milford, MA 01757, USA", "FID": 1185}}, {"type": "Feature", "id": 1186, "geometry": {"type": "Point", "coordinates": [-71.785005, 42.3117316]}, "properties": {"F_": 858, "District": "WOR", "Town": "Worcester", "Street": "Housatonic St / Uncatena Ave / Welcome St / Governors St", "Retirmement_footage": 5415, "Material": "CI, BS, CS, PL", "Installation_footage": 4136, "Size_s__to_Install_": "4\r", "lat": 42.3117316, "lon": -71.785005, "Mapped_address": "Housatonic St, Worcester, MA 01606, USA", "FID": 1186}}, {"type": "Feature", "id": 1187, "geometry": {"type": "Point", "coordinates": [-71.8460293, 42.2354588]}, "properties": {"F_": 929, "District": "WOR", "Town": "Worcester", "Street": "Pine View Ave, Lanark St, Hulbert Rd, Dunbar St, Papineau Ave, Laurier St, Antoine St, Tilbury St", "Retirmement_footage": 4349, "Material": "CI, CS, BS, PL", "Installation_footage": 4360, "Size_s__to_Install_": "4, 2\r", "lat": 42.2354588, "lon": -71.8460293, "Mapped_address": "Hulbert Rd, Worcester, MA 01603, USA", "FID": 1187}}, {"type": "Feature", "id": 1188, "geometry": {"type": "Point", "coordinates": [-71.781719, 42.3094167]}, "properties": {"F_": 858, "District": "WOR", "Town": "Worcester", "Street": "Housatonic St / Uncatena Ave / Welcome St / Governors St", "Retirmement_footage": 5415, "Material": "CI, BS, CS, PL", "Installation_footage": 4136, "Size_s__to_Install_": "4\r", "lat": 42.3094167, "lon": -71.781719, "Mapped_address": "Uncatena Ave, Worcester, MA 01606, USA", "FID": 1188}}, {"type": "Feature", "id": 1189, "geometry": {"type": "Point", "coordinates": [-71.5393636, 42.1524905]}, "properties": {"F_": 714, "District": "SOU", "Town": "Milford", "Street": "Princeton Dr", "Retirmement_footage": 1385, "Material": "CS", "Installation_footage": 1400, "Size_s__to_Install_": "4\r", "lat": 42.1524905, "lon": -71.5393636, "Mapped_address": "Princeton Dr, Milford, MA 01757, USA", "FID": 1189}}, {"type": "Feature", "id": 1190, "geometry": {"type": "Point", "coordinates": [-71.8445968, 42.2339992]}, "properties": {"F_": 929, "District": "WOR", "Town": "Worcester", "Street": "Pine View Ave, Lanark St, Hulbert Rd, Dunbar St, Papineau Ave, Laurier St, Antoine St, Tilbury St", "Retirmement_footage": 4349, "Material": "CI, CS, BS, PL", "Installation_footage": 4360, "Size_s__to_Install_": "4, 2\r", "lat": 42.2339992, "lon": -71.8445968, "Mapped_address": "Lanark St, Worcester, MA 01603, USA", "FID": 1190}}, {"type": "Feature", "id": 1191, "geometry": {"type": "Point", "coordinates": [-71.7839398, 42.3136122]}, "properties": {"F_": 858, "District": "WOR", "Town": "Worcester", "Street": "Housatonic St / Uncatena Ave / Welcome St / Governors St", "Retirmement_footage": 5415, "Material": "CI, BS, CS, PL", "Installation_footage": 4136, "Size_s__to_Install_": "4\r", "lat": 42.3136122, "lon": -71.7839398, "Mapped_address": "Welcome St, Worcester, MA 01606, USA", "FID": 1191}}, {"type": "Feature", "id": 1192, "geometry": {"type": "Point", "coordinates": [-71.536918, 42.1601648]}, "properties": {"F_": 715, "District": "SOU", "Town": "Milford", "Street": "Robert Rd", "Retirmement_footage": 600, "Material": "CS", "Installation_footage": 600, "Size_s__to_Install_": "4\r", "lat": 42.1601648, "lon": -71.536918, "Mapped_address": "Robert Rd, Milford, MA 01757, USA", "FID": 1192}}, {"type": "Feature", "id": 1193, "geometry": {"type": "Point", "coordinates": [-71.8468902, 42.2307459]}, "properties": {"F_": 929, "District": "WOR", "Town": "Worcester", "Street": "Pine View Ave, Lanark St, Hulbert Rd, Dunbar St, Papineau Ave, Laurier St, Antoine St, Tilbury St", "Retirmement_footage": 4349, "Material": "CI, CS, BS, PL", "Installation_footage": 4360, "Size_s__to_Install_": "4, 2\r", "lat": 42.2307459, "lon": -71.8468902, "Mapped_address": "Laurier St, Worcester, MA 01603, USA", "FID": 1193}}, {"type": "Feature", "id": 1194, "geometry": {"type": "Point", "coordinates": [-71.8480332, 42.2712704]}, "properties": {"F_": 859, "District": "WOR", "Town": "Worcester", "Street": "Hunthurst Cir", "Retirmement_footage": 1529, "Material": "CS, BS", "Installation_footage": 1580, "Size_s__to_Install_": "8,4\r", "lat": 42.2712704, "lon": -71.8480332, "Mapped_address": "Hunthurst Cir, Worcester, MA 01602, USA", "FID": 1194}}, {"type": "Feature", "id": 1195, "geometry": {"type": "Point", "coordinates": [-71.5205167, 42.1427717]}, "properties": {"F_": 716, "District": "SOU", "Town": "Milford", "Street": "Spruce St", "Retirmement_footage": 1105, "Material": "CS", "Installation_footage": 1120, "Size_s__to_Install_": "4\r", "lat": 42.1427717, "lon": -71.5205167, "Mapped_address": "Spruce St, Milford, MA 01757, USA", "FID": 1195}}, {"type": "Feature", "id": 1196, "geometry": {"type": "Point", "coordinates": [-71.843792, 42.230699]}, "properties": {"F_": 929, "District": "WOR", "Town": "Worcester", "Street": "Pine View Ave, Lanark St, Hulbert Rd, Dunbar St, Papineau Ave, Laurier St, Antoine St, Tilbury St", "Retirmement_footage": 4349, "Material": "CI, CS, BS, PL", "Installation_footage": 4360, "Size_s__to_Install_": "4, 2\r", "lat": 42.230699, "lon": -71.843792, "Mapped_address": "Papineau Ave, Worcester, MA 01603, USA", "FID": 1196}}, {"type": "Feature", "id": 1197, "geometry": {"type": "Point", "coordinates": [-71.7803957, 42.2557494]}, "properties": {"F_": 860, "District": "WOR", "Town": "Worcester", "Street": "Ingleside Ave", "Retirmement_footage": 3480, "Material": "CI, BS, PL", "Installation_footage": 3480, "Size_s__to_Install_": "6\r", "lat": 42.2557494, "lon": -71.7803957, "Mapped_address": "Ingleside Ave, Worcester, MA 01604, USA", "FID": 1197}}, {"type": "Feature", "id": 1198, "geometry": {"type": "Point", "coordinates": [-71.5180329, 42.1494935]}, "properties": {"F_": 717, "District": "SOU", "Town": "Milford", "Street": "Sumner St", "Retirmement_footage": 1800, "Material": "CS", "Installation_footage": 1800, "Size_s__to_Install_": "4\r", "lat": 42.1494935, "lon": -71.5180329, "Mapped_address": "Sumner St, Milford, MA 01757, USA", "FID": 1198}}, {"type": "Feature", "id": 1199, "geometry": {"type": "Point", "coordinates": [-71.844934, 42.233315]}, "properties": {"F_": 929, "District": "WOR", "Town": "Worcester", "Street": "Pine View Ave, Lanark St, Hulbert Rd, Dunbar St, Papineau Ave, Laurier St, Antoine St, Tilbury St", "Retirmement_footage": 4349, "Material": "CI, CS, BS, PL", "Installation_footage": 4360, "Size_s__to_Install_": "4, 2\r", "lat": 42.233315, "lon": -71.844934, "Mapped_address": "Pine View Ave, Worcester, MA 01603, USA", "FID": 1199}}, {"type": "Feature", "id": 1200, "geometry": {"type": "Point", "coordinates": [-71.8094742, 42.2728978]}, "properties": {"F_": 861, "District": "WOR", "Town": "Worcester", "Street": "Institute Rd", "Retirmement_footage": 557, "Material": "CI", "Installation_footage": 0, "Size_s__to_Install_": "n/a\r", "lat": 42.2728978, "lon": -71.8094742, "Mapped_address": "Institute Rd, Worcester, MA, USA", "FID": 1200}}, {"type": "Feature", "id": 1201, "geometry": {"type": "Point", "coordinates": [-71.3532907, 42.2758818]}, "properties": {"F_": 718, "District": "SOU", "Town": "Natick", "Street": "Bennett St & sub main / Curve St / Curve St / Pitts St", "Retirmement_footage": 2290, "Material": "BS, CS, PS", "Installation_footage": 2360, "Size_s__to_Install_": "6,4,2\r", "lat": 42.2758818, "lon": -71.3532907, "Mapped_address": "Bennett St, Natick, MA 01760, USA", "FID": 1201}}, {"type": "Feature", "id": 1202, "geometry": {"type": "Point", "coordinates": [-71.8467671, 42.2310853]}, "properties": {"F_": 929, "District": "WOR", "Town": "Worcester", "Street": "Pine View Ave, Lanark St, Hulbert Rd, Dunbar St, Papineau Ave, Laurier St, Antoine St, Tilbury St", "Retirmement_footage": 4349, "Material": "CI, CS, BS, PL", "Installation_footage": 4360, "Size_s__to_Install_": "4, 2\r", "lat": 42.2310853, "lon": -71.8467671, "Mapped_address": "Tilbury St, Worcester, MA 01603, USA", "FID": 1202}}, {"type": "Feature", "id": 1203, "geometry": {"type": "Point", "coordinates": [-71.3537779, 42.276858]}, "properties": {"F_": 718, "District": "SOU", "Town": "Natick", "Street": "Bennett St & sub main / Curve St / Curve St / Pitts St", "Retirmement_footage": 2290, "Material": "BS, CS, PS", "Installation_footage": 2360, "Size_s__to_Install_": "6,4,2\r", "lat": 42.276858, "lon": -71.3537779, "Mapped_address": "Curve St, Natick, MA 01760, USA", "FID": 1203}}, {"type": "Feature", "id": 1204, "geometry": {"type": "Point", "coordinates": [-71.7671144, 42.2745777]}, "properties": {"F_": 930, "District": "WOR", "Town": "Worcester", "Street": "Plantation St", "Retirmement_footage": 1460, "Material": "CI", "Installation_footage": 1460, "Size_s__to_Install_": "8\r", "lat": 42.2745777, "lon": -71.7671144, "Mapped_address": "Plantation St, Worcester, MA, USA", "FID": 1204}}, {"type": "Feature", "id": 1205, "geometry": {"type": "Point", "coordinates": [-71.829918, 42.2741686]}, "properties": {"F_": 862, "District": "WOR", "Town": "Worcester", "Street": "Intervale Rd", "Retirmement_footage": 1124, "Material": "CI, CS, BS", "Installation_footage": 1160, "Size_s__to_Install_": "6\r", "lat": 42.2741686, "lon": -71.829918, "Mapped_address": "Intervale Rd, Worcester, MA 01602, USA", "FID": 1205}}, {"type": "Feature", "id": 1206, "geometry": {"type": "Point", "coordinates": [-71.3527472, 42.2792361]}, "properties": {"F_": 718, "District": "SOU", "Town": "Natick", "Street": "Bennett St & sub main / Curve St / Curve St / Pitts St", "Retirmement_footage": 2290, "Material": "BS, CS, PS", "Installation_footage": 2360, "Size_s__to_Install_": "6,4,2\r", "lat": 42.2792361, "lon": -71.3527472, "Mapped_address": "Pitts St, Natick, MA 01760, USA", "FID": 1206}}, {"type": "Feature", "id": 1207, "geometry": {"type": "Point", "coordinates": [-71.7883221, 42.3130484]}, "properties": {"F_": 863, "District": "WOR", "Town": "Worcester", "Street": "Inwood Rd", "Retirmement_footage": 475, "Material": "CI", "Installation_footage": 480, "Size_s__to_Install_": "8\r", "lat": 42.3130484, "lon": -71.7883221, "Mapped_address": "Inwood Rd, Worcester, MA 01606, USA", "FID": 1207}}, {"type": "Feature", "id": 1208, "geometry": {"type": "Point", "coordinates": [-71.7824663, 42.2552583]}, "properties": {"F_": 931, "District": "WOR", "Town": "Worcester", "Street": "Plantation St / Caroline St / Cohasset St / Hale St", "Retirmement_footage": 2924, "Material": "CI", "Installation_footage": 2960, "Size_s__to_Install_": "6\r", "lat": 42.2552583, "lon": -71.7824663, "Mapped_address": "Caroline St, Worcester, MA 01604, USA", "FID": 1208}}, {"type": "Feature", "id": 1209, "geometry": {"type": "Point", "coordinates": [-71.3531615, 42.2931706]}, "properties": {"F_": 719, "District": "SOU", "Town": "Natick", "Street": "Charles St", "Retirmement_footage": 255, "Material": "BS", "Installation_footage": 280, "Size_s__to_Install_": "2\r", "lat": 42.2931706, "lon": -71.3531615, "Mapped_address": "Charles St, Natick, MA 01760, USA", "FID": 1209}}, {"type": "Feature", "id": 1210, "geometry": {"type": "Point", "coordinates": [-71.8436139, 42.2290818]}, "properties": {"F_": 864, "District": "WOR", "Town": "Worcester", "Street": "James St, Clover St", "Retirmement_footage": 2033, "Material": "BS, CS, CI, PL", "Installation_footage": 2096, "Size_s__to_Install_": "2\r", "lat": 42.2290818, "lon": -71.8436139, "Mapped_address": "Clover Street, Worcester, MA 01603, USA", "FID": 1210}}, {"type": "Feature", "id": 1211, "geometry": {"type": "Point", "coordinates": [-71.7749371, 42.2547778]}, "properties": {"F_": 931, "District": "WOR", "Town": "Worcester", "Street": "Plantation St / Caroline St / Cohasset St / Hale St", "Retirmement_footage": 2924, "Material": "CI", "Installation_footage": 2960, "Size_s__to_Install_": "6\r", "lat": 42.2547778, "lon": -71.7749371, "Mapped_address": "Cohasset St, Worcester, MA 01604, USA", "FID": 1211}}, {"type": "Feature", "id": 1212, "geometry": {"type": "Point", "coordinates": [-71.3797585, 42.3053179]}, "properties": {"F_": 720, "District": "SOU", "Town": "Natick", "Street": "Chrysler Rd", "Retirmement_footage": 862, "Material": "CS", "Installation_footage": 880, "Size_s__to_Install_": "2\r", "lat": 42.3053179, "lon": -71.3797585, "Mapped_address": "Chrysler Rd, Natick, MA 01760, USA", "FID": 1212}}, {"type": "Feature", "id": 1213, "geometry": {"type": "Point", "coordinates": [-71.8500666, 42.2301642]}, "properties": {"F_": 864, "District": "WOR", "Town": "Worcester", "Street": "James St, Clover St", "Retirmement_footage": 2033, "Material": "BS, CS, CI, PL", "Installation_footage": 2096, "Size_s__to_Install_": "2\r", "lat": 42.2301642, "lon": -71.8500666, "Mapped_address": "James St, Worcester, MA, USA", "FID": 1213}}, {"type": "Feature", "id": 1214, "geometry": {"type": "Point", "coordinates": [-71.7829182, 42.2543783]}, "properties": {"F_": 931, "District": "WOR", "Town": "Worcester", "Street": "Plantation St / Caroline St / Cohasset St / Hale St", "Retirmement_footage": 2924, "Material": "CI", "Installation_footage": 2960, "Size_s__to_Install_": "6\r", "lat": 42.2543783, "lon": -71.7829182, "Mapped_address": "Hale St, Worcester, MA 01604, USA", "FID": 1214}}, {"type": "Feature", "id": 1215, "geometry": {"type": "Point", "coordinates": [-71.30751, 42.268857]}, "properties": {"F_": 721, "District": "SOU", "Town": "Natick", "Street": "Dover Rd", "Retirmement_footage": 1081, "Material": "BS", "Installation_footage": 1120, "Size_s__to_Install_": "12\r", "lat": 42.268857, "lon": -71.30751, "Mapped_address": "Dover Rd, Natick, MA, USA", "FID": 1215}}, {"type": "Feature", "id": 1216, "geometry": {"type": "Point", "coordinates": [-71.7955882, 42.2279383]}, "properties": {"F_": 865, "District": "WOR", "Town": "Worcester", "Street": "Jay St", "Retirmement_footage": 315, "Material": "CS", "Installation_footage": 320, "Size_s__to_Install_": "2\r", "lat": 42.2279383, "lon": -71.7955882, "Mapped_address": "Jay St, Worcester, MA 01607, USA", "FID": 1216}}, {"type": "Feature", "id": 1217, "geometry": {"type": "Point", "coordinates": [-71.7671144, 42.2745777]}, "properties": {"F_": 931, "District": "WOR", "Town": "Worcester", "Street": "Plantation St / Caroline St / Cohasset St / Hale St", "Retirmement_footage": 2924, "Material": "CI", "Installation_footage": 2960, "Size_s__to_Install_": "6\r", "lat": 42.2745777, "lon": -71.7671144, "Mapped_address": "Plantation St, Worcester, MA, USA", "FID": 1217}}, {"type": "Feature", "id": 1218, "geometry": {"type": "Point", "coordinates": [-71.3338884, 42.2609689]}, "properties": {"F_": 722, "District": "SOU", "Town": "Natick", "Street": "Eliot Hill Rd, Merifield Ln", "Retirmement_footage": 1290, "Material": "PD", "Installation_footage": 1320, "Size_s__to_Install_": "2\r", "lat": 42.2609689, "lon": -71.3338884, "Mapped_address": "Eliot Hill Rd, Natick, MA 01760, USA", "FID": 1218}}, {"type": "Feature", "id": 1219, "geometry": {"type": "Point", "coordinates": [-71.7954526, 42.253012]}, "properties": {"F_": 866, "District": "WOR", "Town": "Worcester", "Street": "Jefferson St / Blanche St", "Retirmement_footage": 1575, "Material": "CS", "Installation_footage": 1600, "Size_s__to_Install_": "4\r", "lat": 42.253012, "lon": -71.7954526, "Mapped_address": "Blanche St, Worcester, MA 01604, USA", "FID": 1219}}, {"type": "Feature", "id": 1220, "geometry": {"type": "Point", "coordinates": [-71.8421216, 42.2775304]}, "properties": {"F_": 932, "District": "WOR", "Town": "Worcester", "Street": "Pleasant St", "Retirmement_footage": 1377, "Material": "CI", "Installation_footage": 1400, "Size_s__to_Install_": "8\r", "lat": 42.2775304, "lon": -71.8421216, "Mapped_address": "Pleasant St, Worcester, MA, USA", "FID": 1220}}, {"type": "Feature", "id": 1221, "geometry": {"type": "Point", "coordinates": [-71.3356528, 42.260116]}, "properties": {"F_": 722, "District": "SOU", "Town": "Natick", "Street": "Eliot Hill Rd, Merifield Ln", "Retirmement_footage": 1290, "Material": "PD", "Installation_footage": 1320, "Size_s__to_Install_": "2\r", "lat": 42.260116, "lon": -71.3356528, "Mapped_address": "Merifield Ln, Natick, MA 01760, USA", "FID": 1221}}, {"type": "Feature", "id": 1222, "geometry": {"type": "Point", "coordinates": [-71.79472, 42.2536541]}, "properties": {"F_": 866, "District": "WOR", "Town": "Worcester", "Street": "Jefferson St / Blanche St", "Retirmement_footage": 1575, "Material": "CS", "Installation_footage": 1600, "Size_s__to_Install_": "4\r", "lat": 42.2536541, "lon": -71.79472, "Mapped_address": "Jefferson St, Worcester, MA 01604, USA", "FID": 1222}}, {"type": "Feature", "id": 1223, "geometry": {"type": "Point", "coordinates": [-71.8421216, 42.2775304]}, "properties": {"F_": 933, "District": "WOR", "Town": "Worcester", "Street": "Pleasant St", "Retirmement_footage": 305, "Material": "CI", "Installation_footage": 320, "Size_s__to_Install_": "6\r", "lat": 42.2775304, "lon": -71.8421216, "Mapped_address": "Pleasant St, Worcester, MA, USA", "FID": 1223}}, {"type": "Feature", "id": 1224, "geometry": {"type": "Point", "coordinates": [-71.3443359, 42.2888286]}, "properties": {"F_": 723, "District": "SOU", "Town": "Natick", "Street": "Florence St, Hillside Rd, Shattuck St", "Retirmement_footage": 696, "Material": "BS, CI", "Installation_footage": 720, "Size_s__to_Install_": "4\r", "lat": 42.2888286, "lon": -71.3443359, "Mapped_address": "Florence St, Natick, MA 01760, USA", "FID": 1224}}, {"type": "Feature", "id": 1225, "geometry": {"type": "Point", "coordinates": [-71.8426921, 42.2602806]}, "properties": {"F_": 867, "District": "WOR", "Town": "Worcester", "Street": "Judith Rd", "Retirmement_footage": 172, "Material": "CS", "Installation_footage": 200, "Size_s__to_Install_": "2\r", "lat": 42.2602806, "lon": -71.8426921, "Mapped_address": "Judith Rd, Worcester, MA 01602, USA", "FID": 1225}}, {"type": "Feature", "id": 1226, "geometry": {"type": "Point", "coordinates": [-71.8421216, 42.2775304]}, "properties": {"F_": 934, "District": "WOR", "Town": "Worcester", "Street": "Pleasant St", "Retirmement_footage": 1507, "Material": "CI", "Installation_footage": 1520, "Size_s__to_Install_": "8\r", "lat": 42.2775304, "lon": -71.8421216, "Mapped_address": "Pleasant St, Worcester, MA, USA", "FID": 1226}}, {"type": "Feature", "id": 1227, "geometry": {"type": "Point", "coordinates": [-71.3446952, 42.2891523]}, "properties": {"F_": 723, "District": "SOU", "Town": "Natick", "Street": "Florence St, Hillside Rd, Shattuck St", "Retirmement_footage": 696, "Material": "BS, CI", "Installation_footage": 720, "Size_s__to_Install_": "4\r", "lat": 42.2891523, "lon": -71.3446952, "Mapped_address": "Hillside Rd, Natick, MA 01760, USA", "FID": 1227}}, {"type": "Feature", "id": 1228, "geometry": {"type": "Point", "coordinates": [-71.8370213, 42.2630294]}, "properties": {"F_": 868, "District": "WOR", "Town": "Worcester", "Street": "June St", "Retirmement_footage": 1480, "Material": "CI", "Installation_footage": 1480, "Size_s__to_Install_": "4\r", "lat": 42.2630294, "lon": -71.8370213, "Mapped_address": "June St, Worcester, MA 01602, USA", "FID": 1228}}, {"type": "Feature", "id": 1229, "geometry": {"type": "Point", "coordinates": [-71.8055288, 42.2637407]}, "properties": {"F_": 935, "District": "WOR", "Town": "Worcester", "Street": "Pleasant St / Clinton St", "Retirmement_footage": 1823, "Material": "CI, CS, PL", "Installation_footage": 1480, "Size_s__to_Install_": "6\r", "lat": 42.2637407, "lon": -71.8055288, "Mapped_address": "Clinton St, Worcester, MA 01609, USA", "FID": 1229}}, {"type": "Feature", "id": 1230, "geometry": {"type": "Point", "coordinates": [-71.3468737, 42.2893466]}, "properties": {"F_": 723, "District": "SOU", "Town": "Natick", "Street": "Florence St, Hillside Rd, Shattuck St", "Retirmement_footage": 696, "Material": "BS, CI", "Installation_footage": 720, "Size_s__to_Install_": "4\r", "lat": 42.2893466, "lon": -71.3468737, "Mapped_address": "Shattuck St, Natick, MA 01760, USA", "FID": 1230}}, {"type": "Feature", "id": 1231, "geometry": {"type": "Point", "coordinates": [-71.8370213, 42.2630294]}, "properties": {"F_": 869, "District": "WOR", "Town": "Worcester", "Street": "June St", "Retirmement_footage": 2323, "Material": "CI", "Installation_footage": 2360, "Size_s__to_Install_": "8\r", "lat": 42.2630294, "lon": -71.8370213, "Mapped_address": "June St, Worcester, MA 01602, USA", "FID": 1231}}, {"type": "Feature", "id": 1232, "geometry": {"type": "Point", "coordinates": [-71.8421216, 42.2775304]}, "properties": {"F_": 935, "District": "WOR", "Town": "Worcester", "Street": "Pleasant St / Clinton St", "Retirmement_footage": 1823, "Material": "CI, CS, PL", "Installation_footage": 1480, "Size_s__to_Install_": "6\r", "lat": 42.2775304, "lon": -71.8421216, "Mapped_address": "Pleasant St, Worcester, MA, USA", "FID": 1232}}, {"type": "Feature", "id": 1233, "geometry": {"type": "Point", "coordinates": [-71.3566091, 42.2946633]}, "properties": {"F_": 724, "District": "SOU", "Town": "Natick", "Street": "Franconia Ave / Franconia Ave / Gilbert Rd / Overhill Rd", "Retirmement_footage": 1792, "Material": "BS, CI", "Installation_footage": 2192, "Size_s__to_Install_": "4\r", "lat": 42.2946633, "lon": -71.3566091, "Mapped_address": "Franconia Ave, Natick, MA 01760, USA", "FID": 1233}}, {"type": "Feature", "id": 1234, "geometry": {"type": "Point", "coordinates": [-71.844116, 42.259782]}, "properties": {"F_": 870, "District": "WOR", "Town": "Worcester", "Street": "June St, Hemlock St, Ludington Rd, Hemlock St, Judith St, Walnut Hill Dr", "Retirmement_footage": 3300, "Material": "CI, PD, CS", "Installation_footage": 1200, "Size_s__to_Install_": "2\r", "lat": 42.259782, "lon": -71.844116, "Mapped_address": "Hemlock St, Worcester, MA 01602, USA", "FID": 1234}}, {"type": "Feature", "id": 1235, "geometry": {"type": "Point", "coordinates": [-71.8702394, 42.2824123]}, "properties": {"F_": 936, "District": "WOR", "Town": "Worcester", "Street": "Pleasant St / Mower St / Tarrytown Ln / Sussex Ln", "Retirmement_footage": 4300, "Material": "BS, CS", "Installation_footage": 4320, "Size_s__to_Install_": "4, 2\r", "lat": 42.2824123, "lon": -71.8702394, "Mapped_address": "Mower St, Worcester, MA, USA", "FID": 1235}}, {"type": "Feature", "id": 1236, "geometry": {"type": "Point", "coordinates": [-71.355235, 42.2915945]}, "properties": {"F_": 724, "District": "SOU", "Town": "Natick", "Street": "Franconia Ave / Franconia Ave / Gilbert Rd / Overhill Rd", "Retirmement_footage": 1792, "Material": "BS, CI", "Installation_footage": 2192, "Size_s__to_Install_": "4\r", "lat": 42.2915945, "lon": -71.355235, "Mapped_address": "Gilbert Rd, Natick, MA 01760, USA", "FID": 1236}}, {"type": "Feature", "id": 1237, "geometry": {"type": "Point", "coordinates": [-71.8421216, 42.2775304]}, "properties": {"F_": 936, "District": "WOR", "Town": "Worcester", "Street": "Pleasant St / Mower St / Tarrytown Ln / Sussex Ln", "Retirmement_footage": 4300, "Material": "BS, CS", "Installation_footage": 4320, "Size_s__to_Install_": "4, 2\r", "lat": 42.2775304, "lon": -71.8421216, "Mapped_address": "Pleasant St, Worcester, MA, USA", "FID": 1237}}, {"type": "Feature", "id": 1238, "geometry": {"type": "Point", "coordinates": [-71.8426921, 42.2602806]}, "properties": {"F_": 870, "District": "WOR", "Town": "Worcester", "Street": "June St, Hemlock St, Ludington Rd, Hemlock St, Judith St, Walnut Hill Dr", "Retirmement_footage": 3300, "Material": "CI, PD, CS", "Installation_footage": 1200, "Size_s__to_Install_": "2\r", "lat": 42.2602806, "lon": -71.8426921, "Mapped_address": "Judith Rd, Worcester, MA 01602, USA", "FID": 1238}}, {"type": "Feature", "id": 1239, "geometry": {"type": "Point", "coordinates": [-71.3566091, 42.2946633]}, "properties": {"F_": 724, "District": "SOU", "Town": "Natick", "Street": "Franconia Ave / Franconia Ave / Gilbert Rd / Overhill Rd", "Retirmement_footage": 1792, "Material": "BS, CI", "Installation_footage": 2192, "Size_s__to_Install_": "4\r", "lat": 42.2946633, "lon": -71.3566091, "Mapped_address": "Overhill Rd, Natick, MA 01760, USA", "FID": 1239}}, {"type": "Feature", "id": 1240, "geometry": {"type": "Point", "coordinates": [-71.8761732, 42.2833683]}, "properties": {"F_": 936, "District": "WOR", "Town": "Worcester", "Street": "Pleasant St / Mower St / Tarrytown Ln / Sussex Ln", "Retirmement_footage": 4300, "Material": "BS, CS", "Installation_footage": 4320, "Size_s__to_Install_": "4, 2\r", "lat": 42.2833683, "lon": -71.8761732, "Mapped_address": "Sussex Ln, Worcester, MA 01602, USA", "FID": 1240}}, {"type": "Feature", "id": 1241, "geometry": {"type": "Point", "coordinates": [-71.8370213, 42.2630294]}, "properties": {"F_": 870, "District": "WOR", "Town": "Worcester", "Street": "June St, Hemlock St, Ludington Rd, Hemlock St, Judith St, Walnut Hill Dr", "Retirmement_footage": 3300, "Material": "CI, PD, CS", "Installation_footage": 1200, "Size_s__to_Install_": "2\r", "lat": 42.2630294, "lon": -71.8370213, "Mapped_address": "June St, Worcester, MA 01602, USA", "FID": 1241}}, {"type": "Feature", "id": 1242, "geometry": {"type": "Point", "coordinates": [-71.3965833, 42.2804896]}, "properties": {"F_": 725, "District": "SOU", "Town": "Natick", "Street": "Garden Rd / Linwood Rd / West Central St (Rt 185) / Westview Rd", "Retirmement_footage": 2690, "Material": "CS", "Installation_footage": 2760, "Size_s__to_Install_": "6,2\r", "lat": 42.2804896, "lon": -71.3965833, "Mapped_address": "Garden Rd, Natick, MA 01760, USA", "FID": 1242}}, {"type": "Feature", "id": 1243, "geometry": {"type": "Point", "coordinates": [-71.8747849, 42.2835801]}, "properties": {"F_": 936, "District": "WOR", "Town": "Worcester", "Street": "Pleasant St / Mower St / Tarrytown Ln / Sussex Ln", "Retirmement_footage": 4300, "Material": "BS, CS", "Installation_footage": 4320, "Size_s__to_Install_": "4, 2\r", "lat": 42.2835801, "lon": -71.8747849, "Mapped_address": "Tarrytown Ln, Worcester, MA 01602, USA", "FID": 1243}}, {"type": "Feature", "id": 1244, "geometry": {"type": "Point", "coordinates": [-71.8446658, 42.260853]}, "properties": {"F_": 870, "District": "WOR", "Town": "Worcester", "Street": "June St, Hemlock St, Ludington Rd, Hemlock St, Judith St, Walnut Hill Dr", "Retirmement_footage": 3300, "Material": "CI, PD, CS", "Installation_footage": 1200, "Size_s__to_Install_": "2\r", "lat": 42.260853, "lon": -71.8446658, "Mapped_address": "Ludington Rd, Worcester, MA 01602, USA", "FID": 1244}}, {"type": "Feature", "id": 1245, "geometry": {"type": "Point", "coordinates": [-71.3953603, 42.2807553]}, "properties": {"F_": 725, "District": "SOU", "Town": "Natick", "Street": "Garden Rd / Linwood Rd / West Central St (Rt 185) / Westview Rd", "Retirmement_footage": 2690, "Material": "CS", "Installation_footage": 2760, "Size_s__to_Install_": "6,2\r", "lat": 42.2807553, "lon": -71.3953603, "Mapped_address": "Linwood Rd, Natick, MA 01760, USA", "FID": 1245}}, {"type": "Feature", "id": 1246, "geometry": {"type": "Point", "coordinates": [-71.7920336, 42.2467419]}, "properties": {"F_": 937, "District": "WOR", "Town": "Worcester", "Street": "Providence St", "Retirmement_footage": 1808, "Material": "BS", "Installation_footage": 1840, "Size_s__to_Install_": "8\r", "lat": 42.2467419, "lon": -71.7920336, "Mapped_address": "Providence St, Worcester, MA, USA", "FID": 1246}}, {"type": "Feature", "id": 1247, "geometry": {"type": "Point", "coordinates": [-71.8427901, 42.261955]}, "properties": {"F_": 870, "District": "WOR", "Town": "Worcester", "Street": "June St, Hemlock St, Ludington Rd, Hemlock St, Judith St, Walnut Hill Dr", "Retirmement_footage": 3300, "Material": "CI, PD, CS", "Installation_footage": 1200, "Size_s__to_Install_": "2\r", "lat": 42.261955, "lon": -71.8427901, "Mapped_address": "Walnut Hill Dr, Worcester, MA 01602, USA", "FID": 1247}}, {"type": "Feature", "id": 1248, "geometry": {"type": "Point", "coordinates": [-71.373733, 42.2828433]}, "properties": {"F_": 725, "District": "SOU", "Town": "Natick", "Street": "Garden Rd / Linwood Rd / West Central St (Rt 185) / Westview Rd", "Retirmement_footage": 2690, "Material": "CS", "Installation_footage": 2760, "Size_s__to_Install_": "6,2\r", "lat": 42.2828433, "lon": -71.373733, "Mapped_address": "W Central St, Natick, MA 01760, USA", "FID": 1248}}, {"type": "Feature", "id": 1249, "geometry": {"type": "Point", "coordinates": [-71.7920336, 42.2467419]}, "properties": {"F_": 938, "District": "WOR", "Town": "Worcester", "Street": "Providence St", "Retirmement_footage": 2420, "Material": "CI", "Installation_footage": 2440, "Size_s__to_Install_": "8\r", "lat": 42.2467419, "lon": -71.7920336, "Mapped_address": "Providence St, Worcester, MA, USA", "FID": 1249}}, {"type": "Feature", "id": 1250, "geometry": {"type": "Point", "coordinates": [-71.8005156, 42.2271483]}, "properties": {"F_": 871, "District": "WOR", "Town": "Worcester", "Street": "Keach Ave", "Retirmement_footage": 232, "Material": "CS", "Installation_footage": 240, "Size_s__to_Install_": "2\r", "lat": 42.2271483, "lon": -71.8005156, "Mapped_address": "Keach Ave, Worcester, MA 01607, USA", "FID": 1250}}, {"type": "Feature", "id": 1251, "geometry": {"type": "Point", "coordinates": [-71.3964086, 42.2798377]}, "properties": {"F_": 725, "District": "SOU", "Town": "Natick", "Street": "Garden Rd / Linwood Rd / West Central St (Rt 185) / Westview Rd", "Retirmement_footage": 2690, "Material": "CS", "Installation_footage": 2760, "Size_s__to_Install_": "6,2\r", "lat": 42.2798377, "lon": -71.3964086, "Mapped_address": "Westview Rd, Natick, MA 01760, USA", "FID": 1251}}, {"type": "Feature", "id": 1252, "geometry": {"type": "Point", "coordinates": [-71.7901364, 42.2462805]}, "properties": {"F_": 939, "District": "WOR", "Town": "Worcester", "Street": "Providence St / Holcombe St / Woodford St / North Woodford St", "Retirmement_footage": 4340, "Material": "CI", "Installation_footage": 2400, "Size_s__to_Install_": "8,4\r", "lat": 42.2462805, "lon": -71.7901364, "Mapped_address": "Holcombe St, Worcester, MA 01604, USA", "FID": 1252}}, {"type": "Feature", "id": 1253, "geometry": {"type": "Point", "coordinates": [-71.7826236, 42.2475799]}, "properties": {"F_": 872, "District": "WOR", "Town": "Worcester", "Street": "Kenberma Rd, South Stowell St", "Retirmement_footage": 1500, "Material": "CS", "Installation_footage": 1520, "Size_s__to_Install_": "4\r", "lat": 42.2475799, "lon": -71.7826236, "Mapped_address": "Kenberma Rd, Worcester, MA 01604, USA", "FID": 1253}}, {"type": "Feature", "id": 1254, "geometry": {"type": "Point", "coordinates": [-71.3645857, 42.3133161]}, "properties": {"F_": 726, "District": "SOU", "Town": "Natick", "Street": "Hammond Rd", "Retirmement_footage": 918, "Material": "BS", "Installation_footage": 920, "Size_s__to_Install_": "2\r", "lat": 42.3133161, "lon": -71.3645857, "Mapped_address": "Hammond Rd, Natick, MA 01760, USA", "FID": 1254}}, {"type": "Feature", "id": 1255, "geometry": {"type": "Point", "coordinates": [-71.790966, 42.2467174]}, "properties": {"F_": 939, "District": "WOR", "Town": "Worcester", "Street": "Providence St / Holcombe St / Woodford St / North Woodford St", "Retirmement_footage": 4340, "Material": "CI", "Installation_footage": 2400, "Size_s__to_Install_": "8,4\r", "lat": 42.2467174, "lon": -71.790966, "Mapped_address": "N Woodford St, Worcester, MA 01604, USA", "FID": 1255}}, {"type": "Feature", "id": 1256, "geometry": {"type": "Point", "coordinates": [-71.7870072, 42.2474216]}, "properties": {"F_": 872, "District": "WOR", "Town": "Worcester", "Street": "Kenberma Rd, South Stowell St", "Retirmement_footage": 1500, "Material": "CS", "Installation_footage": 1520, "Size_s__to_Install_": "4\r", "lat": 42.2474216, "lon": -71.7870072, "Mapped_address": "S Stowell St, Worcester, MA 01604, USA", "FID": 1256}}, {"type": "Feature", "id": 1257, "geometry": {"type": "Point", "coordinates": [-71.3535898, 42.2920847]}, "properties": {"F_": 727, "District": "SOU", "Town": "Natick", "Street": "Kinsman Pl / Payson Rd", "Retirmement_footage": 331, "Material": "BS", "Installation_footage": 360, "Size_s__to_Install_": "2\r", "lat": 42.2920847, "lon": -71.3535898, "Mapped_address": "Kinsman Pl, Natick, MA 01760, USA", "FID": 1257}}, {"type": "Feature", "id": 1258, "geometry": {"type": "Point", "coordinates": [-71.7920336, 42.2467419]}, "properties": {"F_": 939, "District": "WOR", "Town": "Worcester", "Street": "Providence St / Holcombe St / Woodford St / North Woodford St", "Retirmement_footage": 4340, "Material": "CI", "Installation_footage": 2400, "Size_s__to_Install_": "8,4\r", "lat": 42.2467419, "lon": -71.7920336, "Mapped_address": "Providence St, Worcester, MA, USA", "FID": 1258}}, {"type": "Feature", "id": 1259, "geometry": {"type": "Point", "coordinates": [-71.8119494, 42.2349436]}, "properties": {"F_": 873, "District": "WOR", "Town": "Worcester", "Street": "Kendig St", "Retirmement_footage": 312, "Material": "CI", "Installation_footage": 320, "Size_s__to_Install_": "4\r", "lat": 42.2349436, "lon": -71.8119494, "Mapped_address": "Kendig St, Worcester, MA 01610, USA", "FID": 1259}}, {"type": "Feature", "id": 1260, "geometry": {"type": "Point", "coordinates": [-71.3540192, 42.2930226]}, "properties": {"F_": 727, "District": "SOU", "Town": "Natick", "Street": "Kinsman Pl / Payson Rd", "Retirmement_footage": 331, "Material": "BS", "Installation_footage": 360, "Size_s__to_Install_": "2\r", "lat": 42.2930226, "lon": -71.3540192, "Mapped_address": "Payson Rd, Natick, MA 01760, USA", "FID": 1260}}, {"type": "Feature", "id": 1261, "geometry": {"type": "Point", "coordinates": [-71.7904948, 42.2446554]}, "properties": {"F_": 939, "District": "WOR", "Town": "Worcester", "Street": "Providence St / Holcombe St / Woodford St / North Woodford St", "Retirmement_footage": 4340, "Material": "CI", "Installation_footage": 2400, "Size_s__to_Install_": "8,4\r", "lat": 42.2446554, "lon": -71.7904948, "Mapped_address": "Woodford St, Worcester, MA 01604, USA", "FID": 1261}}, {"type": "Feature", "id": 1262, "geometry": {"type": "Point", "coordinates": [-71.7995175, 42.3072265]}, "properties": {"F_": 874, "District": "WOR", "Town": "Worcester", "Street": "Kendrick Ave @ West Boylston", "Retirmement_footage": 80, "Material": "CI", "Installation_footage": 80, "Size_s__to_Install_": "8\r", "lat": 42.3072265, "lon": -71.7995175, "Mapped_address": "W Boylston St & Kendrick Ave, Worcester, MA 01606, USA", "FID": 1262}}, {"type": "Feature", "id": 1263, "geometry": {"type": "Point", "coordinates": [-71.33572, 42.3017328]}, "properties": {"F_": 728, "District": "SOU", "Town": "Natick", "Street": "Main St", "Retirmement_footage": 733, "Material": "CI", "Installation_footage": 760, "Size_s__to_Install_": "8\r", "lat": 42.3017328, "lon": -71.33572, "Mapped_address": "Maine Ave, Natick, MA 01760, USA", "FID": 1263}}, {"type": "Feature", "id": 1264, "geometry": {"type": "Point", "coordinates": [-71.834905, 42.2751412]}, "properties": {"F_": 875, "District": "WOR", "Town": "Worcester", "Street": "Kenilworth Rd / Kensington Hts / Field Way", "Retirmement_footage": 1678, "Material": "CI, PS, CS", "Installation_footage": 1680, "Size_s__to_Install_": "4\r", "lat": 42.2751412, "lon": -71.834905, "Mapped_address": "Field Way, Worcester, MA 01602, USA", "FID": 1264}}, {"type": "Feature", "id": 1265, "geometry": {"type": "Point", "coordinates": [-71.78597, 42.3180168]}, "properties": {"F_": 940, "District": "WOR", "Town": "Worcester", "Street": "Prudential Rd, Winston Rd, Scanton Rd, Saint Marks Rd", "Retirmement_footage": 1950, "Material": "BS, CI, PL", "Installation_footage": 1960, "Size_s__to_Install_": "4, 2\r", "lat": 42.3180168, "lon": -71.78597, "Mapped_address": "Prudential Rd, Worcester, MA 01606, USA", "FID": 1265}}, {"type": "Feature", "id": 1266, "geometry": {"type": "Point", "coordinates": [-71.3502935, 42.2849013]}, "properties": {"F_": 729, "District": "SOU", "Town": "Natick", "Street": "Middlesex Ave", "Retirmement_footage": 118, "Material": "CS", "Installation_footage": 190, "Size_s__to_Install_": "6\r", "lat": 42.2849013, "lon": -71.3502935, "Mapped_address": "Middlesex Ave, Natick, MA 01760, USA", "FID": 1266}}, {"type": "Feature", "id": 1267, "geometry": {"type": "Point", "coordinates": [-71.8368731, 42.2757423]}, "properties": {"F_": 875, "District": "WOR", "Town": "Worcester", "Street": "Kenilworth Rd / Kensington Hts / Field Way", "Retirmement_footage": 1678, "Material": "CI, PS, CS", "Installation_footage": 1680, "Size_s__to_Install_": "4\r", "lat": 42.2757423, "lon": -71.8368731, "Mapped_address": "Kenilworth Rd, Worcester, MA 01602, USA", "FID": 1267}}, {"type": "Feature", "id": 1268, "geometry": {"type": "Point", "coordinates": [-71.7852028, 42.3179436]}, "properties": {"F_": 940, "District": "WOR", "Town": "Worcester", "Street": "Prudential Rd, Winston Rd, Scanton Rd, Saint Marks Rd", "Retirmement_footage": 1950, "Material": "BS, CI, PL", "Installation_footage": 1960, "Size_s__to_Install_": "4, 2\r", "lat": 42.3179436, "lon": -71.7852028, "Mapped_address": "St Marks Rd, Worcester, MA 01606, USA", "FID": 1268}}, {"type": "Feature", "id": 1269, "geometry": {"type": "Point", "coordinates": [-71.3919475, 42.2862573]}, "properties": {"F_": 730, "District": "SOU", "Town": "Natick", "Street": "Pilgrim Rd / Boden Ln / Braemore Rd", "Retirmement_footage": 3056, "Material": "BS", "Installation_footage": 3080, "Size_s__to_Install_": "4\r", "lat": 42.2862573, "lon": -71.3919475, "Mapped_address": "Boden Ln, Natick, MA 01760, USA", "FID": 1269}}, {"type": "Feature", "id": 1270, "geometry": {"type": "Point", "coordinates": [-71.8358663, 42.2745229]}, "properties": {"F_": 875, "District": "WOR", "Town": "Worcester", "Street": "Kenilworth Rd / Kensington Hts / Field Way", "Retirmement_footage": 1678, "Material": "CI, PS, CS", "Installation_footage": 1680, "Size_s__to_Install_": "4\r", "lat": 42.2745229, "lon": -71.8358663, "Mapped_address": "Kensington Heights, Worcester, MA 01602, USA", "FID": 1270}}, {"type": "Feature", "id": 1271, "geometry": {"type": "Point", "coordinates": [-71.7854211, 42.3186479]}, "properties": {"F_": 940, "District": "WOR", "Town": "Worcester", "Street": "Prudential Rd, Winston Rd, Scanton Rd, Saint Marks Rd", "Retirmement_footage": 1950, "Material": "BS, CI, PL", "Installation_footage": 1960, "Size_s__to_Install_": "4, 2\r", "lat": 42.3186479, "lon": -71.7854211, "Mapped_address": "Scranton Rd, Worcester, MA 01606, USA", "FID": 1271}}, {"type": "Feature", "id": 1272, "geometry": {"type": "Point", "coordinates": [-71.3905899, 42.2859827]}, "properties": {"F_": 730, "District": "SOU", "Town": "Natick", "Street": "Pilgrim Rd / Boden Ln / Braemore Rd", "Retirmement_footage": 3056, "Material": "BS", "Installation_footage": 3080, "Size_s__to_Install_": "4\r", "lat": 42.2859827, "lon": -71.3905899, "Mapped_address": "Braemore Rd, Natick, MA 01760, USA", "FID": 1272}}, {"type": "Feature", "id": 1273, "geometry": {"type": "Point", "coordinates": [-71.8153681, 42.2575174]}, "properties": {"F_": 876, "District": "WOR", "Town": "Worcester", "Street": "King St", "Retirmement_footage": 614, "Material": "CS", "Installation_footage": 640, "Size_s__to_Install_": "4\r", "lat": 42.2575174, "lon": -71.8153681, "Mapped_address": "King St, Worcester, MA 01610, USA", "FID": 1273}}, {"type": "Feature", "id": 1274, "geometry": {"type": "Point", "coordinates": [-71.7857298, 42.319059]}, "properties": {"F_": 940, "District": "WOR", "Town": "Worcester", "Street": "Prudential Rd, Winston Rd, Scanton Rd, Saint Marks Rd", "Retirmement_footage": 1950, "Material": "BS, CI, PL", "Installation_footage": 1960, "Size_s__to_Install_": "4, 2\r", "lat": 42.319059, "lon": -71.7857298, "Mapped_address": "Winston Rd, Worcester, MA 01606, USA", "FID": 1274}}, {"type": "Feature", "id": 1275, "geometry": {"type": "Point", "coordinates": [-71.3889702, 42.2872694]}, "properties": {"F_": 730, "District": "SOU", "Town": "Natick", "Street": "Pilgrim Rd / Boden Ln / Braemore Rd", "Retirmement_footage": 3056, "Material": "BS", "Installation_footage": 3080, "Size_s__to_Install_": "4\r", "lat": 42.2872694, "lon": -71.3889702, "Mapped_address": "Pilgrim Rd, Natick, MA 01760, USA", "FID": 1275}}, {"type": "Feature", "id": 1276, "geometry": {"type": "Point", "coordinates": [-71.8025764, 42.2732199]}, "properties": {"F_": 877, "District": "WOR", "Town": "Worcester", "Street": "Lancaster St", "Retirmement_footage": 487, "Material": "CI", "Installation_footage": 520, "Size_s__to_Install_": "12\r", "lat": 42.2732199, "lon": -71.8025764, "Mapped_address": "Lancaster St, Worcester, MA, USA", "FID": 1276}}, {"type": "Feature", "id": 1277, "geometry": {"type": "Point", "coordinates": [-71.7932715, 42.313132]}, "properties": {"F_": 941, "District": "WOR", "Town": "Worcester", "Street": "Randall St / Hyde St / Assumption Ave", "Retirmement_footage": 1327, "Material": "CI, PL", "Installation_footage": 1360, "Size_s__to_Install_": "4, 2\r", "lat": 42.313132, "lon": -71.7932715, "Mapped_address": "Assumption Ave, Worcester, MA 01606, USA", "FID": 1277}}, {"type": "Feature", "id": 1278, "geometry": {"type": "Point", "coordinates": [-71.3505061, 42.3148713]}, "properties": {"F_": 731, "District": "SOU", "Town": "Natick", "Street": "Pine St", "Retirmement_footage": 5500, "Material": "BS, CS", "Installation_footage": 5520, "Size_s__to_Install_": "4\r", "lat": 42.3148713, "lon": -71.3505061, "Mapped_address": "Pine St, Natick, MA 01760, USA", "FID": 1278}}, {"type": "Feature", "id": 1279, "geometry": {"type": "Point", "coordinates": [-71.7887272, 42.2637332]}, "properties": {"F_": 878, "District": "WOR", "Town": "Worcester", "Street": "Larkin St", "Retirmement_footage": 132, "Material": "CI, CS", "Installation_footage": 100, "Size_s__to_Install_": "2\r", "lat": 42.2637332, "lon": -71.7887272, "Mapped_address": "Larkin St, Worcester, MA 01604, USA", "FID": 1279}}, {"type": "Feature", "id": 1280, "geometry": {"type": "Point", "coordinates": [-71.7955455, 42.3119545]}, "properties": {"F_": 941, "District": "WOR", "Town": "Worcester", "Street": "Randall St / Hyde St / Assumption Ave", "Retirmement_footage": 1327, "Material": "CI, PL", "Installation_footage": 1360, "Size_s__to_Install_": "4, 2\r", "lat": 42.3119545, "lon": -71.7955455, "Mapped_address": "Hyde St, Worcester, MA 01606, USA", "FID": 1280}}, {"type": "Feature", "id": 1281, "geometry": {"type": "Point", "coordinates": [-71.3451796, 42.2694289]}, "properties": {"F_": 732, "District": "SOU", "Town": "Natick", "Street": "South Main St / Cottage St", "Retirmement_footage": 918, "Material": "CS, BS", "Installation_footage": 940, "Size_s__to_Install_": "6\r", "lat": 42.2694289, "lon": -71.3451796, "Mapped_address": "Cottage St, Natick, MA 01760, USA", "FID": 1281}}, {"type": "Feature", "id": 1282, "geometry": {"type": "Point", "coordinates": [-71.7960976, 42.3071628]}, "properties": {"F_": 879, "District": "WOR", "Town": "Worcester", "Street": "Leeds St", "Retirmement_footage": 293, "Material": "CI", "Installation_footage": 300, "Size_s__to_Install_": "6\r", "lat": 42.3071628, "lon": -71.7960976, "Mapped_address": "Leeds St, Worcester, MA 01606, USA", "FID": 1282}}, {"type": "Feature", "id": 1283, "geometry": {"type": "Point", "coordinates": [-71.7936163, 42.3123548]}, "properties": {"F_": 941, "District": "WOR", "Town": "Worcester", "Street": "Randall St / Hyde St / Assumption Ave", "Retirmement_footage": 1327, "Material": "CI, PL", "Installation_footage": 1360, "Size_s__to_Install_": "4, 2\r", "lat": 42.3123548, "lon": -71.7936163, "Mapped_address": "Randall St, Worcester, MA 01606, USA", "FID": 1283}}, {"type": "Feature", "id": 1284, "geometry": {"type": "Point", "coordinates": [-71.3533845, 42.2734972]}, "properties": {"F_": 732, "District": "SOU", "Town": "Natick", "Street": "South Main St / Cottage St", "Retirmement_footage": 918, "Material": "CS, BS", "Installation_footage": 940, "Size_s__to_Install_": "6\r", "lat": 42.2734972, "lon": -71.3533845, "Mapped_address": "S Main St, Natick, MA, USA", "FID": 1284}}, {"type": "Feature", "id": 1285, "geometry": {"type": "Point", "coordinates": [-71.7908361, 42.2294355]}, "properties": {"F_": 880, "District": "WOR", "Town": "Worcester", "Street": "Lenora St / Dexter St", "Retirmement_footage": 412, "Material": "BS", "Installation_footage": 170, "Size_s__to_Install_": "4\r", "lat": 42.2294355, "lon": -71.7908361, "Mapped_address": "Lenora St, Worcester, MA 01607, USA", "FID": 1285}}, {"type": "Feature", "id": 1286, "geometry": {"type": "Point", "coordinates": [-71.7713198, 42.2542225]}, "properties": {"F_": 942, "District": "WOR", "Town": "Worcester", "Street": "Revere St", "Retirmement_footage": 119, "Material": "CS", "Installation_footage": 120, "Size_s__to_Install_": "2\r", "lat": 42.2542225, "lon": -71.7713198, "Mapped_address": "Revere St, Worcester, MA 01604, USA", "FID": 1286}}, {"type": "Feature", "id": 1287, "geometry": {"type": "Point", "coordinates": [-71.3765402, 42.2922144]}, "properties": {"F_": 733, "District": "SOU", "Town": "Natick", "Street": "Speen St", "Retirmement_footage": 1512, "Material": "CS", "Installation_footage": 200, "Size_s__to_Install_": "12,2\r", "lat": 42.2922144, "lon": -71.3765402, "Mapped_address": "Speen St, Natick, MA, USA", "FID": 1287}}, {"type": "Feature", "id": 1288, "geometry": {"type": "Point", "coordinates": [-71.7820729, 42.2914411]}, "properties": {"F_": 881, "District": "WOR", "Town": "Worcester", "Street": "Lincoln St", "Retirmement_footage": 101, "Material": "CS", "Installation_footage": 170, "Size_s__to_Install_": "8\r", "lat": 42.2914411, "lon": -71.7820729, "Mapped_address": "Lincoln St, Worcester, MA, USA", "FID": 1288}}, {"type": "Feature", "id": 1289, "geometry": {"type": "Point", "coordinates": [-71.823602, 42.2463966]}, "properties": {"F_": 943, "District": "WOR", "Town": "Worcester", "Street": "Richards St", "Retirmement_footage": 1809, "Material": "CS", "Installation_footage": 1840, "Size_s__to_Install_": "4\r", "lat": 42.2463966, "lon": -71.823602, "Mapped_address": "Richards St, Worcester, MA 01603, USA", "FID": 1289}}, {"type": "Feature", "id": 1290, "geometry": {"type": "Point", "coordinates": [-71.3765402, 42.2922144]}, "properties": {"F_": 734, "District": "SOU", "Town": "Natick", "Street": "Speen St", "Retirmement_footage": 3200, "Material": "BS", "Installation_footage": 200, "Size_s__to_Install_": "8\r", "lat": 42.2922144, "lon": -71.3765402, "Mapped_address": "Speen St, Natick, MA, USA", "FID": 1290}}, {"type": "Feature", "id": 1291, "geometry": {"type": "Point", "coordinates": [-71.7820729, 42.2914411]}, "properties": {"F_": 882, "District": "WOR", "Town": "Worcester", "Street": "Lincoln St", "Retirmement_footage": 1533, "Material": "CI", "Installation_footage": 1560, "Size_s__to_Install_": "12\r", "lat": 42.2914411, "lon": -71.7820729, "Mapped_address": "Lincoln St, Worcester, MA, USA", "FID": 1291}}, {"type": "Feature", "id": 1292, "geometry": {"type": "Point", "coordinates": [-71.3284505, 42.2789096]}, "properties": {"F_": 735, "District": "SOU", "Town": "Natick", "Street": "Union St", "Retirmement_footage": 1125, "Material": "CS", "Installation_footage": 1160, "Size_s__to_Install_": "4\r", "lat": 42.2789096, "lon": -71.3284505, "Mapped_address": "Union St, Natick, MA 01760, USA", "FID": 1292}}, {"type": "Feature", "id": 1293, "geometry": {"type": "Point", "coordinates": [-71.7820729, 42.2914411]}, "properties": {"F_": 883, "District": "WOR", "Town": "Worcester", "Street": "Lincoln St", "Retirmement_footage": 4480, "Material": "CI", "Installation_footage": 4480, "Size_s__to_Install_": "12\r", "lat": 42.2914411, "lon": -71.7820729, "Mapped_address": "Lincoln St, Worcester, MA, USA", "FID": 1293}}, {"type": "Feature", "id": 1294, "geometry": {"type": "Point", "coordinates": [-71.8318816, 42.2788581]}, "properties": {"F_": 944, "District": "WOR", "Town": "Worcester", "Street": "Richmond Ave", "Retirmement_footage": 2182, "Material": "CI, BS, PD", "Installation_footage": 2200, "Size_s__to_Install_": "6\r", "lat": 42.2788581, "lon": -71.8318816, "Mapped_address": "Richmond Ave, Worcester, MA 01602, USA", "FID": 1294}}, {"type": "Feature", "id": 1295, "geometry": {"type": "Point", "coordinates": [-71.373733, 42.2828433]}, "properties": {"F_": 736, "District": "SOU", "Town": "Natick", "Street": "West Central St", "Retirmement_footage": 24, "Material": "CS", "Installation_footage": 40, "Size_s__to_Install_": "8\r", "lat": 42.2828433, "lon": -71.373733, "Mapped_address": "W Central St, Natick, MA 01760, USA", "FID": 1295}}, {"type": "Feature", "id": 1296, "geometry": {"type": "Point", "coordinates": [-71.8644948, 42.2785967]}, "properties": {"F_": 945, "District": "WOR", "Town": "Worcester", "Street": "Robertson Rd / Jenkins St", "Retirmement_footage": 1800, "Material": "CI, BS, PL", "Installation_footage": 1800, "Size_s__to_Install_": "4\r", "lat": 42.2785967, "lon": -71.8644948, "Mapped_address": "Jenkins St, Worcester, MA 01602, USA", "FID": 1296}}, {"type": "Feature", "id": 1297, "geometry": {"type": "Point", "coordinates": [-71.8306543, 42.257764]}, "properties": {"F_": 884, "District": "WOR", "Town": "Worcester", "Street": "Lovell St", "Retirmement_footage": 816, "Material": "CI", "Installation_footage": 840, "Size_s__to_Install_": "8\r", "lat": 42.257764, "lon": -71.8306543, "Mapped_address": "Lovell St, Worcester, MA, USA", "FID": 1297}}, {"type": "Feature", "id": 1298, "geometry": {"type": "Point", "coordinates": [-71.373733, 42.2828433]}, "properties": {"F_": 737, "District": "SOU", "Town": "Natick", "Street": "West Central St", "Retirmement_footage": 2084, "Material": "BS", "Installation_footage": 2120, "Size_s__to_Install_": "8\r", "lat": 42.2828433, "lon": -71.373733, "Mapped_address": "W Central St, Natick, MA 01760, USA", "FID": 1298}}, {"type": "Feature", "id": 1299, "geometry": {"type": "Point", "coordinates": [-71.8635256, 42.2776202]}, "properties": {"F_": 945, "District": "WOR", "Town": "Worcester", "Street": "Robertson Rd / Jenkins St", "Retirmement_footage": 1800, "Material": "CI, BS, PL", "Installation_footage": 1800, "Size_s__to_Install_": "4\r", "lat": 42.2776202, "lon": -71.8635256, "Mapped_address": "Robertson Rd, Worcester, MA 01602, USA", "FID": 1299}}, {"type": "Feature", "id": 1300, "geometry": {"type": "Point", "coordinates": [-71.8306543, 42.257764]}, "properties": {"F_": 885, "District": "WOR", "Town": "Worcester", "Street": "Lovell St", "Retirmement_footage": 980, "Material": "CI", "Installation_footage": 1000, "Size_s__to_Install_": "8\r", "lat": 42.257764, "lon": -71.8306543, "Mapped_address": "Lovell St, Worcester, MA, USA", "FID": 1300}}, {"type": "Feature", "id": 1301, "geometry": {"type": "Point", "coordinates": [-71.3865433, 42.2810034]}, "properties": {"F_": 738, "District": "SOU", "Town": "Natick", "Street": "West Central St, Home Ave, Eden Ln, Stacey St", "Retirmement_footage": 2767, "Material": " CS, BS, PL", "Installation_footage": 2800, "Size_s__to_Install_": "4, 2\r", "lat": 42.2810034, "lon": -71.3865433, "Mapped_address": "Eden St, Natick, MA 01760, USA", "FID": 1301}}, {"type": "Feature", "id": 1302, "geometry": {"type": "Point", "coordinates": [-71.787487, 42.3147764]}, "properties": {"F_": 946, "District": "WOR", "Town": "Worcester", "Street": "Rollinson Rd", "Retirmement_footage": 1130, "Material": "CI", "Installation_footage": 1160, "Size_s__to_Install_": "4\r", "lat": 42.3147764, "lon": -71.787487, "Mapped_address": "Rollinson Rd, Worcester, MA 01606, USA", "FID": 1302}}, {"type": "Feature", "id": 1303, "geometry": {"type": "Point", "coordinates": [-71.8305236, 42.264901]}, "properties": {"F_": 886, "District": "WOR", "Town": "Worcester", "Street": "Lovell St / Edgewood St", "Retirmement_footage": 1941, "Material": "CI, CS, BS, PL", "Installation_footage": 1960, "Size_s__to_Install_": "4\r", "lat": 42.264901, "lon": -71.8305236, "Mapped_address": "Edgewood St, Worcester, MA 01602, USA", "FID": 1303}}, {"type": "Feature", "id": 1304, "geometry": {"type": "Point", "coordinates": [-71.3861359, 42.2812987]}, "properties": {"F_": 738, "District": "SOU", "Town": "Natick", "Street": "West Central St, Home Ave, Eden Ln, Stacey St", "Retirmement_footage": 2767, "Material": " CS, BS, PL", "Installation_footage": 2800, "Size_s__to_Install_": "4, 2\r", "lat": 42.2812987, "lon": -71.3861359, "Mapped_address": "Home Ave, Natick, MA 01760, USA", "FID": 1304}}, {"type": "Feature", "id": 1305, "geometry": {"type": "Point", "coordinates": [-71.8167972, 42.2888867]}, "properties": {"F_": 947, "District": "WOR", "Town": "Worcester", "Street": "Roseland Rd, Laconia Rd", "Retirmement_footage": 777, "Material": "CI", "Installation_footage": 800, "Size_s__to_Install_": "4\r", "lat": 42.2888867, "lon": -71.8167972, "Mapped_address": "Laconia Rd, Worcester, MA 01609, USA", "FID": 1305}}, {"type": "Feature", "id": 1306, "geometry": {"type": "Point", "coordinates": [-71.8306543, 42.257764]}, "properties": {"F_": 886, "District": "WOR", "Town": "Worcester", "Street": "Lovell St / Edgewood St", "Retirmement_footage": 1941, "Material": "CI, CS, BS, PL", "Installation_footage": 1960, "Size_s__to_Install_": "4\r", "lat": 42.257764, "lon": -71.8306543, "Mapped_address": "Lovell St, Worcester, MA, USA", "FID": 1306}}, {"type": "Feature", "id": 1307, "geometry": {"type": "Point", "coordinates": [-71.3840103, 42.2809446]}, "properties": {"F_": 738, "District": "SOU", "Town": "Natick", "Street": "West Central St, Home Ave, Eden Ln, Stacey St", "Retirmement_footage": 2767, "Material": " CS, BS, PL", "Installation_footage": 2800, "Size_s__to_Install_": "4, 2\r", "lat": 42.2809446, "lon": -71.3840103, "Mapped_address": "Stacey St, Natick, MA 01760, USA", "FID": 1307}}, {"type": "Feature", "id": 1308, "geometry": {"type": "Point", "coordinates": [-71.8168893, 42.2874581]}, "properties": {"F_": 947, "District": "WOR", "Town": "Worcester", "Street": "Roseland Rd, Laconia Rd", "Retirmement_footage": 777, "Material": "CI", "Installation_footage": 800, "Size_s__to_Install_": "4\r", "lat": 42.2874581, "lon": -71.8168893, "Mapped_address": "Roseland Rd, Worcester, MA 01609, USA", "FID": 1308}}, {"type": "Feature", "id": 1309, "geometry": {"type": "Point", "coordinates": [-71.8366302, 42.244442]}, "properties": {"F_": 887, "District": "WOR", "Town": "Worcester", "Street": "Main St", "Retirmement_footage": 1578, "Material": "CI", "Installation_footage": 1750, "Size_s__to_Install_": "8\r", "lat": 42.244442, "lon": -71.8366302, "Mapped_address": "Main St, Worcester, MA, USA", "FID": 1309}}, {"type": "Feature", "id": 1310, "geometry": {"type": "Point", "coordinates": [-71.373733, 42.2828433]}, "properties": {"F_": 738, "District": "SOU", "Town": "Natick", "Street": "West Central St, Home Ave, Eden Ln, Stacey St", "Retirmement_footage": 2767, "Material": " CS, BS, PL", "Installation_footage": 2800, "Size_s__to_Install_": "4, 2\r", "lat": 42.2828433, "lon": -71.373733, "Mapped_address": "W Central St, Natick, MA 01760, USA", "FID": 1310}}, {"type": "Feature", "id": 1311, "geometry": {"type": "Point", "coordinates": [-71.8150898, 42.2675012]}, "properties": {"F_": 948, "District": "WOR", "Town": "Worcester", "Street": "Russell St", "Retirmement_footage": 863, "Material": "CS,BS", "Installation_footage": 880, "Size_s__to_Install_": "6\r", "lat": 42.2675012, "lon": -71.8150898, "Mapped_address": "Russell St, Worcester, MA, USA", "FID": 1311}}, {"type": "Feature", "id": 1312, "geometry": {"type": "Point", "coordinates": [-71.8366302, 42.244442]}, "properties": {"F_": 888, "District": "WOR", "Town": "Worcester", "Street": "Main St", "Retirmement_footage": 1063, "Material": "CI", "Installation_footage": 1080, "Size_s__to_Install_": "6\r", "lat": 42.244442, "lon": -71.8366302, "Mapped_address": "Main St, Worcester, MA, USA", "FID": 1312}}, {"type": "Feature", "id": 1313, "geometry": {"type": "Point", "coordinates": [-71.3477057, 42.3013598]}, "properties": {"F_": 739, "District": "SOU", "Town": "Natick", "Street": "Worcester St", "Retirmement_footage": 752, "Material": "BS", "Installation_footage": 760, "Size_s__to_Install_": "2\r", "lat": 42.3013598, "lon": -71.3477057, "Mapped_address": "Worcester St, Natick, MA, USA", "FID": 1313}}, {"type": "Feature", "id": 1314, "geometry": {"type": "Point", "coordinates": [-71.8150898, 42.2675012]}, "properties": {"F_": 949, "District": "WOR", "Town": "Worcester", "Street": "Russell St", "Retirmement_footage": 2300, "Material": "CI", "Installation_footage": 2320, "Size_s__to_Install_": "12\r", "lat": 42.2675012, "lon": -71.8150898, "Mapped_address": "Russell St, Worcester, MA, USA", "FID": 1314}}, {"type": "Feature", "id": 1315, "geometry": {"type": "Point", "coordinates": [-71.8366302, 42.244442]}, "properties": {"F_": 889, "District": "WOR", "Town": "Worcester", "Street": "Main St", "Retirmement_footage": 1600, "Material": "CI", "Installation_footage": 1600, "Size_s__to_Install_": "12\r", "lat": 42.244442, "lon": -71.8366302, "Mapped_address": "Main St, Worcester, MA, USA", "FID": 1315}}, {"type": "Feature", "id": 1316, "geometry": {"type": "Point", "coordinates": [-71.3477057, 42.3013598]}, "properties": {"F_": 740, "District": "SOU", "Town": "Natick", "Street": "Worcester St (Rt 9)", "Retirmement_footage": 1270, "Material": "CS", "Installation_footage": 1280, "Size_s__to_Install_": "8\r", "lat": 42.3013598, "lon": -71.3477057, "Mapped_address": "Worcester St, Natick, MA, USA", "FID": 1316}}, {"type": "Feature", "id": 1317, "geometry": {"type": "Point", "coordinates": [-71.8090221, 42.2816665]}, "properties": {"F_": 950, "District": "WOR", "Town": "Worcester", "Street": "Sagamore Rd", "Retirmement_footage": 987, "Material": "CI", "Installation_footage": 1000, "Size_s__to_Install_": "8\r", "lat": 42.2816665, "lon": -71.8090221, "Mapped_address": "Sagamore Rd, Worcester, MA, USA", "FID": 1317}}, {"type": "Feature", "id": 1318, "geometry": {"type": "Point", "coordinates": [-71.7972211, 42.3275357]}, "properties": {"F_": 890, "District": "WOR", "Town": "Worcester", "Street": "Malden St, Malden Ter, West Boylston St", "Retirmement_footage": 1968, "Material": "CI, BS, CS, PL", "Installation_footage": 2000, "Size_s__to_Install_": "4\r", "lat": 42.3275357, "lon": -71.7972211, "Mapped_address": "Malden St, Worcester, MA 01606, USA", "FID": 1318}}, {"type": "Feature", "id": 1319, "geometry": {"type": "Point", "coordinates": [-71.6476864, 42.3332971]}, "properties": {"F_": 741, "District": "SOU", "Town": "Northboro", "Street": "Washburn St", "Retirmement_footage": 880, "Material": "CS", "Installation_footage": 880, "Size_s__to_Install_": "2\r", "lat": 42.3332971, "lon": -71.6476864, "Mapped_address": "Washburn St, Northborough, MA 01532, USA", "FID": 1319}}, {"type": "Feature", "id": 1320, "geometry": {"type": "Point", "coordinates": [-71.7773122, 42.3027348]}, "properties": {"F_": 951, "District": "WOR", "Town": "Worcester", "Street": "Saint Nicholas Ave / Hilda St / Uncatena Ave / Halcyon Dr", "Retirmement_footage": 2700, "Material": "CS", "Installation_footage": 2720, "Size_s__to_Install_": "4\r", "lat": 42.3027348, "lon": -71.7773122, "Mapped_address": "Halcyon Dr, Worcester, MA 01605, USA", "FID": 1320}}, {"type": "Feature", "id": 1321, "geometry": {"type": "Point", "coordinates": [-71.7938026, 42.3251302]}, "properties": {"F_": 890, "District": "WOR", "Town": "Worcester", "Street": "Malden St, Malden Ter, West Boylston St", "Retirmement_footage": 1968, "Material": "CI, BS, CS, PL", "Installation_footage": 2000, "Size_s__to_Install_": "4\r", "lat": 42.3251302, "lon": -71.7938026, "Mapped_address": "Malden Terrace, Worcester, MA 01606, USA", "FID": 1321}}, {"type": "Feature", "id": 1322, "geometry": {"type": "Point", "coordinates": [-71.648878, 42.1300801]}, "properties": {"F_": 742, "District": "SOU", "Town": "Northbridge", "Street": "Dudley Ave", "Retirmement_footage": 320, "Material": "BS, PD", "Installation_footage": 320, "Size_s__to_Install_": "2\r", "lat": 42.1300801, "lon": -71.648878, "Mapped_address": "Dudley Ave, Northbridge, MA 01588, USA", "FID": 1322}}, {"type": "Feature", "id": 1323, "geometry": {"type": "Point", "coordinates": [-71.7789705, 42.3036882]}, "properties": {"F_": 951, "District": "WOR", "Town": "Worcester", "Street": "Saint Nicholas Ave / Hilda St / Uncatena Ave / Halcyon Dr", "Retirmement_footage": 2700, "Material": "CS", "Installation_footage": 2720, "Size_s__to_Install_": "4\r", "lat": 42.3036882, "lon": -71.7789705, "Mapped_address": "Hilda St, Worcester, MA, USA", "FID": 1323}}, {"type": "Feature", "id": 1324, "geometry": {"type": "Point", "coordinates": [-71.7969594, 42.3145162]}, "properties": {"F_": 890, "District": "WOR", "Town": "Worcester", "Street": "Malden St, Malden Ter, West Boylston St", "Retirmement_footage": 1968, "Material": "CI, BS, CS, PL", "Installation_footage": 2000, "Size_s__to_Install_": "4\r", "lat": 42.3145162, "lon": -71.7969594, "Mapped_address": "W Boylston St, Worcester, MA, USA", "FID": 1324}}, {"type": "Feature", "id": 1325, "geometry": {"type": "Point", "coordinates": [-71.6731015, 42.1383198]}, "properties": {"F_": 743, "District": "SOU", "Town": "Northbridge", "Street": "Hill St", "Retirmement_footage": 1291, "Material": "CS", "Installation_footage": 1320, "Size_s__to_Install_": "4\r", "lat": 42.1383198, "lon": -71.6731015, "Mapped_address": "Hill St, Northbridge, MA, USA", "FID": 1325}}, {"type": "Feature", "id": 1326, "geometry": {"type": "Point", "coordinates": [-71.7804262, 42.3091507]}, "properties": {"F_": 951, "District": "WOR", "Town": "Worcester", "Street": "Saint Nicholas Ave / Hilda St / Uncatena Ave / Halcyon Dr", "Retirmement_footage": 2700, "Material": "CS", "Installation_footage": 2720, "Size_s__to_Install_": "4\r", "lat": 42.3091507, "lon": -71.7804262, "Mapped_address": "St Nicholas Ave, Worcester, MA, USA", "FID": 1326}}, {"type": "Feature", "id": 1327, "geometry": {"type": "Point", "coordinates": [-71.8396289, 42.2637898]}, "properties": {"F_": 891, "District": "WOR", "Town": "Worcester", "Street": "Marcy St / Zenith Dr / Wamsutta Ave", "Retirmement_footage": 2893, "Material": "BS, CS, CI", "Installation_footage": 2920, "Size_s__to_Install_": "8\r", "lat": 42.2637898, "lon": -71.8396289, "Mapped_address": "Marcy St, Worcester, MA 01602, USA", "FID": 1327}}, {"type": "Feature", "id": 1328, "geometry": {"type": "Point", "coordinates": [-71.8396254, 42.2630846]}, "properties": {"F_": 891, "District": "WOR", "Town": "Worcester", "Street": "Marcy St / Zenith Dr / Wamsutta Ave", "Retirmement_footage": 2893, "Material": "BS, CS, CI", "Installation_footage": 2920, "Size_s__to_Install_": "8\r", "lat": 42.2630846, "lon": -71.8396254, "Mapped_address": "Wamsutta Ave, Worcester, MA 01602, USA", "FID": 1328}}, {"type": "Feature", "id": 1329, "geometry": {"type": "Point", "coordinates": [-71.6453318, 42.1286167]}, "properties": {"F_": 744, "District": "SOU", "Town": "Northbridge", "Street": "Hope St / Piedmont St", "Retirmement_footage": 870, "Material": "CS, PD", "Installation_footage": 880, "Size_s__to_Install_": "2\r", "lat": 42.1286167, "lon": -71.6453318, "Mapped_address": "Hope St, Northbridge, MA 01588, USA", "FID": 1329}}, {"type": "Feature", "id": 1330, "geometry": {"type": "Point", "coordinates": [-71.8428484, 42.2642752]}, "properties": {"F_": 891, "District": "WOR", "Town": "Worcester", "Street": "Marcy St / Zenith Dr / Wamsutta Ave", "Retirmement_footage": 2893, "Material": "BS, CS, CI", "Installation_footage": 2920, "Size_s__to_Install_": "8\r", "lat": 42.2642752, "lon": -71.8428484, "Mapped_address": "Zenith Dr, Worcester, MA 01602, USA", "FID": 1330}}, {"type": "Feature", "id": 1331, "geometry": {"type": "Point", "coordinates": [-71.781719, 42.3094167]}, "properties": {"F_": 951, "District": "WOR", "Town": "Worcester", "Street": "Saint Nicholas Ave / Hilda St / Uncatena Ave / Halcyon Dr", "Retirmement_footage": 2700, "Material": "CS", "Installation_footage": 2720, "Size_s__to_Install_": "4\r", "lat": 42.3094167, "lon": -71.781719, "Mapped_address": "Uncatena Ave, Worcester, MA 01606, USA", "FID": 1331}}, {"type": "Feature", "id": 1332, "geometry": {"type": "Point", "coordinates": [-71.6463109, 42.1284055]}, "properties": {"F_": 744, "District": "SOU", "Town": "Northbridge", "Street": "Hope St / Piedmont St", "Retirmement_footage": 870, "Material": "CS, PD", "Installation_footage": 880, "Size_s__to_Install_": "2\r", "lat": 42.1284055, "lon": -71.6463109, "Mapped_address": "Piedmont St, Northbridge, MA 01588, USA", "FID": 1332}}, {"type": "Feature", "id": 1333, "geometry": {"type": "Point", "coordinates": [-71.7922492, 42.3179251]}, "properties": {"F_": 892, "District": "WOR", "Town": "Worcester", "Street": "Marland Rd, Westover Rd, Arden Rd, Arden Ct, Marland Ct, Dundee Ct, Roland Rd", "Retirmement_footage": 3000, "Material": "CI", "Installation_footage": 3000, "Size_s__to_Install_": "4\r", "lat": 42.3179251, "lon": -71.7922492, "Mapped_address": "Arden Ct, Worcester, MA 01606, USA", "FID": 1333}}, {"type": "Feature", "id": 1334, "geometry": {"type": "Point", "coordinates": [-71.8401145, 42.2984455]}, "properties": {"F_": 952, "District": "WOR", "Town": "Worcester", "Street": "Salisbury St", "Retirmement_footage": 1465, "Material": "CS", "Installation_footage": 1480, "Size_s__to_Install_": "8\r", "lat": 42.2984455, "lon": -71.8401145, "Mapped_address": "Salisbury St, Worcester, MA, USA", "FID": 1334}}, {"type": "Feature", "id": 1335, "geometry": {"type": "Point", "coordinates": [-71.6481324, 42.1287526]}, "properties": {"F_": 745, "District": "SOU", "Town": "Northbridge", "Street": "Roy St", "Retirmement_footage": 550, "Material": "CS", "Installation_footage": 560, "Size_s__to_Install_": "2\r", "lat": 42.1287526, "lon": -71.6481324, "Mapped_address": "Roy St, Northbridge, MA 01588, USA", "FID": 1335}}, {"type": "Feature", "id": 1336, "geometry": {"type": "Point", "coordinates": [-71.7924978, 42.3177275]}, "properties": {"F_": 892, "District": "WOR", "Town": "Worcester", "Street": "Marland Rd, Westover Rd, Arden Rd, Arden Ct, Marland Ct, Dundee Ct, Roland Rd", "Retirmement_footage": 3000, "Material": "CI", "Installation_footage": 3000, "Size_s__to_Install_": "4\r", "lat": 42.3177275, "lon": -71.7924978, "Mapped_address": "Arden Rd, Worcester, MA 01606, USA", "FID": 1336}}, {"type": "Feature", "id": 1337, "geometry": {"type": "Point", "coordinates": [-71.7883898, 42.2653659]}, "properties": {"F_": 954, "District": "WOR", "Town": "Worcester", "Street": "Shamrock St", "Retirmement_footage": 540, "Material": "BS", "Installation_footage": 560, "Size_s__to_Install_": "8\r", "lat": 42.2653659, "lon": -71.7883898, "Mapped_address": "Shamrock St, Worcester, MA 01605, USA", "FID": 1337}}, {"type": "Feature", "id": 1338, "geometry": {"type": "Point", "coordinates": [-71.7134579, 42.2769025]}, "properties": {"F_": 746, "District": "SOU", "Town": "Shrewsbury", "Street": "Boston Turnpike (Rt 9)", "Retirmement_footage": 171, "Material": "CS", "Installation_footage": 200, "Size_s__to_Install_": "2\r", "lat": 42.2769025, "lon": -71.7134579, "Mapped_address": "Boston Turnpike, Shrewsbury, MA 01545, USA", "FID": 1338}}, {"type": "Feature", "id": 1339, "geometry": {"type": "Point", "coordinates": [-71.7932209, 42.316987]}, "properties": {"F_": 892, "District": "WOR", "Town": "Worcester", "Street": "Marland Rd, Westover Rd, Arden Rd, Arden Ct, Marland Ct, Dundee Ct, Roland Rd", "Retirmement_footage": 3000, "Material": "CI", "Installation_footage": 3000, "Size_s__to_Install_": "4\r", "lat": 42.316987, "lon": -71.7932209, "Mapped_address": "Dundee Ct, Worcester, MA 01606, USA", "FID": 1339}}, {"type": "Feature", "id": 1340, "geometry": {"type": "Point", "coordinates": [-71.7888153, 42.2860372]}, "properties": {"F_": 955, "District": "WOR", "Town": "Worcester", "Street": "Shattuck St", "Retirmement_footage": 982, "Material": "CS", "Installation_footage": 1000, "Size_s__to_Install_": "4\r", "lat": 42.2860372, "lon": -71.7888153, "Mapped_address": "Shattuck St, Worcester, MA 01605, USA", "FID": 1340}}, {"type": "Feature", "id": 1341, "geometry": {"type": "Point", "coordinates": [-71.7388607, 42.2607681]}, "properties": {"F_": 747, "District": "SOU", "Town": "Shrewsbury", "Street": "Tanager Dr, Kinglet Dr", "Retirmement_footage": 3215, "Material": "CS", "Installation_footage": 3240, "Size_s__to_Install_": "4\r", "lat": 42.2607681, "lon": -71.7388607, "Mapped_address": "Kinglet Dr, Shrewsbury, MA 01545, USA", "FID": 1341}}, {"type": "Feature", "id": 1342, "geometry": {"type": "Point", "coordinates": [-71.7923763, 42.317058]}, "properties": {"F_": 892, "District": "WOR", "Town": "Worcester", "Street": "Marland Rd, Westover Rd, Arden Rd, Arden Ct, Marland Ct, Dundee Ct, Roland Rd", "Retirmement_footage": 3000, "Material": "CI", "Installation_footage": 3000, "Size_s__to_Install_": "4\r", "lat": 42.317058, "lon": -71.7923763, "Mapped_address": "Marland Ct, Worcester, MA 01606, USA", "FID": 1342}}, {"type": "Feature", "id": 1343, "geometry": {"type": "Point", "coordinates": [-71.7819478, 42.267845]}, "properties": {"F_": 956, "District": "WOR", "Town": "Worcester", "Street": "Shrewsbury St", "Retirmement_footage": 1060, "Material": "CI", "Installation_footage": 1080, "Size_s__to_Install_": "8\r", "lat": 42.267845, "lon": -71.7819478, "Mapped_address": "Shrewsbury St, Worcester, MA, USA", "FID": 1343}}, {"type": "Feature", "id": 1344, "geometry": {"type": "Point", "coordinates": [-71.7375497, 42.2616128]}, "properties": {"F_": 747, "District": "SOU", "Town": "Shrewsbury", "Street": "Tanager Dr, Kinglet Dr", "Retirmement_footage": 3215, "Material": "CS", "Installation_footage": 3240, "Size_s__to_Install_": "4\r", "lat": 42.2616128, "lon": -71.7375497, "Mapped_address": "Tanager Dr, Shrewsbury, MA 01545, USA", "FID": 1344}}, {"type": "Feature", "id": 1345, "geometry": {"type": "Point", "coordinates": [-71.7937057, 42.3169452]}, "properties": {"F_": 892, "District": "WOR", "Town": "Worcester", "Street": "Marland Rd, Westover Rd, Arden Rd, Arden Ct, Marland Ct, Dundee Ct, Roland Rd", "Retirmement_footage": 3000, "Material": "CI", "Installation_footage": 3000, "Size_s__to_Install_": "4\r", "lat": 42.3169452, "lon": -71.7937057, "Mapped_address": "Marland Rd, Worcester, MA 01606, USA", "FID": 1345}}, {"type": "Feature", "id": 1346, "geometry": {"type": "Point", "coordinates": [-71.8136708, 42.2691821]}, "properties": {"F_": 957, "District": "WOR", "Town": "Worcester", "Street": "Somerset St", "Retirmement_footage": 984, "Material": "CS", "Installation_footage": 1000, "Size_s__to_Install_": "\r", "lat": 42.2691821, "lon": -71.8136708, "Mapped_address": "Somerset St, Worcester, MA 01609, USA", "FID": 1346}}, {"type": "Feature", "id": 1347, "geometry": {"type": "Point", "coordinates": [-71.6948197, 42.2946215]}, "properties": {"F_": 748, "District": "SOU", "Town": "Shrewsbury", "Street": "Washington St, Lincoln Ave, Main Blvd, General Ave", "Retirmement_footage": 2577, "Material": "CS, PL", "Installation_footage": 2096, "Size_s__to_Install_": "4\r", "lat": 42.2946215, "lon": -71.6948197, "Mapped_address": "General Ave, Shrewsbury, MA 01545, USA", "FID": 1347}}, {"type": "Feature", "id": 1348, "geometry": {"type": "Point", "coordinates": [-71.7937619, 42.3174833]}, "properties": {"F_": 892, "District": "WOR", "Town": "Worcester", "Street": "Marland Rd, Westover Rd, Arden Rd, Arden Ct, Marland Ct, Dundee Ct, Roland Rd", "Retirmement_footage": 3000, "Material": "CI", "Installation_footage": 3000, "Size_s__to_Install_": "4\r", "lat": 42.3174833, "lon": -71.7937619, "Mapped_address": "Roland Rd, Worcester, MA 01606, USA", "FID": 1348}}, {"type": "Feature", "id": 1349, "geometry": {"type": "Point", "coordinates": [-71.8495224, 42.2314893]}, "properties": {"F_": 958, "District": "WOR", "Town": "Worcester", "Street": "South Ludlow St", "Retirmement_footage": 662, "Material": "CI", "Installation_footage": 680, "Size_s__to_Install_": "8\r", "lat": 42.2314893, "lon": -71.8495224, "Mapped_address": "S Ludlow St, Worcester, MA, USA", "FID": 1349}}, {"type": "Feature", "id": 1350, "geometry": {"type": "Point", "coordinates": [-71.6939677, 42.2900345]}, "properties": {"F_": 748, "District": "SOU", "Town": "Shrewsbury", "Street": "Washington St, Lincoln Ave, Main Blvd, General Ave", "Retirmement_footage": 2577, "Material": "CS, PL", "Installation_footage": 2096, "Size_s__to_Install_": "4\r", "lat": 42.2900345, "lon": -71.6939677, "Mapped_address": "Main Blvd, Shrewsbury, MA 01545, USA", "FID": 1350}}, {"type": "Feature", "id": 1351, "geometry": {"type": "Point", "coordinates": [-71.7930016, 42.3176892]}, "properties": {"F_": 892, "District": "WOR", "Town": "Worcester", "Street": "Marland Rd, Westover Rd, Arden Rd, Arden Ct, Marland Ct, Dundee Ct, Roland Rd", "Retirmement_footage": 3000, "Material": "CI", "Installation_footage": 3000, "Size_s__to_Install_": "4\r", "lat": 42.3176892, "lon": -71.7930016, "Mapped_address": "Westover Rd, Worcester, MA 01606, USA", "FID": 1351}}, {"type": "Feature", "id": 1352, "geometry": {"type": "Point", "coordinates": [-71.8133675, 42.2422164]}, "properties": {"F_": 963, "District": "WOR", "Town": "Worcester", "Street": "Southbridge St, Crompton St", "Retirmement_footage": 740, "Material": "CI, CS, PL", "Installation_footage": 760, "Size_s__to_Install_": "8, 6\r", "lat": 42.2422164, "lon": -71.8133675, "Mapped_address": "Crompton St, Worcester, MA 01610, USA", "FID": 1352}}, {"type": "Feature", "id": 1353, "geometry": {"type": "Point", "coordinates": [-71.6956998, 42.2918566]}, "properties": {"F_": 748, "District": "SOU", "Town": "Shrewsbury", "Street": "Washington St, Lincoln Ave, Main Blvd, General Ave", "Retirmement_footage": 2577, "Material": "CS, PL", "Installation_footage": 2096, "Size_s__to_Install_": "4\r", "lat": 42.2918566, "lon": -71.6956998, "Mapped_address": "Washington St, Shrewsbury, MA 01545, USA", "FID": 1353}}, {"type": "Feature", "id": 1354, "geometry": {"type": "Point", "coordinates": [-71.7786163, 42.2900953]}, "properties": {"F_": 893, "District": "WOR", "Town": "Worcester", "Street": "Marsh Ave", "Retirmement_footage": 1380, "Material": "CI", "Installation_footage": 1400, "Size_s__to_Install_": "4\r", "lat": 42.2900953, "lon": -71.7786163, "Mapped_address": "Marsh Ave, Worcester, MA 01605, USA", "FID": 1354}}, {"type": "Feature", "id": 1355, "geometry": {"type": "Point", "coordinates": [-71.5189589, 42.313822]}, "properties": {"F_": 749, "District": "SOU", "Town": "Southboro", "Street": "Framingham Rd", "Retirmement_footage": 624, "Material": "CS", "Installation_footage": 0, "Size_s__to_Install_": "n/a\r", "lat": 42.313822, "lon": -71.5189589, "Mapped_address": "Framingham Rd, Southborough, MA 01772, USA", "FID": 1355}}, {"type": "Feature", "id": 1356, "geometry": {"type": "Point", "coordinates": [-71.7686776, 42.2402489]}, "properties": {"F_": 894, "District": "WOR", "Town": "Worcester", "Street": "Massasoit Rd", "Retirmement_footage": 920, "Material": "CI", "Installation_footage": 920, "Size_s__to_Install_": "8\r", "lat": 42.2402489, "lon": -71.7686776, "Mapped_address": "Massasoit Rd, Worcester, MA, USA", "FID": 1356}}, {"type": "Feature", "id": 1357, "geometry": {"type": "Point", "coordinates": [-71.8195906, 42.2446589]}, "properties": {"F_": 964, "District": "WOR", "Town": "Worcester", "Street": "Southgate St / Southgate St / Ethel Pl", "Retirmement_footage": 2835, "Material": "BS, CI, CS", "Installation_footage": 1574, "Size_s__to_Install_": "12, 2\r", "lat": 42.2446589, "lon": -71.8195906, "Mapped_address": "Ethel Pl, Worcester, MA 01603, USA", "FID": 1357}}, {"type": "Feature", "id": 1358, "geometry": {"type": "Point", "coordinates": [-71.6077872, 42.178411]}, "properties": {"F_": 750, "District": "SOU", "Town": "Upton", "Street": "High St / Stoddard St", "Retirmement_footage": 700, "Material": "CS, PD, BS", "Installation_footage": 720, "Size_s__to_Install_": "8\r", "lat": 42.178411, "lon": -71.6077872, "Mapped_address": "High St, Upton, MA 01568, USA", "FID": 1358}}, {"type": "Feature", "id": 1359, "geometry": {"type": "Point", "coordinates": [-71.8151972, 42.2471737]}, "properties": {"F_": 964, "District": "WOR", "Town": "Worcester", "Street": "Southgate St / Southgate St / Ethel Pl", "Retirmement_footage": 2835, "Material": "BS, CI, CS", "Installation_footage": 1574, "Size_s__to_Install_": "12, 2\r", "lat": 42.2471737, "lon": -71.8151972, "Mapped_address": "Southgate St, Worcester, MA, USA", "FID": 1359}}, {"type": "Feature", "id": 1360, "geometry": {"type": "Point", "coordinates": [-71.8347893, 42.2618445]}, "properties": {"F_": 895, "District": "WOR", "Town": "Worcester", "Street": "May St", "Retirmement_footage": 9276, "Material": "CI", "Installation_footage": 9280, "Size_s__to_Install_": "12\r", "lat": 42.2618445, "lon": -71.8347893, "Mapped_address": "May St, Worcester, MA, USA", "FID": 1360}}, {"type": "Feature", "id": 1361, "geometry": {"type": "Point", "coordinates": [-71.7819418, 42.3054535]}, "properties": {"F_": 965, "District": "WOR", "Town": "Worcester", "Street": "Squantum St", "Retirmement_footage": 202, "Material": "BS, CI", "Installation_footage": 240, "Size_s__to_Install_": "4\r", "lat": 42.3054535, "lon": -71.7819418, "Mapped_address": "Squantum St, Worcester, MA 01606, USA", "FID": 1361}}, {"type": "Feature", "id": 1362, "geometry": {"type": "Point", "coordinates": [-71.6066113, 42.1781603]}, "properties": {"F_": 750, "District": "SOU", "Town": "Upton", "Street": "High St / Stoddard St", "Retirmement_footage": 700, "Material": "CS, PD, BS", "Installation_footage": 720, "Size_s__to_Install_": "8\r", "lat": 42.1781603, "lon": -71.6066113, "Mapped_address": "Stoddard St, Upton, MA 01568, USA", "FID": 1362}}, {"type": "Feature", "id": 1363, "geometry": {"type": "Point", "coordinates": [-71.8347893, 42.2618445]}, "properties": {"F_": 896, "District": "WOR", "Town": "Worcester", "Street": "May St", "Retirmement_footage": 1023, "Material": "CI", "Installation_footage": 1040, "Size_s__to_Install_": "12\r", "lat": 42.2618445, "lon": -71.8347893, "Mapped_address": "May St, Worcester, MA, USA", "FID": 1363}}, {"type": "Feature", "id": 1364, "geometry": {"type": "Point", "coordinates": [-71.7517911, 42.2542733]}, "properties": {"F_": 966, "District": "WOR", "Town": "Worcester", "Street": "Stoddard Dr, Wapiti Dr, Rogers Dr", "Retirmement_footage": 945, "Material": "BS, CS, PL", "Installation_footage": 960, "Size_s__to_Install_": "4\r", "lat": 42.2542733, "lon": -71.7517911, "Mapped_address": "Rogers Dr, Worcester, MA 01604, USA", "FID": 1364}}, {"type": "Feature", "id": 1365, "geometry": {"type": "Point", "coordinates": [-71.6066113, 42.1781603]}, "properties": {"F_": 751, "District": "SOU", "Town": "Upton", "Street": "Stoddard St", "Retirmement_footage": 127, "Material": "CS", "Installation_footage": 160, "Size_s__to_Install_": "2\r", "lat": 42.1781603, "lon": -71.6066113, "Mapped_address": "Stoddard St, Upton, MA 01568, USA", "FID": 1365}}, {"type": "Feature", "id": 1366, "geometry": {"type": "Point", "coordinates": [-71.7882903, 42.2541442]}, "properties": {"F_": 897, "District": "WOR", "Town": "Worcester", "Street": "Mendon St", "Retirmement_footage": 942, "Material": "CI", "Installation_footage": 960, "Size_s__to_Install_": "4\r", "lat": 42.2541442, "lon": -71.7882903, "Mapped_address": "Mendon St, Worcester, MA 01604, USA", "FID": 1366}}, {"type": "Feature", "id": 1367, "geometry": {"type": "Point", "coordinates": [-71.7519457, 42.2539677]}, "properties": {"F_": 966, "District": "WOR", "Town": "Worcester", "Street": "Stoddard Dr, Wapiti Dr, Rogers Dr", "Retirmement_footage": 945, "Material": "BS, CS, PL", "Installation_footage": 960, "Size_s__to_Install_": "4\r", "lat": 42.2539677, "lon": -71.7519457, "Mapped_address": "Wapiti Dr, Worcester, MA 01604, USA", "FID": 1367}}, {"type": "Feature", "id": 1368, "geometry": {"type": "Point", "coordinates": [-71.6185815, 42.0994908]}, "properties": {"F_": 752, "District": "SOU", "Town": "Uxbridge", "Street": "East Hartford Ave / East Hartford Ave", "Retirmement_footage": 496, "Material": "CS, BS", "Installation_footage": 520, "Size_s__to_Install_": "4\r", "lat": 42.0994908, "lon": -71.6185815, "Mapped_address": "Hartford Ave E, Uxbridge, MA, USA", "FID": 1368}}, {"type": "Feature", "id": 1369, "geometry": {"type": "Point", "coordinates": [-71.8259543, 42.2721321]}, "properties": {"F_": 898, "District": "WOR", "Town": "Worcester", "Street": "Midland St, Huntley St, Greenleaf Ter, Creswell Rd, Chalmers Rd, Winifred Ave, Mabelle St", "Retirmement_footage": 5787, "Material": "CS, BS, PL", "Installation_footage": 6187, "Size_s__to_Install_": "6, 2\r", "lat": 42.2721321, "lon": -71.8259543, "Mapped_address": "Chalmers Rd, Worcester, MA 01602, USA", "FID": 1369}}, {"type": "Feature", "id": 1370, "geometry": {"type": "Point", "coordinates": [-71.848455, 42.2434353]}, "properties": {"F_": 967, "District": "WOR", "Town": "Worcester", "Street": "Sylvan St", "Retirmement_footage": 528, "Material": "CI", "Installation_footage": 560, "Size_s__to_Install_": "4\r", "lat": 42.2434353, "lon": -71.848455, "Mapped_address": "Sylvan St, Worcester, MA 01603, USA", "FID": 1370}}, {"type": "Feature", "id": 1371, "geometry": {"type": "Point", "coordinates": [-71.6283524, 42.0891054]}, "properties": {"F_": 753, "District": "SOU", "Town": "Uxbridge", "Street": "Granite St", "Retirmement_footage": 705, "Material": "CS", "Installation_footage": 720, "Size_s__to_Install_": "2\r", "lat": 42.0891054, "lon": -71.6283524, "Mapped_address": "Granite St, Uxbridge, MA 01569, USA", "FID": 1371}}, {"type": "Feature", "id": 1372, "geometry": {"type": "Point", "coordinates": [-71.8287644, 42.2740616]}, "properties": {"F_": 898, "District": "WOR", "Town": "Worcester", "Street": "Midland St, Huntley St, Greenleaf Ter, Creswell Rd, Chalmers Rd, Winifred Ave, Mabelle St", "Retirmement_footage": 5787, "Material": "CS, BS, PL", "Installation_footage": 6187, "Size_s__to_Install_": "6, 2\r", "lat": 42.2740616, "lon": -71.8287644, "Mapped_address": "Creswell Rd, Worcester, MA 01602, USA", "FID": 1372}}, {"type": "Feature", "id": 1373, "geometry": {"type": "Point", "coordinates": [-71.8138286, 42.2512769]}, "properties": {"F_": 968, "District": "WOR", "Town": "Worcester", "Street": "Tainter St", "Retirmement_footage": 342, "Material": "CS", "Installation_footage": 360, "Size_s__to_Install_": "4\r", "lat": 42.2512769, "lon": -71.8138286, "Mapped_address": "Tainter St, Worcester, MA 01610, USA", "FID": 1373}}, {"type": "Feature", "id": 1374, "geometry": {"type": "Point", "coordinates": [-71.6333107, 42.2497462]}, "properties": {"F_": 754, "District": "SOU", "Town": "Westboro", "Street": "Cortland Dr", "Retirmement_footage": 738, "Material": "CS", "Installation_footage": 760, "Size_s__to_Install_": "2\r", "lat": 42.2497462, "lon": -71.6333107, "Mapped_address": "Cortland Dr, Westborough, MA 01581, USA", "FID": 1374}}, {"type": "Feature", "id": 1375, "geometry": {"type": "Point", "coordinates": [-71.8275691, 42.2708969]}, "properties": {"F_": 898, "District": "WOR", "Town": "Worcester", "Street": "Midland St, Huntley St, Greenleaf Ter, Creswell Rd, Chalmers Rd, Winifred Ave, Mabelle St", "Retirmement_footage": 5787, "Material": "CS, BS, PL", "Installation_footage": 6187, "Size_s__to_Install_": "6, 2\r", "lat": 42.2708969, "lon": -71.8275691, "Mapped_address": "Greenleaf Terrace, Worcester, MA 01602, USA", "FID": 1375}}, {"type": "Feature", "id": 1376, "geometry": {"type": "Point", "coordinates": [-71.7963141, 42.2285884]}, "properties": {"F_": 969, "District": "WOR", "Town": "Worcester", "Street": "Tatman St", "Retirmement_footage": 1912, "Material": "CS", "Installation_footage": 1920, "Size_s__to_Install_": "4\r", "lat": 42.2285884, "lon": -71.7963141, "Mapped_address": "Tatman St, Worcester, MA 01607, USA", "FID": 1376}}, {"type": "Feature", "id": 1377, "geometry": {"type": "Point", "coordinates": [-71.6100704, 42.2685061]}, "properties": {"F_": 755, "District": "SOU", "Town": "Westboro", "Street": "Cottage St", "Retirmement_footage": 914, "Material": "CS", "Installation_footage": 920, "Size_s__to_Install_": "2\r", "lat": 42.2685061, "lon": -71.6100704, "Mapped_address": "Cottage St, Westborough, MA 01581, USA", "FID": 1377}}, {"type": "Feature", "id": 1378, "geometry": {"type": "Point", "coordinates": [-71.8263141, 42.27092]}, "properties": {"F_": 898, "District": "WOR", "Town": "Worcester", "Street": "Midland St, Huntley St, Greenleaf Ter, Creswell Rd, Chalmers Rd, Winifred Ave, Mabelle St", "Retirmement_footage": 5787, "Material": "CS, BS, PL", "Installation_footage": 6187, "Size_s__to_Install_": "6, 2\r", "lat": 42.27092, "lon": -71.8263141, "Mapped_address": "Huntley St, Worcester, MA 01602, USA", "FID": 1378}}, {"type": "Feature", "id": 1379, "geometry": {"type": "Point", "coordinates": [-71.8102472, 42.2718905]}, "properties": {"F_": 970, "District": "WOR", "Town": "Worcester", "Street": "Trowbridge Rd", "Retirmement_footage": 1313, "Material": "CI, BS", "Installation_footage": 1320, "Size_s__to_Install_": "4\r", "lat": 42.2718905, "lon": -71.8102472, "Mapped_address": "Trowbridge Rd, Worcester, MA 01609, USA", "FID": 1379}}, {"type": "Feature", "id": 1380, "geometry": {"type": "Point", "coordinates": [-71.6140899, 42.2664733]}, "properties": {"F_": 756, "District": "SOU", "Town": "Westboro", "Street": "Cross St", "Retirmement_footage": 653, "Material": "PD", "Installation_footage": 680, "Size_s__to_Install_": "2\r", "lat": 42.2664733, "lon": -71.6140899, "Mapped_address": "Cross St, Westborough, MA 01581, USA", "FID": 1380}}, {"type": "Feature", "id": 1381, "geometry": {"type": "Point", "coordinates": [-71.8250199, 42.2743837]}, "properties": {"F_": 898, "District": "WOR", "Town": "Worcester", "Street": "Midland St, Huntley St, Greenleaf Ter, Creswell Rd, Chalmers Rd, Winifred Ave, Mabelle St", "Retirmement_footage": 5787, "Material": "CS, BS, PL", "Installation_footage": 6187, "Size_s__to_Install_": "6, 2\r", "lat": 42.2743837, "lon": -71.8250199, "Mapped_address": "Mabelle St, Worcester, MA 01602, USA", "FID": 1381}}, {"type": "Feature", "id": 1382, "geometry": {"type": "Point", "coordinates": [-71.8320423, 42.2744889]}, "properties": {"F_": 971, "District": "WOR", "Town": "Worcester", "Street": "Ureco Ter", "Retirmement_footage": 185, "Material": "CI", "Installation_footage": 200, "Size_s__to_Install_": "4\r", "lat": 42.2744889, "lon": -71.8320423, "Mapped_address": "Ureco Terrace, Worcester, MA 01602, USA", "FID": 1382}}, {"type": "Feature", "id": 1383, "geometry": {"type": "Point", "coordinates": [-71.596212, 42.2863159]}, "properties": {"F_": 757, "District": "SOU", "Town": "Westboro", "Street": "East Main St", "Retirmement_footage": 995, "Material": "CS", "Installation_footage": 1000, "Size_s__to_Install_": "8\r", "lat": 42.2863159, "lon": -71.596212, "Mapped_address": "E Main St, Westborough, MA 01581, USA", "FID": 1383}}, {"type": "Feature", "id": 1384, "geometry": {"type": "Point", "coordinates": [-71.827965, 42.271741]}, "properties": {"F_": 898, "District": "WOR", "Town": "Worcester", "Street": "Midland St, Huntley St, Greenleaf Ter, Creswell Rd, Chalmers Rd, Winifred Ave, Mabelle St", "Retirmement_footage": 5787, "Material": "CS, BS, PL", "Installation_footage": 6187, "Size_s__to_Install_": "6, 2\r", "lat": 42.271741, "lon": -71.827965, "Mapped_address": "Midland St, Worcester, MA 01602, USA", "FID": 1384}}, {"type": "Feature", "id": 1385, "geometry": {"type": "Point", "coordinates": [-71.596212, 42.2863159]}, "properties": {"F_": 758, "District": "SOU", "Town": "Westboro", "Street": "East Main St", "Retirmement_footage": 1544, "Material": "CS", "Installation_footage": 1560, "Size_s__to_Install_": "8\r", "lat": 42.2863159, "lon": -71.596212, "Mapped_address": "E Main St, Westborough, MA 01581, USA", "FID": 1385}}, {"type": "Feature", "id": 1386, "geometry": {"type": "Point", "coordinates": [-71.8264445, 42.275931]}, "properties": {"F_": 898, "District": "WOR", "Town": "Worcester", "Street": "Midland St, Huntley St, Greenleaf Ter, Creswell Rd, Chalmers Rd, Winifred Ave, Mabelle St", "Retirmement_footage": 5787, "Material": "CS, BS, PL", "Installation_footage": 6187, "Size_s__to_Install_": "6, 2\r", "lat": 42.275931, "lon": -71.8264445, "Mapped_address": "Winifred Ave, Worcester, MA 01602, USA", "FID": 1386}}, {"type": "Feature", "id": 1387, "geometry": {"type": "Point", "coordinates": [-71.7885329, 42.2834537]}, "properties": {"F_": 972, "District": "WOR", "Town": "Worcester", "Street": "Uxbridge St", "Retirmement_footage": 1012, "Material": "CS", "Installation_footage": 1040, "Size_s__to_Install_": "4\r", "lat": 42.2834537, "lon": -71.7885329, "Mapped_address": "Uxbridge St, Worcester, MA 01605, USA", "FID": 1387}}, {"type": "Feature", "id": 1388, "geometry": {"type": "Point", "coordinates": [-71.5717732, 42.2757084]}, "properties": {"F_": 759, "District": "SOU", "Town": "Westboro", "Street": "Flanders Rd", "Retirmement_footage": 1992, "Material": "PD", "Installation_footage": 2000, "Size_s__to_Install_": "4\r", "lat": 42.2757084, "lon": -71.5717732, "Mapped_address": "Flanders Rd, Westborough, MA, USA", "FID": 1388}}, {"type": "Feature", "id": 1389, "geometry": {"type": "Point", "coordinates": [-71.8188914, 42.2777468]}, "properties": {"F_": 973, "District": "WOR", "Town": "Worcester", "Street": "Valley Hill Dr / Valley Hill Ln / Sun Valley Dr", "Retirmement_footage": 3579, "Material": "CS", "Installation_footage": 3600, "Size_s__to_Install_": "8\r", "lat": 42.2777468, "lon": -71.8188914, "Mapped_address": "Sun Valley Dr, Worcester, MA 01609, USA", "FID": 1389}}, {"type": "Feature", "id": 1390, "geometry": {"type": "Point", "coordinates": [-71.8493541, 42.2594012]}, "properties": {"F_": 899, "District": "WOR", "Town": "Worcester", "Street": "Mill St", "Retirmement_footage": 300, "Material": "CI", "Installation_footage": 320, "Size_s__to_Install_": "6\r", "lat": 42.2594012, "lon": -71.8493541, "Mapped_address": "Mill St, Worcester, MA, USA", "FID": 1390}}, {"type": "Feature", "id": 1391, "geometry": {"type": "Point", "coordinates": [-71.8209761, 42.2778643]}, "properties": {"F_": 973, "District": "WOR", "Town": "Worcester", "Street": "Valley Hill Dr / Valley Hill Ln / Sun Valley Dr", "Retirmement_footage": 3579, "Material": "CS", "Installation_footage": 3600, "Size_s__to_Install_": "8\r", "lat": 42.2778643, "lon": -71.8209761, "Mapped_address": "Valley Hill Dr, Worcester, MA, USA", "FID": 1391}}, {"type": "Feature", "id": 1392, "geometry": {"type": "Point", "coordinates": [-71.6072335, 42.2919056]}, "properties": {"F_": 760, "District": "SOU", "Town": "Westboro", "Street": "Lyman St / Turnpike Rd", "Retirmement_footage": 978, "Material": "CS", "Installation_footage": 1000, "Size_s__to_Install_": "8,4\r", "lat": 42.2919056, "lon": -71.6072335, "Mapped_address": "Lyman St, Westborough, MA, USA", "FID": 1392}}, {"type": "Feature", "id": 1393, "geometry": {"type": "Point", "coordinates": [-71.8493541, 42.2594012]}, "properties": {"F_": 900, "District": "WOR", "Town": "Worcester", "Street": "Mill St", "Retirmement_footage": 1207, "Material": "CI", "Installation_footage": 1240, "Size_s__to_Install_": "6\r", "lat": 42.2594012, "lon": -71.8493541, "Mapped_address": "Mill St, Worcester, MA, USA", "FID": 1393}}, {"type": "Feature", "id": 1394, "geometry": {"type": "Point", "coordinates": [-71.8207954, 42.2770035]}, "properties": {"F_": 973, "District": "WOR", "Town": "Worcester", "Street": "Valley Hill Dr / Valley Hill Ln / Sun Valley Dr", "Retirmement_footage": 3579, "Material": "CS", "Installation_footage": 3600, "Size_s__to_Install_": "8\r", "lat": 42.2770035, "lon": -71.8207954, "Mapped_address": "Valley Hill Ln, Worcester, MA, USA", "FID": 1394}}, {"type": "Feature", "id": 1395, "geometry": {"type": "Point", "coordinates": [-71.6097972, 42.2850727]}, "properties": {"F_": 760, "District": "SOU", "Town": "Westboro", "Street": "Lyman St / Turnpike Rd", "Retirmement_footage": 978, "Material": "CS", "Installation_footage": 1000, "Size_s__to_Install_": "8,4\r", "lat": 42.2850727, "lon": -71.6097972, "Mapped_address": "Turnpike Rd, Westborough, MA, USA", "FID": 1395}}, {"type": "Feature", "id": 1396, "geometry": {"type": "Point", "coordinates": [-71.8493541, 42.2594012]}, "properties": {"F_": 901, "District": "WOR", "Town": "Worcester", "Street": "Mill St", "Retirmement_footage": 13133, "Material": "CS", "Installation_footage": 13160, "Size_s__to_Install_": "12\r", "lat": 42.2594012, "lon": -71.8493541, "Mapped_address": "Mill St, Worcester, MA, USA", "FID": 1396}}, {"type": "Feature", "id": 1397, "geometry": {"type": "Point", "coordinates": [-71.8368652, 42.2540064]}, "properties": {"F_": 974, "District": "WOR", "Town": "Worcester", "Street": "Vincent Ave", "Retirmement_footage": 730, "Material": "CI", "Installation_footage": 760, "Size_s__to_Install_": "4\r", "lat": 42.2540064, "lon": -71.8368652, "Mapped_address": "Vincent Ave, Worcester, MA 01603, USA", "FID": 1397}}, {"type": "Feature", "id": 1398, "geometry": {"type": "Point", "coordinates": [-71.6314306, 42.2567379]}, "properties": {"F_": 761, "District": "SOU", "Town": "Westboro", "Street": "West Main St", "Retirmement_footage": 4000, "Material": "CS", "Installation_footage": 4000, "Size_s__to_Install_": "8\r", "lat": 42.2567379, "lon": -71.6314306, "Mapped_address": "W Main St, Westborough, MA, USA", "FID": 1398}}, {"type": "Feature", "id": 1399, "geometry": {"type": "Point", "coordinates": [-71.8493541, 42.2594012]}, "properties": {"F_": 902, "District": "WOR", "Town": "Worcester", "Street": "Mill St", "Retirmement_footage": 325, "Material": "CI", "Installation_footage": 360, "Size_s__to_Install_": "8\r", "lat": 42.2594012, "lon": -71.8493541, "Mapped_address": "Mill St, Worcester, MA, USA", "FID": 1399}}, {"type": "Feature", "id": 1400, "geometry": {"type": "Point", "coordinates": [-71.8317931, 42.2532298]}, "properties": {"F_": 975, "District": "WOR", "Town": "Worcester", "Street": "Vineyard St", "Retirmement_footage": 356, "Material": "CI", "Installation_footage": 360, "Size_s__to_Install_": "4\r", "lat": 42.2532298, "lon": -71.8317931, "Mapped_address": "Vineyard St, Worcester, MA 01603, USA", "FID": 1400}}, {"type": "Feature", "id": 1401, "geometry": {"type": "Point", "coordinates": [-71.8379528, 42.2256351]}, "properties": {"F_": 762, "District": "WOR", "Town": "Auburn", "Street": "Adella Rd / Robert Ave / Shirley St / Wellman St", "Retirmement_footage": 1803, "Material": "CI, PL , PCS", "Installation_footage": 1840, "Size_s__to_Install_": "4\r", "lat": 42.2256351, "lon": -71.8379528, "Mapped_address": "Adella St, Auburn, MA 01501, USA", "FID": 1401}}, {"type": "Feature", "id": 1402, "geometry": {"type": "Point", "coordinates": [-71.7913514, 42.236071]}, "properties": {"F_": 903, "District": "WOR", "Town": "Worcester", "Street": "Millbury St", "Retirmement_footage": 1300, "Material": "WI", "Installation_footage": 1320, "Size_s__to_Install_": "8\r", "lat": 42.236071, "lon": -71.7913514, "Mapped_address": "Millbury St, Worcester, MA, USA", "FID": 1402}}, {"type": "Feature", "id": 1403, "geometry": {"type": "Point", "coordinates": [-71.8427901, 42.261955]}, "properties": {"F_": 976, "District": "WOR", "Town": "Worcester", "Street": "Walnut Hill Dr", "Retirmement_footage": 303, "Material": "CI", "Installation_footage": 320, "Size_s__to_Install_": "2\r", "lat": 42.261955, "lon": -71.8427901, "Mapped_address": "Walnut Hill Dr, Worcester, MA 01602, USA", "FID": 1403}}, {"type": "Feature", "id": 1404, "geometry": {"type": "Point", "coordinates": [-71.838381, 42.222896]}, "properties": {"F_": 762, "District": "WOR", "Town": "Auburn", "Street": "Adella Rd / Robert Ave / Shirley St / Wellman St", "Retirmement_footage": 1803, "Material": "CI, PL , PCS", "Installation_footage": 1840, "Size_s__to_Install_": "4\r", "lat": 42.222896, "lon": -71.838381, "Mapped_address": "Robert Ave, Auburn, MA 01501, USA", "FID": 1404}}, {"type": "Feature", "id": 1405, "geometry": {"type": "Point", "coordinates": [-71.834124, 42.2567499]}, "properties": {"F_": 904, "District": "WOR", "Town": "Worcester", "Street": "Minthorne St", "Retirmement_footage": 1645, "Material": "BS, CI", "Installation_footage": 1680, "Size_s__to_Install_": "4\r", "lat": 42.2567499, "lon": -71.834124, "Mapped_address": "Minthorne St, Worcester, MA 01603, USA", "FID": 1405}}, {"type": "Feature", "id": 1406, "geometry": {"type": "Point", "coordinates": [-71.8026522, 42.2659705]}, "properties": {"F_": 977, "District": "WOR", "Town": "Worcester", "Street": "Walnut St", "Retirmement_footage": 485, "Material": "CS", "Installation_footage": 520, "Size_s__to_Install_": "6\r", "lat": 42.2659705, "lon": -71.8026522, "Mapped_address": "Walnut St, Worcester, MA, USA", "FID": 1406}}, {"type": "Feature", "id": 1407, "geometry": {"type": "Point", "coordinates": [-71.8372006, 42.2225325]}, "properties": {"F_": 762, "District": "WOR", "Town": "Auburn", "Street": "Adella Rd / Robert Ave / Shirley St / Wellman St", "Retirmement_footage": 1803, "Material": "CI, PL , PCS", "Installation_footage": 1840, "Size_s__to_Install_": "4\r", "lat": 42.2225325, "lon": -71.8372006, "Mapped_address": "Shirley St, Auburn, MA 01501, USA", "FID": 1407}}, {"type": "Feature", "id": 1408, "geometry": {"type": "Point", "coordinates": [-71.8119273, 42.2829895]}, "properties": {"F_": 905, "District": "WOR", "Town": "Worcester", "Street": "Monadnock Rd", "Retirmement_footage": 600, "Material": "BS", "Installation_footage": 600, "Size_s__to_Install_": "6\r", "lat": 42.2829895, "lon": -71.8119273, "Mapped_address": "Monadnock Rd, Worcester, MA 01609, USA", "FID": 1408}}, {"type": "Feature", "id": 1409, "geometry": {"type": "Point", "coordinates": [-71.8330129, 42.2372146]}, "properties": {"F_": 978, "District": "WOR", "Town": "Worcester", "Street": "Webster St", "Retirmement_footage": 600, "Material": "CI", "Installation_footage": 0, "Size_s__to_Install_": "n/a\r", "lat": 42.2372146, "lon": -71.8330129, "Mapped_address": "Webster St, Worcester, MA 01603, USA", "FID": 1409}}, {"type": "Feature", "id": 1410, "geometry": {"type": "Point", "coordinates": [-71.862263, 42.282236]}, "properties": {"F_": 906, "District": "WOR", "Town": "Worcester", "Street": "Monica Rd", "Retirmement_footage": 436, "Material": "CI, CS", "Installation_footage": 440, "Size_s__to_Install_": "4\r", "lat": 42.282236, "lon": -71.862263, "Mapped_address": "Monica Rd, Worcester, MA 01602, USA", "FID": 1410}}, {"type": "Feature", "id": 1411, "geometry": {"type": "Point", "coordinates": [-71.7708245, 42.2715338]}, "properties": {"F_": 979, "District": "WOR", "Town": "Worcester", "Street": "Wells St / Solferino St / Plantation Ter", "Retirmement_footage": 1300, "Material": "CS, CI, PD", "Installation_footage": 1320, "Size_s__to_Install_": "4\r", "lat": 42.2715338, "lon": -71.7708245, "Mapped_address": "Plantation Terrace, Worcester, MA 01604, USA", "FID": 1411}}, {"type": "Feature", "id": 1412, "geometry": {"type": "Point", "coordinates": [-71.8288124, 42.2686385]}, "properties": {"F_": 907, "District": "WOR", "Town": "Worcester", "Street": "Monroe Ave", "Retirmement_footage": 1577, "Material": "CI, BS", "Installation_footage": 1600, "Size_s__to_Install_": "4\r", "lat": 42.2686385, "lon": -71.8288124, "Mapped_address": "Monroe Ave, Worcester, MA 01602, USA", "FID": 1412}}, {"type": "Feature", "id": 1413, "geometry": {"type": "Point", "coordinates": [-71.7682015, 42.2702025]}, "properties": {"F_": 979, "District": "WOR", "Town": "Worcester", "Street": "Wells St / Solferino St / Plantation Ter", "Retirmement_footage": 1300, "Material": "CS, CI, PD", "Installation_footage": 1320, "Size_s__to_Install_": "4\r", "lat": 42.2702025, "lon": -71.7682015, "Mapped_address": "Solferino St, Worcester, MA 01604, USA", "FID": 1413}}, {"type": "Feature", "id": 1414, "geometry": {"type": "Point", "coordinates": [-71.8392062, 42.2458745]}, "properties": {"F_": 908, "District": "WOR", "Town": "Worcester", "Street": "Montague St, Baker St, Catalpa St, Bishop Ave, Bishop Ave, Ball St, Mill St", "Retirmement_footage": 4054, "Material": "CS, CI, BS, PL, PCS", "Installation_footage": 2457, "Size_s__to_Install_": "2\r", "lat": 42.2458745, "lon": -71.8392062, "Mapped_address": "Baker St, Worcester, MA 01603, USA", "FID": 1414}}, {"type": "Feature", "id": 1415, "geometry": {"type": "Point", "coordinates": [-71.7686356, 42.270951]}, "properties": {"F_": 979, "District": "WOR", "Town": "Worcester", "Street": "Wells St / Solferino St / Plantation Ter", "Retirmement_footage": 1300, "Material": "CS, CI, PD", "Installation_footage": 1320, "Size_s__to_Install_": "4\r", "lat": 42.270951, "lon": -71.7686356, "Mapped_address": "Wells St, Worcester, MA 01604, USA", "FID": 1415}}, {"type": "Feature", "id": 1416, "geometry": {"type": "Point", "coordinates": [-71.7969594, 42.3145162]}, "properties": {"F_": 980, "District": "WOR", "Town": "Worcester", "Street": "West Boylston St", "Retirmement_footage": 1420, "Material": "CI", "Installation_footage": 1440, "Size_s__to_Install_": "8\r", "lat": 42.3145162, "lon": -71.7969594, "Mapped_address": "W Boylston St, Worcester, MA, USA", "FID": 1416}}, {"type": "Feature", "id": 1417, "geometry": {"type": "Point", "coordinates": [-71.7969594, 42.3145162]}, "properties": {"F_": 981, "District": "WOR", "Town": "Worcester", "Street": "West Boylston St", "Retirmement_footage": 330, "Material": "CI", "Installation_footage": 360, "Size_s__to_Install_": "8\r", "lat": 42.3145162, "lon": -71.7969594, "Mapped_address": "W Boylston St, Worcester, MA, USA", "FID": 1417}}, {"type": "Feature", "id": 1418, "geometry": {"type": "Point", "coordinates": [-71.7969594, 42.3145162]}, "properties": {"F_": 982, "District": "WOR", "Town": "Worcester", "Street": "West Boylston St", "Retirmement_footage": 2270, "Material": "CI", "Installation_footage": 2280, "Size_s__to_Install_": "8\r", "lat": 42.3145162, "lon": -71.7969594, "Mapped_address": "W Boylston St, Worcester, MA, USA", "FID": 1418}}, {"type": "Feature", "id": 1419, "geometry": {"type": "Point", "coordinates": [-71.7969594, 42.3145162]}, "properties": {"F_": 983, "District": "WOR", "Town": "Worcester", "Street": "West Boylston St", "Retirmement_footage": 2400, "Material": "CI", "Installation_footage": 2400, "Size_s__to_Install_": "16\r", "lat": 42.3145162, "lon": -71.7969594, "Mapped_address": "W Boylston St, Worcester, MA, USA", "FID": 1419}}, {"type": "Feature", "id": 1420, "geometry": {"type": "Point", "coordinates": [-71.8084791, 42.2701864]}, "properties": {"F_": 984, "District": "WOR", "Town": "Worcester", "Street": "West St", "Retirmement_footage": 1571, "Material": "CS, CI, PL", "Installation_footage": 1600, "Size_s__to_Install_": "4\r", "lat": 42.2701864, "lon": -71.8084791, "Mapped_address": "West St, Worcester, MA 01609, USA", "FID": 1420}}, {"type": "Feature", "id": 1421, "geometry": {"type": "Point", "coordinates": [-71.8251688, 42.2564516]}, "properties": {"F_": 985, "District": "WOR", "Town": "Worcester", "Street": "Westfield St", "Retirmement_footage": 654, "Material": "CI, CS", "Installation_footage": 680, "Size_s__to_Install_": "4\r", "lat": 42.2564516, "lon": -71.8251688, "Mapped_address": "Westfield St, Worcester, MA, USA", "FID": 1421}}, {"type": "Feature", "id": 1422, "geometry": {"type": "Point", "coordinates": [-71.7919463, 42.2800704]}, "properties": {"F_": 986, "District": "WOR", "Town": "Worcester", "Street": "Westminster St / Orne St", "Retirmement_footage": 1400, "Material": "CS, CI, BS", "Installation_footage": 1400, "Size_s__to_Install_": "4\r", "lat": 42.2800704, "lon": -71.7919463, "Mapped_address": "Orne St, Worcester, MA 01605, USA", "FID": 1422}}, {"type": "Feature", "id": 1423, "geometry": {"type": "Point", "coordinates": [-71.7926147, 42.2781843]}, "properties": {"F_": 986, "District": "WOR", "Town": "Worcester", "Street": "Westminster St / Orne St", "Retirmement_footage": 1400, "Material": "CS, CI, BS", "Installation_footage": 1400, "Size_s__to_Install_": "4\r", "lat": 42.2781843, "lon": -71.7926147, "Mapped_address": "Westminster St, Worcester, MA 01605, USA", "FID": 1423}}, {"type": "Feature", "id": 1424, "geometry": {"type": "Point", "coordinates": [-71.7756575, 42.2528516]}, "properties": {"F_": 987, "District": "WOR", "Town": "Worcester", "Street": "Whipple St, Bedford Ave, Henry Ter", "Retirmement_footage": 1220, "Material": "CS", "Installation_footage": 1240, "Size_s__to_Install_": "4, 2\r", "lat": 42.2528516, "lon": -71.7756575, "Mapped_address": "Bedford Ave, Worcester, MA 01604, USA", "FID": 1424}}, {"type": "Feature", "id": 1425, "geometry": {"type": "Point", "coordinates": [-71.7995287, 42.2317394]}, "properties": {"F_": 987, "District": "WOR", "Town": "Worcester", "Street": "Whipple St, Bedford Ave, Henry Ter", "Retirmement_footage": 1220, "Material": "CS", "Installation_footage": 1240, "Size_s__to_Install_": "4, 2\r", "lat": 42.2317394, "lon": -71.7995287, "Mapped_address": "Henry Terrace, Worcester, MA 01607, USA", "FID": 1425}}, {"type": "Feature", "id": 1426, "geometry": {"type": "Point", "coordinates": [-71.7999575, 42.2310324]}, "properties": {"F_": 987, "District": "WOR", "Town": "Worcester", "Street": "Whipple St, Bedford Ave, Henry Ter", "Retirmement_footage": 1220, "Material": "CS", "Installation_footage": 1240, "Size_s__to_Install_": "4, 2\r", "lat": 42.2310324, "lon": -71.7999575, "Mapped_address": "Whipple St, Worcester, MA, USA", "FID": 1426}}, {"type": "Feature", "id": 1427, "geometry": {"type": "Point", "coordinates": [-71.8497842, 42.2761649]}, "properties": {"F_": 988, "District": "WOR", "Town": "Worcester", "Street": "Willard Ave", "Retirmement_footage": 118, "Material": "BS, CI", "Installation_footage": 120, "Size_s__to_Install_": "4\r", "lat": 42.2761649, "lon": -71.8497842, "Mapped_address": "Willard Ave, Worcester, MA 01602, USA", "FID": 1427}}, {"type": "Feature", "id": 1428, "geometry": {"type": "Point", "coordinates": [-71.8092346, 42.2675495]}, "properties": {"F_": 989, "District": "WOR", "Town": "Worcester", "Street": "William St", "Retirmement_footage": 343, "Material": "CS", "Installation_footage": 360, "Size_s__to_Install_": "4\r", "lat": 42.2675495, "lon": -71.8092346, "Mapped_address": "William St, Worcester, MA 01609, USA", "FID": 1428}}, {"type": "Feature", "id": 1429, "geometry": {"type": "Point", "coordinates": [-71.8188809, 42.2544762]}, "properties": {"F_": 990, "District": "WOR", "Town": "Worcester", "Street": "Woodland St", "Retirmement_footage": 780, "Material": "CI, CS", "Installation_footage": 800, "Size_s__to_Install_": "4", "lat": 42.2544762, "lon": -71.8188809, "Mapped_address": "Woodland St, Worcester, MA 01610, USA", "FID": 1429}}, {"type": "Feature", "id": 1430, "geometry": {"type": "Point", "coordinates": [-71.8379635, 42.247602]}, "properties": {"F_": 908, "District": "WOR", "Town": "Worcester", "Street": "Montague St, Baker St, Catalpa St, Bishop Ave, Bishop Ave, Ball St, Mill St", "Retirmement_footage": 4054, "Material": "CS, CI, BS, PL, PCS", "Installation_footage": 2457, "Size_s__to_Install_": "2\r", "lat": 42.247602, "lon": -71.8379635, "Mapped_address": "Ball St, Worcester, MA 01603, USA", "FID": 1430}}, {"type": "Feature", "id": 1431, "geometry": {"type": "Point", "coordinates": [-71.8416901, 42.2456738]}, "properties": {"F_": 908, "District": "WOR", "Town": "Worcester", "Street": "Montague St, Baker St, Catalpa St, Bishop Ave, Bishop Ave, Ball St, Mill St", "Retirmement_footage": 4054, "Material": "CS, CI, BS, PL, PCS", "Installation_footage": 2457, "Size_s__to_Install_": "2\r", "lat": 42.2456738, "lon": -71.8416901, "Mapped_address": "Bishop Ave, Worcester, MA 01603, USA", "FID": 1431}}, {"type": "Feature", "id": 1432, "geometry": {"type": "Point", "coordinates": [-71.8426374, 42.2452286]}, "properties": {"F_": 908, "District": "WOR", "Town": "Worcester", "Street": "Montague St, Baker St, Catalpa St, Bishop Ave, Bishop Ave, Ball St, Mill St", "Retirmement_footage": 4054, "Material": "CS, CI, BS, PL, PCS", "Installation_footage": 2457, "Size_s__to_Install_": "2\r", "lat": 42.2452286, "lon": -71.8426374, "Mapped_address": "Catalpa St, Worcester, MA 01603, USA", "FID": 1432}}, {"type": "Feature", "id": 1433, "geometry": {"type": "Point", "coordinates": [-71.8493541, 42.2594012]}, "properties": {"F_": 908, "District": "WOR", "Town": "Worcester", "Street": "Montague St, Baker St, Catalpa St, Bishop Ave, Bishop Ave, Ball St, Mill St", "Retirmement_footage": 4054, "Material": "CS, CI, BS, PL, PCS", "Installation_footage": 2457, "Size_s__to_Install_": "2\r", "lat": 42.2594012, "lon": -71.8493541, "Mapped_address": "Mill St, Worcester, MA, USA", "FID": 1433}}, {"type": "Feature", "id": 1434, "geometry": {"type": "Point", "coordinates": [-71.8404947, 42.2461016]}, "properties": {"F_": 908, "District": "WOR", "Town": "Worcester", "Street": "Montague St, Baker St, Catalpa St, Bishop Ave, Bishop Ave, Ball St, Mill St", "Retirmement_footage": 4054, "Material": "CS, CI, BS, PL, PCS", "Installation_footage": 2457, "Size_s__to_Install_": "2\r", "lat": 42.2461016, "lon": -71.8404947, "Mapped_address": "Montague St, Worcester, MA 01603, USA", "FID": 1434}}, {"type": "Feature", "id": 1435, "geometry": {"type": "Point", "coordinates": [-71.8461117, 42.2286479]}, "properties": {"F_": 909, "District": "WOR", "Town": "Worcester", "Street": "Montello St", "Retirmement_footage": 448, "Material": "CI, CS", "Installation_footage": 480, "Size_s__to_Install_": "4\r", "lat": 42.2286479, "lon": -71.8461117, "Mapped_address": "Montello St, Worcester, MA, USA", "FID": 1435}}, {"type": "Feature", "id": 1436, "geometry": {"type": "Point", "coordinates": [-71.8433628, 42.2759959]}, "properties": {"F_": 910, "District": "WOR", "Town": "Worcester", "Street": "Moore Ave, Ashmore Rd, Pleasant St", "Retirmement_footage": 1887, "Material": "CS, CI, BS", "Installation_footage": 2462, "Size_s__to_Install_": "6, 2\r", "lat": 42.2759959, "lon": -71.8433628, "Mapped_address": "Ashmore Rd, Worcester, MA 01602, USA", "FID": 1436}}, {"type": "Feature", "id": 1437, "geometry": {"type": "Point", "coordinates": [-71.8420386, 42.2766292]}, "properties": {"F_": 910, "District": "WOR", "Town": "Worcester", "Street": "Moore Ave, Ashmore Rd, Pleasant St", "Retirmement_footage": 1887, "Material": "CS, CI, BS", "Installation_footage": 2462, "Size_s__to_Install_": "6, 2\r", "lat": 42.2766292, "lon": -71.8420386, "Mapped_address": "Moore Ave, Worcester, MA 01602, USA", "FID": 1437}}, {"type": "Feature", "id": 1438, "geometry": {"type": "Point", "coordinates": [-71.8421216, 42.2775304]}, "properties": {"F_": 910, "District": "WOR", "Town": "Worcester", "Street": "Moore Ave, Ashmore Rd, Pleasant St", "Retirmement_footage": 1887, "Material": "CS, CI, BS", "Installation_footage": 2462, "Size_s__to_Install_": "6, 2\r", "lat": 42.2775304, "lon": -71.8421216, "Mapped_address": "Pleasant St, Worcester, MA, USA", "FID": 1438}}, {"type": "Feature", "id": 1439, "geometry": {"type": "Point", "coordinates": [-71.8328032, 42.2697243]}, "properties": {"F_": 911, "District": "WOR", "Town": "Worcester", "Street": "Morningside Rd", "Retirmement_footage": 1122, "Material": "CI, BS", "Installation_footage": 1160, "Size_s__to_Install_": "4\r", "lat": 42.2697243, "lon": -71.8328032, "Mapped_address": "Morningside Rd, Worcester, MA 01602, USA", "FID": 1439}}, {"type": "Feature", "id": 1440, "geometry": {"type": "Point", "coordinates": [-71.8491497, 42.2277166]}, "properties": {"F_": 912, "District": "WOR", "Town": "Worcester", "Street": "Moss St", "Retirmement_footage": 245, "Material": "CI", "Installation_footage": 280, "Size_s__to_Install_": "4\r", "lat": 42.2277166, "lon": -71.8491497, "Mapped_address": "Moss St, Worcester, MA 01603, USA", "FID": 1440}}, {"type": "Feature", "id": 1441, "geometry": {"type": "Point", "coordinates": [-71.8079643, 42.2589119]}, "properties": {"F_": 913, "District": "WOR", "Town": "Worcester", "Street": "Murray Ave", "Retirmement_footage": 1073, "Material": "CI, PD", "Installation_footage": 1080, "Size_s__to_Install_": "6\r", "lat": 42.2589119, "lon": -71.8079643, "Mapped_address": "Murray Ave, Worcester, MA, USA", "FID": 1441}}, {"type": "Feature", "id": 1442, "geometry": {"type": "Point", "coordinates": [-71.7668711, 42.2728448]}, "properties": {"F_": 914, "District": "WOR", "Town": "Worcester", "Street": "Natick St", "Retirmement_footage": 764, "Material": "CI", "Installation_footage": 800, "Size_s__to_Install_": "4\r", "lat": 42.2728448, "lon": -71.7668711, "Mapped_address": "Natick St, Worcester, MA 01604, USA", "FID": 1442}}, {"type": "Feature", "id": 1443, "geometry": {"type": "Point", "coordinates": [-71.7833324, 42.2653137]}, "properties": {"F_": 915, "District": "WOR", "Town": "Worcester", "Street": "Nebraska St / Envelope Ter / Albany St", "Retirmement_footage": 1450, "Material": "CI, CS, PL", "Installation_footage": 1480, "Size_s__to_Install_": "2\r", "lat": 42.2653137, "lon": -71.7833324, "Mapped_address": "Albany St, Worcester, MA 01604, USA", "FID": 1443}}, {"type": "Feature", "id": 1444, "geometry": {"type": "Point", "coordinates": [-71.7797622, 42.2681385]}, "properties": {"F_": 915, "District": "WOR", "Town": "Worcester", "Street": "Nebraska St / Envelope Ter / Albany St", "Retirmement_footage": 1450, "Material": "CI, CS, PL", "Installation_footage": 1480, "Size_s__to_Install_": "2\r", "lat": 42.2681385, "lon": -71.7797622, "Mapped_address": "Envelope Terrace, Worcester, MA 01604, USA", "FID": 1444}}, {"type": "Feature", "id": 1445, "geometry": {"type": "Point", "coordinates": [-71.7801868, 42.2679099]}, "properties": {"F_": 915, "District": "WOR", "Town": "Worcester", "Street": "Nebraska St / Envelope Ter / Albany St", "Retirmement_footage": 1450, "Material": "CI, CS, PL", "Installation_footage": 1480, "Size_s__to_Install_": "2\r", "lat": 42.2679099, "lon": -71.7801868, "Mapped_address": "Nebraska St, Worcester, MA 01604, USA", "FID": 1445}}]}