{"type": "FeatureCollection", "features": [{"type": "Feature", "id": 1, "geometry": {"type": "Point", "coordinates": [-71.1273749, 41.698784]}, "properties": {"Line__": 202, "Year": 2028, "Project_Name": "Bedford St. Main Replacement 2028", "Address": "Stonehaven Rd (#138 Stonehaven Rd. to Bedford St.)", "Estimated_Cost": null, "Town": "FALL RIVER", "Reasons": "RISK & CONVERT TO 60#", "UP_or_CP": "CP", "Single_Highest_Risk_Score__on_S": "No Score", "Existing__Pressure": "Low", "Ex__Main_Size__in____CI___WI_": "0", "Ex__Main_Length__ft____CI___WI_": 0, "Ex__Main_Size__in____BS_": "0", "Ex__Main_Length__ft____BS_": 0, "Ex__Main_Size__in____WS__Unprot": "0", "Ex__Main_Length__ft____WS__Unpr": 0, "Ex__Main_Size__in____WS__CP_Pro": 0, "Ex__Main_Length__ft____WS__CP_P": 0, "Ex__Main_Size__in____PE_": "2\"", "Ex__Main_Length__ft____PE_": 162, "Ex__Main_Size__in____Drisco_": "0", "Ex__Main_Length__ft____Drisco_": 0, "Ex__Main_Size__in_____Aldyl_A_": "0", "Ex__Main_Length__ft____Aldyl_A_": 0, "New_Main__for_System__Integrity": 462, "Total_GSEP_Footage__ft__": 0, "Total_Non_GSEP_Footage__ft__": 162, "Prop__Total__Length_for__Instal": 624, "Prop__Total__Length_for_Abandon": 162, "F__Incidental_Pipe_Per_Project": null, "Ex__PE_Size__in____to_be_Retest": 0, "Ex__PE_Length__ft___to_be_Retes": 0, "Majority_Existing_Main_Info": "(LP) PE", "Prop__Main_Size__in____PE_": 2, "Prop__Main_Pressure": "60#", "F__Replaced_Services__BS_": 1, "F__Replaced_Services__WS_": 0, "F__Replaced_Services__Drisco_": 0, "F__Replaced_Services___Aldyl_A_": 0, "F__Replaced_Services__Total_": 1, "F__Service__Transfers": 1, "Est_____Days": 4, "Est_____Extra__Days_for__Ledge_": 1, "F__of_Tie_Ins": null, "F__of_Cut_Offs": null, "F__of_Inside_Services": null, "F__of_Outside_Services": null, "Budgeted_In_2023_for_2024": null, "Main_Cost_1_Including_Const_OH": null, "Inspector": null, "Police": null, "Gravel_Tr_In": null, "Ledge_Removal": null, "T_M": null, "Re_Pressure_Test": null, "Extra_Restoration_Estimate_from": null, "Non_Standard_Work__Bridges__Lan": null, "Cost": null, "Construction__OVHD": null, "Engineering__Design_Cost": null, "Total_Overage": null, "Services_Cost_Including_Constr_": null, "Meters_Installation_Cost_Includ": null, "F_Total_Est__Project_Cost_Inclu": null, "LU_Design_Engineer": null, "Engineering_Consultant": null, "Notes_": "\n", "lat": 41.698784, "lon": -71.1273749, "Mapped_address": "138 Stonehaven Rd, Fall River, MA 02723, USA", "FID": 1}}, {"type": "Feature", "id": 2, "geometry": {"type": "Point", "coordinates": [-71.1289346, 41.6987183]}, "properties": {"Line__": 203, "Year": 2028, "Project_Name": "Bedford St. Main Replacement 2028", "Address": "N. Ogden St (#111 N. Ogden St. to Bedford St.)", "Estimated_Cost": null, "Town": "FALL RIVER", "Reasons": "CONVERT TO 60#", "UP_or_CP": "UP", "Single_Highest_Risk_Score__on_S": "23", "Existing__Pressure": "Low", "Ex__Main_Size__in____CI___WI_": "0", "Ex__Main_Length__ft____CI___WI_": 0, "Ex__Main_Size__in____BS_": "2\"", "Ex__Main_Length__ft____BS_": 23, "Ex__Main_Size__in____WS__Unprot": "2\"", "Ex__Main_Length__ft____WS__Unpr": 487, "Ex__Main_Size__in____WS__CP_Pro": 0, "Ex__Main_Length__ft____WS__CP_P": 0, "Ex__Main_Size__in____PE_": "0", "Ex__Main_Length__ft____PE_": 0, "Ex__Main_Size__in____Drisco_": "0", "Ex__Main_Length__ft____Drisco_": 0, "Ex__Main_Size__in_____Aldyl_A_": "0", "Ex__Main_Length__ft____Aldyl_A_": 0, "New_Main__for_System__Integrity": 98, "Total_GSEP_Footage__ft__": 510, "Total_Non_GSEP_Footage__ft__": 0, "Prop__Total__Length_for__Instal": 608, "Prop__Total__Length_for_Abandon": 510, "F__Incidental_Pipe_Per_Project": null, "Ex__PE_Size__in____to_be_Retest": 0, "Ex__PE_Length__ft___to_be_Retes": 0, "Majority_Existing_Main_Info": "(LP) WS", "Prop__Main_Size__in____PE_": 2, "Prop__Main_Pressure": "60#", "F__Replaced_Services__BS_": 0, "F__Replaced_Services__WS_": 2, "F__Replaced_Services__Drisco_": 1, "F__Replaced_Services___Aldyl_A_": 0, "F__Replaced_Services__Total_": 3, "F__Service__Transfers": 5, "Est_____Days": 7, "Est_____Extra__Days_for__Ledge_": 2, "F__of_Tie_Ins": null, "F__of_Cut_Offs": null, "F__of_Inside_Services": null, "F__of_Outside_Services": null, "Budgeted_In_2023_for_2024": null, "Main_Cost_1_Including_Const_OH": null, "Inspector": null, "Police": null, "Gravel_Tr_In": null, "Ledge_Removal": null, "T_M": null, "Re_Pressure_Test": null, "Extra_Restoration_Estimate_from": null, "Non_Standard_Work__Bridges__Lan": null, "Cost": null, "Construction__OVHD": null, "Engineering__Design_Cost": null, "Total_Overage": null, "Services_Cost_Including_Constr_": null, "Meters_Installation_Cost_Includ": null, "F_Total_Est__Project_Cost_Inclu": null, "LU_Design_Engineer": null, "Engineering_Consultant": null, "Notes_": "\n", "lat": 41.6987183, "lon": -71.1289346, "Mapped_address": "111 N Ogden St, Fall River, MA 02723, USA", "FID": 2}}, {"type": "Feature", "id": 3, "geometry": {"type": "Point", "coordinates": [-71.1275048, 41.6998421]}, "properties": {"Line__": 204, "Year": 2028, "Project_Name": "Bedford St. Main Replacement 2028", "Address": "N. Marion St (#211 N. Marion St to Bedford St.)", "Estimated_Cost": null, "Town": "FALL RIVER", "Reasons": "CONVERT TO 60#", "UP_or_CP": "CP", "Single_Highest_Risk_Score__on_S": "No Score", "Existing__Pressure": "Low", "Ex__Main_Size__in____CI___WI_": "0", "Ex__Main_Length__ft____CI___WI_": 0, "Ex__Main_Size__in____BS_": "0", "Ex__Main_Length__ft____BS_": 0, "Ex__Main_Size__in____WS__Unprot": "0", "Ex__Main_Length__ft____WS__Unpr": 0, "Ex__Main_Size__in____WS__CP_Pro": 0, "Ex__Main_Length__ft____WS__CP_P": 0, "Ex__Main_Size__in____PE_": "4\"", "Ex__Main_Length__ft____PE_": 1096, "Ex__Main_Size__in____Drisco_": "0", "Ex__Main_Length__ft____Drisco_": 0, "Ex__Main_Size__in_____Aldyl_A_": "0", "Ex__Main_Length__ft____Aldyl_A_": 0, "New_Main__for_System__Integrity": 0, "Total_GSEP_Footage__ft__": 0, "Total_Non_GSEP_Footage__ft__": 1096, "Prop__Total__Length_for__Instal": 1096, "Prop__Total__Length_for_Abandon": 1096, "F__Incidental_Pipe_Per_Project": null, "Ex__PE_Size__in____to_be_Retest": 0, "Ex__PE_Length__ft___to_be_Retes": 0, "Majority_Existing_Main_Info": "(LP) PE", "Prop__Main_Size__in____PE_": 2, "Prop__Main_Pressure": "60#", "F__Replaced_Services__BS_": 0, "F__Replaced_Services__WS_": 0, "F__Replaced_Services__Drisco_": 16, "F__Replaced_Services___Aldyl_A_": 0, "F__Replaced_Services__Total_": 16, "F__Service__Transfers": 1, "Est_____Days": 15, "Est_____Extra__Days_for__Ledge_": 4, "F__of_Tie_Ins": null, "F__of_Cut_Offs": null, "F__of_Inside_Services": null, "F__of_Outside_Services": null, "Budgeted_In_2023_for_2024": null, "Main_Cost_1_Including_Const_OH": null, "Inspector": null, "Police": null, "Gravel_Tr_In": null, "Ledge_Removal": null, "T_M": null, "Re_Pressure_Test": null, "Extra_Restoration_Estimate_from": null, "Non_Standard_Work__Bridges__Lan": null, "Cost": null, "Construction__OVHD": null, "Engineering__Design_Cost": null, "Total_Overage": null, "Services_Cost_Including_Constr_": null, "Meters_Installation_Cost_Includ": null, "F_Total_Est__Project_Cost_Inclu": null, "LU_Design_Engineer": null, "Engineering_Consultant": null, "Notes_": "\n", "lat": 41.6998421, "lon": -71.1275048, "Mapped_address": "211 N Marion St, Fall River, MA 02723, USA", "FID": 3}}, {"type": "Feature", "id": 4, "geometry": {"type": "Point", "coordinates": [-71.1648572, 41.6767034]}, "properties": {"Line__": 229, "Year": 2028, "Project_Name": "Laurel St. Main Replacement ", "Address": "#109 Mariano S Bishop Blvd", "Estimated_Cost": null, "Town": "FALL RIVER", "Reasons": "RISK & CONVERT TO 60#", "UP_or_CP": "UP", "Single_Highest_Risk_Score__on_S": "28", "Existing__Pressure": "Low", "Ex__Main_Size__in____CI___WI_": "0", "Ex__Main_Length__ft____CI___WI_": 0, "Ex__Main_Size__in____BS_": "0", "Ex__Main_Length__ft____BS_": 0, "Ex__Main_Size__in____WS__Unprot": "4\" & 12\" (LP)", "Ex__Main_Length__ft____WS__Unpr": 388, "Ex__Main_Size__in____WS__CP_Pro": 0, "Ex__Main_Length__ft____WS__CP_P": 0, "Ex__Main_Size__in____PE_": "0", "Ex__Main_Length__ft____PE_": 0, "Ex__Main_Size__in____Drisco_": "0", "Ex__Main_Length__ft____Drisco_": 0, "Ex__Main_Size__in_____Aldyl_A_": "0", "Ex__Main_Length__ft____Aldyl_A_": 0, "New_Main__for_System__Integrity": 0, "Total_GSEP_Footage__ft__": 388, "Total_Non_GSEP_Footage__ft__": 0, "Prop__Total__Length_for__Instal": 388, "Prop__Total__Length_for_Abandon": 388, "F__Incidental_Pipe_Per_Project": null, "Ex__PE_Size__in____to_be_Retest": 0, "Ex__PE_Length__ft___to_be_Retes": 0, "Majority_Existing_Main_Info": "12\" (LP) WS", "Prop__Main_Size__in____PE_": 4, "Prop__Main_Pressure": "60#", "F__Replaced_Services__BS_": 0, "F__Replaced_Services__WS_": 4, "F__Replaced_Services__Drisco_": 0, "F__Replaced_Services___Aldyl_A_": 0, "F__Replaced_Services__Total_": 4, "F__Service__Transfers": 1, "Est_____Days": 5, "Est_____Extra__Days_for__Ledge_": 1, "F__of_Tie_Ins": null, "F__of_Cut_Offs": null, "F__of_Inside_Services": null, "F__of_Outside_Services": null, "Budgeted_In_2023_for_2024": null, "Main_Cost_1_Including_Const_OH": null, "Inspector": null, "Police": null, "Gravel_Tr_In": null, "Ledge_Removal": null, "T_M": null, "Re_Pressure_Test": null, "Extra_Restoration_Estimate_from": null, "Non_Standard_Work__Bridges__Lan": null, "Cost": null, "Construction__OVHD": null, "Engineering__Design_Cost": null, "Total_Overage": null, "Services_Cost_Including_Constr_": null, "Meters_Installation_Cost_Includ": null, "F_Total_Est__Project_Cost_Inclu": null, "LU_Design_Engineer": "Matt Sullivan", "Engineering_Consultant": "Cornerstone", "Notes_": "Risk based project.\n", "lat": 41.6767034, "lon": -71.1648572, "Mapped_address": "109 Mariano Bishop Blvd, Fall River, MA 02724, USA", "FID": 4}}, {"type": "Feature", "id": 5, "geometry": {"type": "Point", "coordinates": [-71.1672848783271, 41.6823075141577]}, "properties": {"Line__": 237, "Year": 2028, "Project_Name": "Miller St. Main Replacement", "Address": "#1 Aetna St. Bldg 9,10,11", "Estimated_Cost": null, "Town": "FALL RIVER", "Reasons": "RISK & CONVERT TO 60#", "UP_or_CP": "UP", "Single_Highest_Risk_Score__on_S": "No Score", "Existing__Pressure": "Low", "Ex__Main_Size__in____CI___WI_": "0", "Ex__Main_Length__ft____CI___WI_": 0, "Ex__Main_Size__in____BS_": "0", "Ex__Main_Length__ft____BS_": 0, "Ex__Main_Size__in____WS__Unprot": "0", "Ex__Main_Length__ft____WS__Unpr": 0, "Ex__Main_Size__in____WS__CP_Pro": 0, "Ex__Main_Length__ft____WS__CP_P": 0, "Ex__Main_Size__in____PE_": "4' (LP)", "Ex__Main_Length__ft____PE_": 61, "Ex__Main_Size__in____Drisco_": "0", "Ex__Main_Length__ft____Drisco_": 0, "Ex__Main_Size__in_____Aldyl_A_": "0", "Ex__Main_Length__ft____Aldyl_A_": 0, "New_Main__for_System__Integrity": 0, "Total_GSEP_Footage__ft__": 0, "Total_Non_GSEP_Footage__ft__": 61, "Prop__Total__Length_for__Instal": 61, "Prop__Total__Length_for_Abandon": 61, "F__Incidental_Pipe_Per_Project": null, "Ex__PE_Size__in____to_be_Retest": 0, "Ex__PE_Length__ft___to_be_Retes": 0, "Majority_Existing_Main_Info": "4\" (LP) PE", "Prop__Main_Size__in____PE_": 2, "Prop__Main_Pressure": "60#", "F__Replaced_Services__BS_": 0, "F__Replaced_Services__WS_": 0, "F__Replaced_Services__Drisco_": 0, "F__Replaced_Services___Aldyl_A_": 0, "F__Replaced_Services__Total_": 0, "F__Service__Transfers": 3, "Est_____Days": 1, "Est_____Extra__Days_for__Ledge_": 0, "F__of_Tie_Ins": null, "F__of_Cut_Offs": null, "F__of_Inside_Services": null, "F__of_Outside_Services": null, "Budgeted_In_2023_for_2024": null, "Main_Cost_1_Including_Const_OH": null, "Inspector": null, "Police": null, "Gravel_Tr_In": null, "Ledge_Removal": null, "T_M": null, "Re_Pressure_Test": null, "Extra_Restoration_Estimate_from": null, "Non_Standard_Work__Bridges__Lan": null, "Cost": null, "Construction__OVHD": null, "Engineering__Design_Cost": null, "Total_Overage": null, "Services_Cost_Including_Constr_": null, "Meters_Installation_Cost_Includ": null, "F_Total_Est__Project_Cost_Inclu": null, "LU_Design_Engineer": null, "Engineering_Consultant": null, "Notes_": "\n", "lat": 41.6823075141577, "lon": -71.1672848783271, "Mapped_address": "1 Aetna St bldg 9 10, Fall River, MA 02724, USA", "FID": 5}}, {"type": "Feature", "id": 6, "geometry": {"type": "Point", "coordinates": [-71.1664721689884, 41.682173300254]}, "properties": {"Line__": 238, "Year": 2028, "Project_Name": "Miller St. Main Replacement", "Address": "#1 Aetna St. Bldg 48,49,50", "Estimated_Cost": null, "Town": "FALL RIVER", "Reasons": "RISK & CONVERT TO 60#", "UP_or_CP": "UP", "Single_Highest_Risk_Score__on_S": "No Score", "Existing__Pressure": "Low", "Ex__Main_Size__in____CI___WI_": "0", "Ex__Main_Length__ft____CI___WI_": 0, "Ex__Main_Size__in____BS_": "0", "Ex__Main_Length__ft____BS_": 0, "Ex__Main_Size__in____WS__Unprot": "0", "Ex__Main_Length__ft____WS__Unpr": 0, "Ex__Main_Size__in____WS__CP_Pro": 0, "Ex__Main_Length__ft____WS__CP_P": 0, "Ex__Main_Size__in____PE_": "4\" (LP)", "Ex__Main_Length__ft____PE_": 82, "Ex__Main_Size__in____Drisco_": "0", "Ex__Main_Length__ft____Drisco_": 0, "Ex__Main_Size__in_____Aldyl_A_": "0", "Ex__Main_Length__ft____Aldyl_A_": 0, "New_Main__for_System__Integrity": 0, "Total_GSEP_Footage__ft__": 0, "Total_Non_GSEP_Footage__ft__": 82, "Prop__Total__Length_for__Instal": 82, "Prop__Total__Length_for_Abandon": 82, "F__Incidental_Pipe_Per_Project": null, "Ex__PE_Size__in____to_be_Retest": 0, "Ex__PE_Length__ft___to_be_Retes": 0, "Majority_Existing_Main_Info": "4\" (LP) PE", "Prop__Main_Size__in____PE_": 2, "Prop__Main_Pressure": "60#", "F__Replaced_Services__BS_": 0, "F__Replaced_Services__WS_": 0, "F__Replaced_Services__Drisco_": 0, "F__Replaced_Services___Aldyl_A_": 0, "F__Replaced_Services__Total_": 0, "F__Service__Transfers": 3, "Est_____Days": 1, "Est_____Extra__Days_for__Ledge_": 0, "F__of_Tie_Ins": null, "F__of_Cut_Offs": null, "F__of_Inside_Services": null, "F__of_Outside_Services": null, "Budgeted_In_2023_for_2024": null, "Main_Cost_1_Including_Const_OH": null, "Inspector": null, "Police": null, "Gravel_Tr_In": null, "Ledge_Removal": null, "T_M": null, "Re_Pressure_Test": null, "Extra_Restoration_Estimate_from": null, "Non_Standard_Work__Bridges__Lan": null, "Cost": null, "Construction__OVHD": null, "Engineering__Design_Cost": null, "Total_Overage": null, "Services_Cost_Including_Constr_": null, "Meters_Installation_Cost_Includ": null, "F_Total_Est__Project_Cost_Inclu": null, "LU_Design_Engineer": null, "Engineering_Consultant": null, "Notes_": "\n", "lat": 41.682173300254, "lon": -71.1664721689884, "Mapped_address": "1 Aetna St bldg 48 49, Fall River, MA 02724, USA", "FID": 6}}, {"type": "Feature", "id": 7, "geometry": {"type": "Point", "coordinates": [-71.2256781, 41.734341]}, "properties": {"Line__": 266, "Year": 2028, "Project_Name": "Wilbur Ave. Main Replacement", "Address": "Wilbur Ave. ([CP] @ #887 Wilbur Ave. to Pearse Rd.)", "Estimated_Cost": null, "Town": "SWANSEA", "Reasons": "RISK", "UP_or_CP": "UP", "Single_Highest_Risk_Score__on_S": "34", "Existing__Pressure": "60#", "Ex__Main_Size__in____CI___WI_": "0", "Ex__Main_Length__ft____CI___WI_": 0, "Ex__Main_Size__in____BS_": "0", "Ex__Main_Length__ft____BS_": 0, "Ex__Main_Size__in____WS__Unprot": "4\" (LP)", "Ex__Main_Length__ft____WS__Unpr": 737, "Ex__Main_Size__in____WS__CP_Pro": 0, "Ex__Main_Length__ft____WS__CP_P": 0, "Ex__Main_Size__in____PE_": "4\" (60#)", "Ex__Main_Length__ft____PE_": 8, "Ex__Main_Size__in____Drisco_": "0", "Ex__Main_Length__ft____Drisco_": 0, "Ex__Main_Size__in_____Aldyl_A_": "0", "Ex__Main_Length__ft____Aldyl_A_": 0, "New_Main__for_System__Integrity": 0, "Total_GSEP_Footage__ft__": 737, "Total_Non_GSEP_Footage__ft__": 8, "Prop__Total__Length_for__Instal": 745, "Prop__Total__Length_for_Abandon": 745, "F__Incidental_Pipe_Per_Project": null, "Ex__PE_Size__in____to_be_Retest": null, "Ex__PE_Length__ft___to_be_Retes": null, "Majority_Existing_Main_Info": "4\" (60#) WS", "Prop__Main_Size__in____PE_": 4, "Prop__Main_Pressure": "60#", "F__Replaced_Services__BS_": 0, "F__Replaced_Services__WS_": 2, "F__Replaced_Services__Drisco_": 2, "F__Replaced_Services___Aldyl_A_": 0, "F__Replaced_Services__Total_": 4, "F__Service__Transfers": 0, "Est_____Days": 6, "Est_____Extra__Days_for__Ledge_": 0, "F__of_Tie_Ins": null, "F__of_Cut_Offs": null, "F__of_Inside_Services": null, "F__of_Outside_Services": null, "Budgeted_In_2023_for_2024": null, "Main_Cost_1_Including_Const_OH": null, "Inspector": null, "Police": null, "Gravel_Tr_In": null, "Ledge_Removal": null, "T_M": null, "Re_Pressure_Test": null, "Extra_Restoration_Estimate_from": null, "Non_Standard_Work__Bridges__Lan": null, "Cost": null, "Construction__OVHD": null, "Engineering__Design_Cost": null, "Total_Overage": null, "Services_Cost_Including_Constr_": null, "Meters_Installation_Cost_Includ": null, "F_Total_Est__Project_Cost_Inclu": null, "LU_Design_Engineer": null, "Engineering_Consultant": null, "Notes_": "\n", "lat": 41.734341, "lon": -71.2256781, "Mapped_address": "887 Wilbur Ave, Swansea, MA 02777, USA", "FID": 7}}, {"type": "Feature", "id": 8, "geometry": {"type": "Point", "coordinates": [-71.1342794, 41.6980471]}, "properties": {"Line__": 198, "Year": 2028, "Project_Name": "Bedford St. Main Replacement 2028", "Address": "Bedford St. (Haffards St. to Reservoir St.)", "Estimated_Cost": null, "Town": "FALL RIVER", "Reasons": "RISK & CONVERT TO 60#", "UP_or_CP": "UP", "Single_Highest_Risk_Score__on_S": "47", "Existing__Pressure": "Low", "Ex__Main_Size__in____CI___WI_": "12\" & 4\" CI", "Ex__Main_Length__ft____CI___WI_": 1784, "Ex__Main_Size__in____BS_": "0", "Ex__Main_Length__ft____BS_": 0, "Ex__Main_Size__in____WS__Unprot": "4\"", "Ex__Main_Length__ft____WS__Unpr": 29, "Ex__Main_Size__in____WS__CP_Pro": 0, "Ex__Main_Length__ft____WS__CP_P": 0, "Ex__Main_Size__in____PE_": "4\"", "Ex__Main_Length__ft____PE_": 68, "Ex__Main_Size__in____Drisco_": "0", "Ex__Main_Length__ft____Drisco_": 0, "Ex__Main_Size__in_____Aldyl_A_": "0", "Ex__Main_Length__ft____Aldyl_A_": 0, "New_Main__for_System__Integrity": 0, "Total_GSEP_Footage__ft__": 1813, "Total_Non_GSEP_Footage__ft__": 68, "Prop__Total__Length_for__Instal": 1881, "Prop__Total__Length_for_Abandon": 1881, "F__Incidental_Pipe_Per_Project": null, "Ex__PE_Size__in____to_be_Retest": 0, "Ex__PE_Length__ft___to_be_Retes": 0, "Majority_Existing_Main_Info": "(LP) CI", "Prop__Main_Size__in____PE_": 6, "Prop__Main_Pressure": "60#", "F__Replaced_Services__BS_": 11, "F__Replaced_Services__WS_": 2, "F__Replaced_Services__Drisco_": 8, "F__Replaced_Services___Aldyl_A_": 1, "F__Replaced_Services__Total_": 22, "F__Service__Transfers": 5, "Est_____Days": 23, "Est_____Extra__Days_for__Ledge_": 6, "F__of_Tie_Ins": null, "F__of_Cut_Offs": null, "F__of_Inside_Services": null, "F__of_Outside_Services": null, "Budgeted_In_2023_for_2024": null, "Main_Cost_1_Including_Const_OH": null, "Inspector": null, "Police": null, "Gravel_Tr_In": null, "Ledge_Removal": null, "T_M": null, "Re_Pressure_Test": null, "Extra_Restoration_Estimate_from": null, "Non_Standard_Work__Bridges__Lan": null, "Cost": null, "Construction__OVHD": null, "Engineering__Design_Cost": null, "Total_Overage": null, "Services_Cost_Including_Constr_": null, "Meters_Installation_Cost_Includ": null, "F_Total_Est__Project_Cost_Inclu": null, "LU_Design_Engineer": null, "Engineering_Consultant": null, "Notes_": "\n", "lat": 41.6980471, "lon": -71.1342794, "Mapped_address": "Bedford St & Haffards St, Fall River, MA 02723, USA", "FID": 8}}, {"type": "Feature", "id": 9, "geometry": {"type": "Point", "coordinates": [-71.1317449, 41.6975756]}, "properties": {"Line__": 199, "Year": 2028, "Project_Name": "Bedford St. Main Replacement 2028", "Address": "Bodge St. (Bedford St. to End)", "Estimated_Cost": null, "Town": "FALL RIVER", "Reasons": "RISK & CONVERT TO 60#", "UP_or_CP": "UP", "Single_Highest_Risk_Score__on_S": "No Score", "Existing__Pressure": "Low", "Ex__Main_Size__in____CI___WI_": "0", "Ex__Main_Length__ft____CI___WI_": 0, "Ex__Main_Size__in____BS_": "4\"", "Ex__Main_Length__ft____BS_": 293, "Ex__Main_Size__in____WS__Unprot": "0", "Ex__Main_Length__ft____WS__Unpr": 0, "Ex__Main_Size__in____WS__CP_Pro": 0, "Ex__Main_Length__ft____WS__CP_P": 0, "Ex__Main_Size__in____PE_": "0", "Ex__Main_Length__ft____PE_": 0, "Ex__Main_Size__in____Drisco_": "0", "Ex__Main_Length__ft____Drisco_": 0, "Ex__Main_Size__in_____Aldyl_A_": "0", "Ex__Main_Length__ft____Aldyl_A_": 0, "New_Main__for_System__Integrity": 0, "Total_GSEP_Footage__ft__": 293, "Total_Non_GSEP_Footage__ft__": 0, "Prop__Total__Length_for__Instal": 293, "Prop__Total__Length_for_Abandon": 293, "F__Incidental_Pipe_Per_Project": null, "Ex__PE_Size__in____to_be_Retest": 0, "Ex__PE_Length__ft___to_be_Retes": 0, "Majority_Existing_Main_Info": "(LP) BS", "Prop__Main_Size__in____PE_": 2, "Prop__Main_Pressure": "60#", "F__Replaced_Services__BS_": 1, "F__Replaced_Services__WS_": 1, "F__Replaced_Services__Drisco_": 1, "F__Replaced_Services___Aldyl_A_": 0, "F__Replaced_Services__Total_": 3, "F__Service__Transfers": 0, "Est_____Days": 3, "Est_____Extra__Days_for__Ledge_": 1, "F__of_Tie_Ins": null, "F__of_Cut_Offs": null, "F__of_Inside_Services": null, "F__of_Outside_Services": null, "Budgeted_In_2023_for_2024": null, "Main_Cost_1_Including_Const_OH": null, "Inspector": null, "Police": null, "Gravel_Tr_In": null, "Ledge_Removal": null, "T_M": null, "Re_Pressure_Test": null, "Extra_Restoration_Estimate_from": null, "Non_Standard_Work__Bridges__Lan": null, "Cost": null, "Construction__OVHD": null, "Engineering__Design_Cost": null, "Total_Overage": null, "Services_Cost_Including_Constr_": null, "Meters_Installation_Cost_Includ": null, "F_Total_Est__Project_Cost_Inclu": null, "LU_Design_Engineer": null, "Engineering_Consultant": null, "Notes_": "\n", "lat": 41.6975756, "lon": -71.1317449, "Mapped_address": "Bedford St & Bodge St, Fall River, MA 02723, USA", "FID": 9}}, {"type": "Feature", "id": 10, "geometry": {"type": "Point", "coordinates": [-71.1297631, 41.6971925]}, "properties": {"Line__": 201, "Year": 2028, "Project_Name": "Bedford St. Main Replacement 2028", "Address": "Ogden St. (Bedford St. to End)", "Estimated_Cost": null, "Town": "FALL RIVER", "Reasons": "RISK & CONVERT TO 60#", "UP_or_CP": "UP", "Single_Highest_Risk_Score__on_S": "No Score", "Existing__Pressure": "Low", "Ex__Main_Size__in____CI___WI_": "4\" CI", "Ex__Main_Length__ft____CI___WI_": 36, "Ex__Main_Size__in____BS_": "2\"", "Ex__Main_Length__ft____BS_": 109, "Ex__Main_Size__in____WS__Unprot": "0", "Ex__Main_Length__ft____WS__Unpr": 0, "Ex__Main_Size__in____WS__CP_Pro": 0, "Ex__Main_Length__ft____WS__CP_P": 0, "Ex__Main_Size__in____PE_": "0", "Ex__Main_Length__ft____PE_": 0, "Ex__Main_Size__in____Drisco_": "0", "Ex__Main_Length__ft____Drisco_": 0, "Ex__Main_Size__in_____Aldyl_A_": "2\"", "Ex__Main_Length__ft____Aldyl_A_": 100, "New_Main__for_System__Integrity": 0, "Total_GSEP_Footage__ft__": 245, "Total_Non_GSEP_Footage__ft__": 0, "Prop__Total__Length_for__Instal": 245, "Prop__Total__Length_for_Abandon": 245, "F__Incidental_Pipe_Per_Project": null, "Ex__PE_Size__in____to_be_Retest": 0, "Ex__PE_Length__ft___to_be_Retes": 0, "Majority_Existing_Main_Info": "(LP) CI", "Prop__Main_Size__in____PE_": 2, "Prop__Main_Pressure": "60#", "F__Replaced_Services__BS_": 1, "F__Replaced_Services__WS_": 0, "F__Replaced_Services__Drisco_": 2, "F__Replaced_Services___Aldyl_A_": 0, "F__Replaced_Services__Total_": 3, "F__Service__Transfers": 1, "Est_____Days": 3, "Est_____Extra__Days_for__Ledge_": 1, "F__of_Tie_Ins": null, "F__of_Cut_Offs": null, "F__of_Inside_Services": null, "F__of_Outside_Services": null, "Budgeted_In_2023_for_2024": null, "Main_Cost_1_Including_Const_OH": null, "Inspector": null, "Police": null, "Gravel_Tr_In": null, "Ledge_Removal": null, "T_M": null, "Re_Pressure_Test": null, "Extra_Restoration_Estimate_from": null, "Non_Standard_Work__Bridges__Lan": null, "Cost": null, "Construction__OVHD": null, "Engineering__Design_Cost": null, "Total_Overage": null, "Services_Cost_Including_Constr_": null, "Meters_Installation_Cost_Includ": null, "F_Total_Est__Project_Cost_Inclu": null, "LU_Design_Engineer": null, "Engineering_Consultant": null, "Notes_": "\n", "lat": 41.6971925, "lon": -71.1297631, "Mapped_address": "Ogden St & Bedford St, Fall River, MA 02723, USA", "FID": 10}}, {"type": "Feature", "id": 11, "geometry": {"type": "Point", "coordinates": [-71.1277302, 41.6968345]}, "properties": {"Line__": 205, "Year": 2028, "Project_Name": "Bedford St. Main Replacement 2028", "Address": "Reservoir St. (Bedford St. to Monarch St.)", "Estimated_Cost": null, "Town": "FALL RIVER", "Reasons": "CONVERT TO 60#", "UP_or_CP": "CP", "Single_Highest_Risk_Score__on_S": "No Score", "Existing__Pressure": "Low", "Ex__Main_Size__in____CI___WI_": "0", "Ex__Main_Length__ft____CI___WI_": 0, "Ex__Main_Size__in____BS_": "0", "Ex__Main_Length__ft____BS_": 0, "Ex__Main_Size__in____WS__Unprot": "0", "Ex__Main_Length__ft____WS__Unpr": 0, "Ex__Main_Size__in____WS__CP_Pro": null, "Ex__Main_Length__ft____WS__CP_P": 386, "Ex__Main_Size__in____PE_": "4\"", "Ex__Main_Length__ft____PE_": 125, "Ex__Main_Size__in____Drisco_": "0", "Ex__Main_Length__ft____Drisco_": 0, "Ex__Main_Size__in_____Aldyl_A_": "0", "Ex__Main_Length__ft____Aldyl_A_": 0, "New_Main__for_System__Integrity": 228, "Total_GSEP_Footage__ft__": 0, "Total_Non_GSEP_Footage__ft__": 511, "Prop__Total__Length_for__Instal": 739, "Prop__Total__Length_for_Abandon": 511, "F__Incidental_Pipe_Per_Project": null, "Ex__PE_Size__in____to_be_Retest": 0, "Ex__PE_Length__ft___to_be_Retes": 0, "Majority_Existing_Main_Info": "(LP) WS", "Prop__Main_Size__in____PE_": 2, "Prop__Main_Pressure": "60#", "F__Replaced_Services__BS_": 0, "F__Replaced_Services__WS_": 1, "F__Replaced_Services__Drisco_": 0, "F__Replaced_Services___Aldyl_A_": 3, "F__Replaced_Services__Total_": 4, "F__Service__Transfers": 1, "Est_____Days": 7, "Est_____Extra__Days_for__Ledge_": 2, "F__of_Tie_Ins": null, "F__of_Cut_Offs": null, "F__of_Inside_Services": null, "F__of_Outside_Services": null, "Budgeted_In_2023_for_2024": null, "Main_Cost_1_Including_Const_OH": null, "Inspector": null, "Police": null, "Gravel_Tr_In": null, "Ledge_Removal": null, "T_M": null, "Re_Pressure_Test": null, "Extra_Restoration_Estimate_from": null, "Non_Standard_Work__Bridges__Lan": null, "Cost": null, "Construction__OVHD": null, "Engineering__Design_Cost": null, "Total_Overage": null, "Services_Cost_Including_Constr_": null, "Meters_Installation_Cost_Includ": null, "F_Total_Est__Project_Cost_Inclu": null, "LU_Design_Engineer": null, "Engineering_Consultant": null, "Notes_": "\n", "lat": 41.6968345, "lon": -71.1277302, "Mapped_address": "Reservoir St & Bedford St, Fall River, MA 02723, USA", "FID": 11}}, {"type": "Feature", "id": 12, "geometry": {"type": "Point", "coordinates": [-71.1309758, 41.6959642]}, "properties": {"Line__": 206, "Year": 2028, "Project_Name": "Bedford St. Main Replacement 2028", "Address": "Bark St. (Eastern Ave. to End)", "Estimated_Cost": null, "Town": "FALL RIVER", "Reasons": "RISK & CONVERT TO 60#", "UP_or_CP": "UP", "Single_Highest_Risk_Score__on_S": "40", "Existing__Pressure": "Low", "Ex__Main_Size__in____CI___WI_": "4\" CI", "Ex__Main_Length__ft____CI___WI_": 724, "Ex__Main_Size__in____BS_": "0", "Ex__Main_Length__ft____BS_": 0, "Ex__Main_Size__in____WS__Unprot": "0", "Ex__Main_Length__ft____WS__Unpr": 0, "Ex__Main_Size__in____WS__CP_Pro": 0, "Ex__Main_Length__ft____WS__CP_P": 0, "Ex__Main_Size__in____PE_": "4\"", "Ex__Main_Length__ft____PE_": 369, "Ex__Main_Size__in____Drisco_": "0", "Ex__Main_Length__ft____Drisco_": 0, "Ex__Main_Size__in_____Aldyl_A_": "0", "Ex__Main_Length__ft____Aldyl_A_": 0, "New_Main__for_System__Integrity": 0, "Total_GSEP_Footage__ft__": 724, "Total_Non_GSEP_Footage__ft__": 369, "Prop__Total__Length_for__Instal": 1093, "Prop__Total__Length_for_Abandon": 1093, "F__Incidental_Pipe_Per_Project": null, "Ex__PE_Size__in____to_be_Retest": 0, "Ex__PE_Length__ft___to_be_Retes": 0, "Majority_Existing_Main_Info": "(LP) CI", "Prop__Main_Size__in____PE_": 2, "Prop__Main_Pressure": "60#", "F__Replaced_Services__BS_": 6, "F__Replaced_Services__WS_": 1, "F__Replaced_Services__Drisco_": 3, "F__Replaced_Services___Aldyl_A_": 2, "F__Replaced_Services__Total_": 12, "F__Service__Transfers": 9, "Est_____Days": 15, "Est_____Extra__Days_for__Ledge_": 4, "F__of_Tie_Ins": null, "F__of_Cut_Offs": null, "F__of_Inside_Services": null, "F__of_Outside_Services": null, "Budgeted_In_2023_for_2024": null, "Main_Cost_1_Including_Const_OH": null, "Inspector": null, "Police": null, "Gravel_Tr_In": null, "Ledge_Removal": null, "T_M": null, "Re_Pressure_Test": null, "Extra_Restoration_Estimate_from": null, "Non_Standard_Work__Bridges__Lan": null, "Cost": null, "Construction__OVHD": null, "Engineering__Design_Cost": null, "Total_Overage": null, "Services_Cost_Including_Constr_": null, "Meters_Installation_Cost_Includ": null, "F_Total_Est__Project_Cost_Inclu": null, "LU_Design_Engineer": null, "Engineering_Consultant": null, "Notes_": "\n", "lat": 41.6959642, "lon": -71.1309758, "Mapped_address": "Eastern Ave & Bark St, Fall River, MA 02723, USA", "FID": 12}}, {"type": "Feature", "id": 13, "geometry": {"type": "Point", "coordinates": [-71.130933, 41.6953577]}, "properties": {"Line__": 207, "Year": 2028, "Project_Name": "Bedford St. Main Replacement 2028", "Address": "Monarch St. (Eastern Ave to Reservoir St.)", "Estimated_Cost": null, "Town": "FALL RIVER", "Reasons": "RISK & CONVERT TO 60#", "UP_or_CP": "UP", "Single_Highest_Risk_Score__on_S": "42", "Existing__Pressure": "Low", "Ex__Main_Size__in____CI___WI_": "4\" CI", "Ex__Main_Length__ft____CI___WI_": 753, "Ex__Main_Size__in____BS_": "0", "Ex__Main_Length__ft____BS_": 0, "Ex__Main_Size__in____WS__Unprot": "0", "Ex__Main_Length__ft____WS__Unpr": 0, "Ex__Main_Size__in____WS__CP_Pro": 0, "Ex__Main_Length__ft____WS__CP_P": 0, "Ex__Main_Size__in____PE_": "0", "Ex__Main_Length__ft____PE_": 0, "Ex__Main_Size__in____Drisco_": "0", "Ex__Main_Length__ft____Drisco_": 0, "Ex__Main_Size__in_____Aldyl_A_": "0", "Ex__Main_Length__ft____Aldyl_A_": 0, "New_Main__for_System__Integrity": 0, "Total_GSEP_Footage__ft__": 753, "Total_Non_GSEP_Footage__ft__": 0, "Prop__Total__Length_for__Instal": 753, "Prop__Total__Length_for_Abandon": 753, "F__Incidental_Pipe_Per_Project": null, "Ex__PE_Size__in____to_be_Retest": 0, "Ex__PE_Length__ft___to_be_Retes": 0, "Majority_Existing_Main_Info": "(LP) CI", "Prop__Main_Size__in____PE_": 2, "Prop__Main_Pressure": "60#", "F__Replaced_Services__BS_": 9, "F__Replaced_Services__WS_": 0, "F__Replaced_Services__Drisco_": 5, "F__Replaced_Services___Aldyl_A_": 0, "F__Replaced_Services__Total_": 14, "F__Service__Transfers": 4, "Est_____Days": 13, "Est_____Extra__Days_for__Ledge_": 3, "F__of_Tie_Ins": null, "F__of_Cut_Offs": null, "F__of_Inside_Services": null, "F__of_Outside_Services": null, "Budgeted_In_2023_for_2024": null, "Main_Cost_1_Including_Const_OH": null, "Inspector": null, "Police": null, "Gravel_Tr_In": null, "Ledge_Removal": null, "T_M": null, "Re_Pressure_Test": null, "Extra_Restoration_Estimate_from": null, "Non_Standard_Work__Bridges__Lan": null, "Cost": null, "Construction__OVHD": null, "Engineering__Design_Cost": null, "Total_Overage": null, "Services_Cost_Including_Constr_": null, "Meters_Installation_Cost_Includ": null, "F_Total_Est__Project_Cost_Inclu": null, "LU_Design_Engineer": null, "Engineering_Consultant": null, "Notes_": "\n", "lat": 41.6953577, "lon": -71.130933, "Mapped_address": "Eastern Ave & Monarch St, Fall River, MA 02723, USA", "FID": 13}}, {"type": "Feature", "id": 14, "geometry": {"type": "Point", "coordinates": [-71.1440631, 41.7100801]}, "properties": {"Line__": 208, "Year": 2028, "Project_Name": "Bigelow St. Main Replacement", "Address": "Bigelow St. (Hanover St. to End)", "Estimated_Cost": null, "Town": "FALL RIVER", "Reasons": "RISK & CONVERT TO 60#", "UP_or_CP": "UP", "Single_Highest_Risk_Score__on_S": "39", "Existing__Pressure": "Low", "Ex__Main_Size__in____CI___WI_": "4\" (LP)", "Ex__Main_Length__ft____CI___WI_": 502, "Ex__Main_Size__in____BS_": "0", "Ex__Main_Length__ft____BS_": 0, "Ex__Main_Size__in____WS__Unprot": "0", "Ex__Main_Length__ft____WS__Unpr": 0, "Ex__Main_Size__in____WS__CP_Pro": 0, "Ex__Main_Length__ft____WS__CP_P": 0, "Ex__Main_Size__in____PE_": "4\" (LP)", "Ex__Main_Length__ft____PE_": 296, "Ex__Main_Size__in____Drisco_": "0", "Ex__Main_Length__ft____Drisco_": 0, "Ex__Main_Size__in_____Aldyl_A_": "0", "Ex__Main_Length__ft____Aldyl_A_": 0, "New_Main__for_System__Integrity": 0, "Total_GSEP_Footage__ft__": 502, "Total_Non_GSEP_Footage__ft__": 296, "Prop__Total__Length_for__Instal": 798, "Prop__Total__Length_for_Abandon": 798, "F__Incidental_Pipe_Per_Project": null, "Ex__PE_Size__in____to_be_Retest": 0, "Ex__PE_Length__ft___to_be_Retes": 0, "Majority_Existing_Main_Info": "4\" (LP) CI", "Prop__Main_Size__in____PE_": 2, "Prop__Main_Pressure": "60#", "F__Replaced_Services__BS_": 4, "F__Replaced_Services__WS_": 0, "F__Replaced_Services__Drisco_": 7, "F__Replaced_Services___Aldyl_A_": 0, "F__Replaced_Services__Total_": 11, "F__Service__Transfers": 3, "Est_____Days": 11, "Est_____Extra__Days_for__Ledge_": 3, "F__of_Tie_Ins": null, "F__of_Cut_Offs": null, "F__of_Inside_Services": null, "F__of_Outside_Services": null, "Budgeted_In_2023_for_2024": null, "Main_Cost_1_Including_Const_OH": null, "Inspector": null, "Police": null, "Gravel_Tr_In": null, "Ledge_Removal": null, "T_M": null, "Re_Pressure_Test": null, "Extra_Restoration_Estimate_from": null, "Non_Standard_Work__Bridges__Lan": null, "Cost": null, "Construction__OVHD": null, "Engineering__Design_Cost": null, "Total_Overage": null, "Services_Cost_Including_Constr_": null, "Meters_Installation_Cost_Includ": null, "F_Total_Est__Project_Cost_Inclu": null, "LU_Design_Engineer": null, "Engineering_Consultant": null, "Notes_": "\n", "lat": 41.7100801, "lon": -71.1440631, "Mapped_address": "Hanover St & Bigelow St, Fall River, MA 02720, USA", "FID": 14}}, {"type": "Feature", "id": 15, "geometry": {"type": "Point", "coordinates": [-71.1418448, 41.6994443]}, "properties": {"Line__": 209, "Year": 2028, "Project_Name": "Haffards St. Main Replacement", "Address": "Bedford St. (Plain St. to Haffards St.)", "Estimated_Cost": null, "Town": "FALL RIVER", "Reasons": "RISK & CONVERT TO 60#", "UP_or_CP": "UP", "Single_Highest_Risk_Score__on_S": "45", "Existing__Pressure": "LOW", "Ex__Main_Size__in____CI___WI_": "16\" /12\"", "Ex__Main_Length__ft____CI___WI_": 2096, "Ex__Main_Size__in____BS_": "0", "Ex__Main_Length__ft____BS_": 0, "Ex__Main_Size__in____WS__Unprot": "0", "Ex__Main_Length__ft____WS__Unpr": 0, "Ex__Main_Size__in____WS__CP_Pro": 0, "Ex__Main_Length__ft____WS__CP_P": 0, "Ex__Main_Size__in____PE_": "0", "Ex__Main_Length__ft____PE_": 0, "Ex__Main_Size__in____Drisco_": "0", "Ex__Main_Length__ft____Drisco_": 0, "Ex__Main_Size__in_____Aldyl_A_": "0", "Ex__Main_Length__ft____Aldyl_A_": 0, "New_Main__for_System__Integrity": 0, "Total_GSEP_Footage__ft__": 2096, "Total_Non_GSEP_Footage__ft__": 0, "Prop__Total__Length_for__Instal": 2096, "Prop__Total__Length_for_Abandon": 2096, "F__Incidental_Pipe_Per_Project": null, "Ex__PE_Size__in____to_be_Retest": 0, "Ex__PE_Length__ft___to_be_Retes": 0, "Majority_Existing_Main_Info": "12\" CI (LOW)", "Prop__Main_Size__in____PE_": 6, "Prop__Main_Pressure": "60#", "F__Replaced_Services__BS_": 30, "F__Replaced_Services__WS_": 11, "F__Replaced_Services__Drisco_": 2, "F__Replaced_Services___Aldyl_A_": 0, "F__Replaced_Services__Total_": 41, "F__Service__Transfers": 0, "Est_____Days": 32, "Est_____Extra__Days_for__Ledge_": 8, "F__of_Tie_Ins": null, "F__of_Cut_Offs": null, "F__of_Inside_Services": null, "F__of_Outside_Services": null, "Budgeted_In_2023_for_2024": null, "Main_Cost_1_Including_Const_OH": null, "Inspector": null, "Police": null, "Gravel_Tr_In": null, "Ledge_Removal": null, "T_M": null, "Re_Pressure_Test": null, "Extra_Restoration_Estimate_from": null, "Non_Standard_Work__Bridges__Lan": null, "Cost": null, "Construction__OVHD": null, "Engineering__Design_Cost": null, "Total_Overage": null, "Services_Cost_Including_Constr_": null, "Meters_Installation_Cost_Includ": null, "F_Total_Est__Project_Cost_Inclu": null, "LU_Design_Engineer": null, "Engineering_Consultant": null, "Notes_": "\n", "lat": 41.6994443, "lon": -71.1418448, "Mapped_address": "Bedford St & Plain St, Fall River, MA 02720, USA", "FID": 15}}, {"type": "Feature", "id": 16, "geometry": {"type": "Point", "coordinates": [-71.1342794, 41.6980471]}, "properties": {"Line__": 210, "Year": 2028, "Project_Name": "Haffards St. Main Replacement", "Address": "Haffards St. (Bedford St. to County St.)", "Estimated_Cost": null, "Town": "FALL RIVER", "Reasons": "RISK & CONVERT TO 60#", "UP_or_CP": "UP", "Single_Highest_Risk_Score__on_S": "40", "Existing__Pressure": "LOW", "Ex__Main_Size__in____CI___WI_": "4\"", "Ex__Main_Length__ft____CI___WI_": 1301, "Ex__Main_Size__in____BS_": "0", "Ex__Main_Length__ft____BS_": 0, "Ex__Main_Size__in____WS__Unprot": "0", "Ex__Main_Length__ft____WS__Unpr": 0, "Ex__Main_Size__in____WS__CP_Pro": 0, "Ex__Main_Length__ft____WS__CP_P": 0, "Ex__Main_Size__in____PE_": "0", "Ex__Main_Length__ft____PE_": 0, "Ex__Main_Size__in____Drisco_": "0", "Ex__Main_Length__ft____Drisco_": 0, "Ex__Main_Size__in_____Aldyl_A_": "0", "Ex__Main_Length__ft____Aldyl_A_": 0, "New_Main__for_System__Integrity": 0, "Total_GSEP_Footage__ft__": 1301, "Total_Non_GSEP_Footage__ft__": 0, "Prop__Total__Length_for__Instal": 1301, "Prop__Total__Length_for_Abandon": 1301, "F__Incidental_Pipe_Per_Project": null, "Ex__PE_Size__in____to_be_Retest": 0, "Ex__PE_Length__ft___to_be_Retes": 0, "Majority_Existing_Main_Info": "4\" CI (LOW)", "Prop__Main_Size__in____PE_": 4, "Prop__Main_Pressure": "60#", "F__Replaced_Services__BS_": 15, "F__Replaced_Services__WS_": 6, "F__Replaced_Services__Drisco_": 3, "F__Replaced_Services___Aldyl_A_": 1, "F__Replaced_Services__Total_": 22, "F__Service__Transfers": 10, "Est_____Days": 22, "Est_____Extra__Days_for__Ledge_": 5, "F__of_Tie_Ins": null, "F__of_Cut_Offs": null, "F__of_Inside_Services": null, "F__of_Outside_Services": null, "Budgeted_In_2023_for_2024": null, "Main_Cost_1_Including_Const_OH": null, "Inspector": null, "Police": null, "Gravel_Tr_In": null, "Ledge_Removal": null, "T_M": null, "Re_Pressure_Test": null, "Extra_Restoration_Estimate_from": null, "Non_Standard_Work__Bridges__Lan": null, "Cost": null, "Construction__OVHD": null, "Engineering__Design_Cost": null, "Total_Overage": null, "Services_Cost_Including_Constr_": null, "Meters_Installation_Cost_Includ": null, "F_Total_Est__Project_Cost_Inclu": null, "LU_Design_Engineer": null, "Engineering_Consultant": null, "Notes_": "\n", "lat": 41.6980471, "lon": -71.1342794, "Mapped_address": "Bedford St & Haffards St, Fall River, MA 02723, USA", "FID": 16}}, {"type": "Feature", "id": 17, "geometry": {"type": "Point", "coordinates": [-71.1356327, 41.6968122]}, "properties": {"Line__": 211, "Year": 2028, "Project_Name": "Haffards St. Main Replacement", "Address": "Donnelly St. (Covel St. to Haffards St.)", "Estimated_Cost": null, "Town": "FALL RIVER", "Reasons": "RISK & CONVERT TO 60#", "UP_or_CP": "UP", "Single_Highest_Risk_Score__on_S": "46", "Existing__Pressure": "LOW", "Ex__Main_Size__in____CI___WI_": "4\"", "Ex__Main_Length__ft____CI___WI_": 362, "Ex__Main_Size__in____BS_": "0", "Ex__Main_Length__ft____BS_": 0, "Ex__Main_Size__in____WS__Unprot": "0", "Ex__Main_Length__ft____WS__Unpr": 0, "Ex__Main_Size__in____WS__CP_Pro": 0, "Ex__Main_Length__ft____WS__CP_P": 0, "Ex__Main_Size__in____PE_": "0", "Ex__Main_Length__ft____PE_": 0, "Ex__Main_Size__in____Drisco_": "0", "Ex__Main_Length__ft____Drisco_": 0, "Ex__Main_Size__in_____Aldyl_A_": "0", "Ex__Main_Length__ft____Aldyl_A_": 0, "New_Main__for_System__Integrity": 0, "Total_GSEP_Footage__ft__": 362, "Total_Non_GSEP_Footage__ft__": 0, "Prop__Total__Length_for__Instal": 362, "Prop__Total__Length_for_Abandon": 362, "F__Incidental_Pipe_Per_Project": null, "Ex__PE_Size__in____to_be_Retest": 0, "Ex__PE_Length__ft___to_be_Retes": 0, "Majority_Existing_Main_Info": "4\" CI (LOW)", "Prop__Main_Size__in____PE_": 2, "Prop__Main_Pressure": "60#", "F__Replaced_Services__BS_": 1, "F__Replaced_Services__WS_": 1, "F__Replaced_Services__Drisco_": 0, "F__Replaced_Services___Aldyl_A_": 0, "F__Replaced_Services__Total_": 2, "F__Service__Transfers": 2, "Est_____Days": 4, "Est_____Extra__Days_for__Ledge_": 1, "F__of_Tie_Ins": null, "F__of_Cut_Offs": null, "F__of_Inside_Services": null, "F__of_Outside_Services": null, "Budgeted_In_2023_for_2024": null, "Main_Cost_1_Including_Const_OH": null, "Inspector": null, "Police": null, "Gravel_Tr_In": null, "Ledge_Removal": null, "T_M": null, "Re_Pressure_Test": null, "Extra_Restoration_Estimate_from": null, "Non_Standard_Work__Bridges__Lan": null, "Cost": null, "Construction__OVHD": null, "Engineering__Design_Cost": null, "Total_Overage": null, "Services_Cost_Including_Constr_": null, "Meters_Installation_Cost_Includ": null, "F_Total_Est__Project_Cost_Inclu": null, "LU_Design_Engineer": null, "Engineering_Consultant": null, "Notes_": "\n", "lat": 41.6968122, "lon": -71.1356327, "Mapped_address": "Donnelly St & Covel St, Fall River, MA 02723, USA", "FID": 17}}, {"type": "Feature", "id": 18, "geometry": {"type": "Point", "coordinates": [-71.1398155, 41.6955519]}, "properties": {"Line__": 212, "Year": 2028, "Project_Name": "Haffards St. Main Replacement", "Address": "County St. (Quarry St. to Haffards St.)", "Estimated_Cost": null, "Town": "FALL RIVER", "Reasons": "RISK & CONVERT TO 60#", "UP_or_CP": "UP", "Single_Highest_Risk_Score__on_S": "44", "Existing__Pressure": "LOW", "Ex__Main_Size__in____CI___WI_": "8\"", "Ex__Main_Length__ft____CI___WI_": 1384, "Ex__Main_Size__in____BS_": "1.5\"", "Ex__Main_Length__ft____BS_": 56, "Ex__Main_Size__in____WS__Unprot": "0", "Ex__Main_Length__ft____WS__Unpr": 0, "Ex__Main_Size__in____WS__CP_Pro": null, "Ex__Main_Length__ft____WS__CP_P": 10, "Ex__Main_Size__in____PE_": "0", "Ex__Main_Length__ft____PE_": 0, "Ex__Main_Size__in____Drisco_": "0", "Ex__Main_Length__ft____Drisco_": 0, "Ex__Main_Size__in_____Aldyl_A_": "0", "Ex__Main_Length__ft____Aldyl_A_": 0, "New_Main__for_System__Integrity": 0, "Total_GSEP_Footage__ft__": 1440, "Total_Non_GSEP_Footage__ft__": 10, "Prop__Total__Length_for__Instal": 1450, "Prop__Total__Length_for_Abandon": 1450, "F__Incidental_Pipe_Per_Project": null, "Ex__PE_Size__in____to_be_Retest": 0, "Ex__PE_Length__ft___to_be_Retes": 0, "Majority_Existing_Main_Info": "8\" CI (LOW)", "Prop__Main_Size__in____PE_": 8, "Prop__Main_Pressure": "60#", "F__Replaced_Services__BS_": 12, "F__Replaced_Services__WS_": 1, "F__Replaced_Services__Drisco_": 3, "F__Replaced_Services___Aldyl_A_": 1, "F__Replaced_Services__Total_": 14, "F__Service__Transfers": 7, "Est_____Days": 18, "Est_____Extra__Days_for__Ledge_": 4, "F__of_Tie_Ins": null, "F__of_Cut_Offs": null, "F__of_Inside_Services": null, "F__of_Outside_Services": null, "Budgeted_In_2023_for_2024": null, "Main_Cost_1_Including_Const_OH": null, "Inspector": null, "Police": null, "Gravel_Tr_In": null, "Ledge_Removal": null, "T_M": null, "Re_Pressure_Test": null, "Extra_Restoration_Estimate_from": null, "Non_Standard_Work__Bridges__Lan": null, "Cost": null, "Construction__OVHD": null, "Engineering__Design_Cost": null, "Total_Overage": null, "Services_Cost_Including_Constr_": null, "Meters_Installation_Cost_Includ": null, "F_Total_Est__Project_Cost_Inclu": null, "LU_Design_Engineer": null, "Engineering_Consultant": null, "Notes_": "\n", "lat": 41.6955519, "lon": -71.1398155, "Mapped_address": "Quarry St & County St, Fall River, MA 02723, USA", "FID": 18}}, {"type": "Feature", "id": 19, "geometry": {"type": "Point", "coordinates": [-71.1381342, 41.6939988]}, "properties": {"Line__": 213, "Year": 2028, "Project_Name": "Haffards St. Main Replacement", "Address": "Rocliffe St. (Pleasant St. to County St.)", "Estimated_Cost": null, "Town": "FALL RIVER", "Reasons": "RISK & CONVERT TO 60#", "UP_or_CP": "UP", "Single_Highest_Risk_Score__on_S": "40", "Existing__Pressure": "LOW", "Ex__Main_Size__in____CI___WI_": "4\"", "Ex__Main_Length__ft____CI___WI_": 396, "Ex__Main_Size__in____BS_": "0", "Ex__Main_Length__ft____BS_": 0, "Ex__Main_Size__in____WS__Unprot": "0", "Ex__Main_Length__ft____WS__Unpr": 0, "Ex__Main_Size__in____WS__CP_Pro": 0, "Ex__Main_Length__ft____WS__CP_P": 0, "Ex__Main_Size__in____PE_": "0", "Ex__Main_Length__ft____PE_": 0, "Ex__Main_Size__in____Drisco_": "0", "Ex__Main_Length__ft____Drisco_": 0, "Ex__Main_Size__in_____Aldyl_A_": "0", "Ex__Main_Length__ft____Aldyl_A_": 0, "New_Main__for_System__Integrity": 0, "Total_GSEP_Footage__ft__": 396, "Total_Non_GSEP_Footage__ft__": 0, "Prop__Total__Length_for__Instal": 396, "Prop__Total__Length_for_Abandon": 396, "F__Incidental_Pipe_Per_Project": null, "Ex__PE_Size__in____to_be_Retest": 0, "Ex__PE_Length__ft___to_be_Retes": 0, "Majority_Existing_Main_Info": "4\" CI (LOW)", "Prop__Main_Size__in____PE_": 2, "Prop__Main_Pressure": "60#", "F__Replaced_Services__BS_": 4, "F__Replaced_Services__WS_": 1, "F__Replaced_Services__Drisco_": 0, "F__Replaced_Services___Aldyl_A_": 2, "F__Replaced_Services__Total_": 7, "F__Service__Transfers": 1, "Est_____Days": 6, "Est_____Extra__Days_for__Ledge_": 2, "F__of_Tie_Ins": null, "F__of_Cut_Offs": null, "F__of_Inside_Services": null, "F__of_Outside_Services": null, "Budgeted_In_2023_for_2024": null, "Main_Cost_1_Including_Const_OH": null, "Inspector": null, "Police": null, "Gravel_Tr_In": null, "Ledge_Removal": null, "T_M": null, "Re_Pressure_Test": null, "Extra_Restoration_Estimate_from": null, "Non_Standard_Work__Bridges__Lan": null, "Cost": null, "Construction__OVHD": null, "Engineering__Design_Cost": null, "Total_Overage": null, "Services_Cost_Including_Constr_": null, "Meters_Installation_Cost_Includ": null, "F_Total_Est__Project_Cost_Inclu": null, "LU_Design_Engineer": null, "Engineering_Consultant": null, "Notes_": "\n", "lat": 41.6939988, "lon": -71.1381342, "Mapped_address": "Rocliffe St & Pleasant St, Fall River, MA 02723, USA", "FID": 19}}, {"type": "Feature", "id": 20, "geometry": {"type": "Point", "coordinates": [-71.1355482, 41.698283]}, "properties": {"Line__": 215, "Year": 2028, "Project_Name": "Haffards St. Main Replacement", "Address": "Covel St. (Bedford St. to County St.)", "Estimated_Cost": null, "Town": "FALL RIVER", "Reasons": "CONVERT TO 60#", "UP_or_CP": "UP", "Single_Highest_Risk_Score__on_S": "38", "Existing__Pressure": "LOW", "Ex__Main_Size__in____CI___WI_": "0", "Ex__Main_Length__ft____CI___WI_": 0, "Ex__Main_Size__in____BS_": "0", "Ex__Main_Length__ft____BS_": 0, "Ex__Main_Size__in____WS__Unprot": "4\"", "Ex__Main_Length__ft____WS__Unpr": 20, "Ex__Main_Size__in____WS__CP_Pro": 0, "Ex__Main_Length__ft____WS__CP_P": 0, "Ex__Main_Size__in____PE_": "6\"", "Ex__Main_Length__ft____PE_": 1271, "Ex__Main_Size__in____Drisco_": "0", "Ex__Main_Length__ft____Drisco_": 0, "Ex__Main_Size__in_____Aldyl_A_": "0", "Ex__Main_Length__ft____Aldyl_A_": 0, "New_Main__for_System__Integrity": 0, "Total_GSEP_Footage__ft__": 20, "Total_Non_GSEP_Footage__ft__": 1271, "Prop__Total__Length_for__Instal": 1291, "Prop__Total__Length_for_Abandon": 1291, "F__Incidental_Pipe_Per_Project": null, "Ex__PE_Size__in____to_be_Retest": 0, "Ex__PE_Length__ft___to_be_Retes": 0, "Majority_Existing_Main_Info": "6\" PE (LOW)", "Prop__Main_Size__in____PE_": null, "Prop__Main_Pressure": null, "F__Replaced_Services__BS_": 0, "F__Replaced_Services__WS_": 0, "F__Replaced_Services__Drisco_": 1, "F__Replaced_Services___Aldyl_A_": 0, "F__Replaced_Services__Total_": 0, "F__Service__Transfers": 41, "Est_____Days": 21, "Est_____Extra__Days_for__Ledge_": 5, "F__of_Tie_Ins": null, "F__of_Cut_Offs": null, "F__of_Inside_Services": null, "F__of_Outside_Services": null, "Budgeted_In_2023_for_2024": null, "Main_Cost_1_Including_Const_OH": null, "Inspector": null, "Police": null, "Gravel_Tr_In": null, "Ledge_Removal": null, "T_M": null, "Re_Pressure_Test": null, "Extra_Restoration_Estimate_from": null, "Non_Standard_Work__Bridges__Lan": null, "Cost": null, "Construction__OVHD": null, "Engineering__Design_Cost": null, "Total_Overage": null, "Services_Cost_Including_Constr_": null, "Meters_Installation_Cost_Includ": null, "F_Total_Est__Project_Cost_Inclu": null, "LU_Design_Engineer": null, "Engineering_Consultant": null, "Notes_": "\n", "lat": 41.698283, "lon": -71.1355482, "Mapped_address": "Bedford St & Covel St, Fall River, MA 02723, USA", "FID": 20}}, {"type": "Feature", "id": 21, "geometry": {"type": "Point", "coordinates": [-71.1356001, 41.6964393]}, "properties": {"Line__": 216, "Year": 2028, "Project_Name": "Haffards St. Main Replacement", "Address": "Doyle St. (Covel St. to Carlisa Dr.)", "Estimated_Cost": null, "Town": "FALL RIVER", "Reasons": "CONVERT TO 60#", "UP_or_CP": "UP", "Single_Highest_Risk_Score__on_S": "No Score", "Existing__Pressure": "LOW", "Ex__Main_Size__in____CI___WI_": "4\"", "Ex__Main_Length__ft____CI___WI_": 11, "Ex__Main_Size__in____BS_": "0", "Ex__Main_Length__ft____BS_": 0, "Ex__Main_Size__in____WS__Unprot": "0", "Ex__Main_Length__ft____WS__Unpr": 0, "Ex__Main_Size__in____WS__CP_Pro": 0, "Ex__Main_Length__ft____WS__CP_P": 0, "Ex__Main_Size__in____PE_": "4\"", "Ex__Main_Length__ft____PE_": 386, "Ex__Main_Size__in____Drisco_": "0", "Ex__Main_Length__ft____Drisco_": 0, "Ex__Main_Size__in_____Aldyl_A_": "4\"", "Ex__Main_Length__ft____Aldyl_A_": 119, "New_Main__for_System__Integrity": 0, "Total_GSEP_Footage__ft__": 130, "Total_Non_GSEP_Footage__ft__": 386, "Prop__Total__Length_for__Instal": 516, "Prop__Total__Length_for_Abandon": 516, "F__Incidental_Pipe_Per_Project": null, "Ex__PE_Size__in____to_be_Retest": 0, "Ex__PE_Length__ft___to_be_Retes": 0, "Majority_Existing_Main_Info": "4\" PE (LOW)", "Prop__Main_Size__in____PE_": null, "Prop__Main_Pressure": null, "F__Replaced_Services__BS_": 0, "F__Replaced_Services__WS_": 0, "F__Replaced_Services__Drisco_": 3, "F__Replaced_Services___Aldyl_A_": 0, "F__Replaced_Services__Total_": 0, "F__Service__Transfers": 6, "Est_____Days": 5, "Est_____Extra__Days_for__Ledge_": 1, "F__of_Tie_Ins": null, "F__of_Cut_Offs": null, "F__of_Inside_Services": null, "F__of_Outside_Services": null, "Budgeted_In_2023_for_2024": null, "Main_Cost_1_Including_Const_OH": null, "Inspector": null, "Police": null, "Gravel_Tr_In": null, "Ledge_Removal": null, "T_M": null, "Re_Pressure_Test": null, "Extra_Restoration_Estimate_from": null, "Non_Standard_Work__Bridges__Lan": null, "Cost": null, "Construction__OVHD": null, "Engineering__Design_Cost": null, "Total_Overage": null, "Services_Cost_Including_Constr_": null, "Meters_Installation_Cost_Includ": null, "F_Total_Est__Project_Cost_Inclu": null, "LU_Design_Engineer": null, "Engineering_Consultant": null, "Notes_": "\n", "lat": 41.6964393, "lon": -71.1356001, "Mapped_address": "Covel St & Doyle St, Fall River, MA 02723, USA", "FID": 21}}, {"type": "Feature", "id": 22, "geometry": {"type": "Point", "coordinates": [-71.1372929, 41.6966673]}, "properties": {"Line__": 217, "Year": 2028, "Project_Name": "Haffards St. Main Replacement", "Address": "Carlisa Dr. (Doyle St. to Healy St.)", "Estimated_Cost": null, "Town": "FALL RIVER", "Reasons": "CONVERT TO 60#", "UP_or_CP": "UP", "Single_Highest_Risk_Score__on_S": "No Score", "Existing__Pressure": "LOW", "Ex__Main_Size__in____CI___WI_": "0", "Ex__Main_Length__ft____CI___WI_": 0, "Ex__Main_Size__in____BS_": "0", "Ex__Main_Length__ft____BS_": 0, "Ex__Main_Size__in____WS__Unprot": "0", "Ex__Main_Length__ft____WS__Unpr": 0, "Ex__Main_Size__in____WS__CP_Pro": 0, "Ex__Main_Length__ft____WS__CP_P": 0, "Ex__Main_Size__in____PE_": "4\"", "Ex__Main_Length__ft____PE_": 39, "Ex__Main_Size__in____Drisco_": "0", "Ex__Main_Length__ft____Drisco_": 0, "Ex__Main_Size__in_____Aldyl_A_": "4\"", "Ex__Main_Length__ft____Aldyl_A_": 493, "New_Main__for_System__Integrity": 0, "Total_GSEP_Footage__ft__": 493, "Total_Non_GSEP_Footage__ft__": 39, "Prop__Total__Length_for__Instal": 532, "Prop__Total__Length_for_Abandon": 532, "F__Incidental_Pipe_Per_Project": null, "Ex__PE_Size__in____to_be_Retest": 0, "Ex__PE_Length__ft___to_be_Retes": 0, "Majority_Existing_Main_Info": "4\" ALDYL (LOW)", "Prop__Main_Size__in____PE_": 2, "Prop__Main_Pressure": "60#", "F__Replaced_Services__BS_": 0, "F__Replaced_Services__WS_": 0, "F__Replaced_Services__Drisco_": 5, "F__Replaced_Services___Aldyl_A_": 3, "F__Replaced_Services__Total_": 3, "F__Service__Transfers": 2, "Est_____Days": 5, "Est_____Extra__Days_for__Ledge_": 1, "F__of_Tie_Ins": null, "F__of_Cut_Offs": null, "F__of_Inside_Services": null, "F__of_Outside_Services": null, "Budgeted_In_2023_for_2024": null, "Main_Cost_1_Including_Const_OH": null, "Inspector": null, "Police": null, "Gravel_Tr_In": null, "Ledge_Removal": null, "T_M": null, "Re_Pressure_Test": null, "Extra_Restoration_Estimate_from": null, "Non_Standard_Work__Bridges__Lan": null, "Cost": null, "Construction__OVHD": null, "Engineering__Design_Cost": null, "Total_Overage": null, "Services_Cost_Including_Constr_": null, "Meters_Installation_Cost_Includ": null, "F_Total_Est__Project_Cost_Inclu": null, "LU_Design_Engineer": null, "Engineering_Consultant": null, "Notes_": "\n", "lat": 41.6966673, "lon": -71.1372929, "Mapped_address": "Carlisa Dr & Doyle St, Fall River, MA 02723, USA", "FID": 22}}, {"type": "Feature", "id": 23, "geometry": {"type": "Point", "coordinates": [-71.1371583, 41.6972164]}, "properties": {"Line__": 218, "Year": 2028, "Project_Name": "Haffards St. Main Replacement", "Address": "Tiffany Dr. (Carlisa Dr. to End)", "Estimated_Cost": null, "Town": "FALL RIVER", "Reasons": "CONVERT TO 60#", "UP_or_CP": "UP", "Single_Highest_Risk_Score__on_S": "No Score", "Existing__Pressure": "LOW", "Ex__Main_Size__in____CI___WI_": "0", "Ex__Main_Length__ft____CI___WI_": 0, "Ex__Main_Size__in____BS_": "0", "Ex__Main_Length__ft____BS_": 0, "Ex__Main_Size__in____WS__Unprot": "0", "Ex__Main_Length__ft____WS__Unpr": 0, "Ex__Main_Size__in____WS__CP_Pro": 0, "Ex__Main_Length__ft____WS__CP_P": 0, "Ex__Main_Size__in____PE_": "4\"", "Ex__Main_Length__ft____PE_": 216, "Ex__Main_Size__in____Drisco_": "0", "Ex__Main_Length__ft____Drisco_": 0, "Ex__Main_Size__in_____Aldyl_A_": "0", "Ex__Main_Length__ft____Aldyl_A_": 0, "New_Main__for_System__Integrity": 0, "Total_GSEP_Footage__ft__": 0, "Total_Non_GSEP_Footage__ft__": 216, "Prop__Total__Length_for__Instal": 216, "Prop__Total__Length_for_Abandon": 216, "F__Incidental_Pipe_Per_Project": null, "Ex__PE_Size__in____to_be_Retest": 0, "Ex__PE_Length__ft___to_be_Retes": 0, "Majority_Existing_Main_Info": "4\" PE (LOW)", "Prop__Main_Size__in____PE_": null, "Prop__Main_Pressure": null, "F__Replaced_Services__BS_": 0, "F__Replaced_Services__WS_": 0, "F__Replaced_Services__Drisco_": 0, "F__Replaced_Services___Aldyl_A_": 0, "F__Replaced_Services__Total_": 0, "F__Service__Transfers": 8, "Est_____Days": 4, "Est_____Extra__Days_for__Ledge_": 1, "F__of_Tie_Ins": null, "F__of_Cut_Offs": null, "F__of_Inside_Services": null, "F__of_Outside_Services": null, "Budgeted_In_2023_for_2024": null, "Main_Cost_1_Including_Const_OH": null, "Inspector": null, "Police": null, "Gravel_Tr_In": null, "Ledge_Removal": null, "T_M": null, "Re_Pressure_Test": null, "Extra_Restoration_Estimate_from": null, "Non_Standard_Work__Bridges__Lan": null, "Cost": null, "Construction__OVHD": null, "Engineering__Design_Cost": null, "Total_Overage": null, "Services_Cost_Including_Constr_": null, "Meters_Installation_Cost_Includ": null, "F_Total_Est__Project_Cost_Inclu": null, "LU_Design_Engineer": null, "Engineering_Consultant": null, "Notes_": "\n", "lat": 41.6972164, "lon": -71.1371583, "Mapped_address": "Carlisa Dr & Tiffany Dr, Fall River, MA 02723, USA", "FID": 23}}, {"type": "Feature", "id": 24, "geometry": {"type": "Point", "coordinates": [-71.1400633, 41.6985886]}, "properties": {"Line__": 219, "Year": 2028, "Project_Name": "Haffards St. Main Replacement", "Address": "Healy St. (Quarry St. to Covel St.)", "Estimated_Cost": null, "Town": "FALL RIVER", "Reasons": "CONVERT TO 60#", "UP_or_CP": "UP", "Single_Highest_Risk_Score__on_S": "No Score", "Existing__Pressure": "LOW", "Ex__Main_Size__in____CI___WI_": "0", "Ex__Main_Length__ft____CI___WI_": 0, "Ex__Main_Size__in____BS_": "0", "Ex__Main_Length__ft____BS_": 0, "Ex__Main_Size__in____WS__Unprot": "0", "Ex__Main_Length__ft____WS__Unpr": 0, "Ex__Main_Size__in____WS__CP_Pro": 0, "Ex__Main_Length__ft____WS__CP_P": 0, "Ex__Main_Size__in____PE_": "4\"", "Ex__Main_Length__ft____PE_": 1299, "Ex__Main_Size__in____Drisco_": "0", "Ex__Main_Length__ft____Drisco_": 0, "Ex__Main_Size__in_____Aldyl_A_": "0", "Ex__Main_Length__ft____Aldyl_A_": 0, "New_Main__for_System__Integrity": 0, "Total_GSEP_Footage__ft__": 0, "Total_Non_GSEP_Footage__ft__": 1299, "Prop__Total__Length_for__Instal": 1299, "Prop__Total__Length_for_Abandon": 1299, "F__Incidental_Pipe_Per_Project": null, "Ex__PE_Size__in____to_be_Retest": 0, "Ex__PE_Length__ft___to_be_Retes": 0, "Majority_Existing_Main_Info": "4\" PE (LOW)", "Prop__Main_Size__in____PE_": null, "Prop__Main_Pressure": null, "F__Replaced_Services__BS_": 0, "F__Replaced_Services__WS_": 0, "F__Replaced_Services__Drisco_": 15, "F__Replaced_Services___Aldyl_A_": 0, "F__Replaced_Services__Total_": 0, "F__Service__Transfers": 14, "Est_____Days": 12, "Est_____Extra__Days_for__Ledge_": 3, "F__of_Tie_Ins": null, "F__of_Cut_Offs": null, "F__of_Inside_Services": null, "F__of_Outside_Services": null, "Budgeted_In_2023_for_2024": null, "Main_Cost_1_Including_Const_OH": null, "Inspector": null, "Police": null, "Gravel_Tr_In": null, "Ledge_Removal": null, "T_M": null, "Re_Pressure_Test": null, "Extra_Restoration_Estimate_from": null, "Non_Standard_Work__Bridges__Lan": null, "Cost": null, "Construction__OVHD": null, "Engineering__Design_Cost": null, "Total_Overage": null, "Services_Cost_Including_Constr_": null, "Meters_Installation_Cost_Includ": null, "F_Total_Est__Project_Cost_Inclu": null, "LU_Design_Engineer": null, "Engineering_Consultant": null, "Notes_": "\n", "lat": 41.6985886, "lon": -71.1400633, "Mapped_address": "Quarry St & Healy St, Fall River, MA 02723, USA", "FID": 24}}, {"type": "Feature", "id": 25, "geometry": {"type": "Point", "coordinates": [-71.1252895, 41.6833979]}, "properties": {"Line__": 221, "Year": 2028, "Project_Name": "Hirst St. Main Replacement", "Address": "Pleasant St. (Keene St. to Hirst St.)", "Estimated_Cost": null, "Town": "FALL RIVER", "Reasons": "RISK & CONVERT TO 60#", "UP_or_CP": "UP", "Single_Highest_Risk_Score__on_S": "44", "Existing__Pressure": "Low", "Ex__Main_Size__in____CI___WI_": "6\" (LP)", "Ex__Main_Length__ft____CI___WI_": 693, "Ex__Main_Size__in____BS_": "0", "Ex__Main_Length__ft____BS_": 0, "Ex__Main_Size__in____WS__Unprot": "0", "Ex__Main_Length__ft____WS__Unpr": 0, "Ex__Main_Size__in____WS__CP_Pro": 0, "Ex__Main_Length__ft____WS__CP_P": 0, "Ex__Main_Size__in____PE_": "0", "Ex__Main_Length__ft____PE_": 0, "Ex__Main_Size__in____Drisco_": "0", "Ex__Main_Length__ft____Drisco_": 0, "Ex__Main_Size__in_____Aldyl_A_": "0", "Ex__Main_Length__ft____Aldyl_A_": 0, "New_Main__for_System__Integrity": 0, "Total_GSEP_Footage__ft__": 693, "Total_Non_GSEP_Footage__ft__": 0, "Prop__Total__Length_for__Instal": 693, "Prop__Total__Length_for_Abandon": 693, "F__Incidental_Pipe_Per_Project": null, "Ex__PE_Size__in____to_be_Retest": 0, "Ex__PE_Length__ft___to_be_Retes": 0, "Majority_Existing_Main_Info": "6\" (LP) CI", "Prop__Main_Size__in____PE_": 6, "Prop__Main_Pressure": "60#", "F__Replaced_Services__BS_": 11, "F__Replaced_Services__WS_": 1, "F__Replaced_Services__Drisco_": 2, "F__Replaced_Services___Aldyl_A_": 0, "F__Replaced_Services__Total_": 14, "F__Service__Transfers": 4, "Est_____Days": 12, "Est_____Extra__Days_for__Ledge_": 3, "F__of_Tie_Ins": null, "F__of_Cut_Offs": null, "F__of_Inside_Services": null, "F__of_Outside_Services": null, "Budgeted_In_2023_for_2024": null, "Main_Cost_1_Including_Const_OH": null, "Inspector": null, "Police": null, "Gravel_Tr_In": null, "Ledge_Removal": null, "T_M": null, "Re_Pressure_Test": null, "Extra_Restoration_Estimate_from": null, "Non_Standard_Work__Bridges__Lan": null, "Cost": null, "Construction__OVHD": null, "Engineering__Design_Cost": null, "Total_Overage": null, "Services_Cost_Including_Constr_": null, "Meters_Installation_Cost_Includ": null, "F_Total_Est__Project_Cost_Inclu": null, "LU_Design_Engineer": null, "Engineering_Consultant": null, "Notes_": "\n", "lat": 41.6833979, "lon": -71.1252895, "Mapped_address": "Keene St & Pleasant St, Fall River, MA 02723, USA", "FID": 25}}, {"type": "Feature", "id": 26, "geometry": {"type": "Point", "coordinates": [-71.1255898, 41.6845499]}, "properties": {"Line__": 222, "Year": 2028, "Project_Name": "Hirst St. Main Replacement", "Address": "Hirst St. (Roper St. to Pleasant St.)", "Estimated_Cost": null, "Town": "FALL RIVER", "Reasons": "RISK & CONVERT TO 60#", "UP_or_CP": "UP", "Single_Highest_Risk_Score__on_S": "40", "Existing__Pressure": "Low", "Ex__Main_Size__in____CI___WI_": "4\" (LP)", "Ex__Main_Length__ft____CI___WI_": 385, "Ex__Main_Size__in____BS_": "4\" (LP)", "Ex__Main_Length__ft____BS_": 7, "Ex__Main_Size__in____WS__Unprot": "0", "Ex__Main_Length__ft____WS__Unpr": 0, "Ex__Main_Size__in____WS__CP_Pro": 0, "Ex__Main_Length__ft____WS__CP_P": 0, "Ex__Main_Size__in____PE_": "0", "Ex__Main_Length__ft____PE_": 0, "Ex__Main_Size__in____Drisco_": "0", "Ex__Main_Length__ft____Drisco_": 0, "Ex__Main_Size__in_____Aldyl_A_": "0", "Ex__Main_Length__ft____Aldyl_A_": 0, "New_Main__for_System__Integrity": 0, "Total_GSEP_Footage__ft__": 392, "Total_Non_GSEP_Footage__ft__": 0, "Prop__Total__Length_for__Instal": 392, "Prop__Total__Length_for_Abandon": 392, "F__Incidental_Pipe_Per_Project": null, "Ex__PE_Size__in____to_be_Retest": 0, "Ex__PE_Length__ft___to_be_Retes": 0, "Majority_Existing_Main_Info": "4\" (LP) CI", "Prop__Main_Size__in____PE_": 2, "Prop__Main_Pressure": "60#", "F__Replaced_Services__BS_": 3, "F__Replaced_Services__WS_": 0, "F__Replaced_Services__Drisco_": 0, "F__Replaced_Services___Aldyl_A_": 0, "F__Replaced_Services__Total_": 3, "F__Service__Transfers": 3, "Est_____Days": 5, "Est_____Extra__Days_for__Ledge_": 1, "F__of_Tie_Ins": null, "F__of_Cut_Offs": null, "F__of_Inside_Services": null, "F__of_Outside_Services": null, "Budgeted_In_2023_for_2024": null, "Main_Cost_1_Including_Const_OH": null, "Inspector": null, "Police": null, "Gravel_Tr_In": null, "Ledge_Removal": null, "T_M": null, "Re_Pressure_Test": null, "Extra_Restoration_Estimate_from": null, "Non_Standard_Work__Bridges__Lan": null, "Cost": null, "Construction__OVHD": null, "Engineering__Design_Cost": null, "Total_Overage": null, "Services_Cost_Including_Constr_": null, "Meters_Installation_Cost_Includ": null, "F_Total_Est__Project_Cost_Inclu": null, "LU_Design_Engineer": null, "Engineering_Consultant": null, "Notes_": "\n", "lat": 41.6845499, "lon": -71.1255898, "Mapped_address": "Roper St & Hirst St, Fall River, MA 02723, USA", "FID": 26}}, {"type": "Feature", "id": 27, "geometry": {"type": "Point", "coordinates": [-71.1252895, 41.6833979]}, "properties": {"Line__": 224, "Year": 2028, "Project_Name": "Hirst St. Main Replacement", "Address": "Knight St. (Pleasant St. to McGowan St.)", "Estimated_Cost": null, "Town": "FALL RIVER", "Reasons": "DUAL MAIN ABANDONMENT", "UP_or_CP": "UP", "Single_Highest_Risk_Score__on_S": "44", "Existing__Pressure": "Low", "Ex__Main_Size__in____CI___WI_": "6\" (LP)", "Ex__Main_Length__ft____CI___WI_": 459, "Ex__Main_Size__in____BS_": "0", "Ex__Main_Length__ft____BS_": 0, "Ex__Main_Size__in____WS__Unprot": "0", "Ex__Main_Length__ft____WS__Unpr": 0, "Ex__Main_Size__in____WS__CP_Pro": 0, "Ex__Main_Length__ft____WS__CP_P": 0, "Ex__Main_Size__in____PE_": "0", "Ex__Main_Length__ft____PE_": 0, "Ex__Main_Size__in____Drisco_": "0", "Ex__Main_Length__ft____Drisco_": 0, "Ex__Main_Size__in_____Aldyl_A_": "0", "Ex__Main_Length__ft____Aldyl_A_": 0, "New_Main__for_System__Integrity": 0, "Total_GSEP_Footage__ft__": 459, "Total_Non_GSEP_Footage__ft__": 0, "Prop__Total__Length_for__Instal": 459, "Prop__Total__Length_for_Abandon": 459, "F__Incidental_Pipe_Per_Project": null, "Ex__PE_Size__in____to_be_Retest": 0, "Ex__PE_Length__ft___to_be_Retes": 0, "Majority_Existing_Main_Info": "6\" (LP) CI", "Prop__Main_Size__in____PE_": null, "Prop__Main_Pressure": "No Install", "F__Replaced_Services__BS_": 3, "F__Replaced_Services__WS_": 1, "F__Replaced_Services__Drisco_": 0, "F__Replaced_Services___Aldyl_A_": 0, "F__Replaced_Services__Total_": 4, "F__Service__Transfers": 5, "Est_____Days": 6, "Est_____Extra__Days_for__Ledge_": 2, "F__of_Tie_Ins": null, "F__of_Cut_Offs": null, "F__of_Inside_Services": null, "F__of_Outside_Services": null, "Budgeted_In_2023_for_2024": null, "Main_Cost_1_Including_Const_OH": null, "Inspector": null, "Police": null, "Gravel_Tr_In": null, "Ledge_Removal": null, "T_M": null, "Re_Pressure_Test": null, "Extra_Restoration_Estimate_from": null, "Non_Standard_Work__Bridges__Lan": null, "Cost": null, "Construction__OVHD": null, "Engineering__Design_Cost": null, "Total_Overage": null, "Services_Cost_Including_Constr_": null, "Meters_Installation_Cost_Includ": null, "F_Total_Est__Project_Cost_Inclu": null, "LU_Design_Engineer": null, "Engineering_Consultant": null, "Notes_": "\n", "lat": 41.6833979, "lon": -71.1252895, "Mapped_address": "Pleasant St & Knight St, Fall River, MA 02723, USA", "FID": 27}}, {"type": "Feature", "id": 28, "geometry": {"type": "Point", "coordinates": [-71.1673204, 41.6728902]}, "properties": {"Line__": 225, "Year": 2028, "Project_Name": "Laurel St. Main Replacement ", "Address": "Laurel St. (Amity St. to Tucker St.)", "Estimated_Cost": null, "Town": "FALL RIVER", "Reasons": "RISK & CONVERT TO 60#", "UP_or_CP": "UP", "Single_Highest_Risk_Score__on_S": "47", "Existing__Pressure": "Low", "Ex__Main_Size__in____CI___WI_": "0", "Ex__Main_Length__ft____CI___WI_": 0, "Ex__Main_Size__in____BS_": "0", "Ex__Main_Length__ft____BS_": 0, "Ex__Main_Size__in____WS__Unprot": "4\" & 12\" (LP)", "Ex__Main_Length__ft____WS__Unpr": 1998, "Ex__Main_Size__in____WS__CP_Pro": 0, "Ex__Main_Length__ft____WS__CP_P": 0, "Ex__Main_Size__in____PE_": "0", "Ex__Main_Length__ft____PE_": 0, "Ex__Main_Size__in____Drisco_": "0", "Ex__Main_Length__ft____Drisco_": 0, "Ex__Main_Size__in_____Aldyl_A_": "0", "Ex__Main_Length__ft____Aldyl_A_": 0, "New_Main__for_System__Integrity": 0, "Total_GSEP_Footage__ft__": 1998, "Total_Non_GSEP_Footage__ft__": 0, "Prop__Total__Length_for__Instal": 1998, "Prop__Total__Length_for_Abandon": 1998, "F__Incidental_Pipe_Per_Project": "18%", "Ex__PE_Size__in____to_be_Retest": 0, "Ex__PE_Length__ft___to_be_Retes": 0, "Majority_Existing_Main_Info": "12\" (LP) WS", "Prop__Main_Size__in____PE_": 8, "Prop__Main_Pressure": "60#", "F__Replaced_Services__BS_": 1, "F__Replaced_Services__WS_": 4, "F__Replaced_Services__Drisco_": 7, "F__Replaced_Services___Aldyl_A_": 1, "F__Replaced_Services__Total_": 13, "F__Service__Transfers": 7, "Est_____Days": 22, "Est_____Extra__Days_for__Ledge_": 6, "F__of_Tie_Ins": null, "F__of_Cut_Offs": null, "F__of_Inside_Services": null, "F__of_Outside_Services": null, "Budgeted_In_2023_for_2024": null, "Main_Cost_1_Including_Const_OH": null, "Inspector": null, "Police": null, "Gravel_Tr_In": null, "Ledge_Removal": null, "T_M": null, "Re_Pressure_Test": null, "Extra_Restoration_Estimate_from": null, "Non_Standard_Work__Bridges__Lan": null, "Cost": null, "Construction__OVHD": null, "Engineering__Design_Cost": null, "Total_Overage": null, "Services_Cost_Including_Constr_": null, "Meters_Installation_Cost_Includ": null, "F_Total_Est__Project_Cost_Inclu": null, "LU_Design_Engineer": "Matt Sullivan", "Engineering_Consultant": "Cornerstone", "Notes_": "Risk based project.\n", "lat": 41.6728902, "lon": -71.1673204, "Mapped_address": "Amity St & Laurel St, Fall River, MA 02721, USA", "FID": 28}}, {"type": "Feature", "id": 29, "geometry": {"type": "Point", "coordinates": [-71.1661105, 41.6758662]}, "properties": {"Line__": 227, "Year": 2028, "Project_Name": "Laurel St. Main Replacement ", "Address": "Henry St. (Laurel St. to End)", "Estimated_Cost": null, "Town": "FALL RIVER", "Reasons": "CONVERT TO 60#", "UP_or_CP": "UP", "Single_Highest_Risk_Score__on_S": "No Score", "Existing__Pressure": "Low", "Ex__Main_Size__in____CI___WI_": "0", "Ex__Main_Length__ft____CI___WI_": 0, "Ex__Main_Size__in____BS_": "0", "Ex__Main_Length__ft____BS_": 0, "Ex__Main_Size__in____WS__Unprot": "0", "Ex__Main_Length__ft____WS__Unpr": 0, "Ex__Main_Size__in____WS__CP_Pro": 0, "Ex__Main_Length__ft____WS__CP_P": 0, "Ex__Main_Size__in____PE_": "4\" (LP)", "Ex__Main_Length__ft____PE_": 740, "Ex__Main_Size__in____Drisco_": "0", "Ex__Main_Length__ft____Drisco_": 0, "Ex__Main_Size__in_____Aldyl_A_": "0", "Ex__Main_Length__ft____Aldyl_A_": 0, "New_Main__for_System__Integrity": 0, "Total_GSEP_Footage__ft__": 0, "Total_Non_GSEP_Footage__ft__": 740, "Prop__Total__Length_for__Instal": 740, "Prop__Total__Length_for_Abandon": 740, "F__Incidental_Pipe_Per_Project": null, "Ex__PE_Size__in____to_be_Retest": 0, "Ex__PE_Length__ft___to_be_Retes": 0, "Majority_Existing_Main_Info": "4\" (LP) PE", "Prop__Main_Size__in____PE_": 2, "Prop__Main_Pressure": "60#", "F__Replaced_Services__BS_": 0, "F__Replaced_Services__WS_": 0, "F__Replaced_Services__Drisco_": 2, "F__Replaced_Services___Aldyl_A_": 0, "F__Replaced_Services__Total_": 2, "F__Service__Transfers": 0, "Est_____Days": 6, "Est_____Extra__Days_for__Ledge_": 1, "F__of_Tie_Ins": null, "F__of_Cut_Offs": null, "F__of_Inside_Services": null, "F__of_Outside_Services": null, "Budgeted_In_2023_for_2024": null, "Main_Cost_1_Including_Const_OH": null, "Inspector": null, "Police": null, "Gravel_Tr_In": null, "Ledge_Removal": null, "T_M": null, "Re_Pressure_Test": null, "Extra_Restoration_Estimate_from": null, "Non_Standard_Work__Bridges__Lan": null, "Cost": null, "Construction__OVHD": null, "Engineering__Design_Cost": null, "Total_Overage": null, "Services_Cost_Including_Constr_": null, "Meters_Installation_Cost_Includ": null, "F_Total_Est__Project_Cost_Inclu": null, "LU_Design_Engineer": "Matt Sullivan", "Engineering_Consultant": "Cornerstone", "Notes_": "Risk based project.\n", "lat": 41.6758662, "lon": -71.1661105, "Mapped_address": "Laurel St, Fall River, MA, USA", "FID": 29}}, {"type": "Feature", "id": 30, "geometry": {"type": "Point", "coordinates": [-71.1642194, 41.675364]}, "properties": {"Line__": 228, "Year": 2028, "Project_Name": "Laurel St. Main Replacement ", "Address": "#181 Mariano S Bishop Blvd", "Estimated_Cost": null, "Town": "FALL RIVER", "Reasons": "RISK & CONVERT TO 60#", "UP_or_CP": "UP", "Single_Highest_Risk_Score__on_S": "24", "Existing__Pressure": "Low", "Ex__Main_Size__in____CI___WI_": "0", "Ex__Main_Length__ft____CI___WI_": 0, "Ex__Main_Size__in____BS_": "0", "Ex__Main_Length__ft____BS_": 0, "Ex__Main_Size__in____WS__Unprot": "12\" (LP)", "Ex__Main_Length__ft____WS__Unpr": 760, "Ex__Main_Size__in____WS__CP_Pro": 0, "Ex__Main_Length__ft____WS__CP_P": 0, "Ex__Main_Size__in____PE_": "0", "Ex__Main_Length__ft____PE_": 0, "Ex__Main_Size__in____Drisco_": "0", "Ex__Main_Length__ft____Drisco_": 0, "Ex__Main_Size__in_____Aldyl_A_": "0", "Ex__Main_Length__ft____Aldyl_A_": 0, "New_Main__for_System__Integrity": 0, "Total_GSEP_Footage__ft__": 760, "Total_Non_GSEP_Footage__ft__": 0, "Prop__Total__Length_for__Instal": 760, "Prop__Total__Length_for_Abandon": 760, "F__Incidental_Pipe_Per_Project": null, "Ex__PE_Size__in____to_be_Retest": 0, "Ex__PE_Length__ft___to_be_Retes": 0, "Majority_Existing_Main_Info": "12\" (LP) WS", "Prop__Main_Size__in____PE_": 6, "Prop__Main_Pressure": "60#", "F__Replaced_Services__BS_": 0, "F__Replaced_Services__WS_": 2, "F__Replaced_Services__Drisco_": 1, "F__Replaced_Services___Aldyl_A_": 0, "F__Replaced_Services__Total_": 3, "F__Service__Transfers": 0, "Est_____Days": 7, "Est_____Extra__Days_for__Ledge_": 2, "F__of_Tie_Ins": null, "F__of_Cut_Offs": null, "F__of_Inside_Services": null, "F__of_Outside_Services": null, "Budgeted_In_2023_for_2024": null, "Main_Cost_1_Including_Const_OH": null, "Inspector": null, "Police": null, "Gravel_Tr_In": null, "Ledge_Removal": null, "T_M": null, "Re_Pressure_Test": null, "Extra_Restoration_Estimate_from": null, "Non_Standard_Work__Bridges__Lan": null, "Cost": null, "Construction__OVHD": null, "Engineering__Design_Cost": null, "Total_Overage": null, "Services_Cost_Including_Constr_": null, "Meters_Installation_Cost_Includ": null, "F_Total_Est__Project_Cost_Inclu": null, "LU_Design_Engineer": "Matt Sullivan", "Engineering_Consultant": "Cornerstone", "Notes_": "Risk based project.\n", "lat": 41.675364, "lon": -71.1642194, "Mapped_address": "Mariano S, 181 Mariano Bishop Blvd, Fall River, MA 02721, USA", "FID": 30}}, {"type": "Feature", "id": 31, "geometry": {"type": "Point", "coordinates": [-71.1652844, 41.6782832]}, "properties": {"Line__": 230, "Year": 2028, "Project_Name": "Magellan St. Main Replacement", "Address": "Laurel St. (Tucker St. to Salisbury St.)", "Estimated_Cost": null, "Town": "FALL RIVER", "Reasons": "RISK & CONVERT TO 60#", "UP_or_CP": "UP", "Single_Highest_Risk_Score__on_S": "47", "Existing__Pressure": "Low", "Ex__Main_Size__in____CI___WI_": "4\" (LP)", "Ex__Main_Length__ft____CI___WI_": 605, "Ex__Main_Size__in____BS_": "4\" (LP)", "Ex__Main_Length__ft____BS_": 9, "Ex__Main_Size__in____WS__Unprot": "12\" (LP)", "Ex__Main_Length__ft____WS__Unpr": 612, "Ex__Main_Size__in____WS__CP_Pro": 0, "Ex__Main_Length__ft____WS__CP_P": 0, "Ex__Main_Size__in____PE_": "0", "Ex__Main_Length__ft____PE_": 0, "Ex__Main_Size__in____Drisco_": "0", "Ex__Main_Length__ft____Drisco_": 0, "Ex__Main_Size__in_____Aldyl_A_": "0", "Ex__Main_Length__ft____Aldyl_A_": 0, "New_Main__for_System__Integrity": 0, "Total_GSEP_Footage__ft__": 1226, "Total_Non_GSEP_Footage__ft__": 0, "Prop__Total__Length_for__Instal": 1226, "Prop__Total__Length_for_Abandon": 1226, "F__Incidental_Pipe_Per_Project": null, "Ex__PE_Size__in____to_be_Retest": 0, "Ex__PE_Length__ft___to_be_Retes": 0, "Majority_Existing_Main_Info": "6\" (LP) WS", "Prop__Main_Size__in____PE_": 8, "Prop__Main_Pressure": "60#", "F__Replaced_Services__BS_": 5, "F__Replaced_Services__WS_": 1, "F__Replaced_Services__Drisco_": 0, "F__Replaced_Services___Aldyl_A_": 0, "F__Replaced_Services__Total_": 6, "F__Service__Transfers": 2, "Est_____Days": 12, "Est_____Extra__Days_for__Ledge_": 3, "F__of_Tie_Ins": null, "F__of_Cut_Offs": null, "F__of_Inside_Services": null, "F__of_Outside_Services": null, "Budgeted_In_2023_for_2024": null, "Main_Cost_1_Including_Const_OH": null, "Inspector": null, "Police": null, "Gravel_Tr_In": null, "Ledge_Removal": null, "T_M": null, "Re_Pressure_Test": null, "Extra_Restoration_Estimate_from": null, "Non_Standard_Work__Bridges__Lan": null, "Cost": null, "Construction__OVHD": null, "Engineering__Design_Cost": null, "Total_Overage": null, "Services_Cost_Including_Constr_": null, "Meters_Installation_Cost_Includ": null, "F_Total_Est__Project_Cost_Inclu": null, "LU_Design_Engineer": null, "Engineering_Consultant": null, "Notes_": "\n", "lat": 41.6782832, "lon": -71.1652844, "Mapped_address": "Laurel St & Tucker St, Fall River, MA 02724, USA", "FID": 31}}, {"type": "Feature", "id": 32, "geometry": {"type": "Point", "coordinates": [-71.1652822, 41.6792626]}, "properties": {"Line__": 231, "Year": 2028, "Project_Name": "Magellan St. Main Replacement", "Address": "Magellan St. (Laurel St. to End)", "Estimated_Cost": null, "Town": "FALL RIVER", "Reasons": "RISK & CONVERT TO 60#", "UP_or_CP": "UP/CP", "Single_Highest_Risk_Score__on_S": "40", "Existing__Pressure": "Low", "Ex__Main_Size__in____CI___WI_": "4\" (LP)", "Ex__Main_Length__ft____CI___WI_": 35, "Ex__Main_Size__in____BS_": "0", "Ex__Main_Length__ft____BS_": 0, "Ex__Main_Size__in____WS__Unprot": "4\" (LP)", "Ex__Main_Length__ft____WS__Unpr": 392, "Ex__Main_Size__in____WS__CP_Pro": null, "Ex__Main_Length__ft____WS__CP_P": 43, "Ex__Main_Size__in____PE_": "4\" (LP)", "Ex__Main_Length__ft____PE_": 220, "Ex__Main_Size__in____Drisco_": "0", "Ex__Main_Length__ft____Drisco_": 0, "Ex__Main_Size__in_____Aldyl_A_": "0", "Ex__Main_Length__ft____Aldyl_A_": 0, "New_Main__for_System__Integrity": 0, "Total_GSEP_Footage__ft__": 427, "Total_Non_GSEP_Footage__ft__": 263, "Prop__Total__Length_for__Instal": 690, "Prop__Total__Length_for_Abandon": 690, "F__Incidental_Pipe_Per_Project": null, "Ex__PE_Size__in____to_be_Retest": 0, "Ex__PE_Length__ft___to_be_Retes": 0, "Majority_Existing_Main_Info": "4\" (LP) WS", "Prop__Main_Size__in____PE_": 2, "Prop__Main_Pressure": "60#", "F__Replaced_Services__BS_": 0, "F__Replaced_Services__WS_": 4, "F__Replaced_Services__Drisco_": 5, "F__Replaced_Services___Aldyl_A_": 1, "F__Replaced_Services__Total_": 10, "F__Service__Transfers": 1, "Est_____Days": 10, "Est_____Extra__Days_for__Ledge_": 2, "F__of_Tie_Ins": null, "F__of_Cut_Offs": null, "F__of_Inside_Services": null, "F__of_Outside_Services": null, "Budgeted_In_2023_for_2024": null, "Main_Cost_1_Including_Const_OH": null, "Inspector": null, "Police": null, "Gravel_Tr_In": null, "Ledge_Removal": null, "T_M": null, "Re_Pressure_Test": null, "Extra_Restoration_Estimate_from": null, "Non_Standard_Work__Bridges__Lan": null, "Cost": null, "Construction__OVHD": null, "Engineering__Design_Cost": null, "Total_Overage": null, "Services_Cost_Including_Constr_": null, "Meters_Installation_Cost_Includ": null, "F_Total_Est__Project_Cost_Inclu": null, "LU_Design_Engineer": null, "Engineering_Consultant": null, "Notes_": "\n", "lat": 41.6792626, "lon": -71.1652822, "Mapped_address": "Magellan St & Laurel St, Fall River, MA 02724, USA", "FID": 32}}, {"type": "Feature", "id": 33, "geometry": {"type": "Point", "coordinates": [-71.1643066, 41.679121]}, "properties": {"Line__": 232, "Year": 2028, "Project_Name": "Magellan St. Main Replacement", "Address": "Magellan St. (PE main off of Magellan St. to End", "Estimated_Cost": null, "Town": "FALL RIVER", "Reasons": "RISK & CONVERT TO 60#", "UP_or_CP": "UP", "Single_Highest_Risk_Score__on_S": "No Score", "Existing__Pressure": "Low", "Ex__Main_Size__in____CI___WI_": "0", "Ex__Main_Length__ft____CI___WI_": 0, "Ex__Main_Size__in____BS_": "0", "Ex__Main_Length__ft____BS_": 0, "Ex__Main_Size__in____WS__Unprot": "0", "Ex__Main_Length__ft____WS__Unpr": 0, "Ex__Main_Size__in____WS__CP_Pro": 0, "Ex__Main_Length__ft____WS__CP_P": 0, "Ex__Main_Size__in____PE_": "4\" (LP)", "Ex__Main_Length__ft____PE_": 228, "Ex__Main_Size__in____Drisco_": "0", "Ex__Main_Length__ft____Drisco_": 0, "Ex__Main_Size__in_____Aldyl_A_": "0", "Ex__Main_Length__ft____Aldyl_A_": 0, "New_Main__for_System__Integrity": 0, "Total_GSEP_Footage__ft__": 0, "Total_Non_GSEP_Footage__ft__": 228, "Prop__Total__Length_for__Instal": 228, "Prop__Total__Length_for_Abandon": 228, "F__Incidental_Pipe_Per_Project": null, "Ex__PE_Size__in____to_be_Retest": 0, "Ex__PE_Length__ft___to_be_Retes": 0, "Majority_Existing_Main_Info": "4\" (LP) PE", "Prop__Main_Size__in____PE_": 2, "Prop__Main_Pressure": "60#", "F__Replaced_Services__BS_": 0, "F__Replaced_Services__WS_": 0, "F__Replaced_Services__Drisco_": 5, "F__Replaced_Services___Aldyl_A_": 0, "F__Replaced_Services__Total_": 5, "F__Service__Transfers": 0, "Est_____Days": 4, "Est_____Extra__Days_for__Ledge_": 1, "F__of_Tie_Ins": null, "F__of_Cut_Offs": null, "F__of_Inside_Services": null, "F__of_Outside_Services": null, "Budgeted_In_2023_for_2024": null, "Main_Cost_1_Including_Const_OH": null, "Inspector": null, "Police": null, "Gravel_Tr_In": null, "Ledge_Removal": null, "T_M": null, "Re_Pressure_Test": null, "Extra_Restoration_Estimate_from": null, "Non_Standard_Work__Bridges__Lan": null, "Cost": null, "Construction__OVHD": null, "Engineering__Design_Cost": null, "Total_Overage": null, "Services_Cost_Including_Constr_": null, "Meters_Installation_Cost_Includ": null, "F_Total_Est__Project_Cost_Inclu": null, "LU_Design_Engineer": null, "Engineering_Consultant": null, "Notes_": "\n", "lat": 41.679121, "lon": -71.1643066, "Mapped_address": "Magellan St, Fall River, MA 02721, USA", "FID": 33}}, {"type": "Feature", "id": 34, "geometry": {"type": "Point", "coordinates": [-71.1639888, 41.6838267]}, "properties": {"Line__": 233, "Year": 2028, "Project_Name": "Miller St. Main Replacement", "Address": "Rhode Island Ave. (Plymouth Ave. to Lisbon St.)", "Estimated_Cost": null, "Town": "FALL RIVER", "Reasons": "RISK & CONVERT TO 60#", "UP_or_CP": "UP", "Single_Highest_Risk_Score__on_S": "46", "Existing__Pressure": "Low", "Ex__Main_Size__in____CI___WI_": "6\" & 12\" (LP)", "Ex__Main_Length__ft____CI___WI_": 1381, "Ex__Main_Size__in____BS_": "0", "Ex__Main_Length__ft____BS_": 0, "Ex__Main_Size__in____WS__Unprot": "12\" (LP)", "Ex__Main_Length__ft____WS__Unpr": 7, "Ex__Main_Size__in____WS__CP_Pro": 0, "Ex__Main_Length__ft____WS__CP_P": 0, "Ex__Main_Size__in____PE_": "0", "Ex__Main_Length__ft____PE_": 0, "Ex__Main_Size__in____Drisco_": "0", "Ex__Main_Length__ft____Drisco_": 0, "Ex__Main_Size__in_____Aldyl_A_": "0", "Ex__Main_Length__ft____Aldyl_A_": 0, "New_Main__for_System__Integrity": 0, "Total_GSEP_Footage__ft__": 1388, "Total_Non_GSEP_Footage__ft__": 0, "Prop__Total__Length_for__Instal": 1388, "Prop__Total__Length_for_Abandon": 1388, "F__Incidental_Pipe_Per_Project": null, "Ex__PE_Size__in____to_be_Retest": 0, "Ex__PE_Length__ft___to_be_Retes": 0, "Majority_Existing_Main_Info": "12\" (LP) CI", "Prop__Main_Size__in____PE_": 6, "Prop__Main_Pressure": "60#", "F__Replaced_Services__BS_": 3, "F__Replaced_Services__WS_": 0, "F__Replaced_Services__Drisco_": 1, "F__Replaced_Services___Aldyl_A_": 1, "F__Replaced_Services__Total_": 5, "F__Service__Transfers": 7, "Est_____Days": 13, "Est_____Extra__Days_for__Ledge_": 3, "F__of_Tie_Ins": null, "F__of_Cut_Offs": null, "F__of_Inside_Services": null, "F__of_Outside_Services": null, "Budgeted_In_2023_for_2024": null, "Main_Cost_1_Including_Const_OH": null, "Inspector": null, "Police": null, "Gravel_Tr_In": null, "Ledge_Removal": null, "T_M": null, "Re_Pressure_Test": null, "Extra_Restoration_Estimate_from": null, "Non_Standard_Work__Bridges__Lan": null, "Cost": null, "Construction__OVHD": null, "Engineering__Design_Cost": null, "Total_Overage": null, "Services_Cost_Including_Constr_": null, "Meters_Installation_Cost_Includ": null, "F_Total_Est__Project_Cost_Inclu": null, "LU_Design_Engineer": null, "Engineering_Consultant": null, "Notes_": "\n", "lat": 41.6838267, "lon": -71.1639888, "Mapped_address": "Rhode Island Ave & Plymouth Ave, Fall River, MA 02724, USA", "FID": 34}}, {"type": "Feature", "id": 35, "geometry": {"type": "Point", "coordinates": [-71.1580488, 41.6805982]}, "properties": {"Line__": 234, "Year": 2028, "Project_Name": "Miller St. Main Replacement", "Address": "Wayne St. (Aetna St. to Miller St.)", "Estimated_Cost": null, "Town": "FALL RIVER", "Reasons": "RISK & CONVERT TO 60#", "UP_or_CP": "UP", "Single_Highest_Risk_Score__on_S": "44", "Existing__Pressure": "Low", "Ex__Main_Size__in____CI___WI_": "4\" & 6\" (LP)", "Ex__Main_Length__ft____CI___WI_": 352, "Ex__Main_Size__in____BS_": "0", "Ex__Main_Length__ft____BS_": 0, "Ex__Main_Size__in____WS__Unprot": "4\" (LP)", "Ex__Main_Length__ft____WS__Unpr": 12, "Ex__Main_Size__in____WS__CP_Pro": 0, "Ex__Main_Length__ft____WS__CP_P": 0, "Ex__Main_Size__in____PE_": "0", "Ex__Main_Length__ft____PE_": 0, "Ex__Main_Size__in____Drisco_": "0", "Ex__Main_Length__ft____Drisco_": 0, "Ex__Main_Size__in_____Aldyl_A_": "0", "Ex__Main_Length__ft____Aldyl_A_": 0, "New_Main__for_System__Integrity": 0, "Total_GSEP_Footage__ft__": 364, "Total_Non_GSEP_Footage__ft__": 0, "Prop__Total__Length_for__Instal": 364, "Prop__Total__Length_for_Abandon": 364, "F__Incidental_Pipe_Per_Project": null, "Ex__PE_Size__in____to_be_Retest": 0, "Ex__PE_Length__ft___to_be_Retes": 0, "Majority_Existing_Main_Info": "6\" (LP) CI", "Prop__Main_Size__in____PE_": 2, "Prop__Main_Pressure": "60#", "F__Replaced_Services__BS_": 2, "F__Replaced_Services__WS_": 0, "F__Replaced_Services__Drisco_": 0, "F__Replaced_Services___Aldyl_A_": 1, "F__Replaced_Services__Total_": 3, "F__Service__Transfers": 0, "Est_____Days": 4, "Est_____Extra__Days_for__Ledge_": 1, "F__of_Tie_Ins": null, "F__of_Cut_Offs": null, "F__of_Inside_Services": null, "F__of_Outside_Services": null, "Budgeted_In_2023_for_2024": null, "Main_Cost_1_Including_Const_OH": null, "Inspector": null, "Police": null, "Gravel_Tr_In": null, "Ledge_Removal": null, "T_M": null, "Re_Pressure_Test": null, "Extra_Restoration_Estimate_from": null, "Non_Standard_Work__Bridges__Lan": null, "Cost": null, "Construction__OVHD": null, "Engineering__Design_Cost": null, "Total_Overage": null, "Services_Cost_Including_Constr_": null, "Meters_Installation_Cost_Includ": null, "F_Total_Est__Project_Cost_Inclu": null, "LU_Design_Engineer": null, "Engineering_Consultant": null, "Notes_": "\n", "lat": 41.6805982, "lon": -71.1580488, "Mapped_address": "Aetna St & Wayne St, Fall River, MA 02721, USA", "FID": 35}}, {"type": "Feature", "id": 36, "geometry": {"type": "Point", "coordinates": [-71.1565085, 41.6811489]}, "properties": {"Line__": 235, "Year": 2028, "Project_Name": "Miller St. Main Replacement", "Address": "Bright St. (Stafford Rd. to Wayne St.)", "Estimated_Cost": null, "Town": "FALL RIVER", "Reasons": "RISK & CONVERT TO 60#", "UP_or_CP": "UP", "Single_Highest_Risk_Score__on_S": "40", "Existing__Pressure": "Low", "Ex__Main_Size__in____CI___WI_": "4\" (LP)", "Ex__Main_Length__ft____CI___WI_": 419, "Ex__Main_Size__in____BS_": "0", "Ex__Main_Length__ft____BS_": 0, "Ex__Main_Size__in____WS__Unprot": "0", "Ex__Main_Length__ft____WS__Unpr": 0, "Ex__Main_Size__in____WS__CP_Pro": 0, "Ex__Main_Length__ft____WS__CP_P": 0, "Ex__Main_Size__in____PE_": "0", "Ex__Main_Length__ft____PE_": 0, "Ex__Main_Size__in____Drisco_": "0", "Ex__Main_Length__ft____Drisco_": 0, "Ex__Main_Size__in_____Aldyl_A_": "0", "Ex__Main_Length__ft____Aldyl_A_": 0, "New_Main__for_System__Integrity": 0, "Total_GSEP_Footage__ft__": 419, "Total_Non_GSEP_Footage__ft__": 0, "Prop__Total__Length_for__Instal": 419, "Prop__Total__Length_for_Abandon": 419, "F__Incidental_Pipe_Per_Project": null, "Ex__PE_Size__in____to_be_Retest": 0, "Ex__PE_Length__ft___to_be_Retes": 0, "Majority_Existing_Main_Info": "4\" (LP) CI", "Prop__Main_Size__in____PE_": 2, "Prop__Main_Pressure": "60#", "F__Replaced_Services__BS_": 5, "F__Replaced_Services__WS_": 0, "F__Replaced_Services__Drisco_": 2, "F__Replaced_Services___Aldyl_A_": 0, "F__Replaced_Services__Total_": 7, "F__Service__Transfers": 5, "Est_____Days": 8, "Est_____Extra__Days_for__Ledge_": 2, "F__of_Tie_Ins": null, "F__of_Cut_Offs": null, "F__of_Inside_Services": null, "F__of_Outside_Services": null, "Budgeted_In_2023_for_2024": null, "Main_Cost_1_Including_Const_OH": null, "Inspector": null, "Police": null, "Gravel_Tr_In": null, "Ledge_Removal": null, "T_M": null, "Re_Pressure_Test": null, "Extra_Restoration_Estimate_from": null, "Non_Standard_Work__Bridges__Lan": null, "Cost": null, "Construction__OVHD": null, "Engineering__Design_Cost": null, "Total_Overage": null, "Services_Cost_Including_Constr_": null, "Meters_Installation_Cost_Includ": null, "F_Total_Est__Project_Cost_Inclu": null, "LU_Design_Engineer": null, "Engineering_Consultant": null, "Notes_": "\n", "lat": 41.6811489, "lon": -71.1565085, "Mapped_address": "Stafford Rd & Bright St, Fall River, MA 02721, USA", "FID": 36}}, {"type": "Feature", "id": 37, "geometry": {"type": "Point", "coordinates": [-71.1599036, 41.6975254]}, "properties": {"Line__": 239, "Year": 2028, "Project_Name": "Morgan St. Main Replacement Phase 1", "Address": "Morgan St. (S. Main St. to Hartwell St.)", "Estimated_Cost": null, "Town": "FALL RIVER", "Reasons": "RISK & CONVERT TO 60#", "UP_or_CP": "UP", "Single_Highest_Risk_Score__on_S": "46", "Existing__Pressure": "Low", "Ex__Main_Size__in____CI___WI_": "4\" (LP)", "Ex__Main_Length__ft____CI___WI_": 1475, "Ex__Main_Size__in____BS_": "0", "Ex__Main_Length__ft____BS_": 0, "Ex__Main_Size__in____WS__Unprot": "0", "Ex__Main_Length__ft____WS__Unpr": 0, "Ex__Main_Size__in____WS__CP_Pro": 0, "Ex__Main_Length__ft____WS__CP_P": 0, "Ex__Main_Size__in____PE_": "4\" & 6\" (LP)", "Ex__Main_Length__ft____PE_": 108, "Ex__Main_Size__in____Drisco_": "0", "Ex__Main_Length__ft____Drisco_": 0, "Ex__Main_Size__in_____Aldyl_A_": "0", "Ex__Main_Length__ft____Aldyl_A_": 0, "New_Main__for_System__Integrity": 188, "Total_GSEP_Footage__ft__": 1475, "Total_Non_GSEP_Footage__ft__": 108, "Prop__Total__Length_for__Instal": 1771, "Prop__Total__Length_for_Abandon": 1583, "F__Incidental_Pipe_Per_Project": null, "Ex__PE_Size__in____to_be_Retest": 0, "Ex__PE_Length__ft___to_be_Retes": 0, "Majority_Existing_Main_Info": "4\" (LP) CI", "Prop__Main_Size__in____PE_": 4, "Prop__Main_Pressure": "60#", "F__Replaced_Services__BS_": 4, "F__Replaced_Services__WS_": 3, "F__Replaced_Services__Drisco_": 0, "F__Replaced_Services___Aldyl_A_": 5, "F__Replaced_Services__Total_": 12, "F__Service__Transfers": 3, "Est_____Days": 17, "Est_____Extra__Days_for__Ledge_": 4, "F__of_Tie_Ins": null, "F__of_Cut_Offs": null, "F__of_Inside_Services": null, "F__of_Outside_Services": null, "Budgeted_In_2023_for_2024": null, "Main_Cost_1_Including_Const_OH": null, "Inspector": null, "Police": null, "Gravel_Tr_In": null, "Ledge_Removal": null, "T_M": null, "Re_Pressure_Test": null, "Extra_Restoration_Estimate_from": null, "Non_Standard_Work__Bridges__Lan": null, "Cost": null, "Construction__OVHD": null, "Engineering__Design_Cost": null, "Total_Overage": null, "Services_Cost_Including_Constr_": null, "Meters_Installation_Cost_Includ": null, "F_Total_Est__Project_Cost_Inclu": null, "LU_Design_Engineer": null, "Engineering_Consultant": null, "Notes_": "\n", "lat": 41.6975254, "lon": -71.1599036, "Mapped_address": "Morgan St & S Main St, Fall River, MA 02721, USA", "FID": 37}}, {"type": "Feature", "id": 38, "geometry": {"type": "Point", "coordinates": [-71.1537585, 41.6972337]}, "properties": {"Line__": 240, "Year": 2028, "Project_Name": "Morgan St. Main Replacement Phase 1", "Address": "John St. (Brow St. to Plymouth Ave.)", "Estimated_Cost": null, "Town": "FALL RIVER", "Reasons": "RISK & CONVERT TO 60#", "UP_or_CP": "UP", "Single_Highest_Risk_Score__on_S": "45", "Existing__Pressure": "Low", "Ex__Main_Size__in____CI___WI_": "12\" (LP)", "Ex__Main_Length__ft____CI___WI_": 1438, "Ex__Main_Size__in____BS_": "0", "Ex__Main_Length__ft____BS_": 0, "Ex__Main_Size__in____WS__Unprot": "0", "Ex__Main_Length__ft____WS__Unpr": 0, "Ex__Main_Size__in____WS__CP_Pro": 0, "Ex__Main_Length__ft____WS__CP_P": 0, "Ex__Main_Size__in____PE_": "0", "Ex__Main_Length__ft____PE_": 0, "Ex__Main_Size__in____Drisco_": "0", "Ex__Main_Length__ft____Drisco_": 0, "Ex__Main_Size__in_____Aldyl_A_": "0", "Ex__Main_Length__ft____Aldyl_A_": 0, "New_Main__for_System__Integrity": 0, "Total_GSEP_Footage__ft__": 1438, "Total_Non_GSEP_Footage__ft__": 0, "Prop__Total__Length_for__Instal": 1438, "Prop__Total__Length_for_Abandon": 1438, "F__Incidental_Pipe_Per_Project": null, "Ex__PE_Size__in____to_be_Retest": 0, "Ex__PE_Length__ft___to_be_Retes": 0, "Majority_Existing_Main_Info": "12\" (LP) CI", "Prop__Main_Size__in____PE_": 6, "Prop__Main_Pressure": "60#", "F__Replaced_Services__BS_": 19, "F__Replaced_Services__WS_": 3, "F__Replaced_Services__Drisco_": 3, "F__Replaced_Services___Aldyl_A_": 1, "F__Replaced_Services__Total_": 26, "F__Service__Transfers": 11, "Est_____Days": 25, "Est_____Extra__Days_for__Ledge_": 6, "F__of_Tie_Ins": null, "F__of_Cut_Offs": null, "F__of_Inside_Services": null, "F__of_Outside_Services": null, "Budgeted_In_2023_for_2024": null, "Main_Cost_1_Including_Const_OH": null, "Inspector": null, "Police": null, "Gravel_Tr_In": null, "Ledge_Removal": null, "T_M": null, "Re_Pressure_Test": null, "Extra_Restoration_Estimate_from": null, "Non_Standard_Work__Bridges__Lan": null, "Cost": null, "Construction__OVHD": null, "Engineering__Design_Cost": null, "Total_Overage": null, "Services_Cost_Including_Constr_": null, "Meters_Installation_Cost_Includ": null, "F_Total_Est__Project_Cost_Inclu": null, "LU_Design_Engineer": null, "Engineering_Consultant": null, "Notes_": "\n", "lat": 41.6972337, "lon": -71.1537585, "Mapped_address": "Brow St, Fall River, MA 02721, USA", "FID": 38}}, {"type": "Feature", "id": 39, "geometry": {"type": "Point", "coordinates": [-71.1536289, 41.6961282]}, "properties": {"Line__": 241, "Year": 2028, "Project_Name": "Morgan St. Main Replacement Phase 1", "Address": "Hartwell St. (Rodman St. to Plymouth Ave.)", "Estimated_Cost": null, "Town": "FALL RIVER", "Reasons": "RISK & CONVERT TO 60#", "UP_or_CP": "UP", "Single_Highest_Risk_Score__on_S": "40", "Existing__Pressure": "Low", "Ex__Main_Size__in____CI___WI_": "4\" (LP)", "Ex__Main_Length__ft____CI___WI_": 770, "Ex__Main_Size__in____BS_": "0", "Ex__Main_Length__ft____BS_": 0, "Ex__Main_Size__in____WS__Unprot": "0", "Ex__Main_Length__ft____WS__Unpr": 0, "Ex__Main_Size__in____WS__CP_Pro": 0, "Ex__Main_Length__ft____WS__CP_P": 0, "Ex__Main_Size__in____PE_": "0", "Ex__Main_Length__ft____PE_": 0, "Ex__Main_Size__in____Drisco_": "0", "Ex__Main_Length__ft____Drisco_": 0, "Ex__Main_Size__in_____Aldyl_A_": "0", "Ex__Main_Length__ft____Aldyl_A_": 0, "New_Main__for_System__Integrity": 0, "Total_GSEP_Footage__ft__": 770, "Total_Non_GSEP_Footage__ft__": 0, "Prop__Total__Length_for__Instal": 770, "Prop__Total__Length_for_Abandon": 770, "F__Incidental_Pipe_Per_Project": null, "Ex__PE_Size__in____to_be_Retest": 0, "Ex__PE_Length__ft___to_be_Retes": 0, "Majority_Existing_Main_Info": "4\" (LP) CI", "Prop__Main_Size__in____PE_": 4, "Prop__Main_Pressure": "60#", "F__Replaced_Services__BS_": 2, "F__Replaced_Services__WS_": 1, "F__Replaced_Services__Drisco_": 4, "F__Replaced_Services___Aldyl_A_": 0, "F__Replaced_Services__Total_": 7, "F__Service__Transfers": 2, "Est_____Days": 9, "Est_____Extra__Days_for__Ledge_": 2, "F__of_Tie_Ins": null, "F__of_Cut_Offs": null, "F__of_Inside_Services": null, "F__of_Outside_Services": null, "Budgeted_In_2023_for_2024": null, "Main_Cost_1_Including_Const_OH": null, "Inspector": null, "Police": null, "Gravel_Tr_In": null, "Ledge_Removal": null, "T_M": null, "Re_Pressure_Test": null, "Extra_Restoration_Estimate_from": null, "Non_Standard_Work__Bridges__Lan": null, "Cost": null, "Construction__OVHD": null, "Engineering__Design_Cost": null, "Total_Overage": null, "Services_Cost_Including_Constr_": null, "Meters_Installation_Cost_Includ": null, "F_Total_Est__Project_Cost_Inclu": null, "LU_Design_Engineer": null, "Engineering_Consultant": null, "Notes_": "\n", "lat": 41.6961282, "lon": -71.1536289, "Mapped_address": "Hartwell St & Rodman St, Fall River, MA 02721, USA", "FID": 39}}, {"type": "Feature", "id": 40, "geometry": {"type": "Point", "coordinates": [-71.1568548, 41.6959371]}, "properties": {"Line__": 242, "Year": 2028, "Project_Name": "Morgan St. Main Replacement Phase 2", "Address": "Fifth St. (Morgan St. to Plymouth Ave.)", "Estimated_Cost": null, "Town": "FALL RIVER", "Reasons": "RISK & CONVERT TO 60#", "UP_or_CP": "UP", "Single_Highest_Risk_Score__on_S": "37", "Existing__Pressure": "Low", "Ex__Main_Size__in____CI___WI_": "4\" (LP)", "Ex__Main_Length__ft____CI___WI_": 865, "Ex__Main_Size__in____BS_": "0", "Ex__Main_Length__ft____BS_": 0, "Ex__Main_Size__in____WS__Unprot": "0", "Ex__Main_Length__ft____WS__Unpr": 0, "Ex__Main_Size__in____WS__CP_Pro": 0, "Ex__Main_Length__ft____WS__CP_P": 0, "Ex__Main_Size__in____PE_": "0", "Ex__Main_Length__ft____PE_": 0, "Ex__Main_Size__in____Drisco_": "0", "Ex__Main_Length__ft____Drisco_": 0, "Ex__Main_Size__in_____Aldyl_A_": "0", "Ex__Main_Length__ft____Aldyl_A_": 0, "New_Main__for_System__Integrity": 0, "Total_GSEP_Footage__ft__": 865, "Total_Non_GSEP_Footage__ft__": 0, "Prop__Total__Length_for__Instal": 865, "Prop__Total__Length_for_Abandon": 865, "F__Incidental_Pipe_Per_Project": null, "Ex__PE_Size__in____to_be_Retest": 0, "Ex__PE_Length__ft___to_be_Retes": 0, "Majority_Existing_Main_Info": "4\" (LP) CI", "Prop__Main_Size__in____PE_": 4, "Prop__Main_Pressure": "60#", "F__Replaced_Services__BS_": 5, "F__Replaced_Services__WS_": 10, "F__Replaced_Services__Drisco_": 1, "F__Replaced_Services___Aldyl_A_": 0, "F__Replaced_Services__Total_": 16, "F__Service__Transfers": 7, "Est_____Days": 15, "Est_____Extra__Days_for__Ledge_": 4, "F__of_Tie_Ins": null, "F__of_Cut_Offs": null, "F__of_Inside_Services": null, "F__of_Outside_Services": null, "Budgeted_In_2023_for_2024": null, "Main_Cost_1_Including_Const_OH": null, "Inspector": null, "Police": null, "Gravel_Tr_In": null, "Ledge_Removal": null, "T_M": null, "Re_Pressure_Test": null, "Extra_Restoration_Estimate_from": null, "Non_Standard_Work__Bridges__Lan": null, "Cost": null, "Construction__OVHD": null, "Engineering__Design_Cost": null, "Total_Overage": null, "Services_Cost_Including_Constr_": null, "Meters_Installation_Cost_Includ": null, "F_Total_Est__Project_Cost_Inclu": null, "LU_Design_Engineer": null, "Engineering_Consultant": null, "Notes_": "\n", "lat": 41.6959371, "lon": -71.1568548, "Mapped_address": "Morgan St, Fall River, MA 02721, USA", "FID": 40}}, {"type": "Feature", "id": 41, "geometry": {"type": "Point", "coordinates": [-71.1568548, 41.6959371]}, "properties": {"Line__": 243, "Year": 2028, "Project_Name": "Morgan St. Main Replacement Phase 2", "Address": "Fourth  St. (Morgan St. to Plymouth Ave.)", "Estimated_Cost": null, "Town": "FALL RIVER", "Reasons": "RISK & CONVERT TO 60#", "UP_or_CP": "UP", "Single_Highest_Risk_Score__on_S": "40", "Existing__Pressure": "Low", "Ex__Main_Size__in____CI___WI_": "4\" (LP)", "Ex__Main_Length__ft____CI___WI_": 1233, "Ex__Main_Size__in____BS_": "4\" (LP)", "Ex__Main_Length__ft____BS_": 5, "Ex__Main_Size__in____WS__Unprot": "0", "Ex__Main_Length__ft____WS__Unpr": 0, "Ex__Main_Size__in____WS__CP_Pro": 0, "Ex__Main_Length__ft____WS__CP_P": 0, "Ex__Main_Size__in____PE_": "4\" (LP)", "Ex__Main_Length__ft____PE_": 10, "Ex__Main_Size__in____Drisco_": "0", "Ex__Main_Length__ft____Drisco_": 0, "Ex__Main_Size__in_____Aldyl_A_": "0", "Ex__Main_Length__ft____Aldyl_A_": 0, "New_Main__for_System__Integrity": 0, "Total_GSEP_Footage__ft__": 1238, "Total_Non_GSEP_Footage__ft__": 10, "Prop__Total__Length_for__Instal": 1248, "Prop__Total__Length_for_Abandon": 1248, "F__Incidental_Pipe_Per_Project": null, "Ex__PE_Size__in____to_be_Retest": 0, "Ex__PE_Length__ft___to_be_Retes": 0, "Majority_Existing_Main_Info": "4\" (LP) CI", "Prop__Main_Size__in____PE_": 4, "Prop__Main_Pressure": "60#", "F__Replaced_Services__BS_": 4, "F__Replaced_Services__WS_": 24, "F__Replaced_Services__Drisco_": 1, "F__Replaced_Services___Aldyl_A_": 0, "F__Replaced_Services__Total_": 29, "F__Service__Transfers": 4, "Est_____Days": 23, "Est_____Extra__Days_for__Ledge_": 6, "F__of_Tie_Ins": null, "F__of_Cut_Offs": null, "F__of_Inside_Services": null, "F__of_Outside_Services": null, "Budgeted_In_2023_for_2024": null, "Main_Cost_1_Including_Const_OH": null, "Inspector": null, "Police": null, "Gravel_Tr_In": null, "Ledge_Removal": null, "T_M": null, "Re_Pressure_Test": null, "Extra_Restoration_Estimate_from": null, "Non_Standard_Work__Bridges__Lan": null, "Cost": null, "Construction__OVHD": null, "Engineering__Design_Cost": null, "Total_Overage": null, "Services_Cost_Including_Constr_": null, "Meters_Installation_Cost_Includ": null, "F_Total_Est__Project_Cost_Inclu": null, "LU_Design_Engineer": null, "Engineering_Consultant": null, "Notes_": "\n", "lat": 41.6959371, "lon": -71.1568548, "Mapped_address": "Morgan St, Fall River, MA 02721, USA", "FID": 41}}, {"type": "Feature", "id": 42, "geometry": {"type": "Point", "coordinates": [-71.1568548, 41.6959371]}, "properties": {"Line__": 244, "Year": 2028, "Project_Name": "Morgan St. Main Replacement Phase 2", "Address": "Third St. (Morgan St. to Plymouth Ave.)", "Estimated_Cost": null, "Town": "FALL RIVER", "Reasons": "RISK & CONVERT TO 60#", "UP_or_CP": "UP", "Single_Highest_Risk_Score__on_S": "38", "Existing__Pressure": "Low", "Ex__Main_Size__in____CI___WI_": "4\" (LP)", "Ex__Main_Length__ft____CI___WI_": 1387, "Ex__Main_Size__in____BS_": "0", "Ex__Main_Length__ft____BS_": 0, "Ex__Main_Size__in____WS__Unprot": "0", "Ex__Main_Length__ft____WS__Unpr": 0, "Ex__Main_Size__in____WS__CP_Pro": 0, "Ex__Main_Length__ft____WS__CP_P": 0, "Ex__Main_Size__in____PE_": "0", "Ex__Main_Length__ft____PE_": 0, "Ex__Main_Size__in____Drisco_": "0", "Ex__Main_Length__ft____Drisco_": 0, "Ex__Main_Size__in_____Aldyl_A_": "0", "Ex__Main_Length__ft____Aldyl_A_": 0, "New_Main__for_System__Integrity": 0, "Total_GSEP_Footage__ft__": 1387, "Total_Non_GSEP_Footage__ft__": 0, "Prop__Total__Length_for__Instal": 1387, "Prop__Total__Length_for_Abandon": 1387, "F__Incidental_Pipe_Per_Project": null, "Ex__PE_Size__in____to_be_Retest": 0, "Ex__PE_Length__ft___to_be_Retes": 0, "Majority_Existing_Main_Info": "4\" (LP) CI", "Prop__Main_Size__in____PE_": 4, "Prop__Main_Pressure": "60#", "F__Replaced_Services__BS_": 26, "F__Replaced_Services__WS_": 12, "F__Replaced_Services__Drisco_": 4, "F__Replaced_Services___Aldyl_A_": 1, "F__Replaced_Services__Total_": 43, "F__Service__Transfers": 5, "Est_____Days": 31, "Est_____Extra__Days_for__Ledge_": 8, "F__of_Tie_Ins": null, "F__of_Cut_Offs": null, "F__of_Inside_Services": null, "F__of_Outside_Services": null, "Budgeted_In_2023_for_2024": null, "Main_Cost_1_Including_Const_OH": null, "Inspector": null, "Police": null, "Gravel_Tr_In": null, "Ledge_Removal": null, "T_M": null, "Re_Pressure_Test": null, "Extra_Restoration_Estimate_from": null, "Non_Standard_Work__Bridges__Lan": null, "Cost": null, "Construction__OVHD": null, "Engineering__Design_Cost": null, "Total_Overage": null, "Services_Cost_Including_Constr_": null, "Meters_Installation_Cost_Includ": null, "F_Total_Est__Project_Cost_Inclu": null, "LU_Design_Engineer": null, "Engineering_Consultant": null, "Notes_": "\n", "lat": 41.6959371, "lon": -71.1568548, "Mapped_address": "Morgan St, Fall River, MA 02721, USA", "FID": 42}}, {"type": "Feature", "id": 43, "geometry": {"type": "Point", "coordinates": [-71.1580165, 41.6928991]}, "properties": {"Line__": 245, "Year": 2028, "Project_Name": "Morgan St. Main Replacement Phase 2", "Address": "700 Third St. (Third St. to End)", "Estimated_Cost": null, "Town": "FALL RIVER", "Reasons": "RISK & CONVERT TO 60#", "UP_or_CP": "UP", "Single_Highest_Risk_Score__on_S": "No Score", "Existing__Pressure": "Low", "Ex__Main_Size__in____CI___WI_": "0", "Ex__Main_Length__ft____CI___WI_": 0, "Ex__Main_Size__in____BS_": "0", "Ex__Main_Length__ft____BS_": 0, "Ex__Main_Size__in____WS__Unprot": "0", "Ex__Main_Length__ft____WS__Unpr": 0, "Ex__Main_Size__in____WS__CP_Pro": 0, "Ex__Main_Length__ft____WS__CP_P": 0, "Ex__Main_Size__in____PE_": "2\" (LP)", "Ex__Main_Length__ft____PE_": 82, "Ex__Main_Size__in____Drisco_": "0", "Ex__Main_Length__ft____Drisco_": 0, "Ex__Main_Size__in_____Aldyl_A_": "0", "Ex__Main_Length__ft____Aldyl_A_": 0, "New_Main__for_System__Integrity": 0, "Total_GSEP_Footage__ft__": 0, "Total_Non_GSEP_Footage__ft__": 82, "Prop__Total__Length_for__Instal": 82, "Prop__Total__Length_for_Abandon": 82, "F__Incidental_Pipe_Per_Project": null, "Ex__PE_Size__in____to_be_Retest": 0, "Ex__PE_Length__ft___to_be_Retes": 0, "Majority_Existing_Main_Info": "2\" (LP) PE", "Prop__Main_Size__in____PE_": 2, "Prop__Main_Pressure": "60#", "F__Replaced_Services__BS_": 0, "F__Replaced_Services__WS_": 0, "F__Replaced_Services__Drisco_": 0, "F__Replaced_Services___Aldyl_A_": 0, "F__Replaced_Services__Total_": 0, "F__Service__Transfers": 1, "Est_____Days": 1, "Est_____Extra__Days_for__Ledge_": 0, "F__of_Tie_Ins": null, "F__of_Cut_Offs": null, "F__of_Inside_Services": null, "F__of_Outside_Services": null, "Budgeted_In_2023_for_2024": null, "Main_Cost_1_Including_Const_OH": null, "Inspector": null, "Police": null, "Gravel_Tr_In": null, "Ledge_Removal": null, "T_M": null, "Re_Pressure_Test": null, "Extra_Restoration_Estimate_from": null, "Non_Standard_Work__Bridges__Lan": null, "Cost": null, "Construction__OVHD": null, "Engineering__Design_Cost": null, "Total_Overage": null, "Services_Cost_Including_Constr_": null, "Meters_Installation_Cost_Includ": null, "F_Total_Est__Project_Cost_Inclu": null, "LU_Design_Engineer": null, "Engineering_Consultant": null, "Notes_": "\n", "lat": 41.6928991, "lon": -71.1580165, "Mapped_address": "700 Third St, Fall River, MA 02721, USA", "FID": 43}}, {"type": "Feature", "id": 44, "geometry": {"type": "Point", "coordinates": [-71.1554777, 41.6942685]}, "properties": {"Line__": 246, "Year": 2028, "Project_Name": "Morgan St. Main Replacement Phase 2", "Address": "Branch St. (John St. to Second St.)", "Estimated_Cost": null, "Town": "FALL RIVER", "Reasons": "RISK & CONVERT TO 60#", "UP_or_CP": "UP", "Single_Highest_Risk_Score__on_S": "43", "Existing__Pressure": "Low", "Ex__Main_Size__in____CI___WI_": "4\" (LP)", "Ex__Main_Length__ft____CI___WI_": 959, "Ex__Main_Size__in____BS_": "0", "Ex__Main_Length__ft____BS_": 0, "Ex__Main_Size__in____WS__Unprot": "0", "Ex__Main_Length__ft____WS__Unpr": 0, "Ex__Main_Size__in____WS__CP_Pro": 0, "Ex__Main_Length__ft____WS__CP_P": 0, "Ex__Main_Size__in____PE_": "0", "Ex__Main_Length__ft____PE_": 0, "Ex__Main_Size__in____Drisco_": "0", "Ex__Main_Length__ft____Drisco_": 0, "Ex__Main_Size__in_____Aldyl_A_": "0", "Ex__Main_Length__ft____Aldyl_A_": 0, "New_Main__for_System__Integrity": 0, "Total_GSEP_Footage__ft__": 959, "Total_Non_GSEP_Footage__ft__": 0, "Prop__Total__Length_for__Instal": 959, "Prop__Total__Length_for_Abandon": 959, "F__Incidental_Pipe_Per_Project": null, "Ex__PE_Size__in____to_be_Retest": 0, "Ex__PE_Length__ft___to_be_Retes": 0, "Majority_Existing_Main_Info": "4\" (LP) CI", "Prop__Main_Size__in____PE_": 2, "Prop__Main_Pressure": "60#", "F__Replaced_Services__BS_": 1, "F__Replaced_Services__WS_": 8, "F__Replaced_Services__Drisco_": 2, "F__Replaced_Services___Aldyl_A_": 0, "F__Replaced_Services__Total_": 11, "F__Service__Transfers": 2, "Est_____Days": 12, "Est_____Extra__Days_for__Ledge_": 3, "F__of_Tie_Ins": null, "F__of_Cut_Offs": null, "F__of_Inside_Services": null, "F__of_Outside_Services": null, "Budgeted_In_2023_for_2024": null, "Main_Cost_1_Including_Const_OH": null, "Inspector": null, "Police": null, "Gravel_Tr_In": null, "Ledge_Removal": null, "T_M": null, "Re_Pressure_Test": null, "Extra_Restoration_Estimate_from": null, "Non_Standard_Work__Bridges__Lan": null, "Cost": null, "Construction__OVHD": null, "Engineering__Design_Cost": null, "Total_Overage": null, "Services_Cost_Including_Constr_": null, "Meters_Installation_Cost_Includ": null, "F_Total_Est__Project_Cost_Inclu": null, "LU_Design_Engineer": null, "Engineering_Consultant": null, "Notes_": "\n", "lat": 41.6942685, "lon": -71.1554777, "Mapped_address": "Branch St & John St, Fall River, MA 02721, USA", "FID": 44}}, {"type": "Feature", "id": 45, "geometry": {"type": "Point", "coordinates": [-71.1590586, 41.6953231]}, "properties": {"Line__": 247, "Year": 2028, "Project_Name": "Morgan St. Main Replacement Phase 2", "Address": "Marble St. (Second St. to Third St.)", "Estimated_Cost": null, "Town": "FALL RIVER", "Reasons": "RISK & CONVERT TO 60#", "UP_or_CP": "UP", "Single_Highest_Risk_Score__on_S": "44", "Existing__Pressure": "Low", "Ex__Main_Size__in____CI___WI_": "4\" (LP)", "Ex__Main_Length__ft____CI___WI_": 211, "Ex__Main_Size__in____BS_": "0", "Ex__Main_Length__ft____BS_": 0, "Ex__Main_Size__in____WS__Unprot": "0", "Ex__Main_Length__ft____WS__Unpr": 0, "Ex__Main_Size__in____WS__CP_Pro": 0, "Ex__Main_Length__ft____WS__CP_P": 0, "Ex__Main_Size__in____PE_": "0", "Ex__Main_Length__ft____PE_": 0, "Ex__Main_Size__in____Drisco_": "0", "Ex__Main_Length__ft____Drisco_": 0, "Ex__Main_Size__in_____Aldyl_A_": "0", "Ex__Main_Length__ft____Aldyl_A_": 0, "New_Main__for_System__Integrity": 0, "Total_GSEP_Footage__ft__": 211, "Total_Non_GSEP_Footage__ft__": 0, "Prop__Total__Length_for__Instal": 211, "Prop__Total__Length_for_Abandon": 211, "F__Incidental_Pipe_Per_Project": null, "Ex__PE_Size__in____to_be_Retest": 0, "Ex__PE_Length__ft___to_be_Retes": 0, "Majority_Existing_Main_Info": "4\" (LP) CI", "Prop__Main_Size__in____PE_": 2, "Prop__Main_Pressure": "60#", "F__Replaced_Services__BS_": 0, "F__Replaced_Services__WS_": 1, "F__Replaced_Services__Drisco_": 1, "F__Replaced_Services___Aldyl_A_": 0, "F__Replaced_Services__Total_": 2, "F__Service__Transfers": 0, "Est_____Days": 2, "Est_____Extra__Days_for__Ledge_": 1, "F__of_Tie_Ins": null, "F__of_Cut_Offs": null, "F__of_Inside_Services": null, "F__of_Outside_Services": null, "Budgeted_In_2023_for_2024": null, "Main_Cost_1_Including_Const_OH": null, "Inspector": null, "Police": null, "Gravel_Tr_In": null, "Ledge_Removal": null, "T_M": null, "Re_Pressure_Test": null, "Extra_Restoration_Estimate_from": null, "Non_Standard_Work__Bridges__Lan": null, "Cost": null, "Construction__OVHD": null, "Engineering__Design_Cost": null, "Total_Overage": null, "Services_Cost_Including_Constr_": null, "Meters_Installation_Cost_Includ": null, "F_Total_Est__Project_Cost_Inclu": null, "LU_Design_Engineer": null, "Engineering_Consultant": null, "Notes_": "\n", "lat": 41.6953231, "lon": -71.1590586, "Mapped_address": "Marble St & Second St, Fall River, MA 02721, USA", "FID": 45}}, {"type": "Feature", "id": 46, "geometry": {"type": "Point", "coordinates": [-71.3242847, 41.9850615]}, "properties": {"Line__": 248, "Year": 2028, "Project_Name": "Orne St. Main Replacement", "Address": "Orne St. (Smith St. to East St.)", "Estimated_Cost": null, "Town": "NORTH ATTLEBORO", "Reasons": "RISK & CONVERT TO 72#", "UP_or_CP": "UP/CP", "Single_Highest_Risk_Score__on_S": "40", "Existing__Pressure": "Low", "Ex__Main_Size__in____CI___WI_": "0", "Ex__Main_Length__ft____CI___WI_": 0, "Ex__Main_Size__in____BS_": "4\"&6\"  (LP)", "Ex__Main_Length__ft____BS_": 1004, "Ex__Main_Size__in____WS__Unprot": "4\"&6\"  (LP)", "Ex__Main_Length__ft____WS__Unpr": 542, "Ex__Main_Size__in____WS__CP_Pro": null, "Ex__Main_Length__ft____WS__CP_P": 682, "Ex__Main_Size__in____PE_": "2\"&6\" (LP)", "Ex__Main_Length__ft____PE_": 78, "Ex__Main_Size__in____Drisco_": "0", "Ex__Main_Length__ft____Drisco_": 0, "Ex__Main_Size__in_____Aldyl_A_": "0", "Ex__Main_Length__ft____Aldyl_A_": 0, "New_Main__for_System__Integrity": 0, "Total_GSEP_Footage__ft__": 1546, "Total_Non_GSEP_Footage__ft__": 760, "Prop__Total__Length_for__Instal": 2306, "Prop__Total__Length_for_Abandon": 2306, "F__Incidental_Pipe_Per_Project": null, "Ex__PE_Size__in____to_be_Retest": 0, "Ex__PE_Length__ft___to_be_Retes": 0, "Majority_Existing_Main_Info": "4\" (LP) BS", "Prop__Main_Size__in____PE_": 4, "Prop__Main_Pressure": "72#", "F__Replaced_Services__BS_": 0, "F__Replaced_Services__WS_": 6, "F__Replaced_Services__Drisco_": 0, "F__Replaced_Services___Aldyl_A_": 0, "F__Replaced_Services__Total_": 6, "F__Service__Transfers": 4, "Est_____Days": 18, "Est_____Extra__Days_for__Ledge_": 4, "F__of_Tie_Ins": null, "F__of_Cut_Offs": null, "F__of_Inside_Services": null, "F__of_Outside_Services": null, "Budgeted_In_2023_for_2024": null, "Main_Cost_1_Including_Const_OH": null, "Inspector": null, "Police": null, "Gravel_Tr_In": null, "Ledge_Removal": null, "T_M": null, "Re_Pressure_Test": null, "Extra_Restoration_Estimate_from": null, "Non_Standard_Work__Bridges__Lan": null, "Cost": null, "Construction__OVHD": null, "Engineering__Design_Cost": null, "Total_Overage": null, "Services_Cost_Including_Constr_": null, "Meters_Installation_Cost_Includ": null, "F_Total_Est__Project_Cost_Inclu": null, "LU_Design_Engineer": null, "Engineering_Consultant": null, "Notes_": "\n", "lat": 41.9850615, "lon": -71.3242847, "Mapped_address": "Smith St & Orne St, North Attleborough, MA 02760, USA", "FID": 46}}, {"type": "Feature", "id": 47, "geometry": {"type": "Point", "coordinates": [-71.3261233, 41.9836886]}, "properties": {"Line__": 249, "Year": 2028, "Project_Name": "Orne St. Main Replacement", "Address": "Pickford St. (Orne St. to #2 Pickford St.)", "Estimated_Cost": null, "Town": "NORTH ATTLEBORO", "Reasons": "PRESSURE ISSUES", "UP_or_CP": "CP", "Single_Highest_Risk_Score__on_S": "No Score", "Existing__Pressure": "Low", "Ex__Main_Size__in____CI___WI_": "0", "Ex__Main_Length__ft____CI___WI_": 0, "Ex__Main_Size__in____BS_": "0", "Ex__Main_Length__ft____BS_": 0, "Ex__Main_Size__in____WS__Unprot": "0", "Ex__Main_Length__ft____WS__Unpr": 0, "Ex__Main_Size__in____WS__CP_Pro": null, "Ex__Main_Length__ft____WS__CP_P": 126, "Ex__Main_Size__in____PE_": "0", "Ex__Main_Length__ft____PE_": 0, "Ex__Main_Size__in____Drisco_": "0", "Ex__Main_Length__ft____Drisco_": 0, "Ex__Main_Size__in_____Aldyl_A_": "0", "Ex__Main_Length__ft____Aldyl_A_": 0, "New_Main__for_System__Integrity": 0, "Total_GSEP_Footage__ft__": 0, "Total_Non_GSEP_Footage__ft__": 126, "Prop__Total__Length_for__Instal": 126, "Prop__Total__Length_for_Abandon": 126, "F__Incidental_Pipe_Per_Project": null, "Ex__PE_Size__in____to_be_Retest": 0, "Ex__PE_Length__ft___to_be_Retes": 0, "Majority_Existing_Main_Info": "2\" (LP) WS [cp]", "Prop__Main_Size__in____PE_": 2, "Prop__Main_Pressure": "72#", "F__Replaced_Services__BS_": 0, "F__Replaced_Services__WS_": 0, "F__Replaced_Services__Drisco_": 0, "F__Replaced_Services___Aldyl_A_": 0, "F__Replaced_Services__Total_": 0, "F__Service__Transfers": 1, "Est_____Days": 1, "Est_____Extra__Days_for__Ledge_": 0, "F__of_Tie_Ins": null, "F__of_Cut_Offs": null, "F__of_Inside_Services": null, "F__of_Outside_Services": null, "Budgeted_In_2023_for_2024": null, "Main_Cost_1_Including_Const_OH": null, "Inspector": null, "Police": null, "Gravel_Tr_In": null, "Ledge_Removal": null, "T_M": null, "Re_Pressure_Test": null, "Extra_Restoration_Estimate_from": null, "Non_Standard_Work__Bridges__Lan": null, "Cost": null, "Construction__OVHD": null, "Engineering__Design_Cost": null, "Total_Overage": null, "Services_Cost_Including_Constr_": null, "Meters_Installation_Cost_Includ": null, "F_Total_Est__Project_Cost_Inclu": null, "LU_Design_Engineer": null, "Engineering_Consultant": null, "Notes_": "\n", "lat": 41.9836886, "lon": -71.3261233, "Mapped_address": "Pickford St & Orne St, North Attleborough, MA 02760, USA", "FID": 47}}, {"type": "Feature", "id": 48, "geometry": {"type": "Point", "coordinates": [-71.3284747, 41.9828283]}, "properties": {"Line__": 250, "Year": 2028, "Project_Name": "Orne St. Main Replacement", "Address": "Second Ave. (Orne St. to #2 Second Ave.)", "Estimated_Cost": null, "Town": "NORTH ATTLEBORO", "Reasons": "RISK & CONVERT TO 72#", "UP_or_CP": "UP", "Single_Highest_Risk_Score__on_S": "34", "Existing__Pressure": "Low", "Ex__Main_Size__in____CI___WI_": "0", "Ex__Main_Length__ft____CI___WI_": 0, "Ex__Main_Size__in____BS_": "2\" (LP)", "Ex__Main_Length__ft____BS_": 93, "Ex__Main_Size__in____WS__Unprot": "0", "Ex__Main_Length__ft____WS__Unpr": 0, "Ex__Main_Size__in____WS__CP_Pro": 0, "Ex__Main_Length__ft____WS__CP_P": 0, "Ex__Main_Size__in____PE_": "0", "Ex__Main_Length__ft____PE_": 0, "Ex__Main_Size__in____Drisco_": "0", "Ex__Main_Length__ft____Drisco_": 0, "Ex__Main_Size__in_____Aldyl_A_": "0", "Ex__Main_Length__ft____Aldyl_A_": 0, "New_Main__for_System__Integrity": 0, "Total_GSEP_Footage__ft__": 93, "Total_Non_GSEP_Footage__ft__": 0, "Prop__Total__Length_for__Instal": 93, "Prop__Total__Length_for_Abandon": 93, "F__Incidental_Pipe_Per_Project": null, "Ex__PE_Size__in____to_be_Retest": 0, "Ex__PE_Length__ft___to_be_Retes": 0, "Majority_Existing_Main_Info": "2\" (LP) BS", "Prop__Main_Size__in____PE_": 2, "Prop__Main_Pressure": "72#", "F__Replaced_Services__BS_": 0, "F__Replaced_Services__WS_": 0, "F__Replaced_Services__Drisco_": 0, "F__Replaced_Services___Aldyl_A_": 0, "F__Replaced_Services__Total_": 0, "F__Service__Transfers": 1, "Est_____Days": 1, "Est_____Extra__Days_for__Ledge_": 0, "F__of_Tie_Ins": null, "F__of_Cut_Offs": null, "F__of_Inside_Services": null, "F__of_Outside_Services": null, "Budgeted_In_2023_for_2024": null, "Main_Cost_1_Including_Const_OH": null, "Inspector": null, "Police": null, "Gravel_Tr_In": null, "Ledge_Removal": null, "T_M": null, "Re_Pressure_Test": null, "Extra_Restoration_Estimate_from": null, "Non_Standard_Work__Bridges__Lan": null, "Cost": null, "Construction__OVHD": null, "Engineering__Design_Cost": null, "Total_Overage": null, "Services_Cost_Including_Constr_": null, "Meters_Installation_Cost_Includ": null, "F_Total_Est__Project_Cost_Inclu": null, "LU_Design_Engineer": null, "Engineering_Consultant": null, "Notes_": "\n", "lat": 41.9828283, "lon": -71.3284747, "Mapped_address": "Orne St, North Attleborough, MA 02760, USA", "FID": 48}}, {"type": "Feature", "id": 49, "geometry": {"type": "Point", "coordinates": [-71.3225467, 41.9819848]}, "properties": {"Line__": 252, "Year": 2028, "Project_Name": "Orne St. Main Replacement", "Address": "Earlmar Dr. (Smith St. to Robinwood Rd.)", "Estimated_Cost": null, "Town": "NORTH ATTLEBORO", "Reasons": "PRESSURE ISSUES", "UP_or_CP": "CP", "Single_Highest_Risk_Score__on_S": "29", "Existing__Pressure": "Low", "Ex__Main_Size__in____CI___WI_": "0", "Ex__Main_Length__ft____CI___WI_": 0, "Ex__Main_Size__in____BS_": "0", "Ex__Main_Length__ft____BS_": 0, "Ex__Main_Size__in____WS__Unprot": "3\" & 4\" (LP)", "Ex__Main_Length__ft____WS__Unpr": 2, "Ex__Main_Size__in____WS__CP_Pro": null, "Ex__Main_Length__ft____WS__CP_P": 245, "Ex__Main_Size__in____PE_": "0", "Ex__Main_Length__ft____PE_": 0, "Ex__Main_Size__in____Drisco_": "0", "Ex__Main_Length__ft____Drisco_": 0, "Ex__Main_Size__in_____Aldyl_A_": "0", "Ex__Main_Length__ft____Aldyl_A_": 0, "New_Main__for_System__Integrity": 0, "Total_GSEP_Footage__ft__": 2, "Total_Non_GSEP_Footage__ft__": 245, "Prop__Total__Length_for__Instal": 247, "Prop__Total__Length_for_Abandon": 247, "F__Incidental_Pipe_Per_Project": null, "Ex__PE_Size__in____to_be_Retest": 0, "Ex__PE_Length__ft___to_be_Retes": 0, "Majority_Existing_Main_Info": "4\" (LP) WS [cp]", "Prop__Main_Size__in____PE_": 2, "Prop__Main_Pressure": "72#", "F__Replaced_Services__BS_": 0, "F__Replaced_Services__WS_": 0, "F__Replaced_Services__Drisco_": 0, "F__Replaced_Services___Aldyl_A_": 0, "F__Replaced_Services__Total_": 0, "F__Service__Transfers": 0, "Est_____Days": 1, "Est_____Extra__Days_for__Ledge_": 0, "F__of_Tie_Ins": null, "F__of_Cut_Offs": null, "F__of_Inside_Services": null, "F__of_Outside_Services": null, "Budgeted_In_2023_for_2024": null, "Main_Cost_1_Including_Const_OH": null, "Inspector": null, "Police": null, "Gravel_Tr_In": null, "Ledge_Removal": null, "T_M": null, "Re_Pressure_Test": null, "Extra_Restoration_Estimate_from": null, "Non_Standard_Work__Bridges__Lan": null, "Cost": null, "Construction__OVHD": null, "Engineering__Design_Cost": null, "Total_Overage": null, "Services_Cost_Including_Constr_": null, "Meters_Installation_Cost_Includ": null, "F_Total_Est__Project_Cost_Inclu": null, "LU_Design_Engineer": null, "Engineering_Consultant": null, "Notes_": "\n", "lat": 41.9819848, "lon": -71.3225467, "Mapped_address": "Smith St & Earlmar Dr, North Attleborough, MA 02760, USA", "FID": 49}}, {"type": "Feature", "id": 50, "geometry": {"type": "Point", "coordinates": [-71.3233433, 41.9817312]}, "properties": {"Line__": 253, "Year": 2028, "Project_Name": "Orne St. Main Replacement", "Address": "Robinwood Rd. (Earlmar Dr. to End)", "Estimated_Cost": null, "Town": "NORTH ATTLEBORO", "Reasons": "PRESSURE ISSUES", "UP_or_CP": "CP", "Single_Highest_Risk_Score__on_S": "No Score", "Existing__Pressure": "Low", "Ex__Main_Size__in____CI___WI_": "0", "Ex__Main_Length__ft____CI___WI_": 0, "Ex__Main_Size__in____BS_": "0", "Ex__Main_Length__ft____BS_": 0, "Ex__Main_Size__in____WS__Unprot": "0", "Ex__Main_Length__ft____WS__Unpr": 0, "Ex__Main_Size__in____WS__CP_Pro": null, "Ex__Main_Length__ft____WS__CP_P": 1370, "Ex__Main_Size__in____PE_": "0", "Ex__Main_Length__ft____PE_": 0, "Ex__Main_Size__in____Drisco_": "0", "Ex__Main_Length__ft____Drisco_": 0, "Ex__Main_Size__in_____Aldyl_A_": "0", "Ex__Main_Length__ft____Aldyl_A_": 0, "New_Main__for_System__Integrity": 0, "Total_GSEP_Footage__ft__": 0, "Total_Non_GSEP_Footage__ft__": 1370, "Prop__Total__Length_for__Instal": 1370, "Prop__Total__Length_for_Abandon": 1370, "F__Incidental_Pipe_Per_Project": null, "Ex__PE_Size__in____to_be_Retest": 0, "Ex__PE_Length__ft___to_be_Retes": 0, "Majority_Existing_Main_Info": "4\" (LP) WS [cp]", "Prop__Main_Size__in____PE_": 2, "Prop__Main_Pressure": "72#", "F__Replaced_Services__BS_": 0, "F__Replaced_Services__WS_": 19, "F__Replaced_Services__Drisco_": 0, "F__Replaced_Services___Aldyl_A_": 0, "F__Replaced_Services__Total_": 19, "F__Service__Transfers": 1, "Est_____Days": 18, "Est_____Extra__Days_for__Ledge_": 4, "F__of_Tie_Ins": null, "F__of_Cut_Offs": null, "F__of_Inside_Services": null, "F__of_Outside_Services": null, "Budgeted_In_2023_for_2024": null, "Main_Cost_1_Including_Const_OH": null, "Inspector": null, "Police": null, "Gravel_Tr_In": null, "Ledge_Removal": null, "T_M": null, "Re_Pressure_Test": null, "Extra_Restoration_Estimate_from": null, "Non_Standard_Work__Bridges__Lan": null, "Cost": null, "Construction__OVHD": null, "Engineering__Design_Cost": null, "Total_Overage": null, "Services_Cost_Including_Constr_": null, "Meters_Installation_Cost_Includ": null, "F_Total_Est__Project_Cost_Inclu": null, "LU_Design_Engineer": null, "Engineering_Consultant": null, "Notes_": "\n", "lat": 41.9817312, "lon": -71.3233433, "Mapped_address": "Earlmar Dr & Robinwood Rd, North Attleborough, MA 02760, USA", "FID": 50}}, {"type": "Feature", "id": 51, "geometry": {"type": "Point", "coordinates": [-71.3248655, 41.9861123]}, "properties": {"Line__": 255, "Year": 2028, "Project_Name": "Orne St. Main Replacement", "Address": "Columbia St. (Smith St. to End)", "Estimated_Cost": null, "Town": "NORTH ATTLEBORO", "Reasons": "CONVERT TO 72#", "UP_or_CP": "UP", "Single_Highest_Risk_Score__on_S": "No Score", "Existing__Pressure": "Low", "Ex__Main_Size__in____CI___WI_": "0", "Ex__Main_Length__ft____CI___WI_": 0, "Ex__Main_Size__in____BS_": "0", "Ex__Main_Length__ft____BS_": 0, "Ex__Main_Size__in____WS__Unprot": "0", "Ex__Main_Length__ft____WS__Unpr": 0, "Ex__Main_Size__in____WS__CP_Pro": 0, "Ex__Main_Length__ft____WS__CP_P": 0, "Ex__Main_Size__in____PE_": "4\" (LP)", "Ex__Main_Length__ft____PE_": 1042, "Ex__Main_Size__in____Drisco_": "0", "Ex__Main_Length__ft____Drisco_": 0, "Ex__Main_Size__in_____Aldyl_A_": "0", "Ex__Main_Length__ft____Aldyl_A_": 0, "New_Main__for_System__Integrity": 0, "Total_GSEP_Footage__ft__": 0, "Total_Non_GSEP_Footage__ft__": 1042, "Prop__Total__Length_for__Instal": null, "Prop__Total__Length_for_Abandon": 1042, "F__Incidental_Pipe_Per_Project": null, "Ex__PE_Size__in____to_be_Retest": null, "Ex__PE_Length__ft___to_be_Retes": 1042, "Majority_Existing_Main_Info": "4\" (LP) PE", "Prop__Main_Size__in____PE_": null, "Prop__Main_Pressure": "No Install", "F__Replaced_Services__BS_": 0, "F__Replaced_Services__WS_": 0, "F__Replaced_Services__Drisco_": 0, "F__Replaced_Services___Aldyl_A_": 0, "F__Replaced_Services__Total_": 0, "F__Service__Transfers": 12, "Est_____Days": 6, "Est_____Extra__Days_for__Ledge_": 2, "F__of_Tie_Ins": null, "F__of_Cut_Offs": null, "F__of_Inside_Services": null, "F__of_Outside_Services": null, "Budgeted_In_2023_for_2024": null, "Main_Cost_1_Including_Const_OH": null, "Inspector": null, "Police": null, "Gravel_Tr_In": null, "Ledge_Removal": null, "T_M": null, "Re_Pressure_Test": null, "Extra_Restoration_Estimate_from": null, "Non_Standard_Work__Bridges__Lan": null, "Cost": null, "Construction__OVHD": null, "Engineering__Design_Cost": null, "Total_Overage": null, "Services_Cost_Including_Constr_": null, "Meters_Installation_Cost_Includ": null, "F_Total_Est__Project_Cost_Inclu": null, "LU_Design_Engineer": null, "Engineering_Consultant": null, "Notes_": "\n", "lat": 41.9861123, "lon": -71.3248655, "Mapped_address": "Smith St & Columbia St, North Attleborough, MA 02760, USA", "FID": 51}}, {"type": "Feature", "id": 52, "geometry": {"type": "Point", "coordinates": [-71.1789879, 41.7235597]}, "properties": {"Line__": 256, "Year": 2028, "Project_Name": "Wilbur Ave. SOM Main Replacement", "Address": "Wilbur Ave. (Brayton Point Rd. to Riverside Ave.", "Estimated_Cost": null, "Town": "SOMERSET", "Reasons": "RISK", "UP_or_CP": "UP", "Single_Highest_Risk_Score__on_S": "37", "Existing__Pressure": "60#", "Ex__Main_Size__in____CI___WI_": "0", "Ex__Main_Length__ft____CI___WI_": 0, "Ex__Main_Size__in____BS_": "0", "Ex__Main_Length__ft____BS_": 0, "Ex__Main_Size__in____WS__Unprot": "1\", 4\" & 6\" (60#)", "Ex__Main_Length__ft____WS__Unpr": 5881, "Ex__Main_Size__in____WS__CP_Pro": 0, "Ex__Main_Length__ft____WS__CP_P": 0, "Ex__Main_Size__in____PE_": "1/2\"& 4\" (60#)", "Ex__Main_Length__ft____PE_": 67, "Ex__Main_Size__in____Drisco_": "0", "Ex__Main_Length__ft____Drisco_": 0, "Ex__Main_Size__in_____Aldyl_A_": "0", "Ex__Main_Length__ft____Aldyl_A_": 0, "New_Main__for_System__Integrity": 0, "Total_GSEP_Footage__ft__": 5881, "Total_Non_GSEP_Footage__ft__": 67, "Prop__Total__Length_for__Instal": 5948, "Prop__Total__Length_for_Abandon": 5948, "F__Incidental_Pipe_Per_Project": null, "Ex__PE_Size__in____to_be_Retest": 0, "Ex__PE_Length__ft___to_be_Retes": 0, "Majority_Existing_Main_Info": "4\" (60#) WS", "Prop__Main_Size__in____PE_": 6, "Prop__Main_Pressure": "60#", "F__Replaced_Services__BS_": 0, "F__Replaced_Services__WS_": 3, "F__Replaced_Services__Drisco_": 7, "F__Replaced_Services___Aldyl_A_": 2, "F__Replaced_Services__Total_": 12, "F__Service__Transfers": 10, "Est_____Days": 43, "Est_____Extra__Days_for__Ledge_": 0, "F__of_Tie_Ins": null, "F__of_Cut_Offs": null, "F__of_Inside_Services": null, "F__of_Outside_Services": null, "Budgeted_In_2023_for_2024": null, "Main_Cost_1_Including_Const_OH": null, "Inspector": null, "Police": null, "Gravel_Tr_In": null, "Ledge_Removal": null, "T_M": null, "Re_Pressure_Test": null, "Extra_Restoration_Estimate_from": null, "Non_Standard_Work__Bridges__Lan": null, "Cost": null, "Construction__OVHD": null, "Engineering__Design_Cost": null, "Total_Overage": null, "Services_Cost_Including_Constr_": null, "Meters_Installation_Cost_Includ": null, "F_Total_Est__Project_Cost_Inclu": null, "LU_Design_Engineer": null, "Engineering_Consultant": null, "Notes_": "\n", "lat": 41.7235597, "lon": -71.1789879, "Mapped_address": "Brayton Point Rd & Wilbur Ave, Somerset, MA 02725, USA", "FID": 52}}, {"type": "Feature", "id": 53, "geometry": {"type": "Point", "coordinates": [-71.167087, 41.7193862]}, "properties": {"Line__": 257, "Year": 2028, "Project_Name": "Wilbur Ave. SOM Main Replacement", "Address": "Riverside Ave. (Alden Pl. to PE @ #231 Riversdie Ave.)", "Estimated_Cost": null, "Town": "SOMERSET", "Reasons": "RISK", "UP_or_CP": "UP", "Single_Highest_Risk_Score__on_S": "40", "Existing__Pressure": "60#", "Ex__Main_Size__in____CI___WI_": "0", "Ex__Main_Length__ft____CI___WI_": 0, "Ex__Main_Size__in____BS_": "0", "Ex__Main_Length__ft____BS_": 0, "Ex__Main_Size__in____WS__Unprot": "2\" & 6\" (60#)", "Ex__Main_Length__ft____WS__Unpr": 1107, "Ex__Main_Size__in____WS__CP_Pro": 0, "Ex__Main_Length__ft____WS__CP_P": 0, "Ex__Main_Size__in____PE_": "0", "Ex__Main_Length__ft____PE_": 0, "Ex__Main_Size__in____Drisco_": "0", "Ex__Main_Length__ft____Drisco_": 0, "Ex__Main_Size__in_____Aldyl_A_": "0", "Ex__Main_Length__ft____Aldyl_A_": 0, "New_Main__for_System__Integrity": 0, "Total_GSEP_Footage__ft__": 1107, "Total_Non_GSEP_Footage__ft__": 0, "Prop__Total__Length_for__Instal": 1107, "Prop__Total__Length_for_Abandon": 1107, "F__Incidental_Pipe_Per_Project": null, "Ex__PE_Size__in____to_be_Retest": 0, "Ex__PE_Length__ft___to_be_Retes": 0, "Majority_Existing_Main_Info": "2\" (60#) WS", "Prop__Main_Size__in____PE_": 2, "Prop__Main_Pressure": "60#", "F__Replaced_Services__BS_": 3, "F__Replaced_Services__WS_": 1, "F__Replaced_Services__Drisco_": 0, "F__Replaced_Services___Aldyl_A_": 0, "F__Replaced_Services__Total_": 4, "F__Service__Transfers": 1, "Est_____Days": 9, "Est_____Extra__Days_for__Ledge_": 0, "F__of_Tie_Ins": null, "F__of_Cut_Offs": null, "F__of_Inside_Services": null, "F__of_Outside_Services": null, "Budgeted_In_2023_for_2024": null, "Main_Cost_1_Including_Const_OH": null, "Inspector": null, "Police": null, "Gravel_Tr_In": null, "Ledge_Removal": null, "T_M": null, "Re_Pressure_Test": null, "Extra_Restoration_Estimate_from": null, "Non_Standard_Work__Bridges__Lan": null, "Cost": null, "Construction__OVHD": null, "Engineering__Design_Cost": null, "Total_Overage": null, "Services_Cost_Including_Constr_": null, "Meters_Installation_Cost_Includ": null, "F_Total_Est__Project_Cost_Inclu": null, "LU_Design_Engineer": null, "Engineering_Consultant": null, "Notes_": "\n", "lat": 41.7193862, "lon": -71.167087, "Mapped_address": "Alden Pl & Riverside Ave, Somerset, MA 02725, USA", "FID": 53}}, {"type": "Feature", "id": 54, "geometry": {"type": "Point", "coordinates": [-71.1684132, 41.7198565]}, "properties": {"Line__": 259, "Year": 2028, "Project_Name": "Wilbur Ave. SOM Main Replacement", "Address": "Alden Pl. (Wilbur Ave. to Riverside Ave.)", "Estimated_Cost": null, "Town": "SOMERSET", "Reasons": "RISK", "UP_or_CP": "UP", "Single_Highest_Risk_Score__on_S": "35", "Existing__Pressure": "60#", "Ex__Main_Size__in____CI___WI_": "0", "Ex__Main_Length__ft____CI___WI_": 0, "Ex__Main_Size__in____BS_": "0", "Ex__Main_Length__ft____BS_": 0, "Ex__Main_Size__in____WS__Unprot": "4\" (60#)", "Ex__Main_Length__ft____WS__Unpr": 617, "Ex__Main_Size__in____WS__CP_Pro": 0, "Ex__Main_Length__ft____WS__CP_P": 0, "Ex__Main_Size__in____PE_": "0", "Ex__Main_Length__ft____PE_": 0, "Ex__Main_Size__in____Drisco_": "0", "Ex__Main_Length__ft____Drisco_": 0, "Ex__Main_Size__in_____Aldyl_A_": "0", "Ex__Main_Length__ft____Aldyl_A_": 0, "New_Main__for_System__Integrity": 0, "Total_GSEP_Footage__ft__": 617, "Total_Non_GSEP_Footage__ft__": 0, "Prop__Total__Length_for__Instal": 617, "Prop__Total__Length_for_Abandon": 617, "F__Incidental_Pipe_Per_Project": null, "Ex__PE_Size__in____to_be_Retest": 0, "Ex__PE_Length__ft___to_be_Retes": 0, "Majority_Existing_Main_Info": "4\" (60#) WS", "Prop__Main_Size__in____PE_": 4, "Prop__Main_Pressure": "60#", "F__Replaced_Services__BS_": 0, "F__Replaced_Services__WS_": 2, "F__Replaced_Services__Drisco_": 0, "F__Replaced_Services___Aldyl_A_": 1, "F__Replaced_Services__Total_": 3, "F__Service__Transfers": 0, "Est_____Days": 5, "Est_____Extra__Days_for__Ledge_": 0, "F__of_Tie_Ins": null, "F__of_Cut_Offs": null, "F__of_Inside_Services": null, "F__of_Outside_Services": null, "Budgeted_In_2023_for_2024": null, "Main_Cost_1_Including_Const_OH": null, "Inspector": null, "Police": null, "Gravel_Tr_In": null, "Ledge_Removal": null, "T_M": null, "Re_Pressure_Test": null, "Extra_Restoration_Estimate_from": null, "Non_Standard_Work__Bridges__Lan": null, "Cost": null, "Construction__OVHD": null, "Engineering__Design_Cost": null, "Total_Overage": null, "Services_Cost_Including_Constr_": null, "Meters_Installation_Cost_Includ": null, "F_Total_Est__Project_Cost_Inclu": null, "LU_Design_Engineer": null, "Engineering_Consultant": null, "Notes_": "\n", "lat": 41.7198565, "lon": -71.1684132, "Mapped_address": "Alden Pl & Wilbur Ave, Somerset, MA 02725, USA", "FID": 54}}, {"type": "Feature", "id": 55, "geometry": {"type": "Point", "coordinates": [-71.1716026, 41.7209778]}, "properties": {"Line__": 260, "Year": 2028, "Project_Name": "Wilbur Ave. SOM Main Replacement", "Address": "Deltom Ln. (Wilbur Ave. to #14 Deltom Ln.)", "Estimated_Cost": null, "Town": "SOMERSET", "Reasons": "RISK", "UP_or_CP": "UP/CP", "Single_Highest_Risk_Score__on_S": "29", "Existing__Pressure": "60#", "Ex__Main_Size__in____CI___WI_": "0", "Ex__Main_Length__ft____CI___WI_": 0, "Ex__Main_Size__in____BS_": "0", "Ex__Main_Length__ft____BS_": 0, "Ex__Main_Size__in____WS__Unprot": "2\" (60#)", "Ex__Main_Length__ft____WS__Unpr": 19, "Ex__Main_Size__in____WS__CP_Pro": null, "Ex__Main_Length__ft____WS__CP_P": 173, "Ex__Main_Size__in____PE_": "1\" (60#)", "Ex__Main_Length__ft____PE_": 15, "Ex__Main_Size__in____Drisco_": "0", "Ex__Main_Length__ft____Drisco_": 0, "Ex__Main_Size__in_____Aldyl_A_": "0", "Ex__Main_Length__ft____Aldyl_A_": 0, "New_Main__for_System__Integrity": 95, "Total_GSEP_Footage__ft__": 19, "Total_Non_GSEP_Footage__ft__": 188, "Prop__Total__Length_for__Instal": 129, "Prop__Total__Length_for_Abandon": 207, "F__Incidental_Pipe_Per_Project": null, "Ex__PE_Size__in____to_be_Retest": 0, "Ex__PE_Length__ft___to_be_Retes": 0, "Majority_Existing_Main_Info": "2\" (60#) WS", "Prop__Main_Size__in____PE_": 2, "Prop__Main_Pressure": "60#", "F__Replaced_Services__BS_": 0, "F__Replaced_Services__WS_": 1, "F__Replaced_Services__Drisco_": 2, "F__Replaced_Services___Aldyl_A_": 0, "F__Replaced_Services__Total_": 3, "F__Service__Transfers": 0, "Est_____Days": 2, "Est_____Extra__Days_for__Ledge_": 0, "F__of_Tie_Ins": null, "F__of_Cut_Offs": null, "F__of_Inside_Services": null, "F__of_Outside_Services": null, "Budgeted_In_2023_for_2024": null, "Main_Cost_1_Including_Const_OH": null, "Inspector": null, "Police": null, "Gravel_Tr_In": null, "Ledge_Removal": null, "T_M": null, "Re_Pressure_Test": null, "Extra_Restoration_Estimate_from": null, "Non_Standard_Work__Bridges__Lan": null, "Cost": null, "Construction__OVHD": null, "Engineering__Design_Cost": null, "Total_Overage": null, "Services_Cost_Including_Constr_": null, "Meters_Installation_Cost_Includ": null, "F_Total_Est__Project_Cost_Inclu": null, "LU_Design_Engineer": null, "Engineering_Consultant": null, "Notes_": "\n", "lat": 41.7209778, "lon": -71.1716026, "Mapped_address": "Wilbur Ave & Del Tom Ln, Somerset, MA 02725, USA", "FID": 55}}, {"type": "Feature", "id": 56, "geometry": {"type": "Point", "coordinates": [-71.167537, 41.719536]}, "properties": {"Line__": 262, "Year": 2028, "Project_Name": "Wilbur Ave. SOM Main Replacement", "Address": "Arch St. (Alden Pl. to End)", "Estimated_Cost": null, "Town": "SOMERSET", "Reasons": "RISK", "UP_or_CP": "UP/CP", "Single_Highest_Risk_Score__on_S": "27", "Existing__Pressure": "60#", "Ex__Main_Size__in____CI___WI_": "0", "Ex__Main_Length__ft____CI___WI_": 0, "Ex__Main_Size__in____BS_": "0", "Ex__Main_Length__ft____BS_": 0, "Ex__Main_Size__in____WS__Unprot": "2\" (60#)", "Ex__Main_Length__ft____WS__Unpr": 27, "Ex__Main_Size__in____WS__CP_Pro": null, "Ex__Main_Length__ft____WS__CP_P": 277, "Ex__Main_Size__in____PE_": "2\" (60#)", "Ex__Main_Length__ft____PE_": 13, "Ex__Main_Size__in____Drisco_": "0", "Ex__Main_Length__ft____Drisco_": 0, "Ex__Main_Size__in_____Aldyl_A_": "0", "Ex__Main_Length__ft____Aldyl_A_": 0, "New_Main__for_System__Integrity": 0, "Total_GSEP_Footage__ft__": 27, "Total_Non_GSEP_Footage__ft__": 290, "Prop__Total__Length_for__Instal": 40, "Prop__Total__Length_for_Abandon": 317, "F__Incidental_Pipe_Per_Project": null, "Ex__PE_Size__in____to_be_Retest": 0, "Ex__PE_Length__ft___to_be_Retes": 0, "Majority_Existing_Main_Info": "2\" (60#) WS", "Prop__Main_Size__in____PE_": 2, "Prop__Main_Pressure": "60#", "F__Replaced_Services__BS_": 2, "F__Replaced_Services__WS_": 2, "F__Replaced_Services__Drisco_": 0, "F__Replaced_Services___Aldyl_A_": 1, "F__Replaced_Services__Total_": 5, "F__Service__Transfers": 1, "Est_____Days": 3, "Est_____Extra__Days_for__Ledge_": 0, "F__of_Tie_Ins": null, "F__of_Cut_Offs": null, "F__of_Inside_Services": null, "F__of_Outside_Services": null, "Budgeted_In_2023_for_2024": null, "Main_Cost_1_Including_Const_OH": null, "Inspector": null, "Police": null, "Gravel_Tr_In": null, "Ledge_Removal": null, "T_M": null, "Re_Pressure_Test": null, "Extra_Restoration_Estimate_from": null, "Non_Standard_Work__Bridges__Lan": null, "Cost": null, "Construction__OVHD": null, "Engineering__Design_Cost": null, "Total_Overage": null, "Services_Cost_Including_Constr_": null, "Meters_Installation_Cost_Includ": null, "F_Total_Est__Project_Cost_Inclu": null, "LU_Design_Engineer": null, "Engineering_Consultant": null, "Notes_": "\n", "lat": 41.719536, "lon": -71.167537, "Mapped_address": "Alden Pl & Arch St, Somerset, MA 02725, USA", "FID": 56}}, {"type": "Feature", "id": 57, "geometry": {"type": "Point", "coordinates": [-71.1637017, 41.7204839]}, "properties": {"Line__": 263, "Year": 2028, "Project_Name": "Wilbur Ave. SOM Main Replacement", "Address": "Walker St. (Alden Pl. to End)", "Estimated_Cost": null, "Town": "SOMERSET", "Reasons": "RISK", "UP_or_CP": "UP", "Single_Highest_Risk_Score__on_S": "No Score", "Existing__Pressure": "60#", "Ex__Main_Size__in____CI___WI_": "0", "Ex__Main_Length__ft____CI___WI_": 0, "Ex__Main_Size__in____BS_": "0", "Ex__Main_Length__ft____BS_": 0, "Ex__Main_Size__in____WS__Unprot": "0", "Ex__Main_Length__ft____WS__Unpr": 0, "Ex__Main_Size__in____WS__CP_Pro": 0, "Ex__Main_Length__ft____WS__CP_P": 0, "Ex__Main_Size__in____PE_": "2\" (60#)", "Ex__Main_Length__ft____PE_": 161, "Ex__Main_Size__in____Drisco_": "0", "Ex__Main_Length__ft____Drisco_": 0, "Ex__Main_Size__in_____Aldyl_A_": "0", "Ex__Main_Length__ft____Aldyl_A_": 0, "New_Main__for_System__Integrity": 0, "Total_GSEP_Footage__ft__": 0, "Total_Non_GSEP_Footage__ft__": 161, "Prop__Total__Length_for__Instal": 161, "Prop__Total__Length_for_Abandon": 161, "F__Incidental_Pipe_Per_Project": null, "Ex__PE_Size__in____to_be_Retest": 0, "Ex__PE_Length__ft___to_be_Retes": 0, "Majority_Existing_Main_Info": "2\" (60#) PE", "Prop__Main_Size__in____PE_": 2, "Prop__Main_Pressure": "60#", "F__Replaced_Services__BS_": 0, "F__Replaced_Services__WS_": 0, "F__Replaced_Services__Drisco_": 2, "F__Replaced_Services___Aldyl_A_": 0, "F__Replaced_Services__Total_": 2, "F__Service__Transfers": 0, "Est_____Days": 2, "Est_____Extra__Days_for__Ledge_": 0, "F__of_Tie_Ins": null, "F__of_Cut_Offs": null, "F__of_Inside_Services": null, "F__of_Outside_Services": null, "Budgeted_In_2023_for_2024": null, "Main_Cost_1_Including_Const_OH": null, "Inspector": null, "Police": null, "Gravel_Tr_In": null, "Ledge_Removal": null, "T_M": null, "Re_Pressure_Test": null, "Extra_Restoration_Estimate_from": null, "Non_Standard_Work__Bridges__Lan": null, "Cost": null, "Construction__OVHD": null, "Engineering__Design_Cost": null, "Total_Overage": null, "Services_Cost_Including_Constr_": null, "Meters_Installation_Cost_Includ": null, "F_Total_Est__Project_Cost_Inclu": null, "LU_Design_Engineer": null, "Engineering_Consultant": null, "Notes_": "\n", "lat": 41.7204839, "lon": -71.1637017, "Mapped_address": "Alden Pl, Somerset, MA 02725, USA", "FID": 57}}, {"type": "Feature", "id": 58, "geometry": {"type": "Point", "coordinates": [-71.1889869, 41.7416014]}, "properties": {"Line__": 264, "Year": 2028, "Project_Name": "Grand Army Hwy. Main Replacement Phase 1", "Address": "Grand Army Hwy. (Little Neck Ave. to #85 Grand Army Hwy.)", "Estimated_Cost": null, "Town": "SWANSEA", "Reasons": "RISK", "UP_or_CP": "UP", "Single_Highest_Risk_Score__on_S": "42", "Existing__Pressure": "60#", "Ex__Main_Size__in____CI___WI_": "0", "Ex__Main_Length__ft____CI___WI_": 0, "Ex__Main_Size__in____BS_": "0", "Ex__Main_Length__ft____BS_": 0, "Ex__Main_Size__in____WS__Unprot": "2\" (60#)", "Ex__Main_Length__ft____WS__Unpr": 541, "Ex__Main_Size__in____WS__CP_Pro": 0, "Ex__Main_Length__ft____WS__CP_P": 0, "Ex__Main_Size__in____PE_": "2\" (60#)", "Ex__Main_Length__ft____PE_": 54, "Ex__Main_Size__in____Drisco_": "0", "Ex__Main_Length__ft____Drisco_": 0, "Ex__Main_Size__in_____Aldyl_A_": "0", "Ex__Main_Length__ft____Aldyl_A_": 0, "New_Main__for_System__Integrity": 0, "Total_GSEP_Footage__ft__": 541, "Total_Non_GSEP_Footage__ft__": 54, "Prop__Total__Length_for__Instal": 595, "Prop__Total__Length_for_Abandon": 595, "F__Incidental_Pipe_Per_Project": null, "Ex__PE_Size__in____to_be_Retest": 0, "Ex__PE_Length__ft___to_be_Retes": 0, "Majority_Existing_Main_Info": "2 \" (60#) WS", "Prop__Main_Size__in____PE_": 2, "Prop__Main_Pressure": "60#", "F__Replaced_Services__BS_": 4, "F__Replaced_Services__WS_": 1, "F__Replaced_Services__Drisco_": 0, "F__Replaced_Services___Aldyl_A_": 0, "F__Replaced_Services__Total_": 5, "F__Service__Transfers": 2, "Est_____Days": 7, "Est_____Extra__Days_for__Ledge_": 0, "F__of_Tie_Ins": null, "F__of_Cut_Offs": null, "F__of_Inside_Services": null, "F__of_Outside_Services": null, "Budgeted_In_2023_for_2024": null, "Main_Cost_1_Including_Const_OH": null, "Inspector": null, "Police": null, "Gravel_Tr_In": null, "Ledge_Removal": null, "T_M": null, "Re_Pressure_Test": null, "Extra_Restoration_Estimate_from": null, "Non_Standard_Work__Bridges__Lan": null, "Cost": null, "Construction__OVHD": null, "Engineering__Design_Cost": null, "Total_Overage": null, "Services_Cost_Including_Constr_": null, "Meters_Installation_Cost_Includ": null, "F_Total_Est__Project_Cost_Inclu": null, "LU_Design_Engineer": null, "Engineering_Consultant": null, "Notes_": "\n", "lat": 41.7416014, "lon": -71.1889869, "Mapped_address": "Grand Army of the Republic Hwy & Little Neck Ave, Swansea, MA 02777, USA", "FID": 58}}, {"type": "Feature", "id": 59, "geometry": {"type": "Point", "coordinates": [-71.2198157, 41.7339404]}, "properties": {"Line__": 265, "Year": 2028, "Project_Name": "O'Bannon Pl. Main Replacement", "Address": "O'Bannon Pl. (Wilbur Ave. to [cp] @ #45 O'Bannon Pl.)", "Estimated_Cost": null, "Town": "SWANSEA", "Reasons": "RISK", "UP_or_CP": "UP", "Single_Highest_Risk_Score__on_S": "30", "Existing__Pressure": "60#", "Ex__Main_Size__in____CI___WI_": "0", "Ex__Main_Length__ft____CI___WI_": 0, "Ex__Main_Size__in____BS_": "0", "Ex__Main_Length__ft____BS_": 0, "Ex__Main_Size__in____WS__Unprot": "2\" (60#)", "Ex__Main_Length__ft____WS__Unpr": 479, "Ex__Main_Size__in____WS__CP_Pro": 0, "Ex__Main_Length__ft____WS__CP_P": 0, "Ex__Main_Size__in____PE_": "0", "Ex__Main_Length__ft____PE_": 0, "Ex__Main_Size__in____Drisco_": "0", "Ex__Main_Length__ft____Drisco_": 0, "Ex__Main_Size__in_____Aldyl_A_": "0", "Ex__Main_Length__ft____Aldyl_A_": 0, "New_Main__for_System__Integrity": 0, "Total_GSEP_Footage__ft__": 479, "Total_Non_GSEP_Footage__ft__": 0, "Prop__Total__Length_for__Instal": 479, "Prop__Total__Length_for_Abandon": 479, "F__Incidental_Pipe_Per_Project": "0%", "Ex__PE_Size__in____to_be_Retest": 0, "Ex__PE_Length__ft___to_be_Retes": 0, "Majority_Existing_Main_Info": "2\" (60#) WS", "Prop__Main_Size__in____PE_": 2, "Prop__Main_Pressure": "60#", "F__Replaced_Services__BS_": 0, "F__Replaced_Services__WS_": 2, "F__Replaced_Services__Drisco_": 2, "F__Replaced_Services___Aldyl_A_": 2, "F__Replaced_Services__Total_": 3, "F__Service__Transfers": 1, "Est_____Days": 5, "Est_____Extra__Days_for__Ledge_": 0, "F__of_Tie_Ins": null, "F__of_Cut_Offs": null, "F__of_Inside_Services": null, "F__of_Outside_Services": null, "Budgeted_In_2023_for_2024": null, "Main_Cost_1_Including_Const_OH": null, "Inspector": null, "Police": null, "Gravel_Tr_In": null, "Ledge_Removal": null, "T_M": null, "Re_Pressure_Test": null, "Extra_Restoration_Estimate_from": null, "Non_Standard_Work__Bridges__Lan": null, "Cost": null, "Construction__OVHD": null, "Engineering__Design_Cost": null, "Total_Overage": null, "Services_Cost_Including_Constr_": null, "Meters_Installation_Cost_Includ": null, "F_Total_Est__Project_Cost_Inclu": null, "LU_Design_Engineer": null, "Engineering_Consultant": null, "Notes_": "\n", "lat": 41.7339404, "lon": -71.2198157, "Mapped_address": "Obannon Pl & Wilbur Ave, Swansea, MA 02777, USA", "FID": 59}}, {"type": "Feature", "id": 60, "geometry": {"type": "Point", "coordinates": [-71.1768928617716, 41.6940940426156]}, "properties": {"Line__": 273, "Year": 2029, "Project_Name": "Bay St. Main Replacement 2029", "Address": "Barker St. (Bay St. to #52 Barker St.)", "Estimated_Cost": null, "Town": "Fall River", "Reasons": "CONVERT TO 60#", "UP_or_CP": "UP", "Single_Highest_Risk_Score__on_S": "No Score", "Existing__Pressure": "Low", "Ex__Main_Size__in____CI___WI_": "0", "Ex__Main_Length__ft____CI___WI_": 0, "Ex__Main_Size__in____BS_": "0", "Ex__Main_Length__ft____BS_": 0, "Ex__Main_Size__in____WS__Unprot": "0", "Ex__Main_Length__ft____WS__Unpr": 0, "Ex__Main_Size__in____WS__CP_Pro": 0, "Ex__Main_Length__ft____WS__CP_P": 0, "Ex__Main_Size__in____PE_": "4\" (LP)", "Ex__Main_Length__ft____PE_": 235, "Ex__Main_Size__in____Drisco_": "4\" (LP)", "Ex__Main_Length__ft____Drisco_": 73, "Ex__Main_Size__in_____Aldyl_A_": "0", "Ex__Main_Length__ft____Aldyl_A_": 0, "New_Main__for_System__Integrity": 0, "Total_GSEP_Footage__ft__": 0, "Total_Non_GSEP_Footage__ft__": 235, "Prop__Total__Length_for__Instal": 235, "Prop__Total__Length_for_Abandon": 235, "F__Incidental_Pipe_Per_Project": null, "Ex__PE_Size__in____to_be_Retest": 0, "Ex__PE_Length__ft___to_be_Retes": 0, "Majority_Existing_Main_Info": "4\" (LP) PE", "Prop__Main_Size__in____PE_": 2, "Prop__Main_Pressure": "60#", "F__Replaced_Services__BS_": 0, "F__Replaced_Services__WS_": 0, "F__Replaced_Services__Drisco_": 0, "F__Replaced_Services___Aldyl_A_": 0, "F__Replaced_Services__Total_": 0, "F__Service__Transfers": 4, "Est_____Days": 3, "Est_____Extra__Days_for__Ledge_": 1, "F__of_Tie_Ins": null, "F__of_Cut_Offs": null, "F__of_Inside_Services": null, "F__of_Outside_Services": null, "Budgeted_In_2023_for_2024": null, "Main_Cost_1_Including_Const_OH": null, "Inspector": null, "Police": null, "Gravel_Tr_In": null, "Ledge_Removal": null, "T_M": null, "Re_Pressure_Test": null, "Extra_Restoration_Estimate_from": null, "Non_Standard_Work__Bridges__Lan": null, "Cost": null, "Construction__OVHD": null, "Engineering__Design_Cost": null, "Total_Overage": null, "Services_Cost_Including_Constr_": null, "Meters_Installation_Cost_Includ": null, "F_Total_Est__Project_Cost_Inclu": null, "LU_Design_Engineer": null, "Engineering_Consultant": null, "Notes_": "\n", "lat": 41.6940940426156, "lon": -71.1768928617716, "Mapped_address": "Barker St. at Bay St., Fall River, MA, USA", "FID": 60}}, {"type": "Feature", "id": 61, "geometry": {"type": "Point", "coordinates": [-71.1768075040993, 41.694209919664]}, "properties": {"Line__": 274, "Year": 2029, "Project_Name": "Bay St. Main Replacement 2029", "Address": "Brook St. (Bay St. to #34 Brook St.)", "Estimated_Cost": null, "Town": "Fall River", "Reasons": "RISK & CONVERT TO 60#", "UP_or_CP": "UP", "Single_Highest_Risk_Score__on_S": "40", "Existing__Pressure": "Low", "Ex__Main_Size__in____CI___WI_": "4\" (LP)", "Ex__Main_Length__ft____CI___WI_": 86, "Ex__Main_Size__in____BS_": "0", "Ex__Main_Length__ft____BS_": 0, "Ex__Main_Size__in____WS__Unprot": "0", "Ex__Main_Length__ft____WS__Unpr": 0, "Ex__Main_Size__in____WS__CP_Pro": 0, "Ex__Main_Length__ft____WS__CP_P": 0, "Ex__Main_Size__in____PE_": "0", "Ex__Main_Length__ft____PE_": 0, "Ex__Main_Size__in____Drisco_": "0", "Ex__Main_Length__ft____Drisco_": 0, "Ex__Main_Size__in_____Aldyl_A_": "0", "Ex__Main_Length__ft____Aldyl_A_": 0, "New_Main__for_System__Integrity": 0, "Total_GSEP_Footage__ft__": 86, "Total_Non_GSEP_Footage__ft__": 0, "Prop__Total__Length_for__Instal": 86, "Prop__Total__Length_for_Abandon": 86, "F__Incidental_Pipe_Per_Project": null, "Ex__PE_Size__in____to_be_Retest": 0, "Ex__PE_Length__ft___to_be_Retes": 0, "Majority_Existing_Main_Info": "4\" (LP) CI", "Prop__Main_Size__in____PE_": 2, "Prop__Main_Pressure": "60#", "F__Replaced_Services__BS_": 0, "F__Replaced_Services__WS_": 0, "F__Replaced_Services__Drisco_": 0, "F__Replaced_Services___Aldyl_A_": 1, "F__Replaced_Services__Total_": 1, "F__Service__Transfers": 1, "Est_____Days": 1, "Est_____Extra__Days_for__Ledge_": 0, "F__of_Tie_Ins": null, "F__of_Cut_Offs": null, "F__of_Inside_Services": null, "F__of_Outside_Services": null, "Budgeted_In_2023_for_2024": null, "Main_Cost_1_Including_Const_OH": null, "Inspector": null, "Police": null, "Gravel_Tr_In": null, "Ledge_Removal": null, "T_M": null, "Re_Pressure_Test": null, "Extra_Restoration_Estimate_from": null, "Non_Standard_Work__Bridges__Lan": null, "Cost": null, "Construction__OVHD": null, "Engineering__Design_Cost": null, "Total_Overage": null, "Services_Cost_Including_Constr_": null, "Meters_Installation_Cost_Includ": null, "F_Total_Est__Project_Cost_Inclu": null, "LU_Design_Engineer": null, "Engineering_Consultant": null, "Notes_": "\n", "lat": 41.694209919664, "lon": -71.1768075040993, "Mapped_address": "Brook St. at Bay St., Fall River, MA, USA", "FID": 61}}, {"type": "Feature", "id": 62, "geometry": {"type": "Point", "coordinates": [-71.1764534525062, 41.6948267852435]}, "properties": {"Line__": 276, "Year": 2029, "Project_Name": "Bay St. Main Replacement 2029", "Address": "Douglas St. (Bay St. to End.)", "Estimated_Cost": null, "Town": "Fall River", "Reasons": "RISK & CONVERT TO 60#", "UP_or_CP": "UP", "Single_Highest_Risk_Score__on_S": "39", "Existing__Pressure": "Low", "Ex__Main_Size__in____CI___WI_": "0", "Ex__Main_Length__ft____CI___WI_": 0, "Ex__Main_Size__in____BS_": "4\" (LP)", "Ex__Main_Length__ft____BS_": 164, "Ex__Main_Size__in____WS__Unprot": "0", "Ex__Main_Length__ft____WS__Unpr": 0, "Ex__Main_Size__in____WS__CP_Pro": 0, "Ex__Main_Length__ft____WS__CP_P": 0, "Ex__Main_Size__in____PE_": "0", "Ex__Main_Length__ft____PE_": 0, "Ex__Main_Size__in____Drisco_": "4\" (LP)", "Ex__Main_Length__ft____Drisco_": 64, "Ex__Main_Size__in_____Aldyl_A_": "0", "Ex__Main_Length__ft____Aldyl_A_": 0, "New_Main__for_System__Integrity": 0, "Total_GSEP_Footage__ft__": 164, "Total_Non_GSEP_Footage__ft__": 0, "Prop__Total__Length_for__Instal": 164, "Prop__Total__Length_for_Abandon": 164, "F__Incidental_Pipe_Per_Project": null, "Ex__PE_Size__in____to_be_Retest": 0, "Ex__PE_Length__ft___to_be_Retes": 0, "Majority_Existing_Main_Info": "4\" (LP) BS", "Prop__Main_Size__in____PE_": 2, "Prop__Main_Pressure": "60#", "F__Replaced_Services__BS_": 0, "F__Replaced_Services__WS_": 2, "F__Replaced_Services__Drisco_": 2, "F__Replaced_Services___Aldyl_A_": 0, "F__Replaced_Services__Total_": 4, "F__Service__Transfers": 2, "Est_____Days": 4, "Est_____Extra__Days_for__Ledge_": 1, "F__of_Tie_Ins": null, "F__of_Cut_Offs": null, "F__of_Inside_Services": null, "F__of_Outside_Services": null, "Budgeted_In_2023_for_2024": null, "Main_Cost_1_Including_Const_OH": null, "Inspector": null, "Police": null, "Gravel_Tr_In": null, "Ledge_Removal": null, "T_M": null, "Re_Pressure_Test": null, "Extra_Restoration_Estimate_from": null, "Non_Standard_Work__Bridges__Lan": null, "Cost": null, "Construction__OVHD": null, "Engineering__Design_Cost": null, "Total_Overage": null, "Services_Cost_Including_Constr_": null, "Meters_Installation_Cost_Includ": null, "F_Total_Est__Project_Cost_Inclu": null, "LU_Design_Engineer": null, "Engineering_Consultant": null, "Notes_": "\n", "lat": 41.6948267852435, "lon": -71.1764534525062, "Mapped_address": "Douglas St. at Bay St., Fall River, MA, USA", "FID": 62}}, {"type": "Feature", "id": 63, "geometry": {"type": "Point", "coordinates": [-71.1563052175914, 41.6848599078893]}, "properties": {"Line__": 278, "Year": 2029, "Project_Name": "Brayton Ave. Main Replacement Phase 1", "Address": "Nancy St. (Brayton  Ave. to Pelham St.)", "Estimated_Cost": null, "Town": "FALL RIVER", "Reasons": "RISK & CONVERT TO 60#", "UP_or_CP": "UP", "Single_Highest_Risk_Score__on_S": "40", "Existing__Pressure": "Low", "Ex__Main_Size__in____CI___WI_": "4\" (LP)", "Ex__Main_Length__ft____CI___WI_": 130, "Ex__Main_Size__in____BS_": "0", "Ex__Main_Length__ft____BS_": 0, "Ex__Main_Size__in____WS__Unprot": "4\" (LP)", "Ex__Main_Length__ft____WS__Unpr": 35, "Ex__Main_Size__in____WS__CP_Pro": 0, "Ex__Main_Length__ft____WS__CP_P": 0, "Ex__Main_Size__in____PE_": "0", "Ex__Main_Length__ft____PE_": 0, "Ex__Main_Size__in____Drisco_": "0", "Ex__Main_Length__ft____Drisco_": 0, "Ex__Main_Size__in_____Aldyl_A_": "0", "Ex__Main_Length__ft____Aldyl_A_": 0, "New_Main__for_System__Integrity": 172, "Total_GSEP_Footage__ft__": 165, "Total_Non_GSEP_Footage__ft__": 0, "Prop__Total__Length_for__Instal": 337, "Prop__Total__Length_for_Abandon": 165, "F__Incidental_Pipe_Per_Project": null, "Ex__PE_Size__in____to_be_Retest": 0, "Ex__PE_Length__ft___to_be_Retes": 0, "Majority_Existing_Main_Info": "4\" (LP) CI", "Prop__Main_Size__in____PE_": 2, "Prop__Main_Pressure": "60#", "F__Replaced_Services__BS_": 1, "F__Replaced_Services__WS_": 0, "F__Replaced_Services__Drisco_": 1, "F__Replaced_Services___Aldyl_A_": 0, "F__Replaced_Services__Total_": 2, "F__Service__Transfers": 2, "Est_____Days": 4, "Est_____Extra__Days_for__Ledge_": 1, "F__of_Tie_Ins": null, "F__of_Cut_Offs": null, "F__of_Inside_Services": null, "F__of_Outside_Services": null, "Budgeted_In_2023_for_2024": null, "Main_Cost_1_Including_Const_OH": null, "Inspector": null, "Police": null, "Gravel_Tr_In": null, "Ledge_Removal": null, "T_M": null, "Re_Pressure_Test": null, "Extra_Restoration_Estimate_from": null, "Non_Standard_Work__Bridges__Lan": null, "Cost": null, "Construction__OVHD": null, "Engineering__Design_Cost": null, "Total_Overage": null, "Services_Cost_Including_Constr_": null, "Meters_Installation_Cost_Includ": null, "F_Total_Est__Project_Cost_Inclu": null, "LU_Design_Engineer": null, "Engineering_Consultant": null, "Notes_": "\n", "lat": 41.6848599078893, "lon": -71.1563052175914, "Mapped_address": "Nancy St. at Brayton  Ave., FALL RIVER, MA, USA", "FID": 63}}, {"type": "Feature", "id": 64, "geometry": {"type": "Point", "coordinates": [-71.1557785100743, 41.7125770726812]}, "properties": {"Line__": 348, "Year": 2029, "Project_Name": "N. Main St Main Replacement Phase 3", "Address": "Turner St. (Davol St. to N. Main St.)", "Estimated_Cost": null, "Town": "FALL RIVER", "Reasons": "RISK & CONVERT TO 60#", "UP_or_CP": "UP", "Single_Highest_Risk_Score__on_S": "46", "Existing__Pressure": "Low", "Ex__Main_Size__in____CI___WI_": "8\" (LP)", "Ex__Main_Length__ft____CI___WI_": 309, "Ex__Main_Size__in____BS_": "0", "Ex__Main_Length__ft____BS_": 0, "Ex__Main_Size__in____WS__Unprot": "0", "Ex__Main_Length__ft____WS__Unpr": 0, "Ex__Main_Size__in____WS__CP_Pro": 0, "Ex__Main_Length__ft____WS__CP_P": 0, "Ex__Main_Size__in____PE_": "8\" (LP)", "Ex__Main_Length__ft____PE_": 157, "Ex__Main_Size__in____Drisco_": "0", "Ex__Main_Length__ft____Drisco_": 0, "Ex__Main_Size__in_____Aldyl_A_": "0", "Ex__Main_Length__ft____Aldyl_A_": 0, "New_Main__for_System__Integrity": 0, "Total_GSEP_Footage__ft__": 309, "Total_Non_GSEP_Footage__ft__": 157, "Prop__Total__Length_for__Instal": 466, "Prop__Total__Length_for_Abandon": 466, "F__Incidental_Pipe_Per_Project": null, "Ex__PE_Size__in____to_be_Retest": 0, "Ex__PE_Length__ft___to_be_Retes": 0, "Majority_Existing_Main_Info": "8\" (LP) CI", "Prop__Main_Size__in____PE_": 8, "Prop__Main_Pressure": "60#", "F__Replaced_Services__BS_": 0, "F__Replaced_Services__WS_": 1, "F__Replaced_Services__Drisco_": 1, "F__Replaced_Services___Aldyl_A_": 0, "F__Replaced_Services__Total_": 2, "F__Service__Transfers": 2, "Est_____Days": 4, "Est_____Extra__Days_for__Ledge_": 1, "F__of_Tie_Ins": null, "F__of_Cut_Offs": null, "F__of_Inside_Services": null, "F__of_Outside_Services": null, "Budgeted_In_2023_for_2024": null, "Main_Cost_1_Including_Const_OH": null, "Inspector": null, "Police": null, "Gravel_Tr_In": null, "Ledge_Removal": null, "T_M": null, "Re_Pressure_Test": null, "Extra_Restoration_Estimate_from": null, "Non_Standard_Work__Bridges__Lan": null, "Cost": null, "Construction__OVHD": null, "Engineering__Design_Cost": null, "Total_Overage": null, "Services_Cost_Including_Constr_": null, "Meters_Installation_Cost_Includ": null, "F_Total_Est__Project_Cost_Inclu": null, "LU_Design_Engineer": null, "Engineering_Consultant": null, "Notes_": "\n", "lat": 41.7125770726812, "lon": -71.1557785100743, "Mapped_address": "Turner St. at Davol St., FALL RIVER, MA, USA", "FID": 64}}, {"type": "Feature", "id": 65, "geometry": {"type": "Point", "coordinates": [-71.1552780040988, 41.702053336239]}, "properties": {"Line__": 322, "Year": 2029, "Project_Name": "N. Main St Main Replacement Phase 1", "Address": "Central St. (N. Main St. to Green St.)", "Estimated_Cost": null, "Town": "FALL RIVER", "Reasons": "RISK & CONVERT TO 60#", "UP_or_CP": "UP", "Single_Highest_Risk_Score__on_S": "46", "Existing__Pressure": "Low", "Ex__Main_Size__in____CI___WI_": "6\" (LP)", "Ex__Main_Length__ft____CI___WI_": 594, "Ex__Main_Size__in____BS_": "6\" (LP)", "Ex__Main_Length__ft____BS_": 6, "Ex__Main_Size__in____WS__Unprot": "0", "Ex__Main_Length__ft____WS__Unpr": 0, "Ex__Main_Size__in____WS__CP_Pro": 0, "Ex__Main_Length__ft____WS__CP_P": 0, "Ex__Main_Size__in____PE_": "0", "Ex__Main_Length__ft____PE_": 0, "Ex__Main_Size__in____Drisco_": "0", "Ex__Main_Length__ft____Drisco_": 0, "Ex__Main_Size__in_____Aldyl_A_": "0", "Ex__Main_Length__ft____Aldyl_A_": 0, "New_Main__for_System__Integrity": 0, "Total_GSEP_Footage__ft__": 600, "Total_Non_GSEP_Footage__ft__": 0, "Prop__Total__Length_for__Instal": 600, "Prop__Total__Length_for_Abandon": 600, "F__Incidental_Pipe_Per_Project": null, "Ex__PE_Size__in____to_be_Retest": 0, "Ex__PE_Length__ft___to_be_Retes": 0, "Majority_Existing_Main_Info": "6\" (LP) CI", "Prop__Main_Size__in____PE_": 4, "Prop__Main_Pressure": "60#", "F__Replaced_Services__BS_": 0, "F__Replaced_Services__WS_": 0, "F__Replaced_Services__Drisco_": 1, "F__Replaced_Services___Aldyl_A_": 0, "F__Replaced_Services__Total_": 1, "F__Service__Transfers": 0, "Est_____Days": 4, "Est_____Extra__Days_for__Ledge_": 1, "F__of_Tie_Ins": null, "F__of_Cut_Offs": null, "F__of_Inside_Services": null, "F__of_Outside_Services": null, "Budgeted_In_2023_for_2024": null, "Main_Cost_1_Including_Const_OH": null, "Inspector": null, "Police": null, "Gravel_Tr_In": null, "Ledge_Removal": null, "T_M": null, "Re_Pressure_Test": null, "Extra_Restoration_Estimate_from": null, "Non_Standard_Work__Bridges__Lan": null, "Cost": null, "Construction__OVHD": null, "Engineering__Design_Cost": null, "Total_Overage": null, "Services_Cost_Including_Constr_": null, "Meters_Installation_Cost_Includ": null, "F_Total_Est__Project_Cost_Inclu": null, "LU_Design_Engineer": null, "Engineering_Consultant": null, "Notes_": "\n", "lat": 41.702053336239, "lon": -71.1552780040988, "Mapped_address": "Central St. at N. Main St., FALL RIVER, MA, USA", "FID": 65}}, {"type": "Feature", "id": 66, "geometry": {"type": "Point", "coordinates": [-71.1547197059515, 41.7077274922354]}, "properties": {"Line__": 342, "Year": 2029, "Project_Name": "N. Main St Main Replacement Phase 3", "Address": "Walnut St. (N. Main St. to Danforth St.)", "Estimated_Cost": null, "Town": "FALL RIVER", "Reasons": "RISK & CONVERT TO 60#", "UP_or_CP": "UP", "Single_Highest_Risk_Score__on_S": "42", "Existing__Pressure": "Low", "Ex__Main_Size__in____CI___WI_": "4\" (LP)", "Ex__Main_Length__ft____CI___WI_": 667, "Ex__Main_Size__in____BS_": "0", "Ex__Main_Length__ft____BS_": 0, "Ex__Main_Size__in____WS__Unprot": "0", "Ex__Main_Length__ft____WS__Unpr": 0, "Ex__Main_Size__in____WS__CP_Pro": 0, "Ex__Main_Length__ft____WS__CP_P": 0, "Ex__Main_Size__in____PE_": "4\" (LP)", "Ex__Main_Length__ft____PE_": 70, "Ex__Main_Size__in____Drisco_": "0", "Ex__Main_Length__ft____Drisco_": 0, "Ex__Main_Size__in_____Aldyl_A_": "0", "Ex__Main_Length__ft____Aldyl_A_": 0, "New_Main__for_System__Integrity": 0, "Total_GSEP_Footage__ft__": 667, "Total_Non_GSEP_Footage__ft__": 70, "Prop__Total__Length_for__Instal": 737, "Prop__Total__Length_for_Abandon": 737, "F__Incidental_Pipe_Per_Project": null, "Ex__PE_Size__in____to_be_Retest": 0, "Ex__PE_Length__ft___to_be_Retes": 0, "Majority_Existing_Main_Info": "4\" (LP) CI", "Prop__Main_Size__in____PE_": 2, "Prop__Main_Pressure": "60#", "F__Replaced_Services__BS_": 1, "F__Replaced_Services__WS_": 0, "F__Replaced_Services__Drisco_": 6, "F__Replaced_Services___Aldyl_A_": 3, "F__Replaced_Services__Total_": 10, "F__Service__Transfers": 3, "Est_____Days": 8, "Est_____Extra__Days_for__Ledge_": 2, "F__of_Tie_Ins": null, "F__of_Cut_Offs": null, "F__of_Inside_Services": null, "F__of_Outside_Services": null, "Budgeted_In_2023_for_2024": null, "Main_Cost_1_Including_Const_OH": null, "Inspector": null, "Police": null, "Gravel_Tr_In": null, "Ledge_Removal": null, "T_M": null, "Re_Pressure_Test": null, "Extra_Restoration_Estimate_from": null, "Non_Standard_Work__Bridges__Lan": null, "Cost": null, "Construction__OVHD": null, "Engineering__Design_Cost": null, "Total_Overage": null, "Services_Cost_Including_Constr_": null, "Meters_Installation_Cost_Includ": null, "F_Total_Est__Project_Cost_Inclu": null, "LU_Design_Engineer": null, "Engineering_Consultant": null, "Notes_": "\n", "lat": 41.7077274922354, "lon": -71.1547197059515, "Mapped_address": "Walnut St. at N. Main St., FALL RIVER, MA, USA", "FID": 66}}, {"type": "Feature", "id": 67, "geometry": {"type": "Point", "coordinates": [-71.154573219443, 41.7086976989538]}, "properties": {"Line__": 343, "Year": 2029, "Project_Name": "N. Main St Main Replacement Phase 3", "Address": "Maple St. (N. Main St. to Danforth St.)", "Estimated_Cost": null, "Town": "FALL RIVER", "Reasons": "RISK & CONVERT TO 60#", "UP_or_CP": "UP", "Single_Highest_Risk_Score__on_S": "48", "Existing__Pressure": "Low", "Ex__Main_Size__in____CI___WI_": "4\" (LP)", "Ex__Main_Length__ft____CI___WI_": 559, "Ex__Main_Size__in____BS_": "0", "Ex__Main_Length__ft____BS_": 0, "Ex__Main_Size__in____WS__Unprot": "0", "Ex__Main_Length__ft____WS__Unpr": 0, "Ex__Main_Size__in____WS__CP_Pro": 0, "Ex__Main_Length__ft____WS__CP_P": 0, "Ex__Main_Size__in____PE_": "4\" (LP)", "Ex__Main_Length__ft____PE_": 85, "Ex__Main_Size__in____Drisco_": "4\" (LP)", "Ex__Main_Length__ft____Drisco_": 3, "Ex__Main_Size__in_____Aldyl_A_": "0", "Ex__Main_Length__ft____Aldyl_A_": 0, "New_Main__for_System__Integrity": 60, "Total_GSEP_Footage__ft__": 559, "Total_Non_GSEP_Footage__ft__": 85, "Prop__Total__Length_for__Instal": 704, "Prop__Total__Length_for_Abandon": 644, "F__Incidental_Pipe_Per_Project": null, "Ex__PE_Size__in____to_be_Retest": 0, "Ex__PE_Length__ft___to_be_Retes": 0, "Majority_Existing_Main_Info": "4\" (LP) CI", "Prop__Main_Size__in____PE_": 2, "Prop__Main_Pressure": "60#", "F__Replaced_Services__BS_": 5, "F__Replaced_Services__WS_": 1, "F__Replaced_Services__Drisco_": 2, "F__Replaced_Services___Aldyl_A_": 2, "F__Replaced_Services__Total_": 10, "F__Service__Transfers": 2, "Est_____Days": 8, "Est_____Extra__Days_for__Ledge_": 2, "F__of_Tie_Ins": null, "F__of_Cut_Offs": null, "F__of_Inside_Services": null, "F__of_Outside_Services": null, "Budgeted_In_2023_for_2024": null, "Main_Cost_1_Including_Const_OH": null, "Inspector": null, "Police": null, "Gravel_Tr_In": null, "Ledge_Removal": null, "T_M": null, "Re_Pressure_Test": null, "Extra_Restoration_Estimate_from": null, "Non_Standard_Work__Bridges__Lan": null, "Cost": null, "Construction__OVHD": null, "Engineering__Design_Cost": null, "Total_Overage": null, "Services_Cost_Including_Constr_": null, "Meters_Installation_Cost_Includ": null, "F_Total_Est__Project_Cost_Inclu": null, "LU_Design_Engineer": null, "Engineering_Consultant": null, "Notes_": "\n", "lat": 41.7086976989538, "lon": -71.154573219443, "Mapped_address": "Maple St. at N. Main St., FALL RIVER, MA, USA", "FID": 67}}, {"type": "Feature", "id": 68, "geometry": {"type": "Point", "coordinates": [-71.1582483887541, 41.7050792898757]}, "properties": {"Line__": 333, "Year": 2029, "Project_Name": "N. Main St Main Replacement Phase 2", "Address": "Meadow St. (Pine St. to Cherry St.)", "Estimated_Cost": null, "Town": "FALL RIVER", "Reasons": "RISK & CONVERT TO 60#", "UP_or_CP": "UP", "Single_Highest_Risk_Score__on_S": "45", "Existing__Pressure": "Low", "Ex__Main_Size__in____CI___WI_": "4\" (LP)", "Ex__Main_Length__ft____CI___WI_": 373, "Ex__Main_Size__in____BS_": "0", "Ex__Main_Length__ft____BS_": 0, "Ex__Main_Size__in____WS__Unprot": "0", "Ex__Main_Length__ft____WS__Unpr": 0, "Ex__Main_Size__in____WS__CP_Pro": 0, "Ex__Main_Length__ft____WS__CP_P": 0, "Ex__Main_Size__in____PE_": "0", "Ex__Main_Length__ft____PE_": 0, "Ex__Main_Size__in____Drisco_": "0", "Ex__Main_Length__ft____Drisco_": 0, "Ex__Main_Size__in_____Aldyl_A_": "0", "Ex__Main_Length__ft____Aldyl_A_": 0, "New_Main__for_System__Integrity": 0, "Total_GSEP_Footage__ft__": 373, "Total_Non_GSEP_Footage__ft__": 0, "Prop__Total__Length_for__Instal": 373, "Prop__Total__Length_for_Abandon": 373, "F__Incidental_Pipe_Per_Project": null, "Ex__PE_Size__in____to_be_Retest": 0, "Ex__PE_Length__ft___to_be_Retes": 0, "Majority_Existing_Main_Info": "4\" (LP) CI", "Prop__Main_Size__in____PE_": 2, "Prop__Main_Pressure": "60#", "F__Replaced_Services__BS_": 2, "F__Replaced_Services__WS_": 0, "F__Replaced_Services__Drisco_": 3, "F__Replaced_Services___Aldyl_A_": 0, "F__Replaced_Services__Total_": 5, "F__Service__Transfers": 5, "Est_____Days": 6, "Est_____Extra__Days_for__Ledge_": 2, "F__of_Tie_Ins": null, "F__of_Cut_Offs": null, "F__of_Inside_Services": null, "F__of_Outside_Services": null, "Budgeted_In_2023_for_2024": null, "Main_Cost_1_Including_Const_OH": null, "Inspector": null, "Police": null, "Gravel_Tr_In": null, "Ledge_Removal": null, "T_M": null, "Re_Pressure_Test": null, "Extra_Restoration_Estimate_from": null, "Non_Standard_Work__Bridges__Lan": null, "Cost": null, "Construction__OVHD": null, "Engineering__Design_Cost": null, "Total_Overage": null, "Services_Cost_Including_Constr_": null, "Meters_Installation_Cost_Includ": null, "F_Total_Est__Project_Cost_Inclu": null, "LU_Design_Engineer": null, "Engineering_Consultant": null, "Notes_": "\n", "lat": 41.7050792898757, "lon": -71.1582483887541, "Mapped_address": "Meadow St. at Pine St., FALL RIVER, MA, USA", "FID": 68}}, {"type": "Feature", "id": 69, "geometry": {"type": "Point", "coordinates": [-71.1728197617719, 41.6881656206316]}, "properties": {"Line__": 308, "Year": 2029, "Project_Name": "Chace St. Main Replacement", "Address": "Allen St. (Globe St. to Hall St.)", "Estimated_Cost": null, "Town": "FALL RIVER", "Reasons": "CONVERT TO 60#", "UP_or_CP": "UP", "Single_Highest_Risk_Score__on_S": "28", "Existing__Pressure": "Low", "Ex__Main_Size__in____CI___WI_": "4\"", "Ex__Main_Length__ft____CI___WI_": 4, "Ex__Main_Size__in____BS_": "0", "Ex__Main_Length__ft____BS_": 0, "Ex__Main_Size__in____WS__Unprot": "0", "Ex__Main_Length__ft____WS__Unpr": 0, "Ex__Main_Size__in____WS__CP_Pro": 0, "Ex__Main_Length__ft____WS__CP_P": 0, "Ex__Main_Size__in____PE_": "4\"", "Ex__Main_Length__ft____PE_": 450, "Ex__Main_Size__in____Drisco_": "0", "Ex__Main_Length__ft____Drisco_": 0, "Ex__Main_Size__in_____Aldyl_A_": "0", "Ex__Main_Length__ft____Aldyl_A_": 0, "New_Main__for_System__Integrity": 0, "Total_GSEP_Footage__ft__": 4, "Total_Non_GSEP_Footage__ft__": 450, "Prop__Total__Length_for__Instal": 454, "Prop__Total__Length_for_Abandon": 454, "F__Incidental_Pipe_Per_Project": null, "Ex__PE_Size__in____to_be_Retest": 0, "Ex__PE_Length__ft___to_be_Retes": 0, "Majority_Existing_Main_Info": "4\" (LP) PE", "Prop__Main_Size__in____PE_": 4, "Prop__Main_Pressure": "60#", "F__Replaced_Services__BS_": 0, "F__Replaced_Services__WS_": 0, "F__Replaced_Services__Drisco_": 0, "F__Replaced_Services___Aldyl_A_": 0, "F__Replaced_Services__Total_": 0, "F__Service__Transfers": 7, "Est_____Days": 5, "Est_____Extra__Days_for__Ledge_": 1, "F__of_Tie_Ins": null, "F__of_Cut_Offs": null, "F__of_Inside_Services": null, "F__of_Outside_Services": null, "Budgeted_In_2023_for_2024": null, "Main_Cost_1_Including_Const_OH": null, "Inspector": null, "Police": null, "Gravel_Tr_In": null, "Ledge_Removal": null, "T_M": null, "Re_Pressure_Test": null, "Extra_Restoration_Estimate_from": null, "Non_Standard_Work__Bridges__Lan": null, "Cost": null, "Construction__OVHD": null, "Engineering__Design_Cost": null, "Total_Overage": null, "Services_Cost_Including_Constr_": null, "Meters_Installation_Cost_Includ": null, "F_Total_Est__Project_Cost_Inclu": null, "LU_Design_Engineer": null, "Engineering_Consultant": null, "Notes_": "\n", "lat": 41.6881656206316, "lon": -71.1728197617719, "Mapped_address": "Allen St. at Globe St., FALL RIVER, MA, USA", "FID": 69}}, {"type": "Feature", "id": 70, "geometry": {"type": "Point", "coordinates": [-71.1594739906084, 41.6842742716713]}, "properties": {"Line__": 311, "Year": 2029, "Project_Name": "Garfield St. Main Replacement", "Address": "Garfield St. (Globe St. to Miller St.)", "Estimated_Cost": null, "Town": "FALL RIVER", "Reasons": "RISK & CONVERT TO 60#", "UP_or_CP": "UP", "Single_Highest_Risk_Score__on_S": "44", "Existing__Pressure": "Low", "Ex__Main_Size__in____CI___WI_": "4\" (LP)", "Ex__Main_Length__ft____CI___WI_": 798, "Ex__Main_Size__in____BS_": "0", "Ex__Main_Length__ft____BS_": 0, "Ex__Main_Size__in____WS__Unprot": "0", "Ex__Main_Length__ft____WS__Unpr": 0, "Ex__Main_Size__in____WS__CP_Pro": 0, "Ex__Main_Length__ft____WS__CP_P": 0, "Ex__Main_Size__in____PE_": "0", "Ex__Main_Length__ft____PE_": 0, "Ex__Main_Size__in____Drisco_": "0", "Ex__Main_Length__ft____Drisco_": 0, "Ex__Main_Size__in_____Aldyl_A_": "0", "Ex__Main_Length__ft____Aldyl_A_": 0, "New_Main__for_System__Integrity": 155, "Total_GSEP_Footage__ft__": 798, "Total_Non_GSEP_Footage__ft__": 0, "Prop__Total__Length_for__Instal": 953, "Prop__Total__Length_for_Abandon": 798, "F__Incidental_Pipe_Per_Project": null, "Ex__PE_Size__in____to_be_Retest": 0, "Ex__PE_Length__ft___to_be_Retes": 0, "Majority_Existing_Main_Info": "4\" (LP) CI", "Prop__Main_Size__in____PE_": 4, "Prop__Main_Pressure": "60#", "F__Replaced_Services__BS_": 13, "F__Replaced_Services__WS_": 1, "F__Replaced_Services__Drisco_": 0, "F__Replaced_Services___Aldyl_A_": 1, "F__Replaced_Services__Total_": 15, "F__Service__Transfers": 3, "Est_____Days": 14, "Est_____Extra__Days_for__Ledge_": 3, "F__of_Tie_Ins": null, "F__of_Cut_Offs": null, "F__of_Inside_Services": null, "F__of_Outside_Services": null, "Budgeted_In_2023_for_2024": null, "Main_Cost_1_Including_Const_OH": null, "Inspector": null, "Police": null, "Gravel_Tr_In": null, "Ledge_Removal": null, "T_M": null, "Re_Pressure_Test": null, "Extra_Restoration_Estimate_from": null, "Non_Standard_Work__Bridges__Lan": null, "Cost": null, "Construction__OVHD": null, "Engineering__Design_Cost": null, "Total_Overage": null, "Services_Cost_Including_Constr_": null, "Meters_Installation_Cost_Includ": null, "F_Total_Est__Project_Cost_Inclu": null, "LU_Design_Engineer": null, "Engineering_Consultant": null, "Notes_": "\n", "lat": 41.6842742716713, "lon": -71.1594739906084, "Mapped_address": "Garfield St. at Globe St., FALL RIVER, MA, USA", "FID": 70}}, {"type": "Feature", "id": 71, "geometry": {"type": "Point", "coordinates": [-71.161039632936, 41.6845506461304]}, "properties": {"Line__": 313, "Year": 2029, "Project_Name": "Garfield St. Main Replacement", "Address": "Parker St. (Globe St. to Pebble St.)", "Estimated_Cost": null, "Town": "FALL RIVER", "Reasons": "RISK & CONVERT TO 60#", "UP_or_CP": "UP", "Single_Highest_Risk_Score__on_S": "33", "Existing__Pressure": "Low", "Ex__Main_Size__in____CI___WI_": "0", "Ex__Main_Length__ft____CI___WI_": 0, "Ex__Main_Size__in____BS_": "4\" (LP)", "Ex__Main_Length__ft____BS_": 124, "Ex__Main_Size__in____WS__Unprot": "0", "Ex__Main_Length__ft____WS__Unpr": 0, "Ex__Main_Size__in____WS__CP_Pro": 0, "Ex__Main_Length__ft____WS__CP_P": 0, "Ex__Main_Size__in____PE_": "4\" (LP)", "Ex__Main_Length__ft____PE_": 13, "Ex__Main_Size__in____Drisco_": "0", "Ex__Main_Length__ft____Drisco_": 0, "Ex__Main_Size__in_____Aldyl_A_": "0", "Ex__Main_Length__ft____Aldyl_A_": 0, "New_Main__for_System__Integrity": 160, "Total_GSEP_Footage__ft__": 124, "Total_Non_GSEP_Footage__ft__": 13, "Prop__Total__Length_for__Instal": 297, "Prop__Total__Length_for_Abandon": 137, "F__Incidental_Pipe_Per_Project": null, "Ex__PE_Size__in____to_be_Retest": 0, "Ex__PE_Length__ft___to_be_Retes": 0, "Majority_Existing_Main_Info": "4\" (LP) BS", "Prop__Main_Size__in____PE_": 2, "Prop__Main_Pressure": "60#", "F__Replaced_Services__BS_": 2, "F__Replaced_Services__WS_": 0, "F__Replaced_Services__Drisco_": 1, "F__Replaced_Services___Aldyl_A_": 0, "F__Replaced_Services__Total_": 3, "F__Service__Transfers": 1, "Est_____Days": 4, "Est_____Extra__Days_for__Ledge_": 1, "F__of_Tie_Ins": null, "F__of_Cut_Offs": null, "F__of_Inside_Services": null, "F__of_Outside_Services": null, "Budgeted_In_2023_for_2024": null, "Main_Cost_1_Including_Const_OH": null, "Inspector": null, "Police": null, "Gravel_Tr_In": null, "Ledge_Removal": null, "T_M": null, "Re_Pressure_Test": null, "Extra_Restoration_Estimate_from": null, "Non_Standard_Work__Bridges__Lan": null, "Cost": null, "Construction__OVHD": null, "Engineering__Design_Cost": null, "Total_Overage": null, "Services_Cost_Including_Constr_": null, "Meters_Installation_Cost_Includ": null, "F_Total_Est__Project_Cost_Inclu": null, "LU_Design_Engineer": null, "Engineering_Consultant": null, "Notes_": "\n", "lat": 41.6845506461304, "lon": -71.161039632936, "Mapped_address": "Parker St. at Globe St., FALL RIVER, MA, USA", "FID": 71}}, {"type": "Feature", "id": 72, "geometry": {"type": "Point", "coordinates": [-71.1540870040982, 41.7122838977587]}, "properties": {"Line__": 349, "Year": 2029, "Project_Name": "N. Main St Main Replacement Phase 3", "Address": "Turner St. (N. Main St. to Barnaby St.)", "Estimated_Cost": null, "Town": "FALL RIVER", "Reasons": "RISK & CONVERT TO 60#", "UP_or_CP": "UP", "Single_Highest_Risk_Score__on_S": "44", "Existing__Pressure": "Low", "Ex__Main_Size__in____CI___WI_": "6\" (LP)", "Ex__Main_Length__ft____CI___WI_": 230, "Ex__Main_Size__in____BS_": "0", "Ex__Main_Length__ft____BS_": 0, "Ex__Main_Size__in____WS__Unprot": "0", "Ex__Main_Length__ft____WS__Unpr": 0, "Ex__Main_Size__in____WS__CP_Pro": 0, "Ex__Main_Length__ft____WS__CP_P": 0, "Ex__Main_Size__in____PE_": "4\" (LP)", "Ex__Main_Length__ft____PE_": 15, "Ex__Main_Size__in____Drisco_": "0", "Ex__Main_Length__ft____Drisco_": 0, "Ex__Main_Size__in_____Aldyl_A_": "0", "Ex__Main_Length__ft____Aldyl_A_": 0, "New_Main__for_System__Integrity": 0, "Total_GSEP_Footage__ft__": 230, "Total_Non_GSEP_Footage__ft__": 15, "Prop__Total__Length_for__Instal": 245, "Prop__Total__Length_for_Abandon": 245, "F__Incidental_Pipe_Per_Project": null, "Ex__PE_Size__in____to_be_Retest": 0, "Ex__PE_Length__ft___to_be_Retes": 0, "Majority_Existing_Main_Info": "6\" (LP) CI", "Prop__Main_Size__in____PE_": 4, "Prop__Main_Pressure": "60#", "F__Replaced_Services__BS_": 1, "F__Replaced_Services__WS_": 0, "F__Replaced_Services__Drisco_": 1, "F__Replaced_Services___Aldyl_A_": 0, "F__Replaced_Services__Total_": 2, "F__Service__Transfers": 0, "Est_____Days": 3, "Est_____Extra__Days_for__Ledge_": 1, "F__of_Tie_Ins": null, "F__of_Cut_Offs": null, "F__of_Inside_Services": null, "F__of_Outside_Services": null, "Budgeted_In_2023_for_2024": null, "Main_Cost_1_Including_Const_OH": null, "Inspector": null, "Police": null, "Gravel_Tr_In": null, "Ledge_Removal": null, "T_M": null, "Re_Pressure_Test": null, "Extra_Restoration_Estimate_from": null, "Non_Standard_Work__Bridges__Lan": null, "Cost": null, "Construction__OVHD": null, "Engineering__Design_Cost": null, "Total_Overage": null, "Services_Cost_Including_Constr_": null, "Meters_Installation_Cost_Includ": null, "F_Total_Est__Project_Cost_Inclu": null, "LU_Design_Engineer": null, "Engineering_Consultant": null, "Notes_": "\n", "lat": 41.7122838977587, "lon": -71.1540870040982, "Mapped_address": "Turner St. at N. Main St., FALL RIVER, MA, USA", "FID": 72}}, {"type": "Feature", "id": 73, "geometry": {"type": "Point", "coordinates": [-71.155581286901, 41.7047391522102]}, "properties": {"Line__": 335, "Year": 2029, "Project_Name": "N. Main St Main Replacement Phase 2", "Address": "May St. (Pine St. to Cherry St.)", "Estimated_Cost": null, "Town": "FALL RIVER", "Reasons": "CONVERT TO 60#", "UP_or_CP": "UP", "Single_Highest_Risk_Score__on_S": "No Score", "Existing__Pressure": "Low", "Ex__Main_Size__in____CI___WI_": "0", "Ex__Main_Length__ft____CI___WI_": 0, "Ex__Main_Size__in____BS_": "0", "Ex__Main_Length__ft____BS_": 0, "Ex__Main_Size__in____WS__Unprot": "0", "Ex__Main_Length__ft____WS__Unpr": 0, "Ex__Main_Size__in____WS__CP_Pro": 0, "Ex__Main_Length__ft____WS__CP_P": 0, "Ex__Main_Size__in____PE_": "0", "Ex__Main_Length__ft____PE_": 0, "Ex__Main_Size__in____Drisco_": "0", "Ex__Main_Length__ft____Drisco_": 0, "Ex__Main_Size__in_____Aldyl_A_": "0", "Ex__Main_Length__ft____Aldyl_A_": 0, "New_Main__for_System__Integrity": 130, "Total_GSEP_Footage__ft__": 0, "Total_Non_GSEP_Footage__ft__": 0, "Prop__Total__Length_for__Instal": 130, "Prop__Total__Length_for_Abandon": 0, "F__Incidental_Pipe_Per_Project": null, "Ex__PE_Size__in____to_be_Retest": 0, "Ex__PE_Length__ft___to_be_Retes": 0, "Majority_Existing_Main_Info": "N/A", "Prop__Main_Size__in____PE_": 2, "Prop__Main_Pressure": "60#", "F__Replaced_Services__BS_": 0, "F__Replaced_Services__WS_": 0, "F__Replaced_Services__Drisco_": 0, "F__Replaced_Services___Aldyl_A_": 0, "F__Replaced_Services__Total_": 0, "F__Service__Transfers": 0, "Est_____Days": 2, "Est_____Extra__Days_for__Ledge_": 1, "F__of_Tie_Ins": null, "F__of_Cut_Offs": null, "F__of_Inside_Services": null, "F__of_Outside_Services": null, "Budgeted_In_2023_for_2024": null, "Main_Cost_1_Including_Const_OH": null, "Inspector": null, "Police": null, "Gravel_Tr_In": null, "Ledge_Removal": null, "T_M": null, "Re_Pressure_Test": null, "Extra_Restoration_Estimate_from": null, "Non_Standard_Work__Bridges__Lan": null, "Cost": null, "Construction__OVHD": null, "Engineering__Design_Cost": null, "Total_Overage": null, "Services_Cost_Including_Constr_": null, "Meters_Installation_Cost_Includ": null, "F_Total_Est__Project_Cost_Inclu": null, "LU_Design_Engineer": null, "Engineering_Consultant": null, "Notes_": "\n", "lat": 41.7047391522102, "lon": -71.155581286901, "Mapped_address": "May St. at Pine St., FALL RIVER, MA, USA", "FID": 73}}, {"type": "Feature", "id": 74, "geometry": {"type": "Point", "coordinates": [-71.152618288754, 41.7044532815663]}, "properties": {"Line__": 330, "Year": 2029, "Project_Name": "N. Main St Main Replacement Phase 1", "Address": "Pine St. (Rock St. to Winter St.)(Abandonment Only)", "Estimated_Cost": null, "Town": "FALL RIVER", "Reasons": "DUAL MAIN ABANDONMENT", "UP_or_CP": "UP", "Single_Highest_Risk_Score__on_S": "47", "Existing__Pressure": "Low", "Ex__Main_Size__in____CI___WI_": "6\" (LP)", "Ex__Main_Length__ft____CI___WI_": 586, "Ex__Main_Size__in____BS_": "0", "Ex__Main_Length__ft____BS_": 0, "Ex__Main_Size__in____WS__Unprot": "0", "Ex__Main_Length__ft____WS__Unpr": 0, "Ex__Main_Size__in____WS__CP_Pro": 0, "Ex__Main_Length__ft____WS__CP_P": 0, "Ex__Main_Size__in____PE_": "0", "Ex__Main_Length__ft____PE_": 0, "Ex__Main_Size__in____Drisco_": "0", "Ex__Main_Length__ft____Drisco_": 0, "Ex__Main_Size__in_____Aldyl_A_": "0", "Ex__Main_Length__ft____Aldyl_A_": 0, "New_Main__for_System__Integrity": 0, "Total_GSEP_Footage__ft__": 586, "Total_Non_GSEP_Footage__ft__": 0, "Prop__Total__Length_for__Instal": null, "Prop__Total__Length_for_Abandon": 586, "F__Incidental_Pipe_Per_Project": null, "Ex__PE_Size__in____to_be_Retest": 0, "Ex__PE_Length__ft___to_be_Retes": 0, "Majority_Existing_Main_Info": "6\" (LP) CI", "Prop__Main_Size__in____PE_": null, "Prop__Main_Pressure": "No Install", "F__Replaced_Services__BS_": 0, "F__Replaced_Services__WS_": 1, "F__Replaced_Services__Drisco_": 2, "F__Replaced_Services___Aldyl_A_": 2, "F__Replaced_Services__Total_": 5, "F__Service__Transfers": 1, "Est_____Days": 5, "Est_____Extra__Days_for__Ledge_": 1, "F__of_Tie_Ins": null, "F__of_Cut_Offs": null, "F__of_Inside_Services": null, "F__of_Outside_Services": null, "Budgeted_In_2023_for_2024": null, "Main_Cost_1_Including_Const_OH": null, "Inspector": null, "Police": null, "Gravel_Tr_In": null, "Ledge_Removal": null, "T_M": null, "Re_Pressure_Test": null, "Extra_Restoration_Estimate_from": null, "Non_Standard_Work__Bridges__Lan": null, "Cost": null, "Construction__OVHD": null, "Engineering__Design_Cost": null, "Total_Overage": null, "Services_Cost_Including_Constr_": null, "Meters_Installation_Cost_Includ": null, "F_Total_Est__Project_Cost_Inclu": null, "LU_Design_Engineer": null, "Engineering_Consultant": null, "Notes_": "\n", "lat": 41.7044532815663, "lon": -71.152618288754, "Mapped_address": "Pine St. at Rock St., FALL RIVER, MA, USA", "FID": 74}}, {"type": "Feature", "id": 75, "geometry": {"type": "Point", "coordinates": [-71.1508071194447, 41.6811790036776]}, "properties": {"Line__": 298, "Year": 2029, "Project_Name": "Brayton Ave. Main Replacement Phase 3", "Address": "Albert St. (Rodman St. to Boyden St.)", "Estimated_Cost": null, "Town": "FALL RIVER", "Reasons": "RISK & CONVERT TO 60#", "UP_or_CP": "UP", "Single_Highest_Risk_Score__on_S": "39", "Existing__Pressure": "Low", "Ex__Main_Size__in____CI___WI_": "0", "Ex__Main_Length__ft____CI___WI_": 0, "Ex__Main_Size__in____BS_": "2\" (LP)", "Ex__Main_Length__ft____BS_": 499, "Ex__Main_Size__in____WS__Unprot": "2\" (LP)", "Ex__Main_Length__ft____WS__Unpr": 29, "Ex__Main_Size__in____WS__CP_Pro": 0, "Ex__Main_Length__ft____WS__CP_P": 0, "Ex__Main_Size__in____PE_": "2\" & 4\" (LP)", "Ex__Main_Length__ft____PE_": 34, "Ex__Main_Size__in____Drisco_": "0", "Ex__Main_Length__ft____Drisco_": 0, "Ex__Main_Size__in_____Aldyl_A_": "0", "Ex__Main_Length__ft____Aldyl_A_": 0, "New_Main__for_System__Integrity": 0, "Total_GSEP_Footage__ft__": 528, "Total_Non_GSEP_Footage__ft__": 34, "Prop__Total__Length_for__Instal": 562, "Prop__Total__Length_for_Abandon": 562, "F__Incidental_Pipe_Per_Project": null, "Ex__PE_Size__in____to_be_Retest": 0, "Ex__PE_Length__ft___to_be_Retes": 0, "Majority_Existing_Main_Info": "2\" (LP) BS", "Prop__Main_Size__in____PE_": 4, "Prop__Main_Pressure": "60#", "F__Replaced_Services__BS_": 1, "F__Replaced_Services__WS_": 0, "F__Replaced_Services__Drisco_": 0, "F__Replaced_Services___Aldyl_A_": 1, "F__Replaced_Services__Total_": 2, "F__Service__Transfers": 2, "Est_____Days": 5, "Est_____Extra__Days_for__Ledge_": 1, "F__of_Tie_Ins": null, "F__of_Cut_Offs": null, "F__of_Inside_Services": null, "F__of_Outside_Services": null, "Budgeted_In_2023_for_2024": null, "Main_Cost_1_Including_Const_OH": null, "Inspector": null, "Police": null, "Gravel_Tr_In": null, "Ledge_Removal": null, "T_M": null, "Re_Pressure_Test": null, "Extra_Restoration_Estimate_from": null, "Non_Standard_Work__Bridges__Lan": null, "Cost": null, "Construction__OVHD": null, "Engineering__Design_Cost": null, "Total_Overage": null, "Services_Cost_Including_Constr_": null, "Meters_Installation_Cost_Includ": null, "F_Total_Est__Project_Cost_Inclu": null, "LU_Design_Engineer": null, "Engineering_Consultant": null, "Notes_": "\n", "lat": 41.6811790036776, "lon": -71.1508071194447, "Mapped_address": "Albert St. at Rodman St., FALL RIVER, MA, USA", "FID": 75}}, {"type": "Feature", "id": 76, "geometry": {"type": "Point", "coordinates": [-71.1742324329358, 41.6870904635505]}, "properties": {"Line__": 306, "Year": 2029, "Project_Name": "Chace St. Main Replacement", "Address": "Hall St. (Wilcox St. to S. Main St.)", "Estimated_Cost": null, "Town": "FALL RIVER", "Reasons": "RISK & CONVERT TO 60#", "UP_or_CP": "UP", "Single_Highest_Risk_Score__on_S": "42", "Existing__Pressure": "Low", "Ex__Main_Size__in____CI___WI_": "4\"", "Ex__Main_Length__ft____CI___WI_": 521, "Ex__Main_Size__in____BS_": "0", "Ex__Main_Length__ft____BS_": 0, "Ex__Main_Size__in____WS__Unprot": "0", "Ex__Main_Length__ft____WS__Unpr": 0, "Ex__Main_Size__in____WS__CP_Pro": 0, "Ex__Main_Length__ft____WS__CP_P": 0, "Ex__Main_Size__in____PE_": "0", "Ex__Main_Length__ft____PE_": 0, "Ex__Main_Size__in____Drisco_": "0", "Ex__Main_Length__ft____Drisco_": 0, "Ex__Main_Size__in_____Aldyl_A_": "0", "Ex__Main_Length__ft____Aldyl_A_": 0, "New_Main__for_System__Integrity": 0, "Total_GSEP_Footage__ft__": 521, "Total_Non_GSEP_Footage__ft__": 0, "Prop__Total__Length_for__Instal": 521, "Prop__Total__Length_for_Abandon": 521, "F__Incidental_Pipe_Per_Project": null, "Ex__PE_Size__in____to_be_Retest": 0, "Ex__PE_Length__ft___to_be_Retes": 0, "Majority_Existing_Main_Info": "4\" (LP) CI", "Prop__Main_Size__in____PE_": 6, "Prop__Main_Pressure": "60#", "F__Replaced_Services__BS_": 7, "F__Replaced_Services__WS_": 0, "F__Replaced_Services__Drisco_": 0, "F__Replaced_Services___Aldyl_A_": 0, "F__Replaced_Services__Total_": 7, "F__Service__Transfers": 5, "Est_____Days": 8, "Est_____Extra__Days_for__Ledge_": 2, "F__of_Tie_Ins": null, "F__of_Cut_Offs": null, "F__of_Inside_Services": null, "F__of_Outside_Services": null, "Budgeted_In_2023_for_2024": null, "Main_Cost_1_Including_Const_OH": null, "Inspector": null, "Police": null, "Gravel_Tr_In": null, "Ledge_Removal": null, "T_M": null, "Re_Pressure_Test": null, "Extra_Restoration_Estimate_from": null, "Non_Standard_Work__Bridges__Lan": null, "Cost": null, "Construction__OVHD": null, "Engineering__Design_Cost": null, "Total_Overage": null, "Services_Cost_Including_Constr_": null, "Meters_Installation_Cost_Includ": null, "F_Total_Est__Project_Cost_Inclu": null, "LU_Design_Engineer": null, "Engineering_Consultant": null, "Notes_": "\n", "lat": 41.6870904635505, "lon": -71.1742324329358, "Mapped_address": "Hall St. at Wilcox St., FALL RIVER, MA, USA", "FID": 76}}, {"type": "Feature", "id": 77, "geometry": {"type": "Point", "coordinates": [-71.1559445, 41.6829983]}, "properties": {"Line__": 290, "Year": 2029, "Project_Name": "Brayton Ave. Main Replacement Phase 2", "Address": "Albert St. (#440 Stafford Rd. to Rodman St.)", "Estimated_Cost": null, "Town": "FALL RIVER", "Reasons": "RISK & CONVERT TO 60#", "UP_or_CP": "UP", "Single_Highest_Risk_Score__on_S": "39", "Existing__Pressure": "Low", "Ex__Main_Size__in____CI___WI_": "4\" (LP)", "Ex__Main_Length__ft____CI___WI_": 26, "Ex__Main_Size__in____BS_": "0", "Ex__Main_Length__ft____BS_": 0, "Ex__Main_Size__in____WS__Unprot": "4\" (LP)", "Ex__Main_Length__ft____WS__Unpr": 887, "Ex__Main_Size__in____WS__CP_Pro": 0, "Ex__Main_Length__ft____WS__CP_P": 0, "Ex__Main_Size__in____PE_": "2\", 4\" & 6\" (LP)", "Ex__Main_Length__ft____PE_": 120, "Ex__Main_Size__in____Drisco_": "0", "Ex__Main_Length__ft____Drisco_": 0, "Ex__Main_Size__in_____Aldyl_A_": "0", "Ex__Main_Length__ft____Aldyl_A_": 0, "New_Main__for_System__Integrity": 0, "Total_GSEP_Footage__ft__": 913, "Total_Non_GSEP_Footage__ft__": 120, "Prop__Total__Length_for__Instal": 1033, "Prop__Total__Length_for_Abandon": 1033, "F__Incidental_Pipe_Per_Project": null, "Ex__PE_Size__in____to_be_Retest": 0, "Ex__PE_Length__ft___to_be_Retes": 0, "Majority_Existing_Main_Info": "4\" (LP) WS", "Prop__Main_Size__in____PE_": 4, "Prop__Main_Pressure": "60#", "F__Replaced_Services__BS_": 3, "F__Replaced_Services__WS_": 2, "F__Replaced_Services__Drisco_": 0, "F__Replaced_Services___Aldyl_A_": 1, "F__Replaced_Services__Total_": 6, "F__Service__Transfers": 1, "Est_____Days": 9, "Est_____Extra__Days_for__Ledge_": 2, "F__of_Tie_Ins": null, "F__of_Cut_Offs": null, "F__of_Inside_Services": null, "F__of_Outside_Services": null, "Budgeted_In_2023_for_2024": null, "Main_Cost_1_Including_Const_OH": null, "Inspector": null, "Police": null, "Gravel_Tr_In": null, "Ledge_Removal": null, "T_M": null, "Re_Pressure_Test": null, "Extra_Restoration_Estimate_from": null, "Non_Standard_Work__Bridges__Lan": null, "Cost": null, "Construction__OVHD": null, "Engineering__Design_Cost": null, "Total_Overage": null, "Services_Cost_Including_Constr_": null, "Meters_Installation_Cost_Includ": null, "F_Total_Est__Project_Cost_Inclu": null, "LU_Design_Engineer": null, "Engineering_Consultant": null, "Notes_": "\n", "lat": 41.6829983, "lon": -71.1559445, "Mapped_address": "440 Stafford Rd, Fall River, MA 02721, USA", "FID": 77}}, {"type": "Feature", "id": 78, "geometry": {"type": "Point", "coordinates": [-71.0850314, 41.6617858]}, "properties": {"Line__": 353, "Year": 2029, "Project_Name": "State Rd. Main Replacement Phase 1", "Address": "State Rd. (#576 State Rd. to N. Berryman St.)", "Estimated_Cost": null, "Town": "WESTPORT", "Reasons": "RISK", "UP_or_CP": "UP", "Single_Highest_Risk_Score__on_S": "32", "Existing__Pressure": "60#", "Ex__Main_Size__in____CI___WI_": "0", "Ex__Main_Length__ft____CI___WI_": 0, "Ex__Main_Size__in____BS_": "0", "Ex__Main_Length__ft____BS_": 0, "Ex__Main_Size__in____WS__Unprot": "3\" (60#)", "Ex__Main_Length__ft____WS__Unpr": 6869, "Ex__Main_Size__in____WS__CP_Pro": 0, "Ex__Main_Length__ft____WS__CP_P": 0, "Ex__Main_Size__in____PE_": "3\" (60#)", "Ex__Main_Length__ft____PE_": 31, "Ex__Main_Size__in____Drisco_": "0", "Ex__Main_Length__ft____Drisco_": 0, "Ex__Main_Size__in_____Aldyl_A_": "0", "Ex__Main_Length__ft____Aldyl_A_": 0, "New_Main__for_System__Integrity": 0, "Total_GSEP_Footage__ft__": 6869, "Total_Non_GSEP_Footage__ft__": 31, "Prop__Total__Length_for__Instal": 6900, "Prop__Total__Length_for_Abandon": 6900, "F__Incidental_Pipe_Per_Project": "0%", "Ex__PE_Size__in____to_be_Retest": 0, "Ex__PE_Length__ft___to_be_Retes": 0, "Majority_Existing_Main_Info": "3\" (60#) WS", "Prop__Main_Size__in____PE_": 6, "Prop__Main_Pressure": "60#", "F__Replaced_Services__BS_": 18, "F__Replaced_Services__WS_": 6, "F__Replaced_Services__Drisco_": 8, "F__Replaced_Services___Aldyl_A_": 3, "F__Replaced_Services__Total_": 35, "F__Service__Transfers": 14, "Est_____Days": 62, "Est_____Extra__Days_for__Ledge_": 0, "F__of_Tie_Ins": null, "F__of_Cut_Offs": null, "F__of_Inside_Services": null, "F__of_Outside_Services": null, "Budgeted_In_2023_for_2024": null, "Main_Cost_1_Including_Const_OH": null, "Inspector": null, "Police": null, "Gravel_Tr_In": null, "Ledge_Removal": null, "T_M": null, "Re_Pressure_Test": null, "Extra_Restoration_Estimate_from": null, "Non_Standard_Work__Bridges__Lan": null, "Cost": null, "Construction__OVHD": null, "Engineering__Design_Cost": null, "Total_Overage": null, "Services_Cost_Including_Constr_": null, "Meters_Installation_Cost_Includ": null, "F_Total_Est__Project_Cost_Inclu": null, "LU_Design_Engineer": null, "Engineering_Consultant": null, "Notes_": null, "lat": 41.6617858, "lon": -71.0850314, "Mapped_address": "576 State Rd, Westport, MA 02790, USA", "FID": 78}}, {"type": "Feature", "id": 79, "geometry": {"type": "Point", "coordinates": [-71.1726973, 41.6949278]}, "properties": {"Line__": 267, "Year": 2029, "Project_Name": "Ash St. Main Replacement ", "Address": "Ash St. (Middle St. to Sprague St.)", "Estimated_Cost": null, "Town": "Fall River", "Reasons": "RISK & CONVERT TO 60#", "UP_or_CP": "UP", "Single_Highest_Risk_Score__on_S": "40", "Existing__Pressure": "Low", "Ex__Main_Size__in____CI___WI_": "4\" (LP)", "Ex__Main_Length__ft____CI___WI_": 792, "Ex__Main_Size__in____BS_": "0", "Ex__Main_Length__ft____BS_": 0, "Ex__Main_Size__in____WS__Unprot": "0", "Ex__Main_Length__ft____WS__Unpr": 0, "Ex__Main_Size__in____WS__CP_Pro": 0, "Ex__Main_Length__ft____WS__CP_P": 0, "Ex__Main_Size__in____PE_": "4\" (LP)", "Ex__Main_Length__ft____PE_": 73, "Ex__Main_Size__in____Drisco_": "0", "Ex__Main_Length__ft____Drisco_": 0, "Ex__Main_Size__in_____Aldyl_A_": "0", "Ex__Main_Length__ft____Aldyl_A_": 0, "New_Main__for_System__Integrity": 0, "Total_GSEP_Footage__ft__": 792, "Total_Non_GSEP_Footage__ft__": 73, "Prop__Total__Length_for__Instal": 865, "Prop__Total__Length_for_Abandon": 865, "F__Incidental_Pipe_Per_Project": "7%", "Ex__PE_Size__in____to_be_Retest": 0, "Ex__PE_Length__ft___to_be_Retes": 0, "Majority_Existing_Main_Info": "4\" (LP) CI", "Prop__Main_Size__in____PE_": 4, "Prop__Main_Pressure": "60#", "F__Replaced_Services__BS_": 15, "F__Replaced_Services__WS_": 5, "F__Replaced_Services__Drisco_": 7, "F__Replaced_Services___Aldyl_A_": 0, "F__Replaced_Services__Total_": 27, "F__Service__Transfers": 2, "Est_____Days": 19, "Est_____Extra__Days_for__Ledge_": 5, "F__of_Tie_Ins": null, "F__of_Cut_Offs": null, "F__of_Inside_Services": null, "F__of_Outside_Services": null, "Budgeted_In_2023_for_2024": null, "Main_Cost_1_Including_Const_OH": null, "Inspector": null, "Police": null, "Gravel_Tr_In": null, "Ledge_Removal": null, "T_M": null, "Re_Pressure_Test": null, "Extra_Restoration_Estimate_from": null, "Non_Standard_Work__Bridges__Lan": null, "Cost": null, "Construction__OVHD": null, "Engineering__Design_Cost": null, "Total_Overage": null, "Services_Cost_Including_Constr_": null, "Meters_Installation_Cost_Includ": null, "F_Total_Est__Project_Cost_Inclu": null, "LU_Design_Engineer": null, "Engineering_Consultant": null, "Notes_": "\n", "lat": 41.6949278, "lon": -71.1726973, "Mapped_address": "Ash St & Middle St, Fall River, MA 02721, USA", "FID": 79}}, {"type": "Feature", "id": 80, "geometry": {"type": "Point", "coordinates": [-71.1747702, 41.6952969]}, "properties": {"Line__": 268, "Year": 2029, "Project_Name": "Ash St. Main Replacement ", "Address": "Liberty St. (Middle St. to Sprague St.)", "Estimated_Cost": null, "Town": "Fall River", "Reasons": "RISK & CONVERT TO 60#", "UP_or_CP": "UP", "Single_Highest_Risk_Score__on_S": "42", "Existing__Pressure": "Low", "Ex__Main_Size__in____CI___WI_": "4\" (LP)", "Ex__Main_Length__ft____CI___WI_": 777, "Ex__Main_Size__in____BS_": "0", "Ex__Main_Length__ft____BS_": 0, "Ex__Main_Size__in____WS__Unprot": "0", "Ex__Main_Length__ft____WS__Unpr": 0, "Ex__Main_Size__in____WS__CP_Pro": 0, "Ex__Main_Length__ft____WS__CP_P": 0, "Ex__Main_Size__in____PE_": "4\" (LP)", "Ex__Main_Length__ft____PE_": 72, "Ex__Main_Size__in____Drisco_": "0", "Ex__Main_Length__ft____Drisco_": 0, "Ex__Main_Size__in_____Aldyl_A_": "0", "Ex__Main_Length__ft____Aldyl_A_": 0, "New_Main__for_System__Integrity": 0, "Total_GSEP_Footage__ft__": 777, "Total_Non_GSEP_Footage__ft__": 72, "Prop__Total__Length_for__Instal": 849, "Prop__Total__Length_for_Abandon": 849, "F__Incidental_Pipe_Per_Project": null, "Ex__PE_Size__in____to_be_Retest": 0, "Ex__PE_Length__ft___to_be_Retes": 0, "Majority_Existing_Main_Info": "4\" (LP) CI", "Prop__Main_Size__in____PE_": 4, "Prop__Main_Pressure": "60#", "F__Replaced_Services__BS_": 10, "F__Replaced_Services__WS_": 0, "F__Replaced_Services__Drisco_": 5, "F__Replaced_Services___Aldyl_A_": 1, "F__Replaced_Services__Total_": 16, "F__Service__Transfers": 7, "Est_____Days": 15, "Est_____Extra__Days_for__Ledge_": 4, "F__of_Tie_Ins": null, "F__of_Cut_Offs": null, "F__of_Inside_Services": null, "F__of_Outside_Services": null, "Budgeted_In_2023_for_2024": null, "Main_Cost_1_Including_Const_OH": null, "Inspector": null, "Police": null, "Gravel_Tr_In": null, "Ledge_Removal": null, "T_M": null, "Re_Pressure_Test": null, "Extra_Restoration_Estimate_from": null, "Non_Standard_Work__Bridges__Lan": null, "Cost": null, "Construction__OVHD": null, "Engineering__Design_Cost": null, "Total_Overage": null, "Services_Cost_Including_Constr_": null, "Meters_Installation_Cost_Includ": null, "F_Total_Est__Project_Cost_Inclu": null, "LU_Design_Engineer": null, "Engineering_Consultant": null, "Notes_": "\n", "lat": 41.6952969, "lon": -71.1747702, "Mapped_address": "Liberty St & Middle St, Fall River, MA 02721, USA", "FID": 80}}, {"type": "Feature", "id": 81, "geometry": {"type": "Point", "coordinates": [-71.1737373, 41.6951127]}, "properties": {"Line__": 269, "Year": 2029, "Project_Name": "Ash St. Main Replacement ", "Address": "S. Beacon St. (Middle St. to Sprague St.)", "Estimated_Cost": null, "Town": "Fall River", "Reasons": "RISK & CONVERT TO 60#", "UP_or_CP": "UP", "Single_Highest_Risk_Score__on_S": "42", "Existing__Pressure": "Low", "Ex__Main_Size__in____CI___WI_": "4\" (LP)", "Ex__Main_Length__ft____CI___WI_": 782, "Ex__Main_Size__in____BS_": "0", "Ex__Main_Length__ft____BS_": 0, "Ex__Main_Size__in____WS__Unprot": "0", "Ex__Main_Length__ft____WS__Unpr": 0, "Ex__Main_Size__in____WS__CP_Pro": 0, "Ex__Main_Length__ft____WS__CP_P": 0, "Ex__Main_Size__in____PE_": "4\" (LP)", "Ex__Main_Length__ft____PE_": 85, "Ex__Main_Size__in____Drisco_": "0", "Ex__Main_Length__ft____Drisco_": 0, "Ex__Main_Size__in_____Aldyl_A_": "0", "Ex__Main_Length__ft____Aldyl_A_": 0, "New_Main__for_System__Integrity": 0, "Total_GSEP_Footage__ft__": 782, "Total_Non_GSEP_Footage__ft__": 85, "Prop__Total__Length_for__Instal": 867, "Prop__Total__Length_for_Abandon": 867, "F__Incidental_Pipe_Per_Project": null, "Ex__PE_Size__in____to_be_Retest": 0, "Ex__PE_Length__ft___to_be_Retes": 0, "Majority_Existing_Main_Info": "4\" (LP) CI", "Prop__Main_Size__in____PE_": 4, "Prop__Main_Pressure": "60#", "F__Replaced_Services__BS_": 12, "F__Replaced_Services__WS_": 0, "F__Replaced_Services__Drisco_": 1, "F__Replaced_Services___Aldyl_A_": 0, "F__Replaced_Services__Total_": 13, "F__Service__Transfers": 7, "Est_____Days": 14, "Est_____Extra__Days_for__Ledge_": 3, "F__of_Tie_Ins": null, "F__of_Cut_Offs": null, "F__of_Inside_Services": null, "F__of_Outside_Services": null, "Budgeted_In_2023_for_2024": null, "Main_Cost_1_Including_Const_OH": null, "Inspector": null, "Police": null, "Gravel_Tr_In": null, "Ledge_Removal": null, "T_M": null, "Re_Pressure_Test": null, "Extra_Restoration_Estimate_from": null, "Non_Standard_Work__Bridges__Lan": null, "Cost": null, "Construction__OVHD": null, "Engineering__Design_Cost": null, "Total_Overage": null, "Services_Cost_Including_Constr_": null, "Meters_Installation_Cost_Includ": null, "F_Total_Est__Project_Cost_Inclu": null, "LU_Design_Engineer": null, "Engineering_Consultant": null, "Notes_": "\n", "lat": 41.6951127, "lon": -71.1737373, "Mapped_address": "Middle St & S Beacon St, Fall River, MA 02721, USA", "FID": 81}}, {"type": "Feature", "id": 82, "geometry": {"type": "Point", "coordinates": [-71.1716892, 41.694748]}, "properties": {"Line__": 270, "Year": 2029, "Project_Name": "Ash St. Main Replacement ", "Address": "S. Almond St. (Middle St. to Sprague St.)", "Estimated_Cost": null, "Town": "Fall River", "Reasons": "RISK & CONVERT TO 60#", "UP_or_CP": "UP", "Single_Highest_Risk_Score__on_S": "41", "Existing__Pressure": "Low", "Ex__Main_Size__in____CI___WI_": "4\" (LP)", "Ex__Main_Length__ft____CI___WI_": 820, "Ex__Main_Size__in____BS_": "0", "Ex__Main_Length__ft____BS_": 0, "Ex__Main_Size__in____WS__Unprot": "0", "Ex__Main_Length__ft____WS__Unpr": 0, "Ex__Main_Size__in____WS__CP_Pro": 0, "Ex__Main_Length__ft____WS__CP_P": 0, "Ex__Main_Size__in____PE_": "4\" (LP)", "Ex__Main_Length__ft____PE_": 79, "Ex__Main_Size__in____Drisco_": "0", "Ex__Main_Length__ft____Drisco_": 0, "Ex__Main_Size__in_____Aldyl_A_": "0", "Ex__Main_Length__ft____Aldyl_A_": 0, "New_Main__for_System__Integrity": 0, "Total_GSEP_Footage__ft__": 820, "Total_Non_GSEP_Footage__ft__": 79, "Prop__Total__Length_for__Instal": 899, "Prop__Total__Length_for_Abandon": 899, "F__Incidental_Pipe_Per_Project": null, "Ex__PE_Size__in____to_be_Retest": 0, "Ex__PE_Length__ft___to_be_Retes": 0, "Majority_Existing_Main_Info": "4\" (LP) CI", "Prop__Main_Size__in____PE_": 4, "Prop__Main_Pressure": "60#", "F__Replaced_Services__BS_": 15, "F__Replaced_Services__WS_": 5, "F__Replaced_Services__Drisco_": 7, "F__Replaced_Services___Aldyl_A_": 0, "F__Replaced_Services__Total_": 27, "F__Service__Transfers": 2, "Est_____Days": 19, "Est_____Extra__Days_for__Ledge_": 5, "F__of_Tie_Ins": null, "F__of_Cut_Offs": null, "F__of_Inside_Services": null, "F__of_Outside_Services": null, "Budgeted_In_2023_for_2024": null, "Main_Cost_1_Including_Const_OH": null, "Inspector": null, "Police": null, "Gravel_Tr_In": null, "Ledge_Removal": null, "T_M": null, "Re_Pressure_Test": null, "Extra_Restoration_Estimate_from": null, "Non_Standard_Work__Bridges__Lan": null, "Cost": null, "Construction__OVHD": null, "Engineering__Design_Cost": null, "Total_Overage": null, "Services_Cost_Including_Constr_": null, "Meters_Installation_Cost_Includ": null, "F_Total_Est__Project_Cost_Inclu": null, "LU_Design_Engineer": null, "Engineering_Consultant": null, "Notes_": "\n", "lat": 41.694748, "lon": -71.1716892, "Mapped_address": "S Almond St & Middle St, Fall River, MA 02724, USA", "FID": 82}}, {"type": "Feature", "id": 83, "geometry": {"type": "Point", "coordinates": [-71.1759916, 41.6955138]}, "properties": {"Line__": 271, "Year": 2029, "Project_Name": "Ash St. Main Replacement ", "Address": "Middle St. (Bay St. to S. Almond St.)", "Estimated_Cost": null, "Town": "Fall River", "Reasons": "CONVERT TO 60#", "UP_or_CP": "UP", "Single_Highest_Risk_Score__on_S": "No Score", "Existing__Pressure": "Low", "Ex__Main_Size__in____CI___WI_": "0", "Ex__Main_Length__ft____CI___WI_": 0, "Ex__Main_Size__in____BS_": "0", "Ex__Main_Length__ft____BS_": 0, "Ex__Main_Size__in____WS__Unprot": "0", "Ex__Main_Length__ft____WS__Unpr": 0, "Ex__Main_Size__in____WS__CP_Pro": 0, "Ex__Main_Length__ft____WS__CP_P": 0, "Ex__Main_Size__in____PE_": "4\" & 6\" (LP)", "Ex__Main_Length__ft____PE_": 1247, "Ex__Main_Size__in____Drisco_": "0", "Ex__Main_Length__ft____Drisco_": 0, "Ex__Main_Size__in_____Aldyl_A_": "0", "Ex__Main_Length__ft____Aldyl_A_": 0, "New_Main__for_System__Integrity": 0, "Total_GSEP_Footage__ft__": 0, "Total_Non_GSEP_Footage__ft__": 1247, "Prop__Total__Length_for__Instal": 1247, "Prop__Total__Length_for_Abandon": 1247, "F__Incidental_Pipe_Per_Project": null, "Ex__PE_Size__in____to_be_Retest": null, "Ex__PE_Length__ft___to_be_Retes": 1247, "Majority_Existing_Main_Info": "6\" (LP) PE", "Prop__Main_Size__in____PE_": null, "Prop__Main_Pressure": "60#", "F__Replaced_Services__BS_": 0, "F__Replaced_Services__WS_": 0, "F__Replaced_Services__Drisco_": 0, "F__Replaced_Services___Aldyl_A_": 0, "F__Replaced_Services__Total_": 0, "F__Service__Transfers": 14, "Est_____Days": 12, "Est_____Extra__Days_for__Ledge_": 3, "F__of_Tie_Ins": null, "F__of_Cut_Offs": null, "F__of_Inside_Services": null, "F__of_Outside_Services": null, "Budgeted_In_2023_for_2024": null, "Main_Cost_1_Including_Const_OH": null, "Inspector": null, "Police": null, "Gravel_Tr_In": null, "Ledge_Removal": null, "T_M": null, "Re_Pressure_Test": null, "Extra_Restoration_Estimate_from": null, "Non_Standard_Work__Bridges__Lan": null, "Cost": null, "Construction__OVHD": null, "Engineering__Design_Cost": null, "Total_Overage": null, "Services_Cost_Including_Constr_": null, "Meters_Installation_Cost_Includ": null, "F_Total_Est__Project_Cost_Inclu": null, "LU_Design_Engineer": null, "Engineering_Consultant": null, "Notes_": "\n", "lat": 41.6955138, "lon": -71.1759916, "Mapped_address": "Bay St & Middle St, Fall River, MA 02724, USA", "FID": 83}}, {"type": "Feature", "id": 84, "geometry": {"type": "Point", "coordinates": [-71.1805189, 41.6897608]}, "properties": {"Line__": 272, "Year": 2029, "Project_Name": "Bay St. Main Replacement 2029", "Address": "Bay St. (Globe St. to Middle St.)", "Estimated_Cost": null, "Town": "Fall River", "Reasons": "RISK & CONVERT TO 60#", "UP_or_CP": "UP", "Single_Highest_Risk_Score__on_S": "48", "Existing__Pressure": "Low", "Ex__Main_Size__in____CI___WI_": "4\" & 6\" (LP)", "Ex__Main_Length__ft____CI___WI_": 2038, "Ex__Main_Size__in____BS_": "4\" (LP)", "Ex__Main_Length__ft____BS_": 15, "Ex__Main_Size__in____WS__Unprot": "0", "Ex__Main_Length__ft____WS__Unpr": 0, "Ex__Main_Size__in____WS__CP_Pro": 0, "Ex__Main_Length__ft____WS__CP_P": 0, "Ex__Main_Size__in____PE_": "4\" (LP)", "Ex__Main_Length__ft____PE_": 37, "Ex__Main_Size__in____Drisco_": "4\" & 6\" (LP)", "Ex__Main_Length__ft____Drisco_": 511, "Ex__Main_Size__in_____Aldyl_A_": "6\" (LP)", "Ex__Main_Length__ft____Aldyl_A_": 26, "New_Main__for_System__Integrity": 0, "Total_GSEP_Footage__ft__": 2079, "Total_Non_GSEP_Footage__ft__": 37, "Prop__Total__Length_for__Instal": 2116, "Prop__Total__Length_for_Abandon": 2116, "F__Incidental_Pipe_Per_Project": "10%", "Ex__PE_Size__in____to_be_Retest": 0, "Ex__PE_Length__ft___to_be_Retes": 0, "Majority_Existing_Main_Info": "6\" (LP) CI", "Prop__Main_Size__in____PE_": 8, "Prop__Main_Pressure": "60#", "F__Replaced_Services__BS_": 5, "F__Replaced_Services__WS_": 5, "F__Replaced_Services__Drisco_": 16, "F__Replaced_Services___Aldyl_A_": 4, "F__Replaced_Services__Total_": 30, "F__Service__Transfers": 5, "Est_____Days": 29, "Est_____Extra__Days_for__Ledge_": 7, "F__of_Tie_Ins": null, "F__of_Cut_Offs": null, "F__of_Inside_Services": null, "F__of_Outside_Services": null, "Budgeted_In_2023_for_2024": null, "Main_Cost_1_Including_Const_OH": null, "Inspector": null, "Police": null, "Gravel_Tr_In": null, "Ledge_Removal": null, "T_M": null, "Re_Pressure_Test": null, "Extra_Restoration_Estimate_from": null, "Non_Standard_Work__Bridges__Lan": null, "Cost": null, "Construction__OVHD": null, "Engineering__Design_Cost": null, "Total_Overage": null, "Services_Cost_Including_Constr_": null, "Meters_Installation_Cost_Includ": null, "F_Total_Est__Project_Cost_Inclu": null, "LU_Design_Engineer": null, "Engineering_Consultant": null, "Notes_": "\n", "lat": 41.6897608, "lon": -71.1805189, "Mapped_address": "Bay St & Globe St, Fall River, MA 02724, USA", "FID": 84}}, {"type": "Feature", "id": 85, "geometry": {"type": "Point", "coordinates": [-71.1766343, 41.6944013]}, "properties": {"Line__": 275, "Year": 2029, "Project_Name": "Bay St. Main Replacement 2029", "Address": "Sachem St. (Bay St. to #52 Sachem St.)", "Estimated_Cost": null, "Town": "Fall River", "Reasons": "CONVERT TO 60#", "UP_or_CP": "UP", "Single_Highest_Risk_Score__on_S": "No Score", "Existing__Pressure": "Low", "Ex__Main_Size__in____CI___WI_": "0", "Ex__Main_Length__ft____CI___WI_": 0, "Ex__Main_Size__in____BS_": "0", "Ex__Main_Length__ft____BS_": 0, "Ex__Main_Size__in____WS__Unprot": "0", "Ex__Main_Length__ft____WS__Unpr": 0, "Ex__Main_Size__in____WS__CP_Pro": 0, "Ex__Main_Length__ft____WS__CP_P": 0, "Ex__Main_Size__in____PE_": "0", "Ex__Main_Length__ft____PE_": 0, "Ex__Main_Size__in____Drisco_": "4\" (LP)", "Ex__Main_Length__ft____Drisco_": 209, "Ex__Main_Size__in_____Aldyl_A_": "0", "Ex__Main_Length__ft____Aldyl_A_": 0, "New_Main__for_System__Integrity": 30, "Total_GSEP_Footage__ft__": 0, "Total_Non_GSEP_Footage__ft__": 0, "Prop__Total__Length_for__Instal": 30, "Prop__Total__Length_for_Abandon": 0, "F__Incidental_Pipe_Per_Project": null, "Ex__PE_Size__in____to_be_Retest": 0, "Ex__PE_Length__ft___to_be_Retes": 0, "Majority_Existing_Main_Info": "4\" (LP) Drisco", "Prop__Main_Size__in____PE_": 2, "Prop__Main_Pressure": "60#", "F__Replaced_Services__BS_": 0, "F__Replaced_Services__WS_": 0, "F__Replaced_Services__Drisco_": 9, "F__Replaced_Services___Aldyl_A_": 0, "F__Replaced_Services__Total_": 9, "F__Service__Transfers": 0, "Est_____Days": 5, "Est_____Extra__Days_for__Ledge_": 1, "F__of_Tie_Ins": null, "F__of_Cut_Offs": null, "F__of_Inside_Services": null, "F__of_Outside_Services": null, "Budgeted_In_2023_for_2024": null, "Main_Cost_1_Including_Const_OH": null, "Inspector": null, "Police": null, "Gravel_Tr_In": null, "Ledge_Removal": null, "T_M": null, "Re_Pressure_Test": null, "Extra_Restoration_Estimate_from": null, "Non_Standard_Work__Bridges__Lan": null, "Cost": null, "Construction__OVHD": null, "Engineering__Design_Cost": null, "Total_Overage": null, "Services_Cost_Including_Constr_": null, "Meters_Installation_Cost_Includ": null, "F_Total_Est__Project_Cost_Inclu": null, "LU_Design_Engineer": null, "Engineering_Consultant": null, "Notes_": "\n", "lat": 41.6944013, "lon": -71.1766343, "Mapped_address": "Bay St & Sachem St, Fall River, MA 02724, USA", "FID": 85}}, {"type": "Feature", "id": 86, "geometry": {"type": "Point", "coordinates": [-71.1582332, 41.6850646]}, "properties": {"Line__": 277, "Year": 2029, "Project_Name": "Brayton Ave. Main Replacement Phase 1", "Address": "Brayton Ave. (Stafford Rd. to Huard St.)", "Estimated_Cost": null, "Town": "FALL RIVER", "Reasons": "RISK & CONVERT TO 60#", "UP_or_CP": "UP", "Single_Highest_Risk_Score__on_S": "42", "Existing__Pressure": "Low", "Ex__Main_Size__in____CI___WI_": "6\" (LP)", "Ex__Main_Length__ft____CI___WI_": 1350, "Ex__Main_Size__in____BS_": "0", "Ex__Main_Length__ft____BS_": 0, "Ex__Main_Size__in____WS__Unprot": "0", "Ex__Main_Length__ft____WS__Unpr": 0, "Ex__Main_Size__in____WS__CP_Pro": 0, "Ex__Main_Length__ft____WS__CP_P": 0, "Ex__Main_Size__in____PE_": "6\" (LP)", "Ex__Main_Length__ft____PE_": 4, "Ex__Main_Size__in____Drisco_": "0", "Ex__Main_Length__ft____Drisco_": 0, "Ex__Main_Size__in_____Aldyl_A_": "0", "Ex__Main_Length__ft____Aldyl_A_": 0, "New_Main__for_System__Integrity": 0, "Total_GSEP_Footage__ft__": 1350, "Total_Non_GSEP_Footage__ft__": 4, "Prop__Total__Length_for__Instal": 1354, "Prop__Total__Length_for_Abandon": 1354, "F__Incidental_Pipe_Per_Project": null, "Ex__PE_Size__in____to_be_Retest": 0, "Ex__PE_Length__ft___to_be_Retes": 0, "Majority_Existing_Main_Info": "6\" (LP) CI", "Prop__Main_Size__in____PE_": 8, "Prop__Main_Pressure": "60#", "F__Replaced_Services__BS_": 14, "F__Replaced_Services__WS_": 0, "F__Replaced_Services__Drisco_": 8, "F__Replaced_Services___Aldyl_A_": 0, "F__Replaced_Services__Total_": 22, "F__Service__Transfers": 7, "Est_____Days": 21, "Est_____Extra__Days_for__Ledge_": 5, "F__of_Tie_Ins": null, "F__of_Cut_Offs": null, "F__of_Inside_Services": null, "F__of_Outside_Services": null, "Budgeted_In_2023_for_2024": null, "Main_Cost_1_Including_Const_OH": null, "Inspector": null, "Police": null, "Gravel_Tr_In": null, "Ledge_Removal": null, "T_M": null, "Re_Pressure_Test": null, "Extra_Restoration_Estimate_from": null, "Non_Standard_Work__Bridges__Lan": null, "Cost": null, "Construction__OVHD": null, "Engineering__Design_Cost": null, "Total_Overage": null, "Services_Cost_Including_Constr_": null, "Meters_Installation_Cost_Includ": null, "F_Total_Est__Project_Cost_Inclu": null, "LU_Design_Engineer": null, "Engineering_Consultant": null, "Notes_": "\n", "lat": 41.6850646, "lon": -71.1582332, "Mapped_address": "Stafford Rd & Brayton Ave, Fall River, MA 02721, USA", "FID": 86}}, {"type": "Feature", "id": 87, "geometry": {"type": "Point", "coordinates": [-71.155878, 41.684483]}, "properties": {"Line__": 279, "Year": 2029, "Project_Name": "Brayton Ave. Main Replacement Phase 1", "Address": "Lane St. (Brayton Ave. to End)", "Estimated_Cost": null, "Town": "FALL RIVER", "Reasons": "RISK & CONVERT TO 60#", "UP_or_CP": "UP", "Single_Highest_Risk_Score__on_S": "38", "Existing__Pressure": "Low", "Ex__Main_Size__in____CI___WI_": "4\" (LP)", "Ex__Main_Length__ft____CI___WI_": 532, "Ex__Main_Size__in____BS_": "0", "Ex__Main_Length__ft____BS_": 0, "Ex__Main_Size__in____WS__Unprot": "0", "Ex__Main_Length__ft____WS__Unpr": 0, "Ex__Main_Size__in____WS__CP_Pro": 0, "Ex__Main_Length__ft____WS__CP_P": 0, "Ex__Main_Size__in____PE_": "0", "Ex__Main_Length__ft____PE_": 0, "Ex__Main_Size__in____Drisco_": "0", "Ex__Main_Length__ft____Drisco_": 0, "Ex__Main_Size__in_____Aldyl_A_": "0", "Ex__Main_Length__ft____Aldyl_A_": 0, "New_Main__for_System__Integrity": 0, "Total_GSEP_Footage__ft__": 532, "Total_Non_GSEP_Footage__ft__": 0, "Prop__Total__Length_for__Instal": 532, "Prop__Total__Length_for_Abandon": 532, "F__Incidental_Pipe_Per_Project": null, "Ex__PE_Size__in____to_be_Retest": 0, "Ex__PE_Length__ft___to_be_Retes": 0, "Majority_Existing_Main_Info": "4\" (LP) CI", "Prop__Main_Size__in____PE_": 2, "Prop__Main_Pressure": "60#", "F__Replaced_Services__BS_": 8, "F__Replaced_Services__WS_": 1, "F__Replaced_Services__Drisco_": 3, "F__Replaced_Services___Aldyl_A_": 0, "F__Replaced_Services__Total_": 12, "F__Service__Transfers": 1, "Est_____Days": 9, "Est_____Extra__Days_for__Ledge_": 2, "F__of_Tie_Ins": null, "F__of_Cut_Offs": null, "F__of_Inside_Services": null, "F__of_Outside_Services": null, "Budgeted_In_2023_for_2024": null, "Main_Cost_1_Including_Const_OH": null, "Inspector": null, "Police": null, "Gravel_Tr_In": null, "Ledge_Removal": null, "T_M": null, "Re_Pressure_Test": null, "Extra_Restoration_Estimate_from": null, "Non_Standard_Work__Bridges__Lan": null, "Cost": null, "Construction__OVHD": null, "Engineering__Design_Cost": null, "Total_Overage": null, "Services_Cost_Including_Constr_": null, "Meters_Installation_Cost_Includ": null, "F_Total_Est__Project_Cost_Inclu": null, "LU_Design_Engineer": null, "Engineering_Consultant": null, "Notes_": "\n", "lat": 41.684483, "lon": -71.155878, "Mapped_address": "Lane St & Brayton Ave, Fall River, MA 02721, USA", "FID": 87}}, {"type": "Feature", "id": 88, "geometry": {"type": "Point", "coordinates": [-71.1576964, 41.683892]}, "properties": {"Line__": 280, "Year": 2029, "Project_Name": "Brayton Ave. Main Replacement Phase 1", "Address": "Globe St. (Stafford Rd. to Lane St.)", "Estimated_Cost": null, "Town": "FALL RIVER", "Reasons": "RISK & CONVERT TO 60#", "UP_or_CP": "UP", "Single_Highest_Risk_Score__on_S": "39", "Existing__Pressure": "Low", "Ex__Main_Size__in____CI___WI_": "4\" (LP)", "Ex__Main_Length__ft____CI___WI_": 397, "Ex__Main_Size__in____BS_": "0", "Ex__Main_Length__ft____BS_": 0, "Ex__Main_Size__in____WS__Unprot": "0", "Ex__Main_Length__ft____WS__Unpr": 0, "Ex__Main_Size__in____WS__CP_Pro": 0, "Ex__Main_Length__ft____WS__CP_P": 0, "Ex__Main_Size__in____PE_": "0", "Ex__Main_Length__ft____PE_": 0, "Ex__Main_Size__in____Drisco_": "0", "Ex__Main_Length__ft____Drisco_": 0, "Ex__Main_Size__in_____Aldyl_A_": "0", "Ex__Main_Length__ft____Aldyl_A_": 0, "New_Main__for_System__Integrity": 0, "Total_GSEP_Footage__ft__": 397, "Total_Non_GSEP_Footage__ft__": 0, "Prop__Total__Length_for__Instal": 397, "Prop__Total__Length_for_Abandon": 397, "F__Incidental_Pipe_Per_Project": null, "Ex__PE_Size__in____to_be_Retest": 0, "Ex__PE_Length__ft___to_be_Retes": 0, "Majority_Existing_Main_Info": "4\" (LP) CI", "Prop__Main_Size__in____PE_": 2, "Prop__Main_Pressure": "60#", "F__Replaced_Services__BS_": 5, "F__Replaced_Services__WS_": 2, "F__Replaced_Services__Drisco_": 0, "F__Replaced_Services___Aldyl_A_": 2, "F__Replaced_Services__Total_": 9, "F__Service__Transfers": 2, "Est_____Days": 7, "Est_____Extra__Days_for__Ledge_": 2, "F__of_Tie_Ins": null, "F__of_Cut_Offs": null, "F__of_Inside_Services": null, "F__of_Outside_Services": null, "Budgeted_In_2023_for_2024": null, "Main_Cost_1_Including_Const_OH": null, "Inspector": null, "Police": null, "Gravel_Tr_In": null, "Ledge_Removal": null, "T_M": null, "Re_Pressure_Test": null, "Extra_Restoration_Estimate_from": null, "Non_Standard_Work__Bridges__Lan": null, "Cost": null, "Construction__OVHD": null, "Engineering__Design_Cost": null, "Total_Overage": null, "Services_Cost_Including_Constr_": null, "Meters_Installation_Cost_Includ": null, "F_Total_Est__Project_Cost_Inclu": null, "LU_Design_Engineer": null, "Engineering_Consultant": null, "Notes_": "\n", "lat": 41.683892, "lon": -71.1576964, "Mapped_address": "Stafford Rd & Globe St, Fall River, MA 02721, USA", "FID": 88}}, {"type": "Feature", "id": 89, "geometry": {"type": "Point", "coordinates": [-71.1550072, 41.6843118]}, "properties": {"Line__": 281, "Year": 2029, "Project_Name": "Brayton Ave. Main Replacement Phase 1", "Address": "S. Oxford St. (Brayton Ave. to End)", "Estimated_Cost": null, "Town": "FALL RIVER", "Reasons": "RISK & CONVERT TO 60#", "UP_or_CP": "UP", "Single_Highest_Risk_Score__on_S": "34", "Existing__Pressure": "Low", "Ex__Main_Size__in____CI___WI_": "4\" (LP)", "Ex__Main_Length__ft____CI___WI_": 498, "Ex__Main_Size__in____BS_": "0", "Ex__Main_Length__ft____BS_": 0, "Ex__Main_Size__in____WS__Unprot": "0", "Ex__Main_Length__ft____WS__Unpr": 0, "Ex__Main_Size__in____WS__CP_Pro": 0, "Ex__Main_Length__ft____WS__CP_P": 0, "Ex__Main_Size__in____PE_": "4\" (LP)", "Ex__Main_Length__ft____PE_": 24, "Ex__Main_Size__in____Drisco_": "0", "Ex__Main_Length__ft____Drisco_": 0, "Ex__Main_Size__in_____Aldyl_A_": "0", "Ex__Main_Length__ft____Aldyl_A_": 0, "New_Main__for_System__Integrity": 0, "Total_GSEP_Footage__ft__": 498, "Total_Non_GSEP_Footage__ft__": 24, "Prop__Total__Length_for__Instal": 522, "Prop__Total__Length_for_Abandon": 522, "F__Incidental_Pipe_Per_Project": null, "Ex__PE_Size__in____to_be_Retest": 0, "Ex__PE_Length__ft___to_be_Retes": 0, "Majority_Existing_Main_Info": "4\" (LP) CI", "Prop__Main_Size__in____PE_": 2, "Prop__Main_Pressure": "60#", "F__Replaced_Services__BS_": 7, "F__Replaced_Services__WS_": 1, "F__Replaced_Services__Drisco_": 1, "F__Replaced_Services___Aldyl_A_": 0, "F__Replaced_Services__Total_": 9, "F__Service__Transfers": 1, "Est_____Days": 8, "Est_____Extra__Days_for__Ledge_": 2, "F__of_Tie_Ins": null, "F__of_Cut_Offs": null, "F__of_Inside_Services": null, "F__of_Outside_Services": null, "Budgeted_In_2023_for_2024": null, "Main_Cost_1_Including_Const_OH": null, "Inspector": null, "Police": null, "Gravel_Tr_In": null, "Ledge_Removal": null, "T_M": null, "Re_Pressure_Test": null, "Extra_Restoration_Estimate_from": null, "Non_Standard_Work__Bridges__Lan": null, "Cost": null, "Construction__OVHD": null, "Engineering__Design_Cost": null, "Total_Overage": null, "Services_Cost_Including_Constr_": null, "Meters_Installation_Cost_Includ": null, "F_Total_Est__Project_Cost_Inclu": null, "LU_Design_Engineer": null, "Engineering_Consultant": null, "Notes_": "\n", "lat": 41.6843118, "lon": -71.1550072, "Mapped_address": "S Oxford St & Brayton Ave, Fall River, MA 02721, USA", "FID": 89}}, {"type": "Feature", "id": 90, "geometry": {"type": "Point", "coordinates": [-71.1445358, 41.6824339]}, "properties": {"Line__": 282, "Year": 2029, "Project_Name": "Brayton Ave. Main Replacement Phase 1", "Address": "Grace St. (Brayton Ave. to End)", "Estimated_Cost": null, "Town": "FALL RIVER", "Reasons": "RISK & CONVERT TO 60#", "UP_or_CP": "UP", "Single_Highest_Risk_Score__on_S": "40", "Existing__Pressure": "Low", "Ex__Main_Size__in____CI___WI_": "4\" (LP)", "Ex__Main_Length__ft____CI___WI_": 405, "Ex__Main_Size__in____BS_": "0", "Ex__Main_Length__ft____BS_": 0, "Ex__Main_Size__in____WS__Unprot": "0", "Ex__Main_Length__ft____WS__Unpr": 0, "Ex__Main_Size__in____WS__CP_Pro": 0, "Ex__Main_Length__ft____WS__CP_P": 0, "Ex__Main_Size__in____PE_": "2\" (LP)", "Ex__Main_Length__ft____PE_": 69, "Ex__Main_Size__in____Drisco_": "0", "Ex__Main_Length__ft____Drisco_": 0, "Ex__Main_Size__in_____Aldyl_A_": "0", "Ex__Main_Length__ft____Aldyl_A_": 0, "New_Main__for_System__Integrity": 0, "Total_GSEP_Footage__ft__": 405, "Total_Non_GSEP_Footage__ft__": 69, "Prop__Total__Length_for__Instal": 474, "Prop__Total__Length_for_Abandon": 474, "F__Incidental_Pipe_Per_Project": null, "Ex__PE_Size__in____to_be_Retest": 0, "Ex__PE_Length__ft___to_be_Retes": 0, "Majority_Existing_Main_Info": "4\" (LP) CI", "Prop__Main_Size__in____PE_": 2, "Prop__Main_Pressure": "60#", "F__Replaced_Services__BS_": 2, "F__Replaced_Services__WS_": 1, "F__Replaced_Services__Drisco_": 4, "F__Replaced_Services___Aldyl_A_": 0, "F__Replaced_Services__Total_": 7, "F__Service__Transfers": 4, "Est_____Days": 8, "Est_____Extra__Days_for__Ledge_": 2, "F__of_Tie_Ins": null, "F__of_Cut_Offs": null, "F__of_Inside_Services": null, "F__of_Outside_Services": null, "Budgeted_In_2023_for_2024": null, "Main_Cost_1_Including_Const_OH": null, "Inspector": null, "Police": null, "Gravel_Tr_In": null, "Ledge_Removal": null, "T_M": null, "Re_Pressure_Test": null, "Extra_Restoration_Estimate_from": null, "Non_Standard_Work__Bridges__Lan": null, "Cost": null, "Construction__OVHD": null, "Engineering__Design_Cost": null, "Total_Overage": null, "Services_Cost_Including_Constr_": null, "Meters_Installation_Cost_Includ": null, "F_Total_Est__Project_Cost_Inclu": null, "LU_Design_Engineer": null, "Engineering_Consultant": null, "Notes_": "\n", "lat": 41.6824339, "lon": -71.1445358, "Mapped_address": "Brayton Ave, Fall River, MA, USA", "FID": 90}}, {"type": "Feature", "id": 91, "geometry": {"type": "Point", "coordinates": [-71.1532294, 41.6839765]}, "properties": {"Line__": 283, "Year": 2029, "Project_Name": "Brayton Ave. Main Replacement Phase 1", "Address": "Huard St. (Brayton Ave. to Albert St.)", "Estimated_Cost": null, "Town": "FALL RIVER", "Reasons": "CONVERT TO 60#", "UP_or_CP": "UP", "Single_Highest_Risk_Score__on_S": "No Score", "Existing__Pressure": "Low", "Ex__Main_Size__in____CI___WI_": "0", "Ex__Main_Length__ft____CI___WI_": 0, "Ex__Main_Size__in____BS_": "0", "Ex__Main_Length__ft____BS_": 0, "Ex__Main_Size__in____WS__Unprot": "0", "Ex__Main_Length__ft____WS__Unpr": 0, "Ex__Main_Size__in____WS__CP_Pro": 0, "Ex__Main_Length__ft____WS__CP_P": 0, "Ex__Main_Size__in____PE_": "6\" (LP)", "Ex__Main_Length__ft____PE_": 925, "Ex__Main_Size__in____Drisco_": "0", "Ex__Main_Length__ft____Drisco_": 0, "Ex__Main_Size__in_____Aldyl_A_": "0", "Ex__Main_Length__ft____Aldyl_A_": 0, "New_Main__for_System__Integrity": 0, "Total_GSEP_Footage__ft__": 0, "Total_Non_GSEP_Footage__ft__": 925, "Prop__Total__Length_for__Instal": null, "Prop__Total__Length_for_Abandon": 0, "F__Incidental_Pipe_Per_Project": null, "Ex__PE_Size__in____to_be_Retest": 0, "Ex__PE_Length__ft___to_be_Retes": 0, "Majority_Existing_Main_Info": "6\" (LP) PE", "Prop__Main_Size__in____PE_": null, "Prop__Main_Pressure": "60#", "F__Replaced_Services__BS_": 0, "F__Replaced_Services__WS_": 0, "F__Replaced_Services__Drisco_": 3, "F__Replaced_Services___Aldyl_A_": 0, "F__Replaced_Services__Total_": 3, "F__Service__Transfers": 20, "Est_____Days": 10, "Est_____Extra__Days_for__Ledge_": 3, "F__of_Tie_Ins": null, "F__of_Cut_Offs": null, "F__of_Inside_Services": null, "F__of_Outside_Services": null, "Budgeted_In_2023_for_2024": null, "Main_Cost_1_Including_Const_OH": null, "Inspector": null, "Police": null, "Gravel_Tr_In": null, "Ledge_Removal": null, "T_M": null, "Re_Pressure_Test": null, "Extra_Restoration_Estimate_from": null, "Non_Standard_Work__Bridges__Lan": null, "Cost": null, "Construction__OVHD": null, "Engineering__Design_Cost": null, "Total_Overage": null, "Services_Cost_Including_Constr_": null, "Meters_Installation_Cost_Includ": null, "F_Total_Est__Project_Cost_Inclu": null, "LU_Design_Engineer": null, "Engineering_Consultant": null, "Notes_": "\n", "lat": 41.6839765, "lon": -71.1532294, "Mapped_address": "Huard St & Brayton Ave, Fall River, MA 02721, USA", "FID": 91}}, {"type": "Feature", "id": 92, "geometry": {"type": "Point", "coordinates": [-71.1532294, 41.6839765]}, "properties": {"Line__": 284, "Year": 2029, "Project_Name": "Brayton Ave. Main Replacement Phase 2", "Address": "Brayton Ave. (Huard St. to Rodman St.)", "Estimated_Cost": null, "Town": "FALL RIVER", "Reasons": "RISK & CONVERT TO 60#", "UP_or_CP": "UP", "Single_Highest_Risk_Score__on_S": "44", "Existing__Pressure": "Low", "Ex__Main_Size__in____CI___WI_": "6\" (LP)", "Ex__Main_Length__ft____CI___WI_": 952, "Ex__Main_Size__in____BS_": "0", "Ex__Main_Length__ft____BS_": 0, "Ex__Main_Size__in____WS__Unprot": "4\" (LP)", "Ex__Main_Length__ft____WS__Unpr": 10, "Ex__Main_Size__in____WS__CP_Pro": 0, "Ex__Main_Length__ft____WS__CP_P": 0, "Ex__Main_Size__in____PE_": "6\" (LP)", "Ex__Main_Length__ft____PE_": 21, "Ex__Main_Size__in____Drisco_": "0", "Ex__Main_Length__ft____Drisco_": 0, "Ex__Main_Size__in_____Aldyl_A_": "0", "Ex__Main_Length__ft____Aldyl_A_": 0, "New_Main__for_System__Integrity": 0, "Total_GSEP_Footage__ft__": 962, "Total_Non_GSEP_Footage__ft__": 21, "Prop__Total__Length_for__Instal": 983, "Prop__Total__Length_for_Abandon": 983, "F__Incidental_Pipe_Per_Project": null, "Ex__PE_Size__in____to_be_Retest": 0, "Ex__PE_Length__ft___to_be_Retes": 0, "Majority_Existing_Main_Info": "6\" (LP) CI", "Prop__Main_Size__in____PE_": 8, "Prop__Main_Pressure": "60#", "F__Replaced_Services__BS_": 9, "F__Replaced_Services__WS_": 1, "F__Replaced_Services__Drisco_": 1, "F__Replaced_Services___Aldyl_A_": 0, "F__Replaced_Services__Total_": 11, "F__Service__Transfers": 2, "Est_____Days": 12, "Est_____Extra__Days_for__Ledge_": 3, "F__of_Tie_Ins": null, "F__of_Cut_Offs": null, "F__of_Inside_Services": null, "F__of_Outside_Services": null, "Budgeted_In_2023_for_2024": null, "Main_Cost_1_Including_Const_OH": null, "Inspector": null, "Police": null, "Gravel_Tr_In": null, "Ledge_Removal": null, "T_M": null, "Re_Pressure_Test": null, "Extra_Restoration_Estimate_from": null, "Non_Standard_Work__Bridges__Lan": null, "Cost": null, "Construction__OVHD": null, "Engineering__Design_Cost": null, "Total_Overage": null, "Services_Cost_Including_Constr_": null, "Meters_Installation_Cost_Includ": null, "F_Total_Est__Project_Cost_Inclu": null, "LU_Design_Engineer": null, "Engineering_Consultant": null, "Notes_": "\n", "lat": 41.6839765, "lon": -71.1532294, "Mapped_address": "Huard St & Brayton Ave, Fall River, MA 02721, USA", "FID": 92}}, {"type": "Feature", "id": 93, "geometry": {"type": "Point", "coordinates": [-71.1445358, 41.6824339]}, "properties": {"Line__": 285, "Year": 2029, "Project_Name": "Brayton Ave. Main Replacement Phase 2", "Address": "Jackson St. (Brayton Ave. to Grinnell St.)", "Estimated_Cost": null, "Town": "FALL RIVER", "Reasons": "CONVERT TO 60#", "UP_or_CP": "UP", "Single_Highest_Risk_Score__on_S": "No Score", "Existing__Pressure": "Low", "Ex__Main_Size__in____CI___WI_": "0", "Ex__Main_Length__ft____CI___WI_": 0, "Ex__Main_Size__in____BS_": "0", "Ex__Main_Length__ft____BS_": 0, "Ex__Main_Size__in____WS__Unprot": "0", "Ex__Main_Length__ft____WS__Unpr": 0, "Ex__Main_Size__in____WS__CP_Pro": 0, "Ex__Main_Length__ft____WS__CP_P": 0, "Ex__Main_Size__in____PE_": "2\" (LP)", "Ex__Main_Length__ft____PE_": 441, "Ex__Main_Size__in____Drisco_": "0", "Ex__Main_Length__ft____Drisco_": 0, "Ex__Main_Size__in_____Aldyl_A_": "0", "Ex__Main_Length__ft____Aldyl_A_": 0, "New_Main__for_System__Integrity": 157, "Total_GSEP_Footage__ft__": 0, "Total_Non_GSEP_Footage__ft__": 441, "Prop__Total__Length_for__Instal": null, "Prop__Total__Length_for_Abandon": 157, "F__Incidental_Pipe_Per_Project": null, "Ex__PE_Size__in____to_be_Retest": 0, "Ex__PE_Length__ft___to_be_Retes": 0, "Majority_Existing_Main_Info": "2\" (LP) PE", "Prop__Main_Size__in____PE_": null, "Prop__Main_Pressure": "60#", "F__Replaced_Services__BS_": 0, "F__Replaced_Services__WS_": 0, "F__Replaced_Services__Drisco_": 2, "F__Replaced_Services___Aldyl_A_": 0, "F__Replaced_Services__Total_": 2, "F__Service__Transfers": 3, "Est_____Days": 4, "Est_____Extra__Days_for__Ledge_": 1, "F__of_Tie_Ins": null, "F__of_Cut_Offs": null, "F__of_Inside_Services": null, "F__of_Outside_Services": null, "Budgeted_In_2023_for_2024": null, "Main_Cost_1_Including_Const_OH": null, "Inspector": null, "Police": null, "Gravel_Tr_In": null, "Ledge_Removal": null, "T_M": null, "Re_Pressure_Test": null, "Extra_Restoration_Estimate_from": null, "Non_Standard_Work__Bridges__Lan": null, "Cost": null, "Construction__OVHD": null, "Engineering__Design_Cost": null, "Total_Overage": null, "Services_Cost_Including_Constr_": null, "Meters_Installation_Cost_Includ": null, "F_Total_Est__Project_Cost_Inclu": null, "LU_Design_Engineer": null, "Engineering_Consultant": null, "Notes_": "\n", "lat": 41.6824339, "lon": -71.1445358, "Mapped_address": "Brayton Ave, Fall River, MA, USA", "FID": 93}}, {"type": "Feature", "id": 94, "geometry": {"type": "Point", "coordinates": [-71.1445358, 41.6824339]}, "properties": {"Line__": 286, "Year": 2029, "Project_Name": "Brayton Ave. Main Replacement Phase 2", "Address": "Jackson St. (Brayton Ave. to Albert St.)", "Estimated_Cost": null, "Town": "FALL RIVER", "Reasons": "RISK & CONVERT TO 60#", "UP_or_CP": "UP", "Single_Highest_Risk_Score__on_S": "38", "Existing__Pressure": "Low", "Ex__Main_Size__in____CI___WI_": "4\" (LP)", "Ex__Main_Length__ft____CI___WI_": 499, "Ex__Main_Size__in____BS_": "4\" (LP)", "Ex__Main_Length__ft____BS_": 167, "Ex__Main_Size__in____WS__Unprot": "4\" (LP)", "Ex__Main_Length__ft____WS__Unpr": 108, "Ex__Main_Size__in____WS__CP_Pro": 0, "Ex__Main_Length__ft____WS__CP_P": 0, "Ex__Main_Size__in____PE_": "0", "Ex__Main_Length__ft____PE_": 0, "Ex__Main_Size__in____Drisco_": "0", "Ex__Main_Length__ft____Drisco_": 0, "Ex__Main_Size__in_____Aldyl_A_": "0", "Ex__Main_Length__ft____Aldyl_A_": 0, "New_Main__for_System__Integrity": 137, "Total_GSEP_Footage__ft__": 774, "Total_Non_GSEP_Footage__ft__": 0, "Prop__Total__Length_for__Instal": 911, "Prop__Total__Length_for_Abandon": 774, "F__Incidental_Pipe_Per_Project": null, "Ex__PE_Size__in____to_be_Retest": 0, "Ex__PE_Length__ft___to_be_Retes": 0, "Majority_Existing_Main_Info": "4\" (LP) CI", "Prop__Main_Size__in____PE_": 2, "Prop__Main_Pressure": "60#", "F__Replaced_Services__BS_": 8, "F__Replaced_Services__WS_": 3, "F__Replaced_Services__Drisco_": 4, "F__Replaced_Services___Aldyl_A_": 0, "F__Replaced_Services__Total_": 15, "F__Service__Transfers": 2, "Est_____Days": 13, "Est_____Extra__Days_for__Ledge_": 3, "F__of_Tie_Ins": null, "F__of_Cut_Offs": null, "F__of_Inside_Services": null, "F__of_Outside_Services": null, "Budgeted_In_2023_for_2024": null, "Main_Cost_1_Including_Const_OH": null, "Inspector": null, "Police": null, "Gravel_Tr_In": null, "Ledge_Removal": null, "T_M": null, "Re_Pressure_Test": null, "Extra_Restoration_Estimate_from": null, "Non_Standard_Work__Bridges__Lan": null, "Cost": null, "Construction__OVHD": null, "Engineering__Design_Cost": null, "Total_Overage": null, "Services_Cost_Including_Constr_": null, "Meters_Installation_Cost_Includ": null, "F_Total_Est__Project_Cost_Inclu": null, "LU_Design_Engineer": null, "Engineering_Consultant": null, "Notes_": "\n", "lat": 41.6824339, "lon": -71.1445358, "Mapped_address": "Brayton Ave, Fall River, MA, USA", "FID": 94}}, {"type": "Feature", "id": 95, "geometry": {"type": "Point", "coordinates": [-71.1445358, 41.6824339]}, "properties": {"Line__": 287, "Year": 2029, "Project_Name": "Brayton Ave. Main Replacement Phase 2", "Address": "Smith St. (Brayton Ave. to Albert St.)", "Estimated_Cost": null, "Town": "FALL RIVER", "Reasons": "CONVERT TO 60#", "UP_or_CP": "UP", "Single_Highest_Risk_Score__on_S": "40", "Existing__Pressure": "Low", "Ex__Main_Size__in____CI___WI_": "4\" (LP)", "Ex__Main_Length__ft____CI___WI_": 117, "Ex__Main_Size__in____BS_": "0", "Ex__Main_Length__ft____BS_": 0, "Ex__Main_Size__in____WS__Unprot": "4\" (LP)", "Ex__Main_Length__ft____WS__Unpr": 24, "Ex__Main_Size__in____WS__CP_Pro": 0, "Ex__Main_Length__ft____WS__CP_P": 0, "Ex__Main_Size__in____PE_": "4\" (LP)", "Ex__Main_Length__ft____PE_": 760, "Ex__Main_Size__in____Drisco_": "0", "Ex__Main_Length__ft____Drisco_": 0, "Ex__Main_Size__in_____Aldyl_A_": "0", "Ex__Main_Length__ft____Aldyl_A_": 0, "New_Main__for_System__Integrity": 0, "Total_GSEP_Footage__ft__": 141, "Total_Non_GSEP_Footage__ft__": 760, "Prop__Total__Length_for__Instal": null, "Prop__Total__Length_for_Abandon": 0, "F__Incidental_Pipe_Per_Project": null, "Ex__PE_Size__in____to_be_Retest": 0, "Ex__PE_Length__ft___to_be_Retes": 0, "Majority_Existing_Main_Info": "4\" (LP) PE", "Prop__Main_Size__in____PE_": null, "Prop__Main_Pressure": "60#", "F__Replaced_Services__BS_": 1, "F__Replaced_Services__WS_": 0, "F__Replaced_Services__Drisco_": 1, "F__Replaced_Services___Aldyl_A_": 0, "F__Replaced_Services__Total_": 2, "F__Service__Transfers": 15, "Est_____Days": 8, "Est_____Extra__Days_for__Ledge_": 2, "F__of_Tie_Ins": null, "F__of_Cut_Offs": null, "F__of_Inside_Services": null, "F__of_Outside_Services": null, "Budgeted_In_2023_for_2024": null, "Main_Cost_1_Including_Const_OH": null, "Inspector": null, "Police": null, "Gravel_Tr_In": null, "Ledge_Removal": null, "T_M": null, "Re_Pressure_Test": null, "Extra_Restoration_Estimate_from": null, "Non_Standard_Work__Bridges__Lan": null, "Cost": null, "Construction__OVHD": null, "Engineering__Design_Cost": null, "Total_Overage": null, "Services_Cost_Including_Constr_": null, "Meters_Installation_Cost_Includ": null, "F_Total_Est__Project_Cost_Inclu": null, "LU_Design_Engineer": null, "Engineering_Consultant": null, "Notes_": "\n", "lat": 41.6824339, "lon": -71.1445358, "Mapped_address": "Brayton Ave, Fall River, MA, USA", "FID": 95}}, {"type": "Feature", "id": 96, "geometry": {"type": "Point", "coordinates": [-71.1505968, 41.6834717]}, "properties": {"Line__": 288, "Year": 2029, "Project_Name": "Brayton Ave. Main Replacement Phase 2", "Address": "Baker St. (Brayton Ave. to Grinnell St.)", "Estimated_Cost": null, "Town": "FALL RIVER", "Reasons": "CONVERT TO 60#", "UP_or_CP": "UP", "Single_Highest_Risk_Score__on_S": "No Score", "Existing__Pressure": "Low", "Ex__Main_Size__in____CI___WI_": "0", "Ex__Main_Length__ft____CI___WI_": 0, "Ex__Main_Size__in____BS_": "0", "Ex__Main_Length__ft____BS_": 0, "Ex__Main_Size__in____WS__Unprot": "0", "Ex__Main_Length__ft____WS__Unpr": 0, "Ex__Main_Size__in____WS__CP_Pro": 0, "Ex__Main_Length__ft____WS__CP_P": 0, "Ex__Main_Size__in____PE_": "4\" (LP)", "Ex__Main_Length__ft____PE_": 510, "Ex__Main_Size__in____Drisco_": "0", "Ex__Main_Length__ft____Drisco_": 0, "Ex__Main_Size__in_____Aldyl_A_": "0", "Ex__Main_Length__ft____Aldyl_A_": 0, "New_Main__for_System__Integrity": 61, "Total_GSEP_Footage__ft__": 0, "Total_Non_GSEP_Footage__ft__": 510, "Prop__Total__Length_for__Instal": null, "Prop__Total__Length_for_Abandon": 61, "F__Incidental_Pipe_Per_Project": null, "Ex__PE_Size__in____to_be_Retest": 0, "Ex__PE_Length__ft___to_be_Retes": 0, "Majority_Existing_Main_Info": "4\" (LP) PE", "Prop__Main_Size__in____PE_": null, "Prop__Main_Pressure": "60#", "F__Replaced_Services__BS_": 0, "F__Replaced_Services__WS_": 0, "F__Replaced_Services__Drisco_": 0, "F__Replaced_Services___Aldyl_A_": 0, "F__Replaced_Services__Total_": 0, "F__Service__Transfers": 12, "Est_____Days": 6, "Est_____Extra__Days_for__Ledge_": 2, "F__of_Tie_Ins": null, "F__of_Cut_Offs": null, "F__of_Inside_Services": null, "F__of_Outside_Services": null, "Budgeted_In_2023_for_2024": null, "Main_Cost_1_Including_Const_OH": null, "Inspector": null, "Police": null, "Gravel_Tr_In": null, "Ledge_Removal": null, "T_M": null, "Re_Pressure_Test": null, "Extra_Restoration_Estimate_from": null, "Non_Standard_Work__Bridges__Lan": null, "Cost": null, "Construction__OVHD": null, "Engineering__Design_Cost": null, "Total_Overage": null, "Services_Cost_Including_Constr_": null, "Meters_Installation_Cost_Includ": null, "F_Total_Est__Project_Cost_Inclu": null, "LU_Design_Engineer": null, "Engineering_Consultant": null, "Notes_": "\n", "lat": 41.6834717, "lon": -71.1505968, "Mapped_address": "Baker St & Brayton Ave, Fall River, MA 02721, USA", "FID": 96}}, {"type": "Feature", "id": 97, "geometry": {"type": "Point", "coordinates": [-71.1505968, 41.6834717]}, "properties": {"Line__": 289, "Year": 2029, "Project_Name": "Brayton Ave. Main Replacement Phase 2", "Address": "Baker St. (Brayton Ave. to Albert St.)", "Estimated_Cost": null, "Town": "FALL RIVER", "Reasons": "RISK & CONVERT TO 60#", "UP_or_CP": "UP", "Single_Highest_Risk_Score__on_S": "47", "Existing__Pressure": "Low", "Ex__Main_Size__in____CI___WI_": "4\" (LP)", "Ex__Main_Length__ft____CI___WI_": 308, "Ex__Main_Size__in____BS_": "0", "Ex__Main_Length__ft____BS_": 0, "Ex__Main_Size__in____WS__Unprot": "4\" (LP)", "Ex__Main_Length__ft____WS__Unpr": 355, "Ex__Main_Size__in____WS__CP_Pro": 0, "Ex__Main_Length__ft____WS__CP_P": 0, "Ex__Main_Size__in____PE_": "4\" (LP)", "Ex__Main_Length__ft____PE_": 66, "Ex__Main_Size__in____Drisco_": "0", "Ex__Main_Length__ft____Drisco_": 0, "Ex__Main_Size__in_____Aldyl_A_": "4\" (LP)", "Ex__Main_Length__ft____Aldyl_A_": 142, "New_Main__for_System__Integrity": 61, "Total_GSEP_Footage__ft__": 805, "Total_Non_GSEP_Footage__ft__": 66, "Prop__Total__Length_for__Instal": 932, "Prop__Total__Length_for_Abandon": 871, "F__Incidental_Pipe_Per_Project": null, "Ex__PE_Size__in____to_be_Retest": 0, "Ex__PE_Length__ft___to_be_Retes": 0, "Majority_Existing_Main_Info": "4\" (LP) WS", "Prop__Main_Size__in____PE_": 2, "Prop__Main_Pressure": "60#", "F__Replaced_Services__BS_": 5, "F__Replaced_Services__WS_": 0, "F__Replaced_Services__Drisco_": 4, "F__Replaced_Services___Aldyl_A_": 2, "F__Replaced_Services__Total_": 11, "F__Service__Transfers": 7, "Est_____Days": 13, "Est_____Extra__Days_for__Ledge_": 3, "F__of_Tie_Ins": null, "F__of_Cut_Offs": null, "F__of_Inside_Services": null, "F__of_Outside_Services": null, "Budgeted_In_2023_for_2024": null, "Main_Cost_1_Including_Const_OH": null, "Inspector": null, "Police": null, "Gravel_Tr_In": null, "Ledge_Removal": null, "T_M": null, "Re_Pressure_Test": null, "Extra_Restoration_Estimate_from": null, "Non_Standard_Work__Bridges__Lan": null, "Cost": null, "Construction__OVHD": null, "Engineering__Design_Cost": null, "Total_Overage": null, "Services_Cost_Including_Constr_": null, "Meters_Installation_Cost_Includ": null, "F_Total_Est__Project_Cost_Inclu": null, "LU_Design_Engineer": null, "Engineering_Consultant": null, "Notes_": "\n", "lat": 41.6834717, "lon": -71.1505968, "Mapped_address": "Baker St & Brayton Ave, Fall River, MA 02721, USA", "FID": 97}}, {"type": "Feature", "id": 98, "geometry": {"type": "Point", "coordinates": [-71.1522318, 41.6813131]}, "properties": {"Line__": 291, "Year": 2029, "Project_Name": "Brayton Ave. Main Replacement Phase 2", "Address": "Isabel St. (Albert St. to End)", "Estimated_Cost": null, "Town": "FALL RIVER", "Reasons": "RISK & CONVERT TO 60#", "UP_or_CP": "UP", "Single_Highest_Risk_Score__on_S": "25", "Existing__Pressure": "Low", "Ex__Main_Size__in____CI___WI_": "0", "Ex__Main_Length__ft____CI___WI_": 0, "Ex__Main_Size__in____BS_": "0", "Ex__Main_Length__ft____BS_": 0, "Ex__Main_Size__in____WS__Unprot": "4\" (LP)", "Ex__Main_Length__ft____WS__Unpr": 700, "Ex__Main_Size__in____WS__CP_Pro": 0, "Ex__Main_Length__ft____WS__CP_P": 0, "Ex__Main_Size__in____PE_": "0", "Ex__Main_Length__ft____PE_": 0, "Ex__Main_Size__in____Drisco_": "0", "Ex__Main_Length__ft____Drisco_": 0, "Ex__Main_Size__in_____Aldyl_A_": "0", "Ex__Main_Length__ft____Aldyl_A_": 0, "New_Main__for_System__Integrity": 0, "Total_GSEP_Footage__ft__": 700, "Total_Non_GSEP_Footage__ft__": 0, "Prop__Total__Length_for__Instal": 700, "Prop__Total__Length_for_Abandon": 700, "F__Incidental_Pipe_Per_Project": null, "Ex__PE_Size__in____to_be_Retest": 0, "Ex__PE_Length__ft___to_be_Retes": 0, "Majority_Existing_Main_Info": "4\" (LP) WS", "Prop__Main_Size__in____PE_": 2, "Prop__Main_Pressure": "60#", "F__Replaced_Services__BS_": 0, "F__Replaced_Services__WS_": 9, "F__Replaced_Services__Drisco_": 0, "F__Replaced_Services___Aldyl_A_": 0, "F__Replaced_Services__Total_": 9, "F__Service__Transfers": 1, "Est_____Days": 9, "Est_____Extra__Days_for__Ledge_": 2, "F__of_Tie_Ins": null, "F__of_Cut_Offs": null, "F__of_Inside_Services": null, "F__of_Outside_Services": null, "Budgeted_In_2023_for_2024": null, "Main_Cost_1_Including_Const_OH": null, "Inspector": null, "Police": null, "Gravel_Tr_In": null, "Ledge_Removal": null, "T_M": null, "Re_Pressure_Test": null, "Extra_Restoration_Estimate_from": null, "Non_Standard_Work__Bridges__Lan": null, "Cost": null, "Construction__OVHD": null, "Engineering__Design_Cost": null, "Total_Overage": null, "Services_Cost_Including_Constr_": null, "Meters_Installation_Cost_Includ": null, "F_Total_Est__Project_Cost_Inclu": null, "LU_Design_Engineer": null, "Engineering_Consultant": null, "Notes_": "\n", "lat": 41.6813131, "lon": -71.1522318, "Mapped_address": "Albert St & Isabel St, Fall River, MA 02721, USA", "FID": 98}}, {"type": "Feature", "id": 99, "geometry": {"type": "Point", "coordinates": [-71.1497668, 41.6834397]}, "properties": {"Line__": 292, "Year": 2029, "Project_Name": "Brayton Ave. Main Replacement Phase 3", "Address": "Brayton Ave. (Rodman St. to Jefferson St.)", "Estimated_Cost": null, "Town": "FALL RIVER", "Reasons": "RISK & CONVERT TO 60#", "UP_or_CP": "UP", "Single_Highest_Risk_Score__on_S": "47", "Existing__Pressure": "Low", "Ex__Main_Size__in____CI___WI_": "8\" (LP)", "Ex__Main_Length__ft____CI___WI_": 947, "Ex__Main_Size__in____BS_": "8\" (LP)", "Ex__Main_Length__ft____BS_": 90, "Ex__Main_Size__in____WS__Unprot": "8\" (LP)", "Ex__Main_Length__ft____WS__Unpr": 513, "Ex__Main_Size__in____WS__CP_Pro": 0, "Ex__Main_Length__ft____WS__CP_P": 0, "Ex__Main_Size__in____PE_": "8\" (LP)", "Ex__Main_Length__ft____PE_": 20, "Ex__Main_Size__in____Drisco_": "0", "Ex__Main_Length__ft____Drisco_": 0, "Ex__Main_Size__in_____Aldyl_A_": "0", "Ex__Main_Length__ft____Aldyl_A_": 0, "New_Main__for_System__Integrity": 0, "Total_GSEP_Footage__ft__": 1550, "Total_Non_GSEP_Footage__ft__": 20, "Prop__Total__Length_for__Instal": 1570, "Prop__Total__Length_for_Abandon": 1570, "F__Incidental_Pipe_Per_Project": null, "Ex__PE_Size__in____to_be_Retest": 0, "Ex__PE_Length__ft___to_be_Retes": 0, "Majority_Existing_Main_Info": "8\" (LP) CI", "Prop__Main_Size__in____PE_": 8, "Prop__Main_Pressure": "60#", "F__Replaced_Services__BS_": 6, "F__Replaced_Services__WS_": 3, "F__Replaced_Services__Drisco_": 4, "F__Replaced_Services___Aldyl_A_": 1, "F__Replaced_Services__Total_": 14, "F__Service__Transfers": 3, "Est_____Days": 17, "Est_____Extra__Days_for__Ledge_": 4, "F__of_Tie_Ins": null, "F__of_Cut_Offs": null, "F__of_Inside_Services": null, "F__of_Outside_Services": null, "Budgeted_In_2023_for_2024": null, "Main_Cost_1_Including_Const_OH": null, "Inspector": null, "Police": null, "Gravel_Tr_In": null, "Ledge_Removal": null, "T_M": null, "Re_Pressure_Test": null, "Extra_Restoration_Estimate_from": null, "Non_Standard_Work__Bridges__Lan": null, "Cost": null, "Construction__OVHD": null, "Engineering__Design_Cost": null, "Total_Overage": null, "Services_Cost_Including_Constr_": null, "Meters_Installation_Cost_Includ": null, "F_Total_Est__Project_Cost_Inclu": null, "LU_Design_Engineer": null, "Engineering_Consultant": null, "Notes_": "\n", "lat": 41.6834397, "lon": -71.1497668, "Mapped_address": "Rodman St & Brayton Ave, Fall River, MA 02721, USA", "FID": 99}}, {"type": "Feature", "id": 100, "geometry": {"type": "Point", "coordinates": [-71.1497668, 41.6834397]}, "properties": {"Line__": 293, "Year": 2029, "Project_Name": "Brayton Ave. Main Replacement Phase 3", "Address": "Rodman St. (Brayton Ave. to Albert St.)", "Estimated_Cost": null, "Town": "FALL RIVER", "Reasons": "RISK & CONVERT TO 60#", "UP_or_CP": "UP", "Single_Highest_Risk_Score__on_S": "42", "Existing__Pressure": "Low", "Ex__Main_Size__in____CI___WI_": "6\" (LP)", "Ex__Main_Length__ft____CI___WI_": 918, "Ex__Main_Size__in____BS_": "0", "Ex__Main_Length__ft____BS_": 0, "Ex__Main_Size__in____WS__Unprot": "6\" (LP)", "Ex__Main_Length__ft____WS__Unpr": 5, "Ex__Main_Size__in____WS__CP_Pro": 0, "Ex__Main_Length__ft____WS__CP_P": 0, "Ex__Main_Size__in____PE_": "0", "Ex__Main_Length__ft____PE_": 0, "Ex__Main_Size__in____Drisco_": "0", "Ex__Main_Length__ft____Drisco_": 0, "Ex__Main_Size__in_____Aldyl_A_": "0", "Ex__Main_Length__ft____Aldyl_A_": 0, "New_Main__for_System__Integrity": 0, "Total_GSEP_Footage__ft__": 923, "Total_Non_GSEP_Footage__ft__": 0, "Prop__Total__Length_for__Instal": 923, "Prop__Total__Length_for_Abandon": 923, "F__Incidental_Pipe_Per_Project": null, "Ex__PE_Size__in____to_be_Retest": 0, "Ex__PE_Length__ft___to_be_Retes": 0, "Majority_Existing_Main_Info": "6\" (LP) CI", "Prop__Main_Size__in____PE_": 8, "Prop__Main_Pressure": "60#", "F__Replaced_Services__BS_": 8, "F__Replaced_Services__WS_": 2, "F__Replaced_Services__Drisco_": 3, "F__Replaced_Services___Aldyl_A_": 1, "F__Replaced_Services__Total_": 14, "F__Service__Transfers": 6, "Est_____Days": 14, "Est_____Extra__Days_for__Ledge_": 4, "F__of_Tie_Ins": null, "F__of_Cut_Offs": null, "F__of_Inside_Services": null, "F__of_Outside_Services": null, "Budgeted_In_2023_for_2024": null, "Main_Cost_1_Including_Const_OH": null, "Inspector": null, "Police": null, "Gravel_Tr_In": null, "Ledge_Removal": null, "T_M": null, "Re_Pressure_Test": null, "Extra_Restoration_Estimate_from": null, "Non_Standard_Work__Bridges__Lan": null, "Cost": null, "Construction__OVHD": null, "Engineering__Design_Cost": null, "Total_Overage": null, "Services_Cost_Including_Constr_": null, "Meters_Installation_Cost_Includ": null, "F_Total_Est__Project_Cost_Inclu": null, "LU_Design_Engineer": null, "Engineering_Consultant": null, "Notes_": "\n", "lat": 41.6834397, "lon": -71.1497668, "Mapped_address": "Rodman St & Brayton Ave, Fall River, MA 02721, USA", "FID": 100}}, {"type": "Feature", "id": 101, "geometry": {"type": "Point", "coordinates": [-71.1489209, 41.6831465]}, "properties": {"Line__": 294, "Year": 2029, "Project_Name": "Brayton Ave. Main Replacement Phase 3", "Address": "Nelson St. (Brayton Ave. to Albert St.)", "Estimated_Cost": null, "Town": "FALL RIVER", "Reasons": "RISK & CONVERT TO 60#", "UP_or_CP": "UP", "Single_Highest_Risk_Score__on_S": "42", "Existing__Pressure": "Low", "Ex__Main_Size__in____CI___WI_": "4\" (LP)", "Ex__Main_Length__ft____CI___WI_": 629, "Ex__Main_Size__in____BS_": "2\" (LP)", "Ex__Main_Length__ft____BS_": 25, "Ex__Main_Size__in____WS__Unprot": "4\" (LP)", "Ex__Main_Length__ft____WS__Unpr": 278, "Ex__Main_Size__in____WS__CP_Pro": 0, "Ex__Main_Length__ft____WS__CP_P": 0, "Ex__Main_Size__in____PE_": "0", "Ex__Main_Length__ft____PE_": 0, "Ex__Main_Size__in____Drisco_": "0", "Ex__Main_Length__ft____Drisco_": 0, "Ex__Main_Size__in_____Aldyl_A_": "0", "Ex__Main_Length__ft____Aldyl_A_": 0, "New_Main__for_System__Integrity": 0, "Total_GSEP_Footage__ft__": 932, "Total_Non_GSEP_Footage__ft__": 0, "Prop__Total__Length_for__Instal": 932, "Prop__Total__Length_for_Abandon": 932, "F__Incidental_Pipe_Per_Project": null, "Ex__PE_Size__in____to_be_Retest": 0, "Ex__PE_Length__ft___to_be_Retes": 0, "Majority_Existing_Main_Info": "4\" (LP) CI", "Prop__Main_Size__in____PE_": 2, "Prop__Main_Pressure": "60#", "F__Replaced_Services__BS_": 5, "F__Replaced_Services__WS_": 4, "F__Replaced_Services__Drisco_": 2, "F__Replaced_Services___Aldyl_A_": 4, "F__Replaced_Services__Total_": 15, "F__Service__Transfers": 4, "Est_____Days": 14, "Est_____Extra__Days_for__Ledge_": 4, "F__of_Tie_Ins": null, "F__of_Cut_Offs": null, "F__of_Inside_Services": null, "F__of_Outside_Services": null, "Budgeted_In_2023_for_2024": null, "Main_Cost_1_Including_Const_OH": null, "Inspector": null, "Police": null, "Gravel_Tr_In": null, "Ledge_Removal": null, "T_M": null, "Re_Pressure_Test": null, "Extra_Restoration_Estimate_from": null, "Non_Standard_Work__Bridges__Lan": null, "Cost": null, "Construction__OVHD": null, "Engineering__Design_Cost": null, "Total_Overage": null, "Services_Cost_Including_Constr_": null, "Meters_Installation_Cost_Includ": null, "F_Total_Est__Project_Cost_Inclu": null, "LU_Design_Engineer": null, "Engineering_Consultant": null, "Notes_": "\n", "lat": 41.6831465, "lon": -71.1489209, "Mapped_address": "Nelson St & Brayton Ave, Fall River, MA 02721, USA", "FID": 101}}, {"type": "Feature", "id": 102, "geometry": {"type": "Point", "coordinates": [-71.1489209, 41.6831465]}, "properties": {"Line__": 295, "Year": 2029, "Project_Name": "Brayton Ave. Main Replacement Phase 3", "Address": "Nelson St. (Brayton Ave. to Oman St.)", "Estimated_Cost": null, "Town": "FALL RIVER", "Reasons": "CONVERT TO 60#", "UP_or_CP": "UP", "Single_Highest_Risk_Score__on_S": "No Score", "Existing__Pressure": "Low", "Ex__Main_Size__in____CI___WI_": "0", "Ex__Main_Length__ft____CI___WI_": 0, "Ex__Main_Size__in____BS_": "0", "Ex__Main_Length__ft____BS_": 0, "Ex__Main_Size__in____WS__Unprot": "4\" (LP)", "Ex__Main_Length__ft____WS__Unpr": 10, "Ex__Main_Size__in____WS__CP_Pro": 0, "Ex__Main_Length__ft____WS__CP_P": 0, "Ex__Main_Size__in____PE_": "4\" (LP)", "Ex__Main_Length__ft____PE_": 162, "Ex__Main_Size__in____Drisco_": "0", "Ex__Main_Length__ft____Drisco_": 0, "Ex__Main_Size__in_____Aldyl_A_": "0", "Ex__Main_Length__ft____Aldyl_A_": 0, "New_Main__for_System__Integrity": 182, "Total_GSEP_Footage__ft__": 10, "Total_Non_GSEP_Footage__ft__": 162, "Prop__Total__Length_for__Instal": null, "Prop__Total__Length_for_Abandon": 10, "F__Incidental_Pipe_Per_Project": null, "Ex__PE_Size__in____to_be_Retest": 0, "Ex__PE_Length__ft___to_be_Retes": 0, "Majority_Existing_Main_Info": "4\" (LP) PE", "Prop__Main_Size__in____PE_": null, "Prop__Main_Pressure": "60#", "F__Replaced_Services__BS_": 0, "F__Replaced_Services__WS_": 0, "F__Replaced_Services__Drisco_": 0, "F__Replaced_Services___Aldyl_A_": 0, "F__Replaced_Services__Total_": 0, "F__Service__Transfers": 2, "Est_____Days": 3, "Est_____Extra__Days_for__Ledge_": 1, "F__of_Tie_Ins": null, "F__of_Cut_Offs": null, "F__of_Inside_Services": null, "F__of_Outside_Services": null, "Budgeted_In_2023_for_2024": null, "Main_Cost_1_Including_Const_OH": null, "Inspector": null, "Police": null, "Gravel_Tr_In": null, "Ledge_Removal": null, "T_M": null, "Re_Pressure_Test": null, "Extra_Restoration_Estimate_from": null, "Non_Standard_Work__Bridges__Lan": null, "Cost": null, "Construction__OVHD": null, "Engineering__Design_Cost": null, "Total_Overage": null, "Services_Cost_Including_Constr_": null, "Meters_Installation_Cost_Includ": null, "F_Total_Est__Project_Cost_Inclu": null, "LU_Design_Engineer": null, "Engineering_Consultant": null, "Notes_": "\n", "lat": 41.6831465, "lon": -71.1489209, "Mapped_address": "Nelson St & Brayton Ave, Fall River, MA 02721, USA", "FID": 102}}, {"type": "Feature", "id": 103, "geometry": {"type": "Point", "coordinates": [-71.1479447, 41.6829619]}, "properties": {"Line__": 296, "Year": 2029, "Project_Name": "Brayton Ave. Main Replacement Phase 3", "Address": "Boyden St. (Brayton Ave. to Albert St.)", "Estimated_Cost": null, "Town": "FALL RIVER", "Reasons": "RISK & CONVERT TO 60#", "UP_or_CP": "UP", "Single_Highest_Risk_Score__on_S": "36", "Existing__Pressure": "Low", "Ex__Main_Size__in____CI___WI_": "0", "Ex__Main_Length__ft____CI___WI_": 0, "Ex__Main_Size__in____BS_": "2\" & 4\" (LP)", "Ex__Main_Length__ft____BS_": 376, "Ex__Main_Size__in____WS__Unprot": "4\" (LP)", "Ex__Main_Length__ft____WS__Unpr": 546, "Ex__Main_Size__in____WS__CP_Pro": 0, "Ex__Main_Length__ft____WS__CP_P": 0, "Ex__Main_Size__in____PE_": "0", "Ex__Main_Length__ft____PE_": 0, "Ex__Main_Size__in____Drisco_": "0", "Ex__Main_Length__ft____Drisco_": 0, "Ex__Main_Size__in_____Aldyl_A_": "0", "Ex__Main_Length__ft____Aldyl_A_": 0, "New_Main__for_System__Integrity": 0, "Total_GSEP_Footage__ft__": 922, "Total_Non_GSEP_Footage__ft__": 0, "Prop__Total__Length_for__Instal": 922, "Prop__Total__Length_for_Abandon": 922, "F__Incidental_Pipe_Per_Project": null, "Ex__PE_Size__in____to_be_Retest": 0, "Ex__PE_Length__ft___to_be_Retes": 0, "Majority_Existing_Main_Info": "4\" (LP) WS", "Prop__Main_Size__in____PE_": 2, "Prop__Main_Pressure": "60#", "F__Replaced_Services__BS_": 4, "F__Replaced_Services__WS_": 0, "F__Replaced_Services__Drisco_": 6, "F__Replaced_Services___Aldyl_A_": 1, "F__Replaced_Services__Total_": 11, "F__Service__Transfers": 5, "Est_____Days": 12, "Est_____Extra__Days_for__Ledge_": 3, "F__of_Tie_Ins": null, "F__of_Cut_Offs": null, "F__of_Inside_Services": null, "F__of_Outside_Services": null, "Budgeted_In_2023_for_2024": null, "Main_Cost_1_Including_Const_OH": null, "Inspector": null, "Police": null, "Gravel_Tr_In": null, "Ledge_Removal": null, "T_M": null, "Re_Pressure_Test": null, "Extra_Restoration_Estimate_from": null, "Non_Standard_Work__Bridges__Lan": null, "Cost": null, "Construction__OVHD": null, "Engineering__Design_Cost": null, "Total_Overage": null, "Services_Cost_Including_Constr_": null, "Meters_Installation_Cost_Includ": null, "F_Total_Est__Project_Cost_Inclu": null, "LU_Design_Engineer": null, "Engineering_Consultant": null, "Notes_": "\n", "lat": 41.6829619, "lon": -71.1479447, "Mapped_address": "Boyden St & Brayton Ave, Fall River, MA 02721, USA", "FID": 103}}, {"type": "Feature", "id": 104, "geometry": {"type": "Point", "coordinates": [-71.1479447, 41.6829619]}, "properties": {"Line__": 297, "Year": 2029, "Project_Name": "Brayton Ave. Main Replacement Phase 3", "Address": "Boyden St. (Brayton Ave. to Oman St.)", "Estimated_Cost": null, "Town": "FALL RIVER", "Reasons": "RISK & CONVERT TO 60#", "UP_or_CP": "UP", "Single_Highest_Risk_Score__on_S": "23", "Existing__Pressure": "Low", "Ex__Main_Size__in____CI___WI_": "0", "Ex__Main_Length__ft____CI___WI_": 0, "Ex__Main_Size__in____BS_": "0", "Ex__Main_Length__ft____BS_": 0, "Ex__Main_Size__in____WS__Unprot": "4\" (LP)", "Ex__Main_Length__ft____WS__Unpr": 353, "Ex__Main_Size__in____WS__CP_Pro": 0, "Ex__Main_Length__ft____WS__CP_P": 0, "Ex__Main_Size__in____PE_": "0", "Ex__Main_Length__ft____PE_": 0, "Ex__Main_Size__in____Drisco_": "0", "Ex__Main_Length__ft____Drisco_": 0, "Ex__Main_Size__in_____Aldyl_A_": "0", "Ex__Main_Length__ft____Aldyl_A_": 0, "New_Main__for_System__Integrity": 0, "Total_GSEP_Footage__ft__": 353, "Total_Non_GSEP_Footage__ft__": 0, "Prop__Total__Length_for__Instal": 353, "Prop__Total__Length_for_Abandon": 353, "F__Incidental_Pipe_Per_Project": null, "Ex__PE_Size__in____to_be_Retest": 0, "Ex__PE_Length__ft___to_be_Retes": 0, "Majority_Existing_Main_Info": "4\" (LP) WS", "Prop__Main_Size__in____PE_": 2, "Prop__Main_Pressure": "60#", "F__Replaced_Services__BS_": 0, "F__Replaced_Services__WS_": 4, "F__Replaced_Services__Drisco_": 0, "F__Replaced_Services___Aldyl_A_": 0, "F__Replaced_Services__Total_": 4, "F__Service__Transfers": 2, "Est_____Days": 5, "Est_____Extra__Days_for__Ledge_": 1, "F__of_Tie_Ins": null, "F__of_Cut_Offs": null, "F__of_Inside_Services": null, "F__of_Outside_Services": null, "Budgeted_In_2023_for_2024": null, "Main_Cost_1_Including_Const_OH": null, "Inspector": null, "Police": null, "Gravel_Tr_In": null, "Ledge_Removal": null, "T_M": null, "Re_Pressure_Test": null, "Extra_Restoration_Estimate_from": null, "Non_Standard_Work__Bridges__Lan": null, "Cost": null, "Construction__OVHD": null, "Engineering__Design_Cost": null, "Total_Overage": null, "Services_Cost_Including_Constr_": null, "Meters_Installation_Cost_Includ": null, "F_Total_Est__Project_Cost_Inclu": null, "LU_Design_Engineer": null, "Engineering_Consultant": null, "Notes_": "\n", "lat": 41.6829619, "lon": -71.1479447, "Mapped_address": "Boyden St & Brayton Ave, Fall River, MA 02721, USA", "FID": 104}}, {"type": "Feature", "id": 105, "geometry": {"type": "Point", "coordinates": [-71.1477842, 41.6840408]}, "properties": {"Line__": 299, "Year": 2029, "Project_Name": "Brayton Ave. Main Replacement Phase 3", "Address": "Oman St. (Boyden St. to Rodman St.)", "Estimated_Cost": null, "Town": "FALL RIVER", "Reasons": "RISK & CONVERT TO 60#", "UP_or_CP": "UP", "Single_Highest_Risk_Score__on_S": "27", "Existing__Pressure": "Low", "Ex__Main_Size__in____CI___WI_": "4\" (LP)", "Ex__Main_Length__ft____CI___WI_": 39, "Ex__Main_Size__in____BS_": "0", "Ex__Main_Length__ft____BS_": 0, "Ex__Main_Size__in____WS__Unprot": "4\" (LP)", "Ex__Main_Length__ft____WS__Unpr": 154, "Ex__Main_Size__in____WS__CP_Pro": 0, "Ex__Main_Length__ft____WS__CP_P": 0, "Ex__Main_Size__in____PE_": "4\" (LP)", "Ex__Main_Length__ft____PE_": 152, "Ex__Main_Size__in____Drisco_": "0", "Ex__Main_Length__ft____Drisco_": 0, "Ex__Main_Size__in_____Aldyl_A_": "0", "Ex__Main_Length__ft____Aldyl_A_": 0, "New_Main__for_System__Integrity": 127, "Total_GSEP_Footage__ft__": 193, "Total_Non_GSEP_Footage__ft__": 152, "Prop__Total__Length_for__Instal": 472, "Prop__Total__Length_for_Abandon": 345, "F__Incidental_Pipe_Per_Project": null, "Ex__PE_Size__in____to_be_Retest": 0, "Ex__PE_Length__ft___to_be_Retes": 0, "Majority_Existing_Main_Info": "4\" (LP) WS", "Prop__Main_Size__in____PE_": 2, "Prop__Main_Pressure": "60#", "F__Replaced_Services__BS_": 0, "F__Replaced_Services__WS_": 1, "F__Replaced_Services__Drisco_": 3, "F__Replaced_Services___Aldyl_A_": 0, "F__Replaced_Services__Total_": 4, "F__Service__Transfers": 4, "Est_____Days": 6, "Est_____Extra__Days_for__Ledge_": 2, "F__of_Tie_Ins": null, "F__of_Cut_Offs": null, "F__of_Inside_Services": null, "F__of_Outside_Services": null, "Budgeted_In_2023_for_2024": null, "Main_Cost_1_Including_Const_OH": null, "Inspector": null, "Police": null, "Gravel_Tr_In": null, "Ledge_Removal": null, "T_M": null, "Re_Pressure_Test": null, "Extra_Restoration_Estimate_from": null, "Non_Standard_Work__Bridges__Lan": null, "Cost": null, "Construction__OVHD": null, "Engineering__Design_Cost": null, "Total_Overage": null, "Services_Cost_Including_Constr_": null, "Meters_Installation_Cost_Includ": null, "F_Total_Est__Project_Cost_Inclu": null, "LU_Design_Engineer": null, "Engineering_Consultant": null, "Notes_": "\n", "lat": 41.6840408, "lon": -71.1477842, "Mapped_address": "Oman St & Boyden St, Fall River, MA 02721, USA", "FID": 105}}, {"type": "Feature", "id": 106, "geometry": {"type": "Point", "coordinates": [-71.1455642, 41.6826245]}, "properties": {"Line__": 300, "Year": 2029, "Project_Name": "Brayton Ave. Main Replacement Phase 3", "Address": "Ryan St. (Brayton Ave. to Oman St.)", "Estimated_Cost": null, "Town": "FALL RIVER", "Reasons": "RISK & CONVERT TO 60#", "UP_or_CP": "UP", "Single_Highest_Risk_Score__on_S": "38", "Existing__Pressure": "Low", "Ex__Main_Size__in____CI___WI_": "4\" (LP)", "Ex__Main_Length__ft____CI___WI_": 6, "Ex__Main_Size__in____BS_": "2\" (LP)", "Ex__Main_Length__ft____BS_": 117, "Ex__Main_Size__in____WS__Unprot": "2\" & 4\" (LP)", "Ex__Main_Length__ft____WS__Unpr": 22, "Ex__Main_Size__in____WS__CP_Pro": 0, "Ex__Main_Length__ft____WS__CP_P": 0, "Ex__Main_Size__in____PE_": "0", "Ex__Main_Length__ft____PE_": 0, "Ex__Main_Size__in____Drisco_": "0", "Ex__Main_Length__ft____Drisco_": 0, "Ex__Main_Size__in_____Aldyl_A_": "0", "Ex__Main_Length__ft____Aldyl_A_": 0, "New_Main__for_System__Integrity": 207, "Total_GSEP_Footage__ft__": 145, "Total_Non_GSEP_Footage__ft__": 0, "Prop__Total__Length_for__Instal": 352, "Prop__Total__Length_for_Abandon": 145, "F__Incidental_Pipe_Per_Project": null, "Ex__PE_Size__in____to_be_Retest": 0, "Ex__PE_Length__ft___to_be_Retes": 0, "Majority_Existing_Main_Info": "2\" (LP) BS", "Prop__Main_Size__in____PE_": 2, "Prop__Main_Pressure": "60#", "F__Replaced_Services__BS_": 1, "F__Replaced_Services__WS_": 0, "F__Replaced_Services__Drisco_": 1, "F__Replaced_Services___Aldyl_A_": 0, "F__Replaced_Services__Total_": 2, "F__Service__Transfers": 3, "Est_____Days": 4, "Est_____Extra__Days_for__Ledge_": 1, "F__of_Tie_Ins": null, "F__of_Cut_Offs": null, "F__of_Inside_Services": null, "F__of_Outside_Services": null, "Budgeted_In_2023_for_2024": null, "Main_Cost_1_Including_Const_OH": null, "Inspector": null, "Police": null, "Gravel_Tr_In": null, "Ledge_Removal": null, "T_M": null, "Re_Pressure_Test": null, "Extra_Restoration_Estimate_from": null, "Non_Standard_Work__Bridges__Lan": null, "Cost": null, "Construction__OVHD": null, "Engineering__Design_Cost": null, "Total_Overage": null, "Services_Cost_Including_Constr_": null, "Meters_Installation_Cost_Includ": null, "F_Total_Est__Project_Cost_Inclu": null, "LU_Design_Engineer": null, "Engineering_Consultant": null, "Notes_": "\n", "lat": 41.6826245, "lon": -71.1455642, "Mapped_address": "Brayton Ave & Ryan St, Fall River, MA 02721, USA", "FID": 106}}, {"type": "Feature", "id": 107, "geometry": {"type": "Point", "coordinates": [-71.1822559, 41.6843033]}, "properties": {"Line__": 301, "Year": 2029, "Project_Name": "Bowen St. Main Replacement", "Address": "Bowen St. (King Phillip St. to Hicks St.)", "Estimated_Cost": null, "Town": "FALL RIVER", "Reasons": "RISK & CONVERT TO 60#", "UP_or_CP": "UP", "Single_Highest_Risk_Score__on_S": "40", "Existing__Pressure": "Low", "Ex__Main_Size__in____CI___WI_": "4\"", "Ex__Main_Length__ft____CI___WI_": 294, "Ex__Main_Size__in____BS_": "0", "Ex__Main_Length__ft____BS_": 0, "Ex__Main_Size__in____WS__Unprot": "8\"", "Ex__Main_Length__ft____WS__Unpr": 511, "Ex__Main_Size__in____WS__CP_Pro": 0, "Ex__Main_Length__ft____WS__CP_P": 0, "Ex__Main_Size__in____PE_": "8\"", "Ex__Main_Length__ft____PE_": 54, "Ex__Main_Size__in____Drisco_": "0", "Ex__Main_Length__ft____Drisco_": 0, "Ex__Main_Size__in_____Aldyl_A_": "0", "Ex__Main_Length__ft____Aldyl_A_": 0, "New_Main__for_System__Integrity": 0, "Total_GSEP_Footage__ft__": 805, "Total_Non_GSEP_Footage__ft__": 54, "Prop__Total__Length_for__Instal": 859, "Prop__Total__Length_for_Abandon": 859, "F__Incidental_Pipe_Per_Project": null, "Ex__PE_Size__in____to_be_Retest": null, "Ex__PE_Length__ft___to_be_Retes": null, "Majority_Existing_Main_Info": "8\" (LP) WS", "Prop__Main_Size__in____PE_": 8, "Prop__Main_Pressure": "60#", "F__Replaced_Services__BS_": 0, "F__Replaced_Services__WS_": 0, "F__Replaced_Services__Drisco_": 1, "F__Replaced_Services___Aldyl_A_": 0, "F__Replaced_Services__Total_": 1, "F__Service__Transfers": 1, "Est_____Days": 6, "Est_____Extra__Days_for__Ledge_": 1, "F__of_Tie_Ins": null, "F__of_Cut_Offs": null, "F__of_Inside_Services": null, "F__of_Outside_Services": null, "Budgeted_In_2023_for_2024": null, "Main_Cost_1_Including_Const_OH": null, "Inspector": null, "Police": null, "Gravel_Tr_In": null, "Ledge_Removal": null, "T_M": null, "Re_Pressure_Test": null, "Extra_Restoration_Estimate_from": null, "Non_Standard_Work__Bridges__Lan": null, "Cost": null, "Construction__OVHD": null, "Engineering__Design_Cost": null, "Total_Overage": null, "Services_Cost_Including_Constr_": null, "Meters_Installation_Cost_Includ": null, "F_Total_Est__Project_Cost_Inclu": null, "LU_Design_Engineer": null, "Engineering_Consultant": null, "Notes_": "\n", "lat": 41.6843033, "lon": -71.1822559, "Mapped_address": "King Philip St & Bowen St, Fall River, MA 02724, USA", "FID": 107}}, {"type": "Feature", "id": 108, "geometry": {"type": "Point", "coordinates": [-71.1827579, 41.6827963]}, "properties": {"Line__": 302, "Year": 2029, "Project_Name": "Bowen St. Main Replacement", "Address": "Penn St. (Bowen St. to S. Main St.)", "Estimated_Cost": null, "Town": "FALL RIVER", "Reasons": "RISK & CONVERT TO 60#", "UP_or_CP": "UP", "Single_Highest_Risk_Score__on_S": "42", "Existing__Pressure": "Low", "Ex__Main_Size__in____CI___WI_": "4\"", "Ex__Main_Length__ft____CI___WI_": 465, "Ex__Main_Size__in____BS_": "4\"", "Ex__Main_Length__ft____BS_": 93, "Ex__Main_Size__in____WS__Unprot": "4\"", "Ex__Main_Length__ft____WS__Unpr": 672, "Ex__Main_Size__in____WS__CP_Pro": 0, "Ex__Main_Length__ft____WS__CP_P": 0, "Ex__Main_Size__in____PE_": "4\"/6\"", "Ex__Main_Length__ft____PE_": 69, "Ex__Main_Size__in____Drisco_": "0", "Ex__Main_Length__ft____Drisco_": 0, "Ex__Main_Size__in_____Aldyl_A_": "0", "Ex__Main_Length__ft____Aldyl_A_": 0, "New_Main__for_System__Integrity": 310, "Total_GSEP_Footage__ft__": 1230, "Total_Non_GSEP_Footage__ft__": 69, "Prop__Total__Length_for__Instal": 1609, "Prop__Total__Length_for_Abandon": 1299, "F__Incidental_Pipe_Per_Project": null, "Ex__PE_Size__in____to_be_Retest": null, "Ex__PE_Length__ft___to_be_Retes": null, "Majority_Existing_Main_Info": "4\" (LP) WS", "Prop__Main_Size__in____PE_": 4, "Prop__Main_Pressure": "60#", "F__Replaced_Services__BS_": 14, "F__Replaced_Services__WS_": 3, "F__Replaced_Services__Drisco_": 2, "F__Replaced_Services___Aldyl_A_": 3, "F__Replaced_Services__Total_": 22, "F__Service__Transfers": 7, "Est_____Days": 23, "Est_____Extra__Days_for__Ledge_": 6, "F__of_Tie_Ins": null, "F__of_Cut_Offs": null, "F__of_Inside_Services": null, "F__of_Outside_Services": null, "Budgeted_In_2023_for_2024": null, "Main_Cost_1_Including_Const_OH": null, "Inspector": null, "Police": null, "Gravel_Tr_In": null, "Ledge_Removal": null, "T_M": null, "Re_Pressure_Test": null, "Extra_Restoration_Estimate_from": null, "Non_Standard_Work__Bridges__Lan": null, "Cost": null, "Construction__OVHD": null, "Engineering__Design_Cost": null, "Total_Overage": null, "Services_Cost_Including_Constr_": null, "Meters_Installation_Cost_Includ": null, "F_Total_Est__Project_Cost_Inclu": null, "LU_Design_Engineer": null, "Engineering_Consultant": null, "Notes_": "\n", "lat": 41.6827963, "lon": -71.1827579, "Mapped_address": "Bowen St & Penn St, Fall River, MA 02724, USA", "FID": 108}}, {"type": "Feature", "id": 109, "geometry": {"type": "Point", "coordinates": [-71.1782678, 41.6827103]}, "properties": {"Line__": 303, "Year": 2029, "Project_Name": "Bowen St. Main Replacement", "Address": "Milk St. (Charles St. to Penn St.)", "Estimated_Cost": null, "Town": "FALL RIVER", "Reasons": "RISK & CONVERT TO 60#", "UP_or_CP": "UP", "Single_Highest_Risk_Score__on_S": "40", "Existing__Pressure": "Low", "Ex__Main_Size__in____CI___WI_": "4\"", "Ex__Main_Length__ft____CI___WI_": 38, "Ex__Main_Size__in____BS_": "2\"/4\"", "Ex__Main_Length__ft____BS_": 214, "Ex__Main_Size__in____WS__Unprot": "0", "Ex__Main_Length__ft____WS__Unpr": 0, "Ex__Main_Size__in____WS__CP_Pro": 0, "Ex__Main_Length__ft____WS__CP_P": 0, "Ex__Main_Size__in____PE_": "0", "Ex__Main_Length__ft____PE_": 0, "Ex__Main_Size__in____Drisco_": "0", "Ex__Main_Length__ft____Drisco_": 0, "Ex__Main_Size__in_____Aldyl_A_": "0", "Ex__Main_Length__ft____Aldyl_A_": 0, "New_Main__for_System__Integrity": 0, "Total_GSEP_Footage__ft__": 252, "Total_Non_GSEP_Footage__ft__": 0, "Prop__Total__Length_for__Instal": 252, "Prop__Total__Length_for_Abandon": 252, "F__Incidental_Pipe_Per_Project": null, "Ex__PE_Size__in____to_be_Retest": null, "Ex__PE_Length__ft___to_be_Retes": null, "Majority_Existing_Main_Info": "2\" (LP) BS", "Prop__Main_Size__in____PE_": 2, "Prop__Main_Pressure": "60#", "F__Replaced_Services__BS_": 0, "F__Replaced_Services__WS_": 0, "F__Replaced_Services__Drisco_": 0, "F__Replaced_Services___Aldyl_A_": 0, "F__Replaced_Services__Total_": 0, "F__Service__Transfers": 0, "Est_____Days": 1, "Est_____Extra__Days_for__Ledge_": 0, "F__of_Tie_Ins": null, "F__of_Cut_Offs": null, "F__of_Inside_Services": null, "F__of_Outside_Services": null, "Budgeted_In_2023_for_2024": null, "Main_Cost_1_Including_Const_OH": null, "Inspector": null, "Police": null, "Gravel_Tr_In": null, "Ledge_Removal": null, "T_M": null, "Re_Pressure_Test": null, "Extra_Restoration_Estimate_from": null, "Non_Standard_Work__Bridges__Lan": null, "Cost": null, "Construction__OVHD": null, "Engineering__Design_Cost": null, "Total_Overage": null, "Services_Cost_Including_Constr_": null, "Meters_Installation_Cost_Includ": null, "F_Total_Est__Project_Cost_Inclu": null, "LU_Design_Engineer": null, "Engineering_Consultant": null, "Notes_": "\n", "lat": 41.6827103, "lon": -71.1782678, "Mapped_address": "Charles St & Milk St, Fall River, MA 02724, USA", "FID": 109}}, {"type": "Feature", "id": 110, "geometry": {"type": "Point", "coordinates": [-71.1829933, 41.6820755]}, "properties": {"Line__": 304, "Year": 2029, "Project_Name": "Bowen St. Main Replacement", "Address": "Hicks St. (Bowen St. to S. Main St.)", "Estimated_Cost": null, "Town": "FALL RIVER", "Reasons": "RISK & CONVERT TO 60#", "UP_or_CP": "UP", "Single_Highest_Risk_Score__on_S": "40", "Existing__Pressure": "Low", "Ex__Main_Size__in____CI___WI_": "4\"", "Ex__Main_Length__ft____CI___WI_": 1451, "Ex__Main_Size__in____BS_": "0", "Ex__Main_Length__ft____BS_": 0, "Ex__Main_Size__in____WS__Unprot": "0", "Ex__Main_Length__ft____WS__Unpr": 0, "Ex__Main_Size__in____WS__CP_Pro": 0, "Ex__Main_Length__ft____WS__CP_P": 0, "Ex__Main_Size__in____PE_": "4\"/6\"", "Ex__Main_Length__ft____PE_": 102, "Ex__Main_Size__in____Drisco_": "0", "Ex__Main_Length__ft____Drisco_": 0, "Ex__Main_Size__in_____Aldyl_A_": "0", "Ex__Main_Length__ft____Aldyl_A_": 0, "New_Main__for_System__Integrity": 0, "Total_GSEP_Footage__ft__": 1451, "Total_Non_GSEP_Footage__ft__": 102, "Prop__Total__Length_for__Instal": 1553, "Prop__Total__Length_for_Abandon": 1553, "F__Incidental_Pipe_Per_Project": null, "Ex__PE_Size__in____to_be_Retest": null, "Ex__PE_Length__ft___to_be_Retes": null, "Majority_Existing_Main_Info": "4\" (LP) CI", "Prop__Main_Size__in____PE_": 4, "Prop__Main_Pressure": "60#", "F__Replaced_Services__BS_": 14, "F__Replaced_Services__WS_": 1, "F__Replaced_Services__Drisco_": 7, "F__Replaced_Services___Aldyl_A_": 0, "F__Replaced_Services__Total_": 22, "F__Service__Transfers": 10, "Est_____Days": 23, "Est_____Extra__Days_for__Ledge_": 6, "F__of_Tie_Ins": null, "F__of_Cut_Offs": null, "F__of_Inside_Services": null, "F__of_Outside_Services": null, "Budgeted_In_2023_for_2024": null, "Main_Cost_1_Including_Const_OH": null, "Inspector": null, "Police": null, "Gravel_Tr_In": null, "Ledge_Removal": null, "T_M": null, "Re_Pressure_Test": null, "Extra_Restoration_Estimate_from": null, "Non_Standard_Work__Bridges__Lan": null, "Cost": null, "Construction__OVHD": null, "Engineering__Design_Cost": null, "Total_Overage": null, "Services_Cost_Including_Constr_": null, "Meters_Installation_Cost_Includ": null, "F_Total_Est__Project_Cost_Inclu": null, "LU_Design_Engineer": null, "Engineering_Consultant": null, "Notes_": "\n", "lat": 41.6820755, "lon": -71.1829933, "Mapped_address": "Bowen St & Hicks St, Fall River, MA 02724, USA", "FID": 110}}, {"type": "Feature", "id": 111, "geometry": {"type": "Point", "coordinates": [-71.1788763, 41.6813281]}, "properties": {"Line__": 305, "Year": 2029, "Project_Name": "Bowen St. Main Replacement", "Address": "Lester St. (Hicks St. to End)", "Estimated_Cost": null, "Town": "FALL RIVER", "Reasons": "RISK & CONVERT TO 60#", "UP_or_CP": "UP", "Single_Highest_Risk_Score__on_S": "41", "Existing__Pressure": "Low", "Ex__Main_Size__in____CI___WI_": "4\"", "Ex__Main_Length__ft____CI___WI_": 308, "Ex__Main_Size__in____BS_": "0", "Ex__Main_Length__ft____BS_": 0, "Ex__Main_Size__in____WS__Unprot": "0", "Ex__Main_Length__ft____WS__Unpr": 0, "Ex__Main_Size__in____WS__CP_Pro": 0, "Ex__Main_Length__ft____WS__CP_P": 0, "Ex__Main_Size__in____PE_": "0", "Ex__Main_Length__ft____PE_": 0, "Ex__Main_Size__in____Drisco_": "0", "Ex__Main_Length__ft____Drisco_": 0, "Ex__Main_Size__in_____Aldyl_A_": "0", "Ex__Main_Length__ft____Aldyl_A_": 0, "New_Main__for_System__Integrity": 0, "Total_GSEP_Footage__ft__": 308, "Total_Non_GSEP_Footage__ft__": 0, "Prop__Total__Length_for__Instal": 308, "Prop__Total__Length_for_Abandon": 308, "F__Incidental_Pipe_Per_Project": null, "Ex__PE_Size__in____to_be_Retest": null, "Ex__PE_Length__ft___to_be_Retes": null, "Majority_Existing_Main_Info": "4\" (LP) CI", "Prop__Main_Size__in____PE_": 2, "Prop__Main_Pressure": "60#", "F__Replaced_Services__BS_": 6, "F__Replaced_Services__WS_": 1, "F__Replaced_Services__Drisco_": 1, "F__Replaced_Services___Aldyl_A_": 0, "F__Replaced_Services__Total_": 8, "F__Service__Transfers": 0, "Est_____Days": 6, "Est_____Extra__Days_for__Ledge_": 1, "F__of_Tie_Ins": null, "F__of_Cut_Offs": null, "F__of_Inside_Services": null, "F__of_Outside_Services": null, "Budgeted_In_2023_for_2024": null, "Main_Cost_1_Including_Const_OH": null, "Inspector": null, "Police": null, "Gravel_Tr_In": null, "Ledge_Removal": null, "T_M": null, "Re_Pressure_Test": null, "Extra_Restoration_Estimate_from": null, "Non_Standard_Work__Bridges__Lan": null, "Cost": null, "Construction__OVHD": null, "Engineering__Design_Cost": null, "Total_Overage": null, "Services_Cost_Including_Constr_": null, "Meters_Installation_Cost_Includ": null, "F_Total_Est__Project_Cost_Inclu": null, "LU_Design_Engineer": null, "Engineering_Consultant": null, "Notes_": "\n", "lat": 41.6813281, "lon": -71.1788763, "Mapped_address": "Lester St & Hicks St, Fall River, MA 02724, USA", "FID": 111}}, {"type": "Feature", "id": 112, "geometry": {"type": "Point", "coordinates": [-71.1737453, 41.6882107]}, "properties": {"Line__": 307, "Year": 2029, "Project_Name": "Chace St. Main Replacement", "Address": "Wilcox St. (Globe St. to Hall St.)", "Estimated_Cost": null, "Town": "FALL RIVER", "Reasons": "CONVERT TO 60#", "UP_or_CP": "UP", "Single_Highest_Risk_Score__on_S": "40", "Existing__Pressure": "Low", "Ex__Main_Size__in____CI___WI_": "4\"", "Ex__Main_Length__ft____CI___WI_": 67, "Ex__Main_Size__in____BS_": "0", "Ex__Main_Length__ft____BS_": 0, "Ex__Main_Size__in____WS__Unprot": "0", "Ex__Main_Length__ft____WS__Unpr": 0, "Ex__Main_Size__in____WS__CP_Pro": 0, "Ex__Main_Length__ft____WS__CP_P": 0, "Ex__Main_Size__in____PE_": "4\"/6\"", "Ex__Main_Length__ft____PE_": 552, "Ex__Main_Size__in____Drisco_": "0", "Ex__Main_Length__ft____Drisco_": 0, "Ex__Main_Size__in_____Aldyl_A_": "0", "Ex__Main_Length__ft____Aldyl_A_": 0, "New_Main__for_System__Integrity": 0, "Total_GSEP_Footage__ft__": 67, "Total_Non_GSEP_Footage__ft__": 552, "Prop__Total__Length_for__Instal": 619, "Prop__Total__Length_for_Abandon": 619, "F__Incidental_Pipe_Per_Project": null, "Ex__PE_Size__in____to_be_Retest": 0, "Ex__PE_Length__ft___to_be_Retes": 0, "Majority_Existing_Main_Info": "6\" (LP) PE", "Prop__Main_Size__in____PE_": 4, "Prop__Main_Pressure": "60#", "F__Replaced_Services__BS_": 0, "F__Replaced_Services__WS_": 0, "F__Replaced_Services__Drisco_": 2, "F__Replaced_Services___Aldyl_A_": 0, "F__Replaced_Services__Total_": 2, "F__Service__Transfers": 12, "Est_____Days": 9, "Est_____Extra__Days_for__Ledge_": 2, "F__of_Tie_Ins": null, "F__of_Cut_Offs": null, "F__of_Inside_Services": null, "F__of_Outside_Services": null, "Budgeted_In_2023_for_2024": null, "Main_Cost_1_Including_Const_OH": null, "Inspector": null, "Police": null, "Gravel_Tr_In": null, "Ledge_Removal": null, "T_M": null, "Re_Pressure_Test": null, "Extra_Restoration_Estimate_from": null, "Non_Standard_Work__Bridges__Lan": null, "Cost": null, "Construction__OVHD": null, "Engineering__Design_Cost": null, "Total_Overage": null, "Services_Cost_Including_Constr_": null, "Meters_Installation_Cost_Includ": null, "F_Total_Est__Project_Cost_Inclu": null, "LU_Design_Engineer": null, "Engineering_Consultant": null, "Notes_": "\n", "lat": 41.6882107, "lon": -71.1737453, "Mapped_address": "Wilcox St & Globe St, Fall River, MA 02724, USA", "FID": 112}}, {"type": "Feature", "id": 113, "geometry": {"type": "Point", "coordinates": [-71.1573048, 41.6829895]}, "properties": {"Line__": 309, "Year": 2029, "Project_Name": "Garfield St. Main Replacement", "Address": "Slade St. (Stafford Rd. to Rhode Island Ave.)", "Estimated_Cost": null, "Town": "FALL RIVER", "Reasons": "RISK & CONVERT TO 60#", "UP_or_CP": "UP", "Single_Highest_Risk_Score__on_S": "46", "Existing__Pressure": "Low", "Ex__Main_Size__in____CI___WI_": "4\" (LP)", "Ex__Main_Length__ft____CI___WI_": 1839, "Ex__Main_Size__in____BS_": "0", "Ex__Main_Length__ft____BS_": 0, "Ex__Main_Size__in____WS__Unprot": "0", "Ex__Main_Length__ft____WS__Unpr": 0, "Ex__Main_Size__in____WS__CP_Pro": 0, "Ex__Main_Length__ft____WS__CP_P": 0, "Ex__Main_Size__in____PE_": "4\" (LP)", "Ex__Main_Length__ft____PE_": 11, "Ex__Main_Size__in____Drisco_": "0", "Ex__Main_Length__ft____Drisco_": 0, "Ex__Main_Size__in_____Aldyl_A_": "0", "Ex__Main_Length__ft____Aldyl_A_": 0, "New_Main__for_System__Integrity": 0, "Total_GSEP_Footage__ft__": 1839, "Total_Non_GSEP_Footage__ft__": 11, "Prop__Total__Length_for__Instal": 1850, "Prop__Total__Length_for_Abandon": 1850, "F__Incidental_Pipe_Per_Project": null, "Ex__PE_Size__in____to_be_Retest": 0, "Ex__PE_Length__ft___to_be_Retes": 0, "Majority_Existing_Main_Info": "4\" (LP) CI", "Prop__Main_Size__in____PE_": 4, "Prop__Main_Pressure": "60#", "F__Replaced_Services__BS_": 12, "F__Replaced_Services__WS_": 2, "F__Replaced_Services__Drisco_": 5, "F__Replaced_Services___Aldyl_A_": 3, "F__Replaced_Services__Total_": 22, "F__Service__Transfers": 9, "Est_____Days": 25, "Est_____Extra__Days_for__Ledge_": 6, "F__of_Tie_Ins": null, "F__of_Cut_Offs": null, "F__of_Inside_Services": null, "F__of_Outside_Services": null, "Budgeted_In_2023_for_2024": null, "Main_Cost_1_Including_Const_OH": null, "Inspector": null, "Police": null, "Gravel_Tr_In": null, "Ledge_Removal": null, "T_M": null, "Re_Pressure_Test": null, "Extra_Restoration_Estimate_from": null, "Non_Standard_Work__Bridges__Lan": null, "Cost": null, "Construction__OVHD": null, "Engineering__Design_Cost": null, "Total_Overage": null, "Services_Cost_Including_Constr_": null, "Meters_Installation_Cost_Includ": null, "F_Total_Est__Project_Cost_Inclu": null, "LU_Design_Engineer": null, "Engineering_Consultant": null, "Notes_": "\n", "lat": 41.6829895, "lon": -71.1573048, "Mapped_address": "Stafford Rd & Slade St, Fall River, MA 02721, USA", "FID": 113}}, {"type": "Feature", "id": 114, "geometry": {"type": "Point", "coordinates": [-71.1586932, 41.684032]}, "properties": {"Line__": 310, "Year": 2029, "Project_Name": "Garfield St. Main Replacement", "Address": "Hambly St. (Globe St. to Slade St.)", "Estimated_Cost": null, "Town": "FALL RIVER", "Reasons": "RISK & CONVERT TO 60#", "UP_or_CP": "UP", "Single_Highest_Risk_Score__on_S": "40", "Existing__Pressure": "Low", "Ex__Main_Size__in____CI___WI_": "4\" (LP)", "Ex__Main_Length__ft____CI___WI_": 414, "Ex__Main_Size__in____BS_": "0", "Ex__Main_Length__ft____BS_": 0, "Ex__Main_Size__in____WS__Unprot": "0", "Ex__Main_Length__ft____WS__Unpr": 0, "Ex__Main_Size__in____WS__CP_Pro": 0, "Ex__Main_Length__ft____WS__CP_P": 0, "Ex__Main_Size__in____PE_": "0", "Ex__Main_Length__ft____PE_": 0, "Ex__Main_Size__in____Drisco_": "0", "Ex__Main_Length__ft____Drisco_": 0, "Ex__Main_Size__in_____Aldyl_A_": "0", "Ex__Main_Length__ft____Aldyl_A_": 0, "New_Main__for_System__Integrity": 0, "Total_GSEP_Footage__ft__": 414, "Total_Non_GSEP_Footage__ft__": 0, "Prop__Total__Length_for__Instal": 414, "Prop__Total__Length_for_Abandon": 414, "F__Incidental_Pipe_Per_Project": null, "Ex__PE_Size__in____to_be_Retest": 0, "Ex__PE_Length__ft___to_be_Retes": 0, "Majority_Existing_Main_Info": "4\" (LP) CI", "Prop__Main_Size__in____PE_": 2, "Prop__Main_Pressure": "60#", "F__Replaced_Services__BS_": 5, "F__Replaced_Services__WS_": 0, "F__Replaced_Services__Drisco_": 1, "F__Replaced_Services___Aldyl_A_": 0, "F__Replaced_Services__Total_": 6, "F__Service__Transfers": 3, "Est_____Days": 6, "Est_____Extra__Days_for__Ledge_": 2, "F__of_Tie_Ins": null, "F__of_Cut_Offs": null, "F__of_Inside_Services": null, "F__of_Outside_Services": null, "Budgeted_In_2023_for_2024": null, "Main_Cost_1_Including_Const_OH": null, "Inspector": null, "Police": null, "Gravel_Tr_In": null, "Ledge_Removal": null, "T_M": null, "Re_Pressure_Test": null, "Extra_Restoration_Estimate_from": null, "Non_Standard_Work__Bridges__Lan": null, "Cost": null, "Construction__OVHD": null, "Engineering__Design_Cost": null, "Total_Overage": null, "Services_Cost_Including_Constr_": null, "Meters_Installation_Cost_Includ": null, "F_Total_Est__Project_Cost_Inclu": null, "LU_Design_Engineer": null, "Engineering_Consultant": null, "Notes_": "\n", "lat": 41.684032, "lon": -71.1586932, "Mapped_address": "Hambly St & Globe St, Fall River, MA 02721, USA", "FID": 114}}, {"type": "Feature", "id": 115, "geometry": {"type": "Point", "coordinates": [-71.1602149, 41.6827533]}, "properties": {"Line__": 312, "Year": 2029, "Project_Name": "Garfield St. Main Replacement", "Address": "Whitman St. (Slade St. to Miller St.)", "Estimated_Cost": null, "Town": "FALL RIVER", "Reasons": "RISK & CONVERT TO 60#", "UP_or_CP": "UP", "Single_Highest_Risk_Score__on_S": "44", "Existing__Pressure": "Low", "Ex__Main_Size__in____CI___WI_": "4\" (LP)", "Ex__Main_Length__ft____CI___WI_": 38, "Ex__Main_Size__in____BS_": "0", "Ex__Main_Length__ft____BS_": 0, "Ex__Main_Size__in____WS__Unprot": "0", "Ex__Main_Length__ft____WS__Unpr": 0, "Ex__Main_Size__in____WS__CP_Pro": 0, "Ex__Main_Length__ft____WS__CP_P": 0, "Ex__Main_Size__in____PE_": "4\" (LP)", "Ex__Main_Length__ft____PE_": 190, "Ex__Main_Size__in____Drisco_": "0", "Ex__Main_Length__ft____Drisco_": 0, "Ex__Main_Size__in_____Aldyl_A_": "0", "Ex__Main_Length__ft____Aldyl_A_": 0, "New_Main__for_System__Integrity": 155, "Total_GSEP_Footage__ft__": 38, "Total_Non_GSEP_Footage__ft__": 190, "Prop__Total__Length_for__Instal": 383, "Prop__Total__Length_for_Abandon": 228, "F__Incidental_Pipe_Per_Project": null, "Ex__PE_Size__in____to_be_Retest": 0, "Ex__PE_Length__ft___to_be_Retes": 0, "Majority_Existing_Main_Info": "4\" (LP) PE", "Prop__Main_Size__in____PE_": 2, "Prop__Main_Pressure": "60#", "F__Replaced_Services__BS_": 0, "F__Replaced_Services__WS_": 0, "F__Replaced_Services__Drisco_": 0, "F__Replaced_Services___Aldyl_A_": 0, "F__Replaced_Services__Total_": 0, "F__Service__Transfers": 4, "Est_____Days": 4, "Est_____Extra__Days_for__Ledge_": 1, "F__of_Tie_Ins": null, "F__of_Cut_Offs": null, "F__of_Inside_Services": null, "F__of_Outside_Services": null, "Budgeted_In_2023_for_2024": null, "Main_Cost_1_Including_Const_OH": null, "Inspector": null, "Police": null, "Gravel_Tr_In": null, "Ledge_Removal": null, "T_M": null, "Re_Pressure_Test": null, "Extra_Restoration_Estimate_from": null, "Non_Standard_Work__Bridges__Lan": null, "Cost": null, "Construction__OVHD": null, "Engineering__Design_Cost": null, "Total_Overage": null, "Services_Cost_Including_Constr_": null, "Meters_Installation_Cost_Includ": null, "F_Total_Est__Project_Cost_Inclu": null, "LU_Design_Engineer": null, "Engineering_Consultant": null, "Notes_": "\n", "lat": 41.6827533, "lon": -71.1602149, "Mapped_address": "Whitman St & Slade St, Fall River, MA 02721, USA", "FID": 115}}, {"type": "Feature", "id": 116, "geometry": {"type": "Point", "coordinates": [-71.1635272, 41.6840632]}, "properties": {"Line__": 314, "Year": 2029, "Project_Name": "Garfield St. Main Replacement", "Address": "Pebble St. (Plymouth Ave. to End)", "Estimated_Cost": null, "Town": "FALL RIVER", "Reasons": "RISK & CONVERT TO 60#", "UP_or_CP": "UP", "Single_Highest_Risk_Score__on_S": "No Score", "Existing__Pressure": "Low", "Ex__Main_Size__in____CI___WI_": "0", "Ex__Main_Length__ft____CI___WI_": 0, "Ex__Main_Size__in____BS_": "0", "Ex__Main_Length__ft____BS_": 0, "Ex__Main_Size__in____WS__Unprot": "0", "Ex__Main_Length__ft____WS__Unpr": 0, "Ex__Main_Size__in____WS__CP_Pro": 0, "Ex__Main_Length__ft____WS__CP_P": 0, "Ex__Main_Size__in____PE_": "4\" (LP)", "Ex__Main_Length__ft____PE_": 1003, "Ex__Main_Size__in____Drisco_": "0", "Ex__Main_Length__ft____Drisco_": 0, "Ex__Main_Size__in_____Aldyl_A_": "0", "Ex__Main_Length__ft____Aldyl_A_": 0, "New_Main__for_System__Integrity": 0, "Total_GSEP_Footage__ft__": 0, "Total_Non_GSEP_Footage__ft__": 1003, "Prop__Total__Length_for__Instal": 0, "Prop__Total__Length_for_Abandon": 1003, "F__Incidental_Pipe_Per_Project": null, "Ex__PE_Size__in____to_be_Retest": null, "Ex__PE_Length__ft___to_be_Retes": 1003, "Majority_Existing_Main_Info": "4\" (LP) PE", "Prop__Main_Size__in____PE_": null, "Prop__Main_Pressure": "60#", "F__Replaced_Services__BS_": 0, "F__Replaced_Services__WS_": 1, "F__Replaced_Services__Drisco_": 0, "F__Replaced_Services___Aldyl_A_": 0, "F__Replaced_Services__Total_": 1, "F__Service__Transfers": 17, "Est_____Days": 6, "Est_____Extra__Days_for__Ledge_": 2, "F__of_Tie_Ins": null, "F__of_Cut_Offs": null, "F__of_Inside_Services": null, "F__of_Outside_Services": null, "Budgeted_In_2023_for_2024": null, "Main_Cost_1_Including_Const_OH": null, "Inspector": null, "Police": null, "Gravel_Tr_In": null, "Ledge_Removal": null, "T_M": null, "Re_Pressure_Test": null, "Extra_Restoration_Estimate_from": null, "Non_Standard_Work__Bridges__Lan": null, "Cost": null, "Construction__OVHD": null, "Engineering__Design_Cost": null, "Total_Overage": null, "Services_Cost_Including_Constr_": null, "Meters_Installation_Cost_Includ": null, "F_Total_Est__Project_Cost_Inclu": null, "LU_Design_Engineer": null, "Engineering_Consultant": null, "Notes_": "\n", "lat": 41.6840632, "lon": -71.1635272, "Mapped_address": "Pebble St & Plymouth Ave, Fall River, MA 02721, USA", "FID": 116}}, {"type": "Feature", "id": 117, "geometry": {"type": "Point", "coordinates": [-71.1576964, 41.683892]}, "properties": {"Line__": 315, "Year": 2029, "Project_Name": "Garfield St. Main Replacement", "Address": "Globe St. (Stafford Rd. to Plymouth Ave.)", "Estimated_Cost": null, "Town": "FALL RIVER", "Reasons": "RISK & CONVERT TO 60#", "UP_or_CP": "UP", "Single_Highest_Risk_Score__on_S": "48", "Existing__Pressure": "Low", "Ex__Main_Size__in____CI___WI_": "4\" (LP)", "Ex__Main_Length__ft____CI___WI_": 1418, "Ex__Main_Size__in____BS_": "0", "Ex__Main_Length__ft____BS_": 0, "Ex__Main_Size__in____WS__Unprot": "0", "Ex__Main_Length__ft____WS__Unpr": 0, "Ex__Main_Size__in____WS__CP_Pro": 0, "Ex__Main_Length__ft____WS__CP_P": 0, "Ex__Main_Size__in____PE_": "0", "Ex__Main_Length__ft____PE_": 0, "Ex__Main_Size__in____Drisco_": "0", "Ex__Main_Length__ft____Drisco_": 0, "Ex__Main_Size__in_____Aldyl_A_": "0", "Ex__Main_Length__ft____Aldyl_A_": 0, "New_Main__for_System__Integrity": 0, "Total_GSEP_Footage__ft__": 1418, "Total_Non_GSEP_Footage__ft__": 0, "Prop__Total__Length_for__Instal": 1418, "Prop__Total__Length_for_Abandon": 1418, "F__Incidental_Pipe_Per_Project": null, "Ex__PE_Size__in____to_be_Retest": 0, "Ex__PE_Length__ft___to_be_Retes": 0, "Majority_Existing_Main_Info": "4\" (LP) PE", "Prop__Main_Size__in____PE_": 4, "Prop__Main_Pressure": "60#", "F__Replaced_Services__BS_": 20, "F__Replaced_Services__WS_": 0, "F__Replaced_Services__Drisco_": 4, "F__Replaced_Services___Aldyl_A_": 1, "F__Replaced_Services__Total_": 25, "F__Service__Transfers": 10, "Est_____Days": 24, "Est_____Extra__Days_for__Ledge_": 6, "F__of_Tie_Ins": null, "F__of_Cut_Offs": null, "F__of_Inside_Services": null, "F__of_Outside_Services": null, "Budgeted_In_2023_for_2024": null, "Main_Cost_1_Including_Const_OH": null, "Inspector": null, "Police": null, "Gravel_Tr_In": null, "Ledge_Removal": null, "T_M": null, "Re_Pressure_Test": null, "Extra_Restoration_Estimate_from": null, "Non_Standard_Work__Bridges__Lan": null, "Cost": null, "Construction__OVHD": null, "Engineering__Design_Cost": null, "Total_Overage": null, "Services_Cost_Including_Constr_": null, "Meters_Installation_Cost_Includ": null, "F_Total_Est__Project_Cost_Inclu": null, "LU_Design_Engineer": null, "Engineering_Consultant": null, "Notes_": "\n", "lat": 41.683892, "lon": -71.1576964, "Mapped_address": "Stafford Rd & Globe St, Fall River, MA 02721, USA", "FID": 117}}, {"type": "Feature", "id": 118, "geometry": {"type": "Point", "coordinates": [-71.1652342, 41.6799463]}, "properties": {"Line__": 316, "Year": 2029, "Project_Name": "Laurel St. Main Replacement Phase 3", "Address": "Laurel St. (Salisbury St. to Orswell St.)", "Estimated_Cost": null, "Town": "FALL RIVER", "Reasons": "RISK & CONVERT TO 60#", "UP_or_CP": "UP", "Single_Highest_Risk_Score__on_S": "47", "Existing__Pressure": "Low", "Ex__Main_Size__in____CI___WI_": "4\" (LP)", "Ex__Main_Length__ft____CI___WI_": 448, "Ex__Main_Size__in____BS_": "0", "Ex__Main_Length__ft____BS_": 0, "Ex__Main_Size__in____WS__Unprot": "12\" (LP)", "Ex__Main_Length__ft____WS__Unpr": 455, "Ex__Main_Size__in____WS__CP_Pro": 0, "Ex__Main_Length__ft____WS__CP_P": 0, "Ex__Main_Size__in____PE_": "0", "Ex__Main_Length__ft____PE_": 0, "Ex__Main_Size__in____Drisco_": "0", "Ex__Main_Length__ft____Drisco_": 0, "Ex__Main_Size__in_____Aldyl_A_": "0", "Ex__Main_Length__ft____Aldyl_A_": 0, "New_Main__for_System__Integrity": 0, "Total_GSEP_Footage__ft__": 903, "Total_Non_GSEP_Footage__ft__": 0, "Prop__Total__Length_for__Instal": 903, "Prop__Total__Length_for_Abandon": 903, "F__Incidental_Pipe_Per_Project": null, "Ex__PE_Size__in____to_be_Retest": 0, "Ex__PE_Length__ft___to_be_Retes": 0, "Majority_Existing_Main_Info": "12\" (LP) WS", "Prop__Main_Size__in____PE_": 8, "Prop__Main_Pressure": "60#", "F__Replaced_Services__BS_": 6, "F__Replaced_Services__WS_": 0, "F__Replaced_Services__Drisco_": 2, "F__Replaced_Services___Aldyl_A_": 1, "F__Replaced_Services__Total_": 9, "F__Service__Transfers": 1, "Est_____Days": 11, "Est_____Extra__Days_for__Ledge_": 3, "F__of_Tie_Ins": null, "F__of_Cut_Offs": null, "F__of_Inside_Services": null, "F__of_Outside_Services": null, "Budgeted_In_2023_for_2024": null, "Main_Cost_1_Including_Const_OH": null, "Inspector": null, "Police": null, "Gravel_Tr_In": null, "Ledge_Removal": null, "T_M": null, "Re_Pressure_Test": null, "Extra_Restoration_Estimate_from": null, "Non_Standard_Work__Bridges__Lan": null, "Cost": null, "Construction__OVHD": null, "Engineering__Design_Cost": null, "Total_Overage": null, "Services_Cost_Including_Constr_": null, "Meters_Installation_Cost_Includ": null, "F_Total_Est__Project_Cost_Inclu": null, "LU_Design_Engineer": null, "Engineering_Consultant": null, "Notes_": "\n", "lat": 41.6799463, "lon": -71.1652342, "Mapped_address": "Salisbury St & Laurel St, Fall River, MA 02724, USA", "FID": 118}}, {"type": "Feature", "id": 119, "geometry": {"type": "Point", "coordinates": [-71.1627669, 41.6785017]}, "properties": {"Line__": 317, "Year": 2029, "Project_Name": "Laurel St. Main Replacement Phase 3", "Address": "Salisbury St. (Rhode Island Ave to Laurel St.)", "Estimated_Cost": null, "Town": "FALL RIVER", "Reasons": "RISK & CONVERT TO 60#", "UP_or_CP": "UP", "Single_Highest_Risk_Score__on_S": "40", "Existing__Pressure": "Low", "Ex__Main_Size__in____CI___WI_": "4\" (LP)", "Ex__Main_Length__ft____CI___WI_": 88, "Ex__Main_Size__in____BS_": "4\" (LP)", "Ex__Main_Length__ft____BS_": 550, "Ex__Main_Size__in____WS__Unprot": "0", "Ex__Main_Length__ft____WS__Unpr": 0, "Ex__Main_Size__in____WS__CP_Pro": 0, "Ex__Main_Length__ft____WS__CP_P": 0, "Ex__Main_Size__in____PE_": "0", "Ex__Main_Length__ft____PE_": 0, "Ex__Main_Size__in____Drisco_": "0", "Ex__Main_Length__ft____Drisco_": 0, "Ex__Main_Size__in_____Aldyl_A_": "0", "Ex__Main_Length__ft____Aldyl_A_": 0, "New_Main__for_System__Integrity": 0, "Total_GSEP_Footage__ft__": 638, "Total_Non_GSEP_Footage__ft__": 0, "Prop__Total__Length_for__Instal": 638, "Prop__Total__Length_for_Abandon": 638, "F__Incidental_Pipe_Per_Project": null, "Ex__PE_Size__in____to_be_Retest": 0, "Ex__PE_Length__ft___to_be_Retes": 0, "Majority_Existing_Main_Info": "4\" (LP) BS", "Prop__Main_Size__in____PE_": 4, "Prop__Main_Pressure": "60#", "F__Replaced_Services__BS_": 1, "F__Replaced_Services__WS_": 3, "F__Replaced_Services__Drisco_": 3, "F__Replaced_Services___Aldyl_A_": 2, "F__Replaced_Services__Total_": 9, "F__Service__Transfers": 0, "Est_____Days": 9, "Est_____Extra__Days_for__Ledge_": 2, "F__of_Tie_Ins": null, "F__of_Cut_Offs": null, "F__of_Inside_Services": null, "F__of_Outside_Services": null, "Budgeted_In_2023_for_2024": null, "Main_Cost_1_Including_Const_OH": null, "Inspector": null, "Police": null, "Gravel_Tr_In": null, "Ledge_Removal": null, "T_M": null, "Re_Pressure_Test": null, "Extra_Restoration_Estimate_from": null, "Non_Standard_Work__Bridges__Lan": null, "Cost": null, "Construction__OVHD": null, "Engineering__Design_Cost": null, "Total_Overage": null, "Services_Cost_Including_Constr_": null, "Meters_Installation_Cost_Includ": null, "F_Total_Est__Project_Cost_Inclu": null, "LU_Design_Engineer": null, "Engineering_Consultant": null, "Notes_": "\n", "lat": 41.6785017, "lon": -71.1627669, "Mapped_address": "Salisbury St & Rhode Island Ave, Fall River, MA 02721, USA", "FID": 119}}, {"type": "Feature", "id": 120, "geometry": {"type": "Point", "coordinates": [-71.1651494, 41.6812027]}, "properties": {"Line__": 318, "Year": 2029, "Project_Name": "Laurel St. Main Replacement Phase 3", "Address": "Laurel St. (Orswell St. to Dwelly St.)", "Estimated_Cost": null, "Town": "FALL RIVER", "Reasons": "RISK & CONVERT TO 60#", "UP_or_CP": "UP", "Single_Highest_Risk_Score__on_S": "40", "Existing__Pressure": "Low", "Ex__Main_Size__in____CI___WI_": "4\" (LP)", "Ex__Main_Length__ft____CI___WI_": 400, "Ex__Main_Size__in____BS_": "0", "Ex__Main_Length__ft____BS_": 0, "Ex__Main_Size__in____WS__Unprot": "12\" (LP)", "Ex__Main_Length__ft____WS__Unpr": 516, "Ex__Main_Size__in____WS__CP_Pro": 0, "Ex__Main_Length__ft____WS__CP_P": 0, "Ex__Main_Size__in____PE_": "4\" (LP)", "Ex__Main_Length__ft____PE_": 10, "Ex__Main_Size__in____Drisco_": "0", "Ex__Main_Length__ft____Drisco_": 0, "Ex__Main_Size__in_____Aldyl_A_": "0", "Ex__Main_Length__ft____Aldyl_A_": 0, "New_Main__for_System__Integrity": 0, "Total_GSEP_Footage__ft__": 916, "Total_Non_GSEP_Footage__ft__": 10, "Prop__Total__Length_for__Instal": 926, "Prop__Total__Length_for_Abandon": 926, "F__Incidental_Pipe_Per_Project": null, "Ex__PE_Size__in____to_be_Retest": 0, "Ex__PE_Length__ft___to_be_Retes": 0, "Majority_Existing_Main_Info": "12\" (LP) WS", "Prop__Main_Size__in____PE_": 8, "Prop__Main_Pressure": "60#", "F__Replaced_Services__BS_": 5, "F__Replaced_Services__WS_": 0, "F__Replaced_Services__Drisco_": 0, "F__Replaced_Services___Aldyl_A_": 0, "F__Replaced_Services__Total_": 5, "F__Service__Transfers": 3, "Est_____Days": 10, "Est_____Extra__Days_for__Ledge_": 2, "F__of_Tie_Ins": null, "F__of_Cut_Offs": null, "F__of_Inside_Services": null, "F__of_Outside_Services": null, "Budgeted_In_2023_for_2024": null, "Main_Cost_1_Including_Const_OH": null, "Inspector": null, "Police": null, "Gravel_Tr_In": null, "Ledge_Removal": null, "T_M": null, "Re_Pressure_Test": null, "Extra_Restoration_Estimate_from": null, "Non_Standard_Work__Bridges__Lan": null, "Cost": null, "Construction__OVHD": null, "Engineering__Design_Cost": null, "Total_Overage": null, "Services_Cost_Including_Constr_": null, "Meters_Installation_Cost_Includ": null, "F_Total_Est__Project_Cost_Inclu": null, "LU_Design_Engineer": null, "Engineering_Consultant": null, "Notes_": "\n", "lat": 41.6812027, "lon": -71.1651494, "Mapped_address": "Orswell St & Laurel St, Fall River, MA 02724, USA", "FID": 120}}, {"type": "Feature", "id": 121, "geometry": {"type": "Point", "coordinates": [-71.1557808, 41.6794691]}, "properties": {"Line__": 319, "Year": 2029, "Project_Name": "Laurel St. Main Replacement Phase 3", "Address": "Orswell St. (Stafford Rd. to Montaup St.)", "Estimated_Cost": null, "Town": "FALL RIVER", "Reasons": "RISK & CONVERT TO 60#", "UP_or_CP": "UP", "Single_Highest_Risk_Score__on_S": "48", "Existing__Pressure": "Low", "Ex__Main_Size__in____CI___WI_": "4\" & 6\" (LP)", "Ex__Main_Length__ft____CI___WI_": 2167, "Ex__Main_Size__in____BS_": "4\" (LP)", "Ex__Main_Length__ft____BS_": 947, "Ex__Main_Size__in____WS__Unprot": "0", "Ex__Main_Length__ft____WS__Unpr": 0, "Ex__Main_Size__in____WS__CP_Pro": 0, "Ex__Main_Length__ft____WS__CP_P": 0, "Ex__Main_Size__in____PE_": "0", "Ex__Main_Length__ft____PE_": 0, "Ex__Main_Size__in____Drisco_": "0", "Ex__Main_Length__ft____Drisco_": 0, "Ex__Main_Size__in_____Aldyl_A_": "0", "Ex__Main_Length__ft____Aldyl_A_": 0, "New_Main__for_System__Integrity": 172, "Total_GSEP_Footage__ft__": 3114, "Total_Non_GSEP_Footage__ft__": 0, "Prop__Total__Length_for__Instal": 3286, "Prop__Total__Length_for_Abandon": 3114, "F__Incidental_Pipe_Per_Project": null, "Ex__PE_Size__in____to_be_Retest": 0, "Ex__PE_Length__ft___to_be_Retes": 0, "Majority_Existing_Main_Info": "4\" (LP) CI", "Prop__Main_Size__in____PE_": 4, "Prop__Main_Pressure": "60#", "F__Replaced_Services__BS_": 17, "F__Replaced_Services__WS_": 9, "F__Replaced_Services__Drisco_": 15, "F__Replaced_Services___Aldyl_A_": 7, "F__Replaced_Services__Total_": 48, "F__Service__Transfers": 14, "Est_____Days": 51, "Est_____Extra__Days_for__Ledge_": 13, "F__of_Tie_Ins": null, "F__of_Cut_Offs": null, "F__of_Inside_Services": null, "F__of_Outside_Services": null, "Budgeted_In_2023_for_2024": null, "Main_Cost_1_Including_Const_OH": null, "Inspector": null, "Police": null, "Gravel_Tr_In": null, "Ledge_Removal": null, "T_M": null, "Re_Pressure_Test": null, "Extra_Restoration_Estimate_from": null, "Non_Standard_Work__Bridges__Lan": null, "Cost": null, "Construction__OVHD": null, "Engineering__Design_Cost": null, "Total_Overage": null, "Services_Cost_Including_Constr_": null, "Meters_Installation_Cost_Includ": null, "F_Total_Est__Project_Cost_Inclu": null, "LU_Design_Engineer": null, "Engineering_Consultant": null, "Notes_": "\n", "lat": 41.6794691, "lon": -71.1557808, "Mapped_address": "Stafford Rd & Orswell St, Fall River, MA 02721, USA", "FID": 121}}, {"type": "Feature", "id": 122, "geometry": {"type": "Point", "coordinates": [-71.156116, 41.6802389]}, "properties": {"Line__": 320, "Year": 2029, "Project_Name": "Laurel St. Main Replacement Phase 3", "Address": "Aetna St. (Stafford Rd. to Montaup St.)", "Estimated_Cost": null, "Town": "FALL RIVER", "Reasons": "RISK & CONVERT TO 60#", "UP_or_CP": "UP", "Single_Highest_Risk_Score__on_S": "40", "Existing__Pressure": "Low", "Ex__Main_Size__in____CI___WI_": "4\" (LP)", "Ex__Main_Length__ft____CI___WI_": 1515, "Ex__Main_Size__in____BS_": "4\" (LP)", "Ex__Main_Length__ft____BS_": 397, "Ex__Main_Size__in____WS__Unprot": "4\" (LP)", "Ex__Main_Length__ft____WS__Unpr": 504, "Ex__Main_Size__in____WS__CP_Pro": 0, "Ex__Main_Length__ft____WS__CP_P": 0, "Ex__Main_Size__in____PE_": "4\" & 6\" (LP)", "Ex__Main_Length__ft____PE_": 726, "Ex__Main_Size__in____Drisco_": "0", "Ex__Main_Length__ft____Drisco_": 0, "Ex__Main_Size__in_____Aldyl_A_": "0", "Ex__Main_Length__ft____Aldyl_A_": 0, "New_Main__for_System__Integrity": 0, "Total_GSEP_Footage__ft__": 2416, "Total_Non_GSEP_Footage__ft__": 726, "Prop__Total__Length_for__Instal": 3142, "Prop__Total__Length_for_Abandon": 3142, "F__Incidental_Pipe_Per_Project": null, "Ex__PE_Size__in____to_be_Retest": 0, "Ex__PE_Length__ft___to_be_Retes": 0, "Majority_Existing_Main_Info": "4\" (LP) CI", "Prop__Main_Size__in____PE_": 4, "Prop__Main_Pressure": "60#", "F__Replaced_Services__BS_": 7, "F__Replaced_Services__WS_": 2, "F__Replaced_Services__Drisco_": 18, "F__Replaced_Services___Aldyl_A_": 1, "F__Replaced_Services__Total_": 28, "F__Service__Transfers": 15, "Est_____Days": 40, "Est_____Extra__Days_for__Ledge_": 10, "F__of_Tie_Ins": null, "F__of_Cut_Offs": null, "F__of_Inside_Services": null, "F__of_Outside_Services": null, "Budgeted_In_2023_for_2024": null, "Main_Cost_1_Including_Const_OH": null, "Inspector": null, "Police": null, "Gravel_Tr_In": null, "Ledge_Removal": null, "T_M": null, "Re_Pressure_Test": null, "Extra_Restoration_Estimate_from": null, "Non_Standard_Work__Bridges__Lan": null, "Cost": null, "Construction__OVHD": null, "Engineering__Design_Cost": null, "Total_Overage": null, "Services_Cost_Including_Constr_": null, "Meters_Installation_Cost_Includ": null, "F_Total_Est__Project_Cost_Inclu": null, "LU_Design_Engineer": null, "Engineering_Consultant": null, "Notes_": "\n", "lat": 41.6802389, "lon": -71.156116, "Mapped_address": "Stafford Rd & Aetna St, Fall River, MA 02721, USA", "FID": 122}}, {"type": "Feature", "id": 123, "geometry": {"type": "Point", "coordinates": [-71.155278, 41.7019252]}, "properties": {"Line__": 321, "Year": 2029, "Project_Name": "N. Main St Main Replacement Phase 1", "Address": "N. Main St. (Bedford St. to Pine St.)", "Estimated_Cost": null, "Town": "FALL RIVER", "Reasons": "RISK & CONVERT TO 60#", "UP_or_CP": "UP", "Single_Highest_Risk_Score__on_S": "44", "Existing__Pressure": "Low", "Ex__Main_Size__in____CI___WI_": "8\" (LP)", "Ex__Main_Length__ft____CI___WI_": 987, "Ex__Main_Size__in____BS_": "8\" (LP)", "Ex__Main_Length__ft____BS_": 49, "Ex__Main_Size__in____WS__Unprot": "0", "Ex__Main_Length__ft____WS__Unpr": 0, "Ex__Main_Size__in____WS__CP_Pro": 0, "Ex__Main_Length__ft____WS__CP_P": 0, "Ex__Main_Size__in____PE_": "0", "Ex__Main_Length__ft____PE_": 0, "Ex__Main_Size__in____Drisco_": "0", "Ex__Main_Length__ft____Drisco_": 0, "Ex__Main_Size__in_____Aldyl_A_": "0", "Ex__Main_Length__ft____Aldyl_A_": 0, "New_Main__for_System__Integrity": 0, "Total_GSEP_Footage__ft__": 1036, "Total_Non_GSEP_Footage__ft__": 0, "Prop__Total__Length_for__Instal": 1036, "Prop__Total__Length_for_Abandon": 1036, "F__Incidental_Pipe_Per_Project": null, "Ex__PE_Size__in____to_be_Retest": 0, "Ex__PE_Length__ft___to_be_Retes": 0, "Majority_Existing_Main_Info": "8\" (LP) CI", "Prop__Main_Size__in____PE_": 8, "Prop__Main_Pressure": "60#", "F__Replaced_Services__BS_": 5, "F__Replaced_Services__WS_": 2, "F__Replaced_Services__Drisco_": 3, "F__Replaced_Services___Aldyl_A_": 0, "F__Replaced_Services__Total_": 10, "F__Service__Transfers": 1, "Est_____Days": 11, "Est_____Extra__Days_for__Ledge_": 3, "F__of_Tie_Ins": null, "F__of_Cut_Offs": null, "F__of_Inside_Services": null, "F__of_Outside_Services": null, "Budgeted_In_2023_for_2024": null, "Main_Cost_1_Including_Const_OH": null, "Inspector": null, "Police": null, "Gravel_Tr_In": null, "Ledge_Removal": null, "T_M": null, "Re_Pressure_Test": null, "Extra_Restoration_Estimate_from": null, "Non_Standard_Work__Bridges__Lan": null, "Cost": null, "Construction__OVHD": null, "Engineering__Design_Cost": null, "Total_Overage": null, "Services_Cost_Including_Constr_": null, "Meters_Installation_Cost_Includ": null, "F_Total_Est__Project_Cost_Inclu": null, "LU_Design_Engineer": null, "Engineering_Consultant": null, "Notes_": "\n", "lat": 41.7019252, "lon": -71.155278, "Mapped_address": "N Main St & Bedford St, Fall River, MA 02720, USA", "FID": 123}}, {"type": "Feature", "id": 124, "geometry": {"type": "Point", "coordinates": [-71.1552668, 41.7022711]}, "properties": {"Line__": 323, "Year": 2029, "Project_Name": "N. Main St Main Replacement Phase 1", "Address": "Granite St. (N. Main St. to #22 Bedford St.)", "Estimated_Cost": null, "Town": "FALL RIVER", "Reasons": "RISK & CONVERT TO 60#", "UP_or_CP": "UP", "Single_Highest_Risk_Score__on_S": "44", "Existing__Pressure": "Low", "Ex__Main_Size__in____CI___WI_": "4\" & 6\" (LP)", "Ex__Main_Length__ft____CI___WI_": 182, "Ex__Main_Size__in____BS_": "0", "Ex__Main_Length__ft____BS_": 0, "Ex__Main_Size__in____WS__Unprot": "0", "Ex__Main_Length__ft____WS__Unpr": 0, "Ex__Main_Size__in____WS__CP_Pro": 0, "Ex__Main_Length__ft____WS__CP_P": 0, "Ex__Main_Size__in____PE_": "6\" (LP)", "Ex__Main_Length__ft____PE_": 8, "Ex__Main_Size__in____Drisco_": "0", "Ex__Main_Length__ft____Drisco_": 0, "Ex__Main_Size__in_____Aldyl_A_": "0", "Ex__Main_Length__ft____Aldyl_A_": 0, "New_Main__for_System__Integrity": 0, "Total_GSEP_Footage__ft__": 182, "Total_Non_GSEP_Footage__ft__": 8, "Prop__Total__Length_for__Instal": 190, "Prop__Total__Length_for_Abandon": 190, "F__Incidental_Pipe_Per_Project": null, "Ex__PE_Size__in____to_be_Retest": 0, "Ex__PE_Length__ft___to_be_Retes": 0, "Majority_Existing_Main_Info": "4\" (LP) CI", "Prop__Main_Size__in____PE_": 2, "Prop__Main_Pressure": "60#", "F__Replaced_Services__BS_": 0, "F__Replaced_Services__WS_": 0, "F__Replaced_Services__Drisco_": 1, "F__Replaced_Services___Aldyl_A_": 0, "F__Replaced_Services__Total_": 1, "F__Service__Transfers": 1, "Est_____Days": 2, "Est_____Extra__Days_for__Ledge_": 0, "F__of_Tie_Ins": null, "F__of_Cut_Offs": null, "F__of_Inside_Services": null, "F__of_Outside_Services": null, "Budgeted_In_2023_for_2024": null, "Main_Cost_1_Including_Const_OH": null, "Inspector": null, "Police": null, "Gravel_Tr_In": null, "Ledge_Removal": null, "T_M": null, "Re_Pressure_Test": null, "Extra_Restoration_Estimate_from": null, "Non_Standard_Work__Bridges__Lan": null, "Cost": null, "Construction__OVHD": null, "Engineering__Design_Cost": null, "Total_Overage": null, "Services_Cost_Including_Constr_": null, "Meters_Installation_Cost_Includ": null, "F_Total_Est__Project_Cost_Inclu": null, "LU_Design_Engineer": null, "Engineering_Consultant": null, "Notes_": "\n", "lat": 41.7022711, "lon": -71.1552668, "Mapped_address": "Granite St & N Main St, Fall River, MA 02720, USA", "FID": 124}}, {"type": "Feature", "id": 125, "geometry": {"type": "Point", "coordinates": [-71.1339919, 41.7341785]}, "properties": {"Line__": 324, "Year": 2029, "Project_Name": "N. Main St Main Replacement Phase 1", "Address": "Elm St. (N. Main St. to Durfee St.)", "Estimated_Cost": null, "Town": "FALL RIVER", "Reasons": "CONVERT TO 60#", "UP_or_CP": "UP", "Single_Highest_Risk_Score__on_S": "No Score", "Existing__Pressure": "Low", "Ex__Main_Size__in____CI___WI_": "0", "Ex__Main_Length__ft____CI___WI_": 0, "Ex__Main_Size__in____BS_": "0", "Ex__Main_Length__ft____BS_": 0, "Ex__Main_Size__in____WS__Unprot": "0", "Ex__Main_Length__ft____WS__Unpr": 0, "Ex__Main_Size__in____WS__CP_Pro": 0, "Ex__Main_Length__ft____WS__CP_P": 0, "Ex__Main_Size__in____PE_": "0", "Ex__Main_Length__ft____PE_": 0, "Ex__Main_Size__in____Drisco_": "0", "Ex__Main_Length__ft____Drisco_": 0, "Ex__Main_Size__in_____Aldyl_A_": "0", "Ex__Main_Length__ft____Aldyl_A_": 0, "New_Main__for_System__Integrity": 140, "Total_GSEP_Footage__ft__": 0, "Total_Non_GSEP_Footage__ft__": 0, "Prop__Total__Length_for__Instal": 140, "Prop__Total__Length_for_Abandon": 0, "F__Incidental_Pipe_Per_Project": null, "Ex__PE_Size__in____to_be_Retest": 0, "Ex__PE_Length__ft___to_be_Retes": 0, "Majority_Existing_Main_Info": "N/A", "Prop__Main_Size__in____PE_": 2, "Prop__Main_Pressure": "60#", "F__Replaced_Services__BS_": 0, "F__Replaced_Services__WS_": 0, "F__Replaced_Services__Drisco_": 0, "F__Replaced_Services___Aldyl_A_": 0, "F__Replaced_Services__Total_": 0, "F__Service__Transfers": 0, "Est_____Days": 1, "Est_____Extra__Days_for__Ledge_": 0, "F__of_Tie_Ins": null, "F__of_Cut_Offs": null, "F__of_Inside_Services": null, "F__of_Outside_Services": null, "Budgeted_In_2023_for_2024": null, "Main_Cost_1_Including_Const_OH": null, "Inspector": null, "Police": null, "Gravel_Tr_In": null, "Ledge_Removal": null, "T_M": null, "Re_Pressure_Test": null, "Extra_Restoration_Estimate_from": null, "Non_Standard_Work__Bridges__Lan": null, "Cost": null, "Construction__OVHD": null, "Engineering__Design_Cost": null, "Total_Overage": null, "Services_Cost_Including_Constr_": null, "Meters_Installation_Cost_Includ": null, "F_Total_Est__Project_Cost_Inclu": null, "LU_Design_Engineer": null, "Engineering_Consultant": null, "Notes_": "\n", "lat": 41.7341785, "lon": -71.1339919, "Mapped_address": "N Main St, Fall River, MA 02720, USA", "FID": 125}}, {"type": "Feature", "id": 126, "geometry": {"type": "Point", "coordinates": [-71.1562568, 41.7047749]}, "properties": {"Line__": 325, "Year": 2029, "Project_Name": "N. Main St Main Replacement Phase 1", "Address": "Durfee St. (Pine St. to Central St.)", "Estimated_Cost": null, "Town": "FALL RIVER", "Reasons": "CONVERT TO 60#", "UP_or_CP": "UP", "Single_Highest_Risk_Score__on_S": "No Score", "Existing__Pressure": "Low", "Ex__Main_Size__in____CI___WI_": "4\" (LP)", "Ex__Main_Length__ft____CI___WI_": 28, "Ex__Main_Size__in____BS_": "0", "Ex__Main_Length__ft____BS_": 0, "Ex__Main_Size__in____WS__Unprot": "0", "Ex__Main_Length__ft____WS__Unpr": 0, "Ex__Main_Size__in____WS__CP_Pro": 0, "Ex__Main_Length__ft____WS__CP_P": 0, "Ex__Main_Size__in____PE_": "4\" (LP)", "Ex__Main_Length__ft____PE_": 456, "Ex__Main_Size__in____Drisco_": "0", "Ex__Main_Length__ft____Drisco_": 0, "Ex__Main_Size__in_____Aldyl_A_": "0", "Ex__Main_Length__ft____Aldyl_A_": 0, "New_Main__for_System__Integrity": 0, "Total_GSEP_Footage__ft__": 28, "Total_Non_GSEP_Footage__ft__": 456, "Prop__Total__Length_for__Instal": 28, "Prop__Total__Length_for_Abandon": 28, "F__Incidental_Pipe_Per_Project": null, "Ex__PE_Size__in____to_be_Retest": null, "Ex__PE_Length__ft___to_be_Retes": 456, "Majority_Existing_Main_Info": "4\" (LP) PE", "Prop__Main_Size__in____PE_": 4, "Prop__Main_Pressure": "60#", "F__Replaced_Services__BS_": 0, "F__Replaced_Services__WS_": 0, "F__Replaced_Services__Drisco_": 1, "F__Replaced_Services___Aldyl_A_": 0, "F__Replaced_Services__Total_": 1, "F__Service__Transfers": 0, "Est_____Days": 1, "Est_____Extra__Days_for__Ledge_": 0, "F__of_Tie_Ins": null, "F__of_Cut_Offs": null, "F__of_Inside_Services": null, "F__of_Outside_Services": null, "Budgeted_In_2023_for_2024": null, "Main_Cost_1_Including_Const_OH": null, "Inspector": null, "Police": null, "Gravel_Tr_In": null, "Ledge_Removal": null, "T_M": null, "Re_Pressure_Test": null, "Extra_Restoration_Estimate_from": null, "Non_Standard_Work__Bridges__Lan": null, "Cost": null, "Construction__OVHD": null, "Engineering__Design_Cost": null, "Total_Overage": null, "Services_Cost_Including_Constr_": null, "Meters_Installation_Cost_Includ": null, "F_Total_Est__Project_Cost_Inclu": null, "LU_Design_Engineer": null, "Engineering_Consultant": null, "Notes_": "\n", "lat": 41.7047749, "lon": -71.1562568, "Mapped_address": "Pine St & Durfee St, Fall River, MA 02720, USA", "FID": 126}}, {"type": "Feature", "id": 127, "geometry": {"type": "Point", "coordinates": [-71.1562568, 41.7047749]}, "properties": {"Line__": 326, "Year": 2029, "Project_Name": "N. Main St Main Replacement Phase 1", "Address": "Durfee St. (Pine St. to Central St.)(Abandonment Only)", "Estimated_Cost": null, "Town": "FALL RIVER", "Reasons": "DUAL MAIN ABANDONMENT", "UP_or_CP": "UP", "Single_Highest_Risk_Score__on_S": "30", "Existing__Pressure": "Low", "Ex__Main_Size__in____CI___WI_": "0", "Ex__Main_Length__ft____CI___WI_": 0, "Ex__Main_Size__in____BS_": "0", "Ex__Main_Length__ft____BS_": 0, "Ex__Main_Size__in____WS__Unprot": "4\" (LP)", "Ex__Main_Length__ft____WS__Unpr": 428, "Ex__Main_Size__in____WS__CP_Pro": 0, "Ex__Main_Length__ft____WS__CP_P": 0, "Ex__Main_Size__in____PE_": "0", "Ex__Main_Length__ft____PE_": 0, "Ex__Main_Size__in____Drisco_": "0", "Ex__Main_Length__ft____Drisco_": 0, "Ex__Main_Size__in_____Aldyl_A_": "0", "Ex__Main_Length__ft____Aldyl_A_": 0, "New_Main__for_System__Integrity": 0, "Total_GSEP_Footage__ft__": 428, "Total_Non_GSEP_Footage__ft__": 0, "Prop__Total__Length_for__Instal": null, "Prop__Total__Length_for_Abandon": 428, "F__Incidental_Pipe_Per_Project": null, "Ex__PE_Size__in____to_be_Retest": 0, "Ex__PE_Length__ft___to_be_Retes": 0, "Majority_Existing_Main_Info": "4\" (LP) WS", "Prop__Main_Size__in____PE_": null, "Prop__Main_Pressure": "No Install", "F__Replaced_Services__BS_": 0, "F__Replaced_Services__WS_": 0, "F__Replaced_Services__Drisco_": 0, "F__Replaced_Services___Aldyl_A_": 0, "F__Replaced_Services__Total_": 0, "F__Service__Transfers": 0, "Est_____Days": 2, "Est_____Extra__Days_for__Ledge_": 1, "F__of_Tie_Ins": null, "F__of_Cut_Offs": null, "F__of_Inside_Services": null, "F__of_Outside_Services": null, "Budgeted_In_2023_for_2024": null, "Main_Cost_1_Including_Const_OH": null, "Inspector": null, "Police": null, "Gravel_Tr_In": null, "Ledge_Removal": null, "T_M": null, "Re_Pressure_Test": null, "Extra_Restoration_Estimate_from": null, "Non_Standard_Work__Bridges__Lan": null, "Cost": null, "Construction__OVHD": null, "Engineering__Design_Cost": null, "Total_Overage": null, "Services_Cost_Including_Constr_": null, "Meters_Installation_Cost_Includ": null, "F_Total_Est__Project_Cost_Inclu": null, "LU_Design_Engineer": null, "Engineering_Consultant": null, "Notes_": "\n", "lat": 41.7047749, "lon": -71.1562568, "Mapped_address": "Pine St & Durfee St, Fall River, MA 02720, USA", "FID": 127}}, {"type": "Feature", "id": 128, "geometry": {"type": "Point", "coordinates": [-71.1339919, 41.7341785]}, "properties": {"Line__": 327, "Year": 2029, "Project_Name": "N. Main St Main Replacement Phase 1", "Address": "Franklin St. (N. Main St. to N. Seventh St.)", "Estimated_Cost": null, "Town": "FALL RIVER", "Reasons": "CONVERT TO 60#", "UP_or_CP": "UP", "Single_Highest_Risk_Score__on_S": "No Score", "Existing__Pressure": "Low", "Ex__Main_Size__in____CI___WI_": "4\" (LP)", "Ex__Main_Length__ft____CI___WI_": 24, "Ex__Main_Size__in____BS_": "0", "Ex__Main_Length__ft____BS_": 0, "Ex__Main_Size__in____WS__Unprot": "0", "Ex__Main_Length__ft____WS__Unpr": 0, "Ex__Main_Size__in____WS__CP_Pro": 0, "Ex__Main_Length__ft____WS__CP_P": 0, "Ex__Main_Size__in____PE_": "4\" (LP)", "Ex__Main_Length__ft____PE_": 1446, "Ex__Main_Size__in____Drisco_": "0", "Ex__Main_Length__ft____Drisco_": 0, "Ex__Main_Size__in_____Aldyl_A_": "0", "Ex__Main_Length__ft____Aldyl_A_": 0, "New_Main__for_System__Integrity": 0, "Total_GSEP_Footage__ft__": 24, "Total_Non_GSEP_Footage__ft__": 1446, "Prop__Total__Length_for__Instal": 24, "Prop__Total__Length_for_Abandon": 24, "F__Incidental_Pipe_Per_Project": null, "Ex__PE_Size__in____to_be_Retest": null, "Ex__PE_Length__ft___to_be_Retes": 1446, "Majority_Existing_Main_Info": "4\" (LP) PE", "Prop__Main_Size__in____PE_": 4, "Prop__Main_Pressure": "60#", "F__Replaced_Services__BS_": 0, "F__Replaced_Services__WS_": 0, "F__Replaced_Services__Drisco_": 0, "F__Replaced_Services___Aldyl_A_": 0, "F__Replaced_Services__Total_": 0, "F__Service__Transfers": 31, "Est_____Days": 10, "Est_____Extra__Days_for__Ledge_": 3, "F__of_Tie_Ins": null, "F__of_Cut_Offs": null, "F__of_Inside_Services": null, "F__of_Outside_Services": null, "Budgeted_In_2023_for_2024": null, "Main_Cost_1_Including_Const_OH": null, "Inspector": null, "Police": null, "Gravel_Tr_In": null, "Ledge_Removal": null, "T_M": null, "Re_Pressure_Test": null, "Extra_Restoration_Estimate_from": null, "Non_Standard_Work__Bridges__Lan": null, "Cost": null, "Construction__OVHD": null, "Engineering__Design_Cost": null, "Total_Overage": null, "Services_Cost_Including_Constr_": null, "Meters_Installation_Cost_Includ": null, "F_Total_Est__Project_Cost_Inclu": null, "LU_Design_Engineer": null, "Engineering_Consultant": null, "Notes_": "\n", "lat": 41.7341785, "lon": -71.1339919, "Mapped_address": "N Main St, Fall River, MA 02720, USA", "FID": 128}}, {"type": "Feature", "id": 129, "geometry": {"type": "Point", "coordinates": [-71.1529992, 41.7031555]}, "properties": {"Line__": 328, "Year": 2029, "Project_Name": "N. Main St Main Replacement Phase 1", "Address": "Rock St. (Franklin St. to Pine St.)", "Estimated_Cost": null, "Town": "FALL RIVER", "Reasons": "CONVERT TO 60#", "UP_or_CP": "UP", "Single_Highest_Risk_Score__on_S": "No Score", "Existing__Pressure": "Low", "Ex__Main_Size__in____CI___WI_": "0", "Ex__Main_Length__ft____CI___WI_": 0, "Ex__Main_Size__in____BS_": "0", "Ex__Main_Length__ft____BS_": 0, "Ex__Main_Size__in____WS__Unprot": "0", "Ex__Main_Length__ft____WS__Unpr": 0, "Ex__Main_Size__in____WS__CP_Pro": 0, "Ex__Main_Length__ft____WS__CP_P": 0, "Ex__Main_Size__in____PE_": "4\" (LP)", "Ex__Main_Length__ft____PE_": 400, "Ex__Main_Size__in____Drisco_": "0", "Ex__Main_Length__ft____Drisco_": 0, "Ex__Main_Size__in_____Aldyl_A_": "0", "Ex__Main_Length__ft____Aldyl_A_": 0, "New_Main__for_System__Integrity": 0, "Total_GSEP_Footage__ft__": 0, "Total_Non_GSEP_Footage__ft__": 400, "Prop__Total__Length_for__Instal": 0, "Prop__Total__Length_for_Abandon": 0, "F__Incidental_Pipe_Per_Project": null, "Ex__PE_Size__in____to_be_Retest": null, "Ex__PE_Length__ft___to_be_Retes": 400, "Majority_Existing_Main_Info": "4\" (LP) PE", "Prop__Main_Size__in____PE_": null, "Prop__Main_Pressure": "60#", "F__Replaced_Services__BS_": 0, "F__Replaced_Services__WS_": 0, "F__Replaced_Services__Drisco_": 0, "F__Replaced_Services___Aldyl_A_": 0, "F__Replaced_Services__Total_": 0, "F__Service__Transfers": 7, "Est_____Days": 2, "Est_____Extra__Days_for__Ledge_": 1, "F__of_Tie_Ins": null, "F__of_Cut_Offs": null, "F__of_Inside_Services": null, "F__of_Outside_Services": null, "Budgeted_In_2023_for_2024": null, "Main_Cost_1_Including_Const_OH": null, "Inspector": null, "Police": null, "Gravel_Tr_In": null, "Ledge_Removal": null, "T_M": null, "Re_Pressure_Test": null, "Extra_Restoration_Estimate_from": null, "Non_Standard_Work__Bridges__Lan": null, "Cost": null, "Construction__OVHD": null, "Engineering__Design_Cost": null, "Total_Overage": null, "Services_Cost_Including_Constr_": null, "Meters_Installation_Cost_Includ": null, "F_Total_Est__Project_Cost_Inclu": null, "LU_Design_Engineer": null, "Engineering_Consultant": null, "Notes_": "\n", "lat": 41.7031555, "lon": -71.1529992, "Mapped_address": "Rock St & Franklin St, Fall River, MA 02720, USA", "FID": 129}}, {"type": "Feature", "id": 130, "geometry": {"type": "Point", "coordinates": [-71.1508226, 41.7027673]}, "properties": {"Line__": 329, "Year": 2029, "Project_Name": "N. Main St Main Replacement Phase 1", "Address": "Winter St. (Franklin St. to Pine St.)", "Estimated_Cost": null, "Town": "FALL RIVER", "Reasons": "CONVERT TO 60#", "UP_or_CP": "UP", "Single_Highest_Risk_Score__on_S": "No Score", "Existing__Pressure": "Low", "Ex__Main_Size__in____CI___WI_": "0", "Ex__Main_Length__ft____CI___WI_": 0, "Ex__Main_Size__in____BS_": "0", "Ex__Main_Length__ft____BS_": 0, "Ex__Main_Size__in____WS__Unprot": "0", "Ex__Main_Length__ft____WS__Unpr": 0, "Ex__Main_Size__in____WS__CP_Pro": 0, "Ex__Main_Length__ft____WS__CP_P": 0, "Ex__Main_Size__in____PE_": "4\" (LP)", "Ex__Main_Length__ft____PE_": 415, "Ex__Main_Size__in____Drisco_": "0", "Ex__Main_Length__ft____Drisco_": 0, "Ex__Main_Size__in_____Aldyl_A_": "0", "Ex__Main_Length__ft____Aldyl_A_": 0, "New_Main__for_System__Integrity": 0, "Total_GSEP_Footage__ft__": 0, "Total_Non_GSEP_Footage__ft__": 415, "Prop__Total__Length_for__Instal": 0, "Prop__Total__Length_for_Abandon": 0, "F__Incidental_Pipe_Per_Project": null, "Ex__PE_Size__in____to_be_Retest": null, "Ex__PE_Length__ft___to_be_Retes": 415, "Majority_Existing_Main_Info": "4\" (LP) PE", "Prop__Main_Size__in____PE_": null, "Prop__Main_Pressure": "60#", "F__Replaced_Services__BS_": 0, "F__Replaced_Services__WS_": 0, "F__Replaced_Services__Drisco_": 0, "F__Replaced_Services___Aldyl_A_": 0, "F__Replaced_Services__Total_": 0, "F__Service__Transfers": 14, "Est_____Days": 5, "Est_____Extra__Days_for__Ledge_": 1, "F__of_Tie_Ins": null, "F__of_Cut_Offs": null, "F__of_Inside_Services": null, "F__of_Outside_Services": null, "Budgeted_In_2023_for_2024": null, "Main_Cost_1_Including_Const_OH": null, "Inspector": null, "Police": null, "Gravel_Tr_In": null, "Ledge_Removal": null, "T_M": null, "Re_Pressure_Test": null, "Extra_Restoration_Estimate_from": null, "Non_Standard_Work__Bridges__Lan": null, "Cost": null, "Construction__OVHD": null, "Engineering__Design_Cost": null, "Total_Overage": null, "Services_Cost_Including_Constr_": null, "Meters_Installation_Cost_Includ": null, "F_Total_Est__Project_Cost_Inclu": null, "LU_Design_Engineer": null, "Engineering_Consultant": null, "Notes_": "\n", "lat": 41.7027673, "lon": -71.1508226, "Mapped_address": "Winter St & Franklin St, Fall River, MA 02720, USA", "FID": 130}}, {"type": "Feature", "id": 131, "geometry": {"type": "Point", "coordinates": [-71.1549749, 41.7046802]}, "properties": {"Line__": 331, "Year": 2029, "Project_Name": "N. Main St Main Replacement Phase 2", "Address": "N. Main St. (Pine St. to Walnut St.)", "Estimated_Cost": null, "Town": "FALL RIVER", "Reasons": "RISK & CONVERT TO 60#", "UP_or_CP": "UP", "Single_Highest_Risk_Score__on_S": "43", "Existing__Pressure": "Low", "Ex__Main_Size__in____CI___WI_": "8\" (LP)", "Ex__Main_Length__ft____CI___WI_": 1054, "Ex__Main_Size__in____BS_": "0", "Ex__Main_Length__ft____BS_": 0, "Ex__Main_Size__in____WS__Unprot": "0", "Ex__Main_Length__ft____WS__Unpr": 0, "Ex__Main_Size__in____WS__CP_Pro": 0, "Ex__Main_Length__ft____WS__CP_P": 0, "Ex__Main_Size__in____PE_": "0", "Ex__Main_Length__ft____PE_": 0, "Ex__Main_Size__in____Drisco_": "8\" (LP)", "Ex__Main_Length__ft____Drisco_": 10, "Ex__Main_Size__in_____Aldyl_A_": "0", "Ex__Main_Length__ft____Aldyl_A_": 0, "New_Main__for_System__Integrity": 0, "Total_GSEP_Footage__ft__": 1054, "Total_Non_GSEP_Footage__ft__": 0, "Prop__Total__Length_for__Instal": 1054, "Prop__Total__Length_for_Abandon": 1054, "F__Incidental_Pipe_Per_Project": null, "Ex__PE_Size__in____to_be_Retest": 0, "Ex__PE_Length__ft___to_be_Retes": 0, "Majority_Existing_Main_Info": "8\" (LP) CI", "Prop__Main_Size__in____PE_": 8, "Prop__Main_Pressure": "60#", "F__Replaced_Services__BS_": 5, "F__Replaced_Services__WS_": 0, "F__Replaced_Services__Drisco_": 3, "F__Replaced_Services___Aldyl_A_": 1, "F__Replaced_Services__Total_": 9, "F__Service__Transfers": 1, "Est_____Days": 7, "Est_____Extra__Days_for__Ledge_": 2, "F__of_Tie_Ins": null, "F__of_Cut_Offs": null, "F__of_Inside_Services": null, "F__of_Outside_Services": null, "Budgeted_In_2023_for_2024": null, "Main_Cost_1_Including_Const_OH": null, "Inspector": null, "Police": null, "Gravel_Tr_In": null, "Ledge_Removal": null, "T_M": null, "Re_Pressure_Test": null, "Extra_Restoration_Estimate_from": null, "Non_Standard_Work__Bridges__Lan": null, "Cost": null, "Construction__OVHD": null, "Engineering__Design_Cost": null, "Total_Overage": null, "Services_Cost_Including_Constr_": null, "Meters_Installation_Cost_Includ": null, "F_Total_Est__Project_Cost_Inclu": null, "LU_Design_Engineer": null, "Engineering_Consultant": null, "Notes_": "\n", "lat": 41.7046802, "lon": -71.1549749, "Mapped_address": "Pine St & N Main St, Fall River, MA 02720, USA", "FID": 131}}, {"type": "Feature", "id": 132, "geometry": {"type": "Point", "coordinates": [-71.1339919, 41.7341785]}, "properties": {"Line__": 332, "Year": 2029, "Project_Name": "N. Main St Main Replacement Phase 2", "Address": "Pine St. (N. Main St. to Meadow St.)(Abandonment Only)", "Estimated_Cost": null, "Town": "FALL RIVER", "Reasons": "DUAL MAIN ABANDONMENT", "UP_or_CP": "UP", "Single_Highest_Risk_Score__on_S": "44", "Existing__Pressure": "Low", "Ex__Main_Size__in____CI___WI_": "4\" & 6\" (LP)", "Ex__Main_Length__ft____CI___WI_": 835, "Ex__Main_Size__in____BS_": "0", "Ex__Main_Length__ft____BS_": 0, "Ex__Main_Size__in____WS__Unprot": "0", "Ex__Main_Length__ft____WS__Unpr": 0, "Ex__Main_Size__in____WS__CP_Pro": 0, "Ex__Main_Length__ft____WS__CP_P": 0, "Ex__Main_Size__in____PE_": "6\" (LP)", "Ex__Main_Length__ft____PE_": 98, "Ex__Main_Size__in____Drisco_": "0", "Ex__Main_Length__ft____Drisco_": 0, "Ex__Main_Size__in_____Aldyl_A_": "0", "Ex__Main_Length__ft____Aldyl_A_": 0, "New_Main__for_System__Integrity": 0, "Total_GSEP_Footage__ft__": 835, "Total_Non_GSEP_Footage__ft__": 98, "Prop__Total__Length_for__Instal": null, "Prop__Total__Length_for_Abandon": 933, "F__Incidental_Pipe_Per_Project": null, "Ex__PE_Size__in____to_be_Retest": 0, "Ex__PE_Length__ft___to_be_Retes": 0, "Majority_Existing_Main_Info": "6\" (LP) CI", "Prop__Main_Size__in____PE_": null, "Prop__Main_Pressure": "No Install", "F__Replaced_Services__BS_": 1, "F__Replaced_Services__WS_": 1, "F__Replaced_Services__Drisco_": 3, "F__Replaced_Services___Aldyl_A_": 0, "F__Replaced_Services__Total_": 5, "F__Service__Transfers": 1, "Est_____Days": 5, "Est_____Extra__Days_for__Ledge_": 1, "F__of_Tie_Ins": null, "F__of_Cut_Offs": null, "F__of_Inside_Services": null, "F__of_Outside_Services": null, "Budgeted_In_2023_for_2024": null, "Main_Cost_1_Including_Const_OH": null, "Inspector": null, "Police": null, "Gravel_Tr_In": null, "Ledge_Removal": null, "T_M": null, "Re_Pressure_Test": null, "Extra_Restoration_Estimate_from": null, "Non_Standard_Work__Bridges__Lan": null, "Cost": null, "Construction__OVHD": null, "Engineering__Design_Cost": null, "Total_Overage": null, "Services_Cost_Including_Constr_": null, "Meters_Installation_Cost_Includ": null, "F_Total_Est__Project_Cost_Inclu": null, "LU_Design_Engineer": null, "Engineering_Consultant": null, "Notes_": "\n", "lat": 41.7341785, "lon": -71.1339919, "Mapped_address": "N Main St, Fall River, MA 02720, USA", "FID": 132}}, {"type": "Feature", "id": 133, "geometry": {"type": "Point", "coordinates": [-71.1571933, 41.7048288]}, "properties": {"Line__": 334, "Year": 2029, "Project_Name": "N. Main St Main Replacement Phase 2", "Address": "Green St. (Pine St. to Elm St.)", "Estimated_Cost": null, "Town": "FALL RIVER", "Reasons": "RISK & CONVERT TO 60#", "UP_or_CP": "UP", "Single_Highest_Risk_Score__on_S": "No Score", "Existing__Pressure": "Low", "Ex__Main_Size__in____CI___WI_": "0", "Ex__Main_Length__ft____CI___WI_": 0, "Ex__Main_Size__in____BS_": "0", "Ex__Main_Length__ft____BS_": 0, "Ex__Main_Size__in____WS__Unprot": "0", "Ex__Main_Length__ft____WS__Unpr": 0, "Ex__Main_Size__in____WS__CP_Pro": 0, "Ex__Main_Length__ft____WS__CP_P": 0, "Ex__Main_Size__in____PE_": "0", "Ex__Main_Length__ft____PE_": 0, "Ex__Main_Size__in____Drisco_": "0", "Ex__Main_Length__ft____Drisco_": 0, "Ex__Main_Size__in_____Aldyl_A_": "0", "Ex__Main_Length__ft____Aldyl_A_": 0, "New_Main__for_System__Integrity": 135, "Total_GSEP_Footage__ft__": 0, "Total_Non_GSEP_Footage__ft__": 0, "Prop__Total__Length_for__Instal": 135, "Prop__Total__Length_for_Abandon": 0, "F__Incidental_Pipe_Per_Project": null, "Ex__PE_Size__in____to_be_Retest": 0, "Ex__PE_Length__ft___to_be_Retes": 0, "Majority_Existing_Main_Info": "N/A", "Prop__Main_Size__in____PE_": 2, "Prop__Main_Pressure": "60#", "F__Replaced_Services__BS_": 1, "F__Replaced_Services__WS_": 0, "F__Replaced_Services__Drisco_": 0, "F__Replaced_Services___Aldyl_A_": 0, "F__Replaced_Services__Total_": 1, "F__Service__Transfers": 0, "Est_____Days": 3, "Est_____Extra__Days_for__Ledge_": 1, "F__of_Tie_Ins": null, "F__of_Cut_Offs": null, "F__of_Inside_Services": null, "F__of_Outside_Services": null, "Budgeted_In_2023_for_2024": null, "Main_Cost_1_Including_Const_OH": null, "Inspector": null, "Police": null, "Gravel_Tr_In": null, "Ledge_Removal": null, "T_M": null, "Re_Pressure_Test": null, "Extra_Restoration_Estimate_from": null, "Non_Standard_Work__Bridges__Lan": null, "Cost": null, "Construction__OVHD": null, "Engineering__Design_Cost": null, "Total_Overage": null, "Services_Cost_Including_Constr_": null, "Meters_Installation_Cost_Includ": null, "F_Total_Est__Project_Cost_Inclu": null, "LU_Design_Engineer": null, "Engineering_Consultant": null, "Notes_": "\n", "lat": 41.7048288, "lon": -71.1571933, "Mapped_address": "Green St & Pine St, Fall River, MA 02720, USA", "FID": 133}}, {"type": "Feature", "id": 134, "geometry": {"type": "Point", "coordinates": [-71.1339919, 41.7341785]}, "properties": {"Line__": 336, "Year": 2029, "Project_Name": "N. Main St Main Replacement Phase 2", "Address": "Cherry St. (N. Main St. to Meadow St.)", "Estimated_Cost": null, "Town": "FALL RIVER", "Reasons": "RISK & CONVERT TO 60#", "UP_or_CP": "UP", "Single_Highest_Risk_Score__on_S": "44", "Existing__Pressure": "Low", "Ex__Main_Size__in____CI___WI_": "6\" (LP)", "Ex__Main_Length__ft____CI___WI_": 902, "Ex__Main_Size__in____BS_": "0", "Ex__Main_Length__ft____BS_": 0, "Ex__Main_Size__in____WS__Unprot": "0", "Ex__Main_Length__ft____WS__Unpr": 0, "Ex__Main_Size__in____WS__CP_Pro": 0, "Ex__Main_Length__ft____WS__CP_P": 0, "Ex__Main_Size__in____PE_": "6\" (LP)", "Ex__Main_Length__ft____PE_": 96, "Ex__Main_Size__in____Drisco_": "4\" (LP)", "Ex__Main_Length__ft____Drisco_": 12, "Ex__Main_Size__in_____Aldyl_A_": "0", "Ex__Main_Length__ft____Aldyl_A_": 0, "New_Main__for_System__Integrity": 0, "Total_GSEP_Footage__ft__": 902, "Total_Non_GSEP_Footage__ft__": 96, "Prop__Total__Length_for__Instal": 998, "Prop__Total__Length_for_Abandon": 998, "F__Incidental_Pipe_Per_Project": null, "Ex__PE_Size__in____to_be_Retest": 0, "Ex__PE_Length__ft___to_be_Retes": 0, "Majority_Existing_Main_Info": "6\" (LP) CI", "Prop__Main_Size__in____PE_": 4, "Prop__Main_Pressure": "60#", "F__Replaced_Services__BS_": 5, "F__Replaced_Services__WS_": 3, "F__Replaced_Services__Drisco_": 3, "F__Replaced_Services___Aldyl_A_": 1, "F__Replaced_Services__Total_": 12, "F__Service__Transfers": 2, "Est_____Days": 9, "Est_____Extra__Days_for__Ledge_": 2, "F__of_Tie_Ins": null, "F__of_Cut_Offs": null, "F__of_Inside_Services": null, "F__of_Outside_Services": null, "Budgeted_In_2023_for_2024": null, "Main_Cost_1_Including_Const_OH": null, "Inspector": null, "Police": null, "Gravel_Tr_In": null, "Ledge_Removal": null, "T_M": null, "Re_Pressure_Test": null, "Extra_Restoration_Estimate_from": null, "Non_Standard_Work__Bridges__Lan": null, "Cost": null, "Construction__OVHD": null, "Engineering__Design_Cost": null, "Total_Overage": null, "Services_Cost_Including_Constr_": null, "Meters_Installation_Cost_Includ": null, "F_Total_Est__Project_Cost_Inclu": null, "LU_Design_Engineer": null, "Engineering_Consultant": null, "Notes_": "\n", "lat": 41.7341785, "lon": -71.1339919, "Mapped_address": "N Main St, Fall River, MA 02720, USA", "FID": 134}}, {"type": "Feature", "id": 135, "geometry": {"type": "Point", "coordinates": [-71.1339919, 41.7341785]}, "properties": {"Line__": 337, "Year": 2029, "Project_Name": "N. Main St Main Replacement Phase 2", "Address": "Locust St. (N. Main St. to Doctor St.)", "Estimated_Cost": null, "Town": "FALL RIVER", "Reasons": "RISK & CONVERT TO 60#", "UP_or_CP": "UP", "Single_Highest_Risk_Score__on_S": "48", "Existing__Pressure": "Low", "Ex__Main_Size__in____CI___WI_": "4\" (LP)", "Ex__Main_Length__ft____CI___WI_": 449, "Ex__Main_Size__in____BS_": "2\" (LP)", "Ex__Main_Length__ft____BS_": 181, "Ex__Main_Size__in____WS__Unprot": "0", "Ex__Main_Length__ft____WS__Unpr": 0, "Ex__Main_Size__in____WS__CP_Pro": 0, "Ex__Main_Length__ft____WS__CP_P": 0, "Ex__Main_Size__in____PE_": "4\" (LP)", "Ex__Main_Length__ft____PE_": 82, "Ex__Main_Size__in____Drisco_": "4\" (LP)", "Ex__Main_Length__ft____Drisco_": 192, "Ex__Main_Size__in_____Aldyl_A_": "4\" (LP)", "Ex__Main_Length__ft____Aldyl_A_": 3, "New_Main__for_System__Integrity": 0, "Total_GSEP_Footage__ft__": 633, "Total_Non_GSEP_Footage__ft__": 82, "Prop__Total__Length_for__Instal": 715, "Prop__Total__Length_for_Abandon": 715, "F__Incidental_Pipe_Per_Project": null, "Ex__PE_Size__in____to_be_Retest": 0, "Ex__PE_Length__ft___to_be_Retes": 0, "Majority_Existing_Main_Info": "4\" (LP) CI", "Prop__Main_Size__in____PE_": 4, "Prop__Main_Pressure": "60#", "F__Replaced_Services__BS_": 3, "F__Replaced_Services__WS_": 0, "F__Replaced_Services__Drisco_": 3, "F__Replaced_Services___Aldyl_A_": 1, "F__Replaced_Services__Total_": 7, "F__Service__Transfers": 2, "Est_____Days": 6, "Est_____Extra__Days_for__Ledge_": 2, "F__of_Tie_Ins": null, "F__of_Cut_Offs": null, "F__of_Inside_Services": null, "F__of_Outside_Services": null, "Budgeted_In_2023_for_2024": null, "Main_Cost_1_Including_Const_OH": null, "Inspector": null, "Police": null, "Gravel_Tr_In": null, "Ledge_Removal": null, "T_M": null, "Re_Pressure_Test": null, "Extra_Restoration_Estimate_from": null, "Non_Standard_Work__Bridges__Lan": null, "Cost": null, "Construction__OVHD": null, "Engineering__Design_Cost": null, "Total_Overage": null, "Services_Cost_Including_Constr_": null, "Meters_Installation_Cost_Includ": null, "F_Total_Est__Project_Cost_Inclu": null, "LU_Design_Engineer": null, "Engineering_Consultant": null, "Notes_": "\n", "lat": 41.7341785, "lon": -71.1339919, "Mapped_address": "N Main St, Fall River, MA 02720, USA", "FID": 135}}, {"type": "Feature", "id": 136, "geometry": {"type": "Point", "coordinates": [-71.1581032, 41.7058618]}, "properties": {"Line__": 338, "Year": 2029, "Project_Name": "N. Main St Main Replacement Phase 2", "Address": "Doctor St. (Cherry St. to Locust St.)", "Estimated_Cost": null, "Town": "FALL RIVER", "Reasons": "RISK & CONVERT TO 60#", "UP_or_CP": "UP", "Single_Highest_Risk_Score__on_S": "41", "Existing__Pressure": "Low", "Ex__Main_Size__in____CI___WI_": "0", "Ex__Main_Length__ft____CI___WI_": 0, "Ex__Main_Size__in____BS_": "2\" (LP)", "Ex__Main_Length__ft____BS_": 235, "Ex__Main_Size__in____WS__Unprot": "0", "Ex__Main_Length__ft____WS__Unpr": 0, "Ex__Main_Size__in____WS__CP_Pro": 0, "Ex__Main_Length__ft____WS__CP_P": 0, "Ex__Main_Size__in____PE_": "0", "Ex__Main_Length__ft____PE_": 0, "Ex__Main_Size__in____Drisco_": "2\" (LP)", "Ex__Main_Length__ft____Drisco_": 103, "Ex__Main_Size__in_____Aldyl_A_": "0", "Ex__Main_Length__ft____Aldyl_A_": 0, "New_Main__for_System__Integrity": 0, "Total_GSEP_Footage__ft__": 235, "Total_Non_GSEP_Footage__ft__": 0, "Prop__Total__Length_for__Instal": 235, "Prop__Total__Length_for_Abandon": 235, "F__Incidental_Pipe_Per_Project": null, "Ex__PE_Size__in____to_be_Retest": 0, "Ex__PE_Length__ft___to_be_Retes": 0, "Majority_Existing_Main_Info": "2\" (LP) BS", "Prop__Main_Size__in____PE_": 2, "Prop__Main_Pressure": "60#", "F__Replaced_Services__BS_": 0, "F__Replaced_Services__WS_": 0, "F__Replaced_Services__Drisco_": 2, "F__Replaced_Services___Aldyl_A_": 0, "F__Replaced_Services__Total_": 2, "F__Service__Transfers": 0, "Est_____Days": 3, "Est_____Extra__Days_for__Ledge_": 1, "F__of_Tie_Ins": null, "F__of_Cut_Offs": null, "F__of_Inside_Services": null, "F__of_Outside_Services": null, "Budgeted_In_2023_for_2024": null, "Main_Cost_1_Including_Const_OH": null, "Inspector": null, "Police": null, "Gravel_Tr_In": null, "Ledge_Removal": null, "T_M": null, "Re_Pressure_Test": null, "Extra_Restoration_Estimate_from": null, "Non_Standard_Work__Bridges__Lan": null, "Cost": null, "Construction__OVHD": null, "Engineering__Design_Cost": null, "Total_Overage": null, "Services_Cost_Including_Constr_": null, "Meters_Installation_Cost_Includ": null, "F_Total_Est__Project_Cost_Inclu": null, "LU_Design_Engineer": null, "Engineering_Consultant": null, "Notes_": "\n", "lat": 41.7058618, "lon": -71.1581032, "Mapped_address": "Doctor St & Cherry St, Fall River, MA 02720, USA", "FID": 136}}, {"type": "Feature", "id": 137, "geometry": {"type": "Point", "coordinates": [-71.1575425, 41.7048541]}, "properties": {"Line__": 339, "Year": 2029, "Project_Name": "N. Main St Main Replacement Phase 2", "Address": "Danforth St. (Pine St. to Walnut St.)", "Estimated_Cost": null, "Town": "FALL RIVER", "Reasons": "RISK & CONVERT TO 60#", "UP_or_CP": "UP", "Single_Highest_Risk_Score__on_S": "40", "Existing__Pressure": "Low", "Ex__Main_Size__in____CI___WI_": "4\" (LP)", "Ex__Main_Length__ft____CI___WI_": 346, "Ex__Main_Size__in____BS_": "0", "Ex__Main_Length__ft____BS_": 0, "Ex__Main_Size__in____WS__Unprot": "0", "Ex__Main_Length__ft____WS__Unpr": 0, "Ex__Main_Size__in____WS__CP_Pro": 0, "Ex__Main_Length__ft____WS__CP_P": 0, "Ex__Main_Size__in____PE_": "0", "Ex__Main_Length__ft____PE_": 0, "Ex__Main_Size__in____Drisco_": "0", "Ex__Main_Length__ft____Drisco_": 0, "Ex__Main_Size__in_____Aldyl_A_": "0", "Ex__Main_Length__ft____Aldyl_A_": 0, "New_Main__for_System__Integrity": 165, "Total_GSEP_Footage__ft__": 346, "Total_Non_GSEP_Footage__ft__": 0, "Prop__Total__Length_for__Instal": 511, "Prop__Total__Length_for_Abandon": 346, "F__Incidental_Pipe_Per_Project": null, "Ex__PE_Size__in____to_be_Retest": 0, "Ex__PE_Length__ft___to_be_Retes": 0, "Majority_Existing_Main_Info": "4\" (LP) CI", "Prop__Main_Size__in____PE_": 4, "Prop__Main_Pressure": "60#", "F__Replaced_Services__BS_": 1, "F__Replaced_Services__WS_": 2, "F__Replaced_Services__Drisco_": 2, "F__Replaced_Services___Aldyl_A_": 0, "F__Replaced_Services__Total_": 5, "F__Service__Transfers": 3, "Est_____Days": 6, "Est_____Extra__Days_for__Ledge_": 1, "F__of_Tie_Ins": null, "F__of_Cut_Offs": null, "F__of_Inside_Services": null, "F__of_Outside_Services": null, "Budgeted_In_2023_for_2024": null, "Main_Cost_1_Including_Const_OH": null, "Inspector": null, "Police": null, "Gravel_Tr_In": null, "Ledge_Removal": null, "T_M": null, "Re_Pressure_Test": null, "Extra_Restoration_Estimate_from": null, "Non_Standard_Work__Bridges__Lan": null, "Cost": null, "Construction__OVHD": null, "Engineering__Design_Cost": null, "Total_Overage": null, "Services_Cost_Including_Constr_": null, "Meters_Installation_Cost_Includ": null, "F_Total_Est__Project_Cost_Inclu": null, "LU_Design_Engineer": null, "Engineering_Consultant": null, "Notes_": "\n", "lat": 41.7048541, "lon": -71.1575425, "Mapped_address": "Danforth St & Pine St, Fall River, MA 02720, USA", "FID": 137}}, {"type": "Feature", "id": 138, "geometry": {"type": "Point", "coordinates": [-71.1562568, 41.7047749]}, "properties": {"Line__": 340, "Year": 2029, "Project_Name": "N. Main St Main Replacement Phase 2", "Address": "Durfee St. (Pine St. to Walnut St.)", "Estimated_Cost": null, "Town": "FALL RIVER", "Reasons": "CONVERT TO 60#", "UP_or_CP": "UP", "Single_Highest_Risk_Score__on_S": "No Score", "Existing__Pressure": "Low", "Ex__Main_Size__in____CI___WI_": "0", "Ex__Main_Length__ft____CI___WI_": 0, "Ex__Main_Size__in____BS_": "0", "Ex__Main_Length__ft____BS_": 0, "Ex__Main_Size__in____WS__Unprot": "0", "Ex__Main_Length__ft____WS__Unpr": 0, "Ex__Main_Size__in____WS__CP_Pro": 0, "Ex__Main_Length__ft____WS__CP_P": 0, "Ex__Main_Size__in____PE_": "4\" (LP)", "Ex__Main_Length__ft____PE_": 1390, "Ex__Main_Size__in____Drisco_": "0", "Ex__Main_Length__ft____Drisco_": 0, "Ex__Main_Size__in_____Aldyl_A_": "0", "Ex__Main_Length__ft____Aldyl_A_": 0, "New_Main__for_System__Integrity": 0, "Total_GSEP_Footage__ft__": 0, "Total_Non_GSEP_Footage__ft__": 1390, "Prop__Total__Length_for__Instal": 0, "Prop__Total__Length_for_Abandon": 0, "F__Incidental_Pipe_Per_Project": null, "Ex__PE_Size__in____to_be_Retest": null, "Ex__PE_Length__ft___to_be_Retes": 1390, "Majority_Existing_Main_Info": "4\" (LP) PE", "Prop__Main_Size__in____PE_": null, "Prop__Main_Pressure": "60#", "F__Replaced_Services__BS_": 0, "F__Replaced_Services__WS_": 0, "F__Replaced_Services__Drisco_": 0, "F__Replaced_Services___Aldyl_A_": 0, "F__Replaced_Services__Total_": 0, "F__Service__Transfers": 10, "Est_____Days": 5, "Est_____Extra__Days_for__Ledge_": 1, "F__of_Tie_Ins": null, "F__of_Cut_Offs": null, "F__of_Inside_Services": null, "F__of_Outside_Services": null, "Budgeted_In_2023_for_2024": null, "Main_Cost_1_Including_Const_OH": null, "Inspector": null, "Police": null, "Gravel_Tr_In": null, "Ledge_Removal": null, "T_M": null, "Re_Pressure_Test": null, "Extra_Restoration_Estimate_from": null, "Non_Standard_Work__Bridges__Lan": null, "Cost": null, "Construction__OVHD": null, "Engineering__Design_Cost": null, "Total_Overage": null, "Services_Cost_Including_Constr_": null, "Meters_Installation_Cost_Includ": null, "F_Total_Est__Project_Cost_Inclu": null, "LU_Design_Engineer": null, "Engineering_Consultant": null, "Notes_": "\n", "lat": 41.7047749, "lon": -71.1562568, "Mapped_address": "Pine St & Durfee St, Fall River, MA 02720, USA", "FID": 138}}, {"type": "Feature", "id": 139, "geometry": {"type": "Point", "coordinates": [-71.1546446, 41.7075433]}, "properties": {"Line__": 341, "Year": 2029, "Project_Name": "N. Main St Main Replacement Phase 3", "Address": "N. Main St. (Walnut St. to Baylies St.)", "Estimated_Cost": null, "Town": "FALL RIVER", "Reasons": "RISK & CONVERT TO 60#", "UP_or_CP": "UP", "Single_Highest_Risk_Score__on_S": "48", "Existing__Pressure": "Low", "Ex__Main_Size__in____CI___WI_": "8\" (LP)", "Ex__Main_Length__ft____CI___WI_": 2067, "Ex__Main_Size__in____BS_": "8\" (LP)", "Ex__Main_Length__ft____BS_": 49, "Ex__Main_Size__in____WS__Unprot": "8\" (LP)", "Ex__Main_Length__ft____WS__Unpr": 11, "Ex__Main_Size__in____WS__CP_Pro": 0, "Ex__Main_Length__ft____WS__CP_P": 0, "Ex__Main_Size__in____PE_": "0", "Ex__Main_Length__ft____PE_": 0, "Ex__Main_Size__in____Drisco_": "0", "Ex__Main_Length__ft____Drisco_": 0, "Ex__Main_Size__in_____Aldyl_A_": "0", "Ex__Main_Length__ft____Aldyl_A_": 0, "New_Main__for_System__Integrity": 0, "Total_GSEP_Footage__ft__": 2127, "Total_Non_GSEP_Footage__ft__": 0, "Prop__Total__Length_for__Instal": 2127, "Prop__Total__Length_for_Abandon": 2127, "F__Incidental_Pipe_Per_Project": null, "Ex__PE_Size__in____to_be_Retest": 0, "Ex__PE_Length__ft___to_be_Retes": 0, "Majority_Existing_Main_Info": "8\" (LP) CI", "Prop__Main_Size__in____PE_": 8, "Prop__Main_Pressure": "60#", "F__Replaced_Services__BS_": 12, "F__Replaced_Services__WS_": 5, "F__Replaced_Services__Drisco_": 6, "F__Replaced_Services___Aldyl_A_": 3, "F__Replaced_Services__Total_": 26, "F__Service__Transfers": 7, "Est_____Days": 17, "Est_____Extra__Days_for__Ledge_": 4, "F__of_Tie_Ins": null, "F__of_Cut_Offs": null, "F__of_Inside_Services": null, "F__of_Outside_Services": null, "Budgeted_In_2023_for_2024": null, "Main_Cost_1_Including_Const_OH": null, "Inspector": null, "Police": null, "Gravel_Tr_In": null, "Ledge_Removal": null, "T_M": null, "Re_Pressure_Test": null, "Extra_Restoration_Estimate_from": null, "Non_Standard_Work__Bridges__Lan": null, "Cost": null, "Construction__OVHD": null, "Engineering__Design_Cost": null, "Total_Overage": null, "Services_Cost_Including_Constr_": null, "Meters_Installation_Cost_Includ": null, "F_Total_Est__Project_Cost_Inclu": null, "LU_Design_Engineer": null, "Engineering_Consultant": null, "Notes_": "\n", "lat": 41.7075433, "lon": -71.1546446, "Mapped_address": "Walnut St & N Main St, Fall River, MA 02720, USA", "FID": 139}}, {"type": "Feature", "id": 140, "geometry": {"type": "Point", "coordinates": [-71.1339919, 41.7341785]}, "properties": {"Line__": 344, "Year": 2029, "Project_Name": "N. Main St Main Replacement Phase 3", "Address": "Cedar St. (N. Main St. to Danforth St.)", "Estimated_Cost": null, "Town": "FALL RIVER", "Reasons": "RISK & CONVERT TO 60#", "UP_or_CP": "UP", "Single_Highest_Risk_Score__on_S": "40", "Existing__Pressure": "Low", "Ex__Main_Size__in____CI___WI_": "4\" (LP)", "Ex__Main_Length__ft____CI___WI_": 434, "Ex__Main_Size__in____BS_": "0", "Ex__Main_Length__ft____BS_": 0, "Ex__Main_Size__in____WS__Unprot": "4\" (LP)", "Ex__Main_Length__ft____WS__Unpr": 9, "Ex__Main_Size__in____WS__CP_Pro": 0, "Ex__Main_Length__ft____WS__CP_P": 0, "Ex__Main_Size__in____PE_": "4\" (LP)", "Ex__Main_Length__ft____PE_": 88, "Ex__Main_Size__in____Drisco_": "0", "Ex__Main_Length__ft____Drisco_": 0, "Ex__Main_Size__in_____Aldyl_A_": "4\" (LP)", "Ex__Main_Length__ft____Aldyl_A_": 4, "New_Main__for_System__Integrity": 0, "Total_GSEP_Footage__ft__": 447, "Total_Non_GSEP_Footage__ft__": 88, "Prop__Total__Length_for__Instal": 535, "Prop__Total__Length_for_Abandon": 535, "F__Incidental_Pipe_Per_Project": null, "Ex__PE_Size__in____to_be_Retest": 0, "Ex__PE_Length__ft___to_be_Retes": 0, "Majority_Existing_Main_Info": "4\" (LP) CI", "Prop__Main_Size__in____PE_": 2, "Prop__Main_Pressure": "60#", "F__Replaced_Services__BS_": 1, "F__Replaced_Services__WS_": 0, "F__Replaced_Services__Drisco_": 2, "F__Replaced_Services___Aldyl_A_": 0, "F__Replaced_Services__Total_": 3, "F__Service__Transfers": 5, "Est_____Days": 5, "Est_____Extra__Days_for__Ledge_": 1, "F__of_Tie_Ins": null, "F__of_Cut_Offs": null, "F__of_Inside_Services": null, "F__of_Outside_Services": null, "Budgeted_In_2023_for_2024": null, "Main_Cost_1_Including_Const_OH": null, "Inspector": null, "Police": null, "Gravel_Tr_In": null, "Ledge_Removal": null, "T_M": null, "Re_Pressure_Test": null, "Extra_Restoration_Estimate_from": null, "Non_Standard_Work__Bridges__Lan": null, "Cost": null, "Construction__OVHD": null, "Engineering__Design_Cost": null, "Total_Overage": null, "Services_Cost_Including_Constr_": null, "Meters_Installation_Cost_Includ": null, "F_Total_Est__Project_Cost_Inclu": null, "LU_Design_Engineer": null, "Engineering_Consultant": null, "Notes_": "\n", "lat": 41.7341785, "lon": -71.1339919, "Mapped_address": "N Main St, Fall River, MA 02720, USA", "FID": 140}}, {"type": "Feature", "id": 141, "geometry": {"type": "Point", "coordinates": [-71.1566515, 41.7096111]}, "properties": {"Line__": 345, "Year": 2029, "Project_Name": "N. Main St Main Replacement Phase 3", "Address": "Danforth St. (Cedar St. to Maple St.)", "Estimated_Cost": null, "Town": "FALL RIVER", "Reasons": "CONVERT TO 60#", "UP_or_CP": "UP", "Single_Highest_Risk_Score__on_S": "No Score", "Existing__Pressure": "Low", "Ex__Main_Size__in____CI___WI_": "0", "Ex__Main_Length__ft____CI___WI_": 0, "Ex__Main_Size__in____BS_": "0", "Ex__Main_Length__ft____BS_": 0, "Ex__Main_Size__in____WS__Unprot": "0", "Ex__Main_Length__ft____WS__Unpr": 0, "Ex__Main_Size__in____WS__CP_Pro": 0, "Ex__Main_Length__ft____WS__CP_P": 0, "Ex__Main_Size__in____PE_": "4\" (LP)", "Ex__Main_Length__ft____PE_": 250, "Ex__Main_Size__in____Drisco_": "0", "Ex__Main_Length__ft____Drisco_": 0, "Ex__Main_Size__in_____Aldyl_A_": "0", "Ex__Main_Length__ft____Aldyl_A_": 0, "New_Main__for_System__Integrity": 160, "Total_GSEP_Footage__ft__": 0, "Total_Non_GSEP_Footage__ft__": 250, "Prop__Total__Length_for__Instal": 410, "Prop__Total__Length_for_Abandon": 250, "F__Incidental_Pipe_Per_Project": null, "Ex__PE_Size__in____to_be_Retest": 0, "Ex__PE_Length__ft___to_be_Retes": 0, "Majority_Existing_Main_Info": "4\" (LP) PE", "Prop__Main_Size__in____PE_": 4, "Prop__Main_Pressure": "60#", "F__Replaced_Services__BS_": 0, "F__Replaced_Services__WS_": 0, "F__Replaced_Services__Drisco_": 0, "F__Replaced_Services___Aldyl_A_": 0, "F__Replaced_Services__Total_": 0, "F__Service__Transfers": 2, "Est_____Days": 3, "Est_____Extra__Days_for__Ledge_": 1, "F__of_Tie_Ins": null, "F__of_Cut_Offs": null, "F__of_Inside_Services": null, "F__of_Outside_Services": null, "Budgeted_In_2023_for_2024": null, "Main_Cost_1_Including_Const_OH": null, "Inspector": null, "Police": null, "Gravel_Tr_In": null, "Ledge_Removal": null, "T_M": null, "Re_Pressure_Test": null, "Extra_Restoration_Estimate_from": null, "Non_Standard_Work__Bridges__Lan": null, "Cost": null, "Construction__OVHD": null, "Engineering__Design_Cost": null, "Total_Overage": null, "Services_Cost_Including_Constr_": null, "Meters_Installation_Cost_Includ": null, "F_Total_Est__Project_Cost_Inclu": null, "LU_Design_Engineer": null, "Engineering_Consultant": null, "Notes_": "\n", "lat": 41.7096111, "lon": -71.1566515, "Mapped_address": "Danforth St & Cedar St, Fall River, MA 02720, USA", "FID": 141}}, {"type": "Feature", "id": 142, "geometry": {"type": "Point", "coordinates": [-71.1559215, 41.707646]}, "properties": {"Line__": 346, "Year": 2029, "Project_Name": "N. Main St Main Replacement Phase 3", "Address": "Durfee St. (Walnut St. to Turner St.)", "Estimated_Cost": null, "Town": "FALL RIVER", "Reasons": "CONVERT TO 60#", "UP_or_CP": "UP", "Single_Highest_Risk_Score__on_S": "No Score", "Existing__Pressure": "Low", "Ex__Main_Size__in____CI___WI_": "0", "Ex__Main_Length__ft____CI___WI_": 0, "Ex__Main_Size__in____BS_": "0", "Ex__Main_Length__ft____BS_": 0, "Ex__Main_Size__in____WS__Unprot": "0", "Ex__Main_Length__ft____WS__Unpr": 0, "Ex__Main_Size__in____WS__CP_Pro": 0, "Ex__Main_Length__ft____WS__CP_P": 0, "Ex__Main_Size__in____PE_": "6\" & 8\" (LP)", "Ex__Main_Length__ft____PE_": 1768, "Ex__Main_Size__in____Drisco_": "0", "Ex__Main_Length__ft____Drisco_": 0, "Ex__Main_Size__in_____Aldyl_A_": "0", "Ex__Main_Length__ft____Aldyl_A_": 0, "New_Main__for_System__Integrity": 0, "Total_GSEP_Footage__ft__": 0, "Total_Non_GSEP_Footage__ft__": 1768, "Prop__Total__Length_for__Instal": 0, "Prop__Total__Length_for_Abandon": 0, "F__Incidental_Pipe_Per_Project": null, "Ex__PE_Size__in____to_be_Retest": null, "Ex__PE_Length__ft___to_be_Retes": 1768, "Majority_Existing_Main_Info": "8\" (LP) PE", "Prop__Main_Size__in____PE_": null, "Prop__Main_Pressure": "60#", "F__Replaced_Services__BS_": 0, "F__Replaced_Services__WS_": 0, "F__Replaced_Services__Drisco_": 0, "F__Replaced_Services___Aldyl_A_": 0, "F__Replaced_Services__Total_": 0, "F__Service__Transfers": 30, "Est_____Days": 12, "Est_____Extra__Days_for__Ledge_": 3, "F__of_Tie_Ins": null, "F__of_Cut_Offs": null, "F__of_Inside_Services": null, "F__of_Outside_Services": null, "Budgeted_In_2023_for_2024": null, "Main_Cost_1_Including_Const_OH": null, "Inspector": null, "Police": null, "Gravel_Tr_In": null, "Ledge_Removal": null, "T_M": null, "Re_Pressure_Test": null, "Extra_Restoration_Estimate_from": null, "Non_Standard_Work__Bridges__Lan": null, "Cost": null, "Construction__OVHD": null, "Engineering__Design_Cost": null, "Total_Overage": null, "Services_Cost_Including_Constr_": null, "Meters_Installation_Cost_Includ": null, "F_Total_Est__Project_Cost_Inclu": null, "LU_Design_Engineer": null, "Engineering_Consultant": null, "Notes_": "\n", "lat": 41.707646, "lon": -71.1559215, "Mapped_address": "Walnut St & Durfee St, Fall River, MA 02721, USA", "FID": 142}}, {"type": "Feature", "id": 143, "geometry": {"type": "Point", "coordinates": [-71.1544897, 41.7109695]}, "properties": {"Line__": 347, "Year": 2029, "Project_Name": "N. Main St Main Replacement Phase 3", "Address": "Odd St. (N. Main St. to Durfee St.)", "Estimated_Cost": null, "Town": "FALL RIVER", "Reasons": "RISK & CONVERT TO 60#", "UP_or_CP": "UP", "Single_Highest_Risk_Score__on_S": "33", "Existing__Pressure": "Low", "Ex__Main_Size__in____CI___WI_": "0", "Ex__Main_Length__ft____CI___WI_": 0, "Ex__Main_Size__in____BS_": "4\" (LP)", "Ex__Main_Length__ft____BS_": 17, "Ex__Main_Size__in____WS__Unprot": "0", "Ex__Main_Length__ft____WS__Unpr": 0, "Ex__Main_Size__in____WS__CP_Pro": null, "Ex__Main_Length__ft____WS__CP_P": 124, "Ex__Main_Size__in____PE_": "4\" (LP)", "Ex__Main_Length__ft____PE_": 100, "Ex__Main_Size__in____Drisco_": "0", "Ex__Main_Length__ft____Drisco_": 0, "Ex__Main_Size__in_____Aldyl_A_": "0", "Ex__Main_Length__ft____Aldyl_A_": 0, "New_Main__for_System__Integrity": 35, "Total_GSEP_Footage__ft__": 17, "Total_Non_GSEP_Footage__ft__": 224, "Prop__Total__Length_for__Instal": 276, "Prop__Total__Length_for_Abandon": 241, "F__Incidental_Pipe_Per_Project": null, "Ex__PE_Size__in____to_be_Retest": 0, "Ex__PE_Length__ft___to_be_Retes": 0, "Majority_Existing_Main_Info": "4\" (LP) WS [cp]", "Prop__Main_Size__in____PE_": 2, "Prop__Main_Pressure": "60#", "F__Replaced_Services__BS_": 1, "F__Replaced_Services__WS_": 0, "F__Replaced_Services__Drisco_": 1, "F__Replaced_Services___Aldyl_A_": 0, "F__Replaced_Services__Total_": 2, "F__Service__Transfers": 0, "Est_____Days": 3, "Est_____Extra__Days_for__Ledge_": 1, "F__of_Tie_Ins": null, "F__of_Cut_Offs": null, "F__of_Inside_Services": null, "F__of_Outside_Services": null, "Budgeted_In_2023_for_2024": null, "Main_Cost_1_Including_Const_OH": null, "Inspector": null, "Police": null, "Gravel_Tr_In": null, "Ledge_Removal": null, "T_M": null, "Re_Pressure_Test": null, "Extra_Restoration_Estimate_from": null, "Non_Standard_Work__Bridges__Lan": null, "Cost": null, "Construction__OVHD": null, "Engineering__Design_Cost": null, "Total_Overage": null, "Services_Cost_Including_Constr_": null, "Meters_Installation_Cost_Includ": null, "F_Total_Est__Project_Cost_Inclu": null, "LU_Design_Engineer": null, "Engineering_Consultant": null, "Notes_": "\n", "lat": 41.7109695, "lon": -71.1544897, "Mapped_address": "N Main St & Odd St, Fall River, MA 02720, USA", "FID": 143}}, {"type": "Feature", "id": 144, "geometry": {"type": "Point", "coordinates": [-71.154087, 41.7121718]}, "properties": {"Line__": 350, "Year": 2029, "Project_Name": "N. Main St Main Replacement Phase 3", "Address": "North Main St Commons (Turner St. to End.)", "Estimated_Cost": null, "Town": "FALL RIVER", "Reasons": "RISK & CONVERT TO 60#", "UP_or_CP": "UP", "Single_Highest_Risk_Score__on_S": "No Score", "Existing__Pressure": "Low", "Ex__Main_Size__in____CI___WI_": "0", "Ex__Main_Length__ft____CI___WI_": 0, "Ex__Main_Size__in____BS_": "0", "Ex__Main_Length__ft____BS_": 0, "Ex__Main_Size__in____WS__Unprot": "4\" (LP)", "Ex__Main_Length__ft____WS__Unpr": 300, "Ex__Main_Size__in____WS__CP_Pro": 0, "Ex__Main_Length__ft____WS__CP_P": 0, "Ex__Main_Size__in____PE_": "0", "Ex__Main_Length__ft____PE_": 0, "Ex__Main_Size__in____Drisco_": "0", "Ex__Main_Length__ft____Drisco_": 0, "Ex__Main_Size__in_____Aldyl_A_": "0", "Ex__Main_Length__ft____Aldyl_A_": 0, "New_Main__for_System__Integrity": 0, "Total_GSEP_Footage__ft__": 300, "Total_Non_GSEP_Footage__ft__": 0, "Prop__Total__Length_for__Instal": 300, "Prop__Total__Length_for_Abandon": 300, "F__Incidental_Pipe_Per_Project": null, "Ex__PE_Size__in____to_be_Retest": 0, "Ex__PE_Length__ft___to_be_Retes": 0, "Majority_Existing_Main_Info": "4\" (LP) WS", "Prop__Main_Size__in____PE_": 2, "Prop__Main_Pressure": "60#", "F__Replaced_Services__BS_": 0, "F__Replaced_Services__WS_": 4, "F__Replaced_Services__Drisco_": 0, "F__Replaced_Services___Aldyl_A_": 0, "F__Replaced_Services__Total_": 4, "F__Service__Transfers": 0, "Est_____Days": 4, "Est_____Extra__Days_for__Ledge_": 1, "F__of_Tie_Ins": null, "F__of_Cut_Offs": null, "F__of_Inside_Services": null, "F__of_Outside_Services": null, "Budgeted_In_2023_for_2024": null, "Main_Cost_1_Including_Const_OH": null, "Inspector": null, "Police": null, "Gravel_Tr_In": null, "Ledge_Removal": null, "T_M": null, "Re_Pressure_Test": null, "Extra_Restoration_Estimate_from": null, "Non_Standard_Work__Bridges__Lan": null, "Cost": null, "Construction__OVHD": null, "Engineering__Design_Cost": null, "Total_Overage": null, "Services_Cost_Including_Constr_": null, "Meters_Installation_Cost_Includ": null, "F_Total_Est__Project_Cost_Inclu": null, "LU_Design_Engineer": null, "Engineering_Consultant": null, "Notes_": "\n", "lat": 41.7121718, "lon": -71.154087, "Mapped_address": "Turner St & N Main St, Fall River, MA 02720, USA", "FID": 144}}, {"type": "Feature", "id": 145, "geometry": {"type": "Point", "coordinates": [-71.1536576, 41.7128018]}, "properties": {"Line__": 351, "Year": 2029, "Project_Name": "N. Main St Main Replacement Phase 4", "Address": "Old Colony St. (N. Main St. to Durfee St.)", "Estimated_Cost": null, "Town": "FALL RIVER", "Reasons": "RISK & CONVERT TO 60#", "UP_or_CP": "UP", "Single_Highest_Risk_Score__on_S": "30", "Existing__Pressure": "Low", "Ex__Main_Size__in____CI___WI_": "0", "Ex__Main_Length__ft____CI___WI_": 0, "Ex__Main_Size__in____BS_": "4\" (LP)", "Ex__Main_Length__ft____BS_": 192, "Ex__Main_Size__in____WS__Unprot": "0", "Ex__Main_Length__ft____WS__Unpr": 0, "Ex__Main_Size__in____WS__CP_Pro": 0, "Ex__Main_Length__ft____WS__CP_P": 0, "Ex__Main_Size__in____PE_": "0", "Ex__Main_Length__ft____PE_": 0, "Ex__Main_Size__in____Drisco_": "0", "Ex__Main_Length__ft____Drisco_": 0, "Ex__Main_Size__in_____Aldyl_A_": "0", "Ex__Main_Length__ft____Aldyl_A_": 0, "New_Main__for_System__Integrity": 0, "Total_GSEP_Footage__ft__": 192, "Total_Non_GSEP_Footage__ft__": 0, "Prop__Total__Length_for__Instal": 192, "Prop__Total__Length_for_Abandon": 192, "F__Incidental_Pipe_Per_Project": null, "Ex__PE_Size__in____to_be_Retest": 0, "Ex__PE_Length__ft___to_be_Retes": 0, "Majority_Existing_Main_Info": "4\" (LP) BS", "Prop__Main_Size__in____PE_": 2, "Prop__Main_Pressure": "60#", "F__Replaced_Services__BS_": 1, "F__Replaced_Services__WS_": 0, "F__Replaced_Services__Drisco_": 0, "F__Replaced_Services___Aldyl_A_": 0, "F__Replaced_Services__Total_": 1, "F__Service__Transfers": 0, "Est_____Days": 3, "Est_____Extra__Days_for__Ledge_": 1, "F__of_Tie_Ins": null, "F__of_Cut_Offs": null, "F__of_Inside_Services": null, "F__of_Outside_Services": null, "Budgeted_In_2023_for_2024": null, "Main_Cost_1_Including_Const_OH": null, "Inspector": null, "Police": null, "Gravel_Tr_In": null, "Ledge_Removal": null, "T_M": null, "Re_Pressure_Test": null, "Extra_Restoration_Estimate_from": null, "Non_Standard_Work__Bridges__Lan": null, "Cost": null, "Construction__OVHD": null, "Engineering__Design_Cost": null, "Total_Overage": null, "Services_Cost_Including_Constr_": null, "Meters_Installation_Cost_Includ": null, "F_Total_Est__Project_Cost_Inclu": null, "LU_Design_Engineer": null, "Engineering_Consultant": null, "Notes_": "\n", "lat": 41.7128018, "lon": -71.1536576, "Mapped_address": "Old Colony St & N Main St, Fall River, MA 02720, USA", "FID": 145}}, {"type": "Feature", "id": 146, "geometry": {"type": "Point", "coordinates": [-71.1590742, 41.6867827]}, "properties": {"Line__": 352, "Year": 2029, "Project_Name": "Peckham St. Main Replacement", "Address": "Peckham St. (Stafford Rd. to S. Main St.)", "Estimated_Cost": null, "Town": "FALL RIVER", "Reasons": "RISK & CONVERT TO 60#", "UP_or_CP": "UP", "Single_Highest_Risk_Score__on_S": "46", "Existing__Pressure": "Low", "Ex__Main_Size__in____CI___WI_": "4\" (LP)", "Ex__Main_Length__ft____CI___WI_": 2489, "Ex__Main_Size__in____BS_": "0", "Ex__Main_Length__ft____BS_": 0, "Ex__Main_Size__in____WS__Unprot": "0", "Ex__Main_Length__ft____WS__Unpr": 0, "Ex__Main_Size__in____WS__CP_Pro": 0, "Ex__Main_Length__ft____WS__CP_P": 0, "Ex__Main_Size__in____PE_": "4\" (LP)", "Ex__Main_Length__ft____PE_": 175, "Ex__Main_Size__in____Drisco_": "0", "Ex__Main_Length__ft____Drisco_": 0, "Ex__Main_Size__in_____Aldyl_A_": "0", "Ex__Main_Length__ft____Aldyl_A_": 0, "New_Main__for_System__Integrity": 0, "Total_GSEP_Footage__ft__": 2489, "Total_Non_GSEP_Footage__ft__": 175, "Prop__Total__Length_for__Instal": 2664, "Prop__Total__Length_for_Abandon": 2664, "F__Incidental_Pipe_Per_Project": null, "Ex__PE_Size__in____to_be_Retest": 0, "Ex__PE_Length__ft___to_be_Retes": 0, "Majority_Existing_Main_Info": "4\" (LP) CI", "Prop__Main_Size__in____PE_": 8, "Prop__Main_Pressure": "60#", "F__Replaced_Services__BS_": 11, "F__Replaced_Services__WS_": 17, "F__Replaced_Services__Drisco_": 10, "F__Replaced_Services___Aldyl_A_": 2, "F__Replaced_Services__Total_": 40, "F__Service__Transfers": 29, "Est_____Days": 45, "Est_____Extra__Days_for__Ledge_": 11, "F__of_Tie_Ins": null, "F__of_Cut_Offs": null, "F__of_Inside_Services": null, "F__of_Outside_Services": null, "Budgeted_In_2023_for_2024": null, "Main_Cost_1_Including_Const_OH": null, "Inspector": null, "Police": null, "Gravel_Tr_In": null, "Ledge_Removal": null, "T_M": null, "Re_Pressure_Test": null, "Extra_Restoration_Estimate_from": null, "Non_Standard_Work__Bridges__Lan": null, "Cost": null, "Construction__OVHD": null, "Engineering__Design_Cost": null, "Total_Overage": null, "Services_Cost_Including_Constr_": null, "Meters_Installation_Cost_Includ": null, "F_Total_Est__Project_Cost_Inclu": null, "LU_Design_Engineer": null, "Engineering_Consultant": null, "Notes_": "\n", "lat": 41.6867827, "lon": -71.1590742, "Mapped_address": "Stafford Rd & Peckham St, Fall River, MA 02721, USA", "FID": 146}}, {"type": "Feature", "id": 147, "geometry": {"type": "Point", "coordinates": [-71.1354350834436, 41.6916646473244]}, "properties": {"Line__": 101, "Year": 2026, "Project_Name": "Pleasant St. Main Replacement Phase 3", "Address": "Pleasant St. (Canonicus St. to Quarry St.)", "Estimated_Cost": null, "Town": "FALL RIVER", "Reasons": "MUNICIPAL WORK", "UP_or_CP": "UP", "Single_Highest_Risk_Score__on_S": "50", "Existing__Pressure": "Low", "Ex__Main_Size__in____CI___WI_": "12\" (LP)", "Ex__Main_Length__ft____CI___WI_": 1753, "Ex__Main_Size__in____BS_": "12\" (LP)", "Ex__Main_Length__ft____BS_": 7, "Ex__Main_Size__in____WS__Unprot": "0", "Ex__Main_Length__ft____WS__Unpr": 0, "Ex__Main_Size__in____WS__CP_Pro": 0, "Ex__Main_Length__ft____WS__CP_P": 0, "Ex__Main_Size__in____PE_": "0", "Ex__Main_Length__ft____PE_": 0, "Ex__Main_Size__in____Drisco_": "0", "Ex__Main_Length__ft____Drisco_": 0, "Ex__Main_Size__in_____Aldyl_A_": "0", "Ex__Main_Length__ft____Aldyl_A_": 0, "New_Main__for_System__Integrity": 0, "Total_GSEP_Footage__ft__": 1760, "Total_Non_GSEP_Footage__ft__": 0, "Prop__Total__Length_for__Instal": 1760, "Prop__Total__Length_for_Abandon": 1760, "F__Incidental_Pipe_Per_Project": "1%", "Ex__PE_Size__in____to_be_Retest": 0, "Ex__PE_Length__ft___to_be_Retes": 0, "Majority_Existing_Main_Info": "12\" (LP) CI", "Prop__Main_Size__in____PE_": 6, "Prop__Main_Pressure": "60#", "F__Replaced_Services__BS_": 4, "F__Replaced_Services__WS_": 0, "F__Replaced_Services__Drisco_": 10, "F__Replaced_Services___Aldyl_A_": 1, "F__Replaced_Services__Total_": 15, "F__Service__Transfers": 3, "Est_____Days": 19, "Est_____Extra__Days_for__Ledge_": 5, "F__of_Tie_Ins": null, "F__of_Cut_Offs": null, "F__of_Inside_Services": null, "F__of_Outside_Services": null, "Budgeted_In_2023_for_2024": null, "Main_Cost_1_Including_Const_OH": null, "Inspector": null, "Police": null, "Gravel_Tr_In": null, "Ledge_Removal": null, "T_M": null, "Re_Pressure_Test": null, "Extra_Restoration_Estimate_from": null, "Non_Standard_Work__Bridges__Lan": null, "Cost": null, "Construction__OVHD": null, "Engineering__Design_Cost": null, "Total_Overage": null, "Services_Cost_Including_Constr_": null, "Meters_Installation_Cost_Includ": null, "F_Total_Est__Project_Cost_Inclu": null, "LU_Design_Engineer": null, "Engineering_Consultant": null, "Notes_": "\n", "lat": 41.6916646473244, "lon": -71.1354350834436, "Mapped_address": "Pleasant St. at Canonicus St., FALL RIVER, MA, USA", "FID": 147}}, {"type": "Feature", "id": 148, "geometry": {"type": "Point", "coordinates": [-71.1400869464267, 41.699265652462]}, "properties": {"Line__": 71, "Year": 2026, "Project_Name": "Bedford St Main Replacement 2026", "Address": "N. Quarry St. (Bedford St. to Beattie St.)", "Estimated_Cost": null, "Town": "FALL RIVER", "Reasons": "RISK & CONVERT TO 60#", "UP_or_CP": "UP", "Single_Highest_Risk_Score__on_S": "53", "Existing__Pressure": "Low", "Ex__Main_Size__in____CI___WI_": "6\" (LP)", "Ex__Main_Length__ft____CI___WI_": 312, "Ex__Main_Size__in____BS_": "0", "Ex__Main_Length__ft____BS_": 0, "Ex__Main_Size__in____WS__Unprot": "2\" & 6\" (LP)", "Ex__Main_Length__ft____WS__Unpr": 21, "Ex__Main_Size__in____WS__CP_Pro": 0, "Ex__Main_Length__ft____WS__CP_P": 0, "Ex__Main_Size__in____PE_": "0", "Ex__Main_Length__ft____PE_": 0, "Ex__Main_Size__in____Drisco_": "0", "Ex__Main_Length__ft____Drisco_": 0, "Ex__Main_Size__in_____Aldyl_A_": "0", "Ex__Main_Length__ft____Aldyl_A_": 0, "New_Main__for_System__Integrity": 65, "Total_GSEP_Footage__ft__": 333, "Total_Non_GSEP_Footage__ft__": 0, "Prop__Total__Length_for__Instal": 398, "Prop__Total__Length_for_Abandon": 333, "F__Incidental_Pipe_Per_Project": null, "Ex__PE_Size__in____to_be_Retest": 0, "Ex__PE_Length__ft___to_be_Retes": 0, "Majority_Existing_Main_Info": "6\" (LP) CI", "Prop__Main_Size__in____PE_": 2, "Prop__Main_Pressure": "60#", "F__Replaced_Services__BS_": 0, "F__Replaced_Services__WS_": 0, "F__Replaced_Services__Drisco_": 2, "F__Replaced_Services___Aldyl_A_": 1, "F__Replaced_Services__Total_": 3, "F__Service__Transfers": 0, "Est_____Days": 4, "Est_____Extra__Days_for__Ledge_": 1, "F__of_Tie_Ins": null, "F__of_Cut_Offs": null, "F__of_Inside_Services": null, "F__of_Outside_Services": null, "Budgeted_In_2023_for_2024": null, "Main_Cost_1_Including_Const_OH": null, "Inspector": null, "Police": null, "Gravel_Tr_In": null, "Ledge_Removal": null, "T_M": null, "Re_Pressure_Test": null, "Extra_Restoration_Estimate_from": null, "Non_Standard_Work__Bridges__Lan": null, "Cost": null, "Construction__OVHD": null, "Engineering__Design_Cost": null, "Total_Overage": null, "Services_Cost_Including_Constr_": null, "Meters_Installation_Cost_Includ": null, "F_Total_Est__Project_Cost_Inclu": null, "LU_Design_Engineer": null, "Engineering_Consultant": null, "Notes_": "\n", "lat": 41.699265652462, "lon": -71.1400869464267, "Mapped_address": "N. Quarry St. at Bedford St., FALL RIVER, MA, USA", "FID": 148}}, {"type": "Feature", "id": 149, "geometry": {"type": "Point", "coordinates": [-71.1339380887497, 41.7794657858447]}, "properties": {"Line__": 116, "Year": 2026, "Project_Name": "Sandra Rd. Main Replacement", "Address": "Sandra Rd. (County St. to End)", "Estimated_Cost": null, "Town": "SOMERSET", "Reasons": "RISK", "UP_or_CP": "UP", "Single_Highest_Risk_Score__on_S": "31", "Existing__Pressure": "60#", "Ex__Main_Size__in____CI___WI_": "0", "Ex__Main_Length__ft____CI___WI_": 0, "Ex__Main_Size__in____BS_": "0", "Ex__Main_Length__ft____BS_": 0, "Ex__Main_Size__in____WS__Unprot": "3\" (60#)", "Ex__Main_Length__ft____WS__Unpr": 223, "Ex__Main_Size__in____WS__CP_Pro": 0, "Ex__Main_Length__ft____WS__CP_P": 0, "Ex__Main_Size__in____PE_": "2\" & 3\" (60#)", "Ex__Main_Length__ft____PE_": 40, "Ex__Main_Size__in____Drisco_": "0", "Ex__Main_Length__ft____Drisco_": 0, "Ex__Main_Size__in_____Aldyl_A_": "0", "Ex__Main_Length__ft____Aldyl_A_": 0, "New_Main__for_System__Integrity": 0, "Total_GSEP_Footage__ft__": 223, "Total_Non_GSEP_Footage__ft__": 40, "Prop__Total__Length_for__Instal": 263, "Prop__Total__Length_for_Abandon": 263, "F__Incidental_Pipe_Per_Project": "15%", "Ex__PE_Size__in____to_be_Retest": 0, "Ex__PE_Length__ft___to_be_Retes": 0, "Majority_Existing_Main_Info": "3\" (60#) WS", "Prop__Main_Size__in____PE_": 2, "Prop__Main_Pressure": "60#", "F__Replaced_Services__BS_": 0, "F__Replaced_Services__WS_": 1, "F__Replaced_Services__Drisco_": 1, "F__Replaced_Services___Aldyl_A_": 2, "F__Replaced_Services__Total_": 4, "F__Service__Transfers": 1, "Est_____Days": 4, "Est_____Extra__Days_for__Ledge_": 0, "F__of_Tie_Ins": null, "F__of_Cut_Offs": null, "F__of_Inside_Services": null, "F__of_Outside_Services": null, "Budgeted_In_2023_for_2024": null, "Main_Cost_1_Including_Const_OH": null, "Inspector": null, "Police": null, "Gravel_Tr_In": null, "Ledge_Removal": null, "T_M": null, "Re_Pressure_Test": null, "Extra_Restoration_Estimate_from": null, "Non_Standard_Work__Bridges__Lan": null, "Cost": null, "Construction__OVHD": null, "Engineering__Design_Cost": null, "Total_Overage": null, "Services_Cost_Including_Constr_": null, "Meters_Installation_Cost_Includ": null, "F_Total_Est__Project_Cost_Inclu": null, "LU_Design_Engineer": null, "Engineering_Consultant": null, "Notes_": "\n", "lat": 41.7794657858447, "lon": -71.1339380887497, "Mapped_address": "Sandra Rd. at County St., SOMERSET, MA, USA", "FID": 149}}, {"type": "Feature", "id": 150, "geometry": {"type": "Point", "coordinates": [-71.1325208, 41.7866675]}, "properties": {"Line__": 113, "Year": 2026, "Project_Name": "County St. Main Replacement (STATE PERMIT)", "Address": "County St. (PE @ #4095 County St. to End)", "Estimated_Cost": null, "Town": "SOMERSET", "Reasons": "RISK", "UP_or_CP": "UP", "Single_Highest_Risk_Score__on_S": "34", "Existing__Pressure": "60#", "Ex__Main_Size__in____CI___WI_": "0", "Ex__Main_Length__ft____CI___WI_": 0, "Ex__Main_Size__in____BS_": "0", "Ex__Main_Length__ft____BS_": 0, "Ex__Main_Size__in____WS__Unprot": "2\" (60#)", "Ex__Main_Length__ft____WS__Unpr": 1233, "Ex__Main_Size__in____WS__CP_Pro": 0, "Ex__Main_Length__ft____WS__CP_P": 0, "Ex__Main_Size__in____PE_": "0", "Ex__Main_Length__ft____PE_": 0, "Ex__Main_Size__in____Drisco_": "0", "Ex__Main_Length__ft____Drisco_": 0, "Ex__Main_Size__in_____Aldyl_A_": "0", "Ex__Main_Length__ft____Aldyl_A_": 0, "New_Main__for_System__Integrity": 0, "Total_GSEP_Footage__ft__": 1233, "Total_Non_GSEP_Footage__ft__": 0, "Prop__Total__Length_for__Instal": 1233, "Prop__Total__Length_for_Abandon": 1233, "F__Incidental_Pipe_Per_Project": "0%", "Ex__PE_Size__in____to_be_Retest": 0, "Ex__PE_Length__ft___to_be_Retes": 0, "Majority_Existing_Main_Info": "2\" (60#) WS", "Prop__Main_Size__in____PE_": 2, "Prop__Main_Pressure": "60#", "F__Replaced_Services__BS_": 0, "F__Replaced_Services__WS_": 5, "F__Replaced_Services__Drisco_": 2, "F__Replaced_Services___Aldyl_A_": 0, "F__Replaced_Services__Total_": 7, "F__Service__Transfers": 2, "Est_____Days": 11, "Est_____Extra__Days_for__Ledge_": 0, "F__of_Tie_Ins": null, "F__of_Cut_Offs": null, "F__of_Inside_Services": null, "F__of_Outside_Services": null, "Budgeted_In_2023_for_2024": null, "Main_Cost_1_Including_Const_OH": null, "Inspector": null, "Police": null, "Gravel_Tr_In": null, "Ledge_Removal": null, "T_M": null, "Re_Pressure_Test": null, "Extra_Restoration_Estimate_from": null, "Non_Standard_Work__Bridges__Lan": null, "Cost": null, "Construction__OVHD": null, "Engineering__Design_Cost": null, "Total_Overage": null, "Services_Cost_Including_Constr_": null, "Meters_Installation_Cost_Includ": null, "F_Total_Est__Project_Cost_Inclu": null, "LU_Design_Engineer": null, "Engineering_Consultant": null, "Notes_": "\n", "lat": 41.7866675, "lon": -71.1325208, "Mapped_address": "4095 County St, Somerset, MA 02726, USA", "FID": 150}}, {"type": "Feature", "id": 151, "geometry": {"type": "Point", "coordinates": [-71.1604588, 41.6745403]}, "properties": {"Line__": 62, "Year": 2026, "Project_Name": "Anthony St. Main Replacement", "Address": "Anthony St. (Carl St. to William S. Canning Blvd)", "Estimated_Cost": null, "Town": "FALL RIVER", "Reasons": "RISK", "UP_or_CP": "UP", "Single_Highest_Risk_Score__on_S": "57", "Existing__Pressure": "60#", "Ex__Main_Size__in____CI___WI_": "0", "Ex__Main_Length__ft____CI___WI_": 0, "Ex__Main_Size__in____BS_": "6\" (60#)", "Ex__Main_Length__ft____BS_": 342, "Ex__Main_Size__in____WS__Unprot": "0", "Ex__Main_Length__ft____WS__Unpr": 0, "Ex__Main_Size__in____WS__CP_Pro": 0, "Ex__Main_Length__ft____WS__CP_P": 0, "Ex__Main_Size__in____PE_": "0", "Ex__Main_Length__ft____PE_": 0, "Ex__Main_Size__in____Drisco_": "0", "Ex__Main_Length__ft____Drisco_": 0, "Ex__Main_Size__in_____Aldyl_A_": "0", "Ex__Main_Length__ft____Aldyl_A_": 0, "New_Main__for_System__Integrity": 0, "Total_GSEP_Footage__ft__": 342, "Total_Non_GSEP_Footage__ft__": 0, "Prop__Total__Length_for__Instal": 342, "Prop__Total__Length_for_Abandon": 342, "F__Incidental_Pipe_Per_Project": null, "Ex__PE_Size__in____to_be_Retest": 0, "Ex__PE_Length__ft___to_be_Retes": 0, "Majority_Existing_Main_Info": "6\" (60#) BS", "Prop__Main_Size__in____PE_": 8, "Prop__Main_Pressure": "60#", "F__Replaced_Services__BS_": 1, "F__Replaced_Services__WS_": 0, "F__Replaced_Services__Drisco_": 2, "F__Replaced_Services___Aldyl_A_": 0, "F__Replaced_Services__Total_": 3, "F__Service__Transfers": 1, "Est_____Days": 4, "Est_____Extra__Days_for__Ledge_": 1, "F__of_Tie_Ins": null, "F__of_Cut_Offs": null, "F__of_Inside_Services": null, "F__of_Outside_Services": null, "Budgeted_In_2023_for_2024": null, "Main_Cost_1_Including_Const_OH": null, "Inspector": null, "Police": null, "Gravel_Tr_In": null, "Ledge_Removal": null, "T_M": null, "Re_Pressure_Test": null, "Extra_Restoration_Estimate_from": null, "Non_Standard_Work__Bridges__Lan": null, "Cost": null, "Construction__OVHD": null, "Engineering__Design_Cost": null, "Total_Overage": null, "Services_Cost_Including_Constr_": null, "Meters_Installation_Cost_Includ": null, "F_Total_Est__Project_Cost_Inclu": null, "LU_Design_Engineer": null, "Engineering_Consultant": null, "Notes_": "\n", "lat": 41.6745403, "lon": -71.1604588, "Mapped_address": "Carl St & Anthony St, Fall River, MA 02721, USA", "FID": 151}}, {"type": "Feature", "id": 152, "geometry": {"type": "Point", "coordinates": [-71.1618429, 41.6748223]}, "properties": {"Line__": 63, "Year": 2026, "Project_Name": "Anthony St. Main Replacement", "Address": "William S. Canning Blvd. (Anthony St. to #323 William S. Canning Blvd)", "Estimated_Cost": null, "Town": "FALL RIVER", "Reasons": "RISK", "UP_or_CP": "UP", "Single_Highest_Risk_Score__on_S": "52", "Existing__Pressure": "60#", "Ex__Main_Size__in____CI___WI_": "0", "Ex__Main_Length__ft____CI___WI_": 0, "Ex__Main_Size__in____BS_": "8\" (60#)", "Ex__Main_Length__ft____BS_": 531, "Ex__Main_Size__in____WS__Unprot": "0", "Ex__Main_Length__ft____WS__Unpr": 0, "Ex__Main_Size__in____WS__CP_Pro": 0, "Ex__Main_Length__ft____WS__CP_P": 0, "Ex__Main_Size__in____PE_": "0", "Ex__Main_Length__ft____PE_": 0, "Ex__Main_Size__in____Drisco_": "0", "Ex__Main_Length__ft____Drisco_": 0, "Ex__Main_Size__in_____Aldyl_A_": "0", "Ex__Main_Length__ft____Aldyl_A_": 0, "New_Main__for_System__Integrity": 0, "Total_GSEP_Footage__ft__": 531, "Total_Non_GSEP_Footage__ft__": 0, "Prop__Total__Length_for__Instal": 531, "Prop__Total__Length_for_Abandon": 531, "F__Incidental_Pipe_Per_Project": null, "Ex__PE_Size__in____to_be_Retest": 0, "Ex__PE_Length__ft___to_be_Retes": 0, "Majority_Existing_Main_Info": "8\" (60#) BS", "Prop__Main_Size__in____PE_": 8, "Prop__Main_Pressure": "60#", "F__Replaced_Services__BS_": 0, "F__Replaced_Services__WS_": 1, "F__Replaced_Services__Drisco_": 0, "F__Replaced_Services___Aldyl_A_": 0, "F__Replaced_Services__Total_": 1, "F__Service__Transfers": 2, "Est_____Days": 4, "Est_____Extra__Days_for__Ledge_": 1, "F__of_Tie_Ins": null, "F__of_Cut_Offs": null, "F__of_Inside_Services": null, "F__of_Outside_Services": null, "Budgeted_In_2023_for_2024": null, "Main_Cost_1_Including_Const_OH": null, "Inspector": null, "Police": null, "Gravel_Tr_In": null, "Ledge_Removal": null, "T_M": null, "Re_Pressure_Test": null, "Extra_Restoration_Estimate_from": null, "Non_Standard_Work__Bridges__Lan": null, "Cost": null, "Construction__OVHD": null, "Engineering__Design_Cost": null, "Total_Overage": null, "Services_Cost_Including_Constr_": null, "Meters_Installation_Cost_Includ": null, "F_Total_Est__Project_Cost_Inclu": null, "LU_Design_Engineer": null, "Engineering_Consultant": null, "Notes_": "\n", "lat": 41.6748223, "lon": -71.1618429, "Mapped_address": "William S Canning Blvd & Anthony St, Fall River, MA 02721, USA", "FID": 152}}, {"type": "Feature", "id": 153, "geometry": {"type": "Point", "coordinates": [-71.1858998, 41.6841473]}, "properties": {"Line__": 64, "Year": 2026, "Project_Name": "Bay St. Main Replacement 2026", "Address": "Bay St. (Charles St. to Globe St.)", "Estimated_Cost": null, "Town": "FALL RIVER", "Reasons": "SEWER PROJECT", "UP_or_CP": "UP", "Single_Highest_Risk_Score__on_S": "57", "Existing__Pressure": "Low", "Ex__Main_Size__in____CI___WI_": "8\" (LP)", "Ex__Main_Length__ft____CI___WI_": 2574, "Ex__Main_Size__in____BS_": "0", "Ex__Main_Length__ft____BS_": 0, "Ex__Main_Size__in____WS__Unprot": "0", "Ex__Main_Length__ft____WS__Unpr": 0, "Ex__Main_Size__in____WS__CP_Pro": 0, "Ex__Main_Length__ft____WS__CP_P": 0, "Ex__Main_Size__in____PE_": "0", "Ex__Main_Length__ft____PE_": 0, "Ex__Main_Size__in____Drisco_": "8\" (LP)", "Ex__Main_Length__ft____Drisco_": 8, "Ex__Main_Size__in_____Aldyl_A_": "0", "Ex__Main_Length__ft____Aldyl_A_": 0, "New_Main__for_System__Integrity": 0, "Total_GSEP_Footage__ft__": 2574, "Total_Non_GSEP_Footage__ft__": 8, "Prop__Total__Length_for__Instal": 2582, "Prop__Total__Length_for_Abandon": 2582, "F__Incidental_Pipe_Per_Project": "12%", "Ex__PE_Size__in____to_be_Retest": 0, "Ex__PE_Length__ft___to_be_Retes": 0, "Majority_Existing_Main_Info": "8\" (LP) CI", "Prop__Main_Size__in____PE_": 8, "Prop__Main_Pressure": "60#", "F__Replaced_Services__BS_": 7, "F__Replaced_Services__WS_": 7, "F__Replaced_Services__Drisco_": 14, "F__Replaced_Services___Aldyl_A_": 1, "F__Replaced_Services__Total_": 29, "F__Service__Transfers": 4, "Est_____Days": 33, "Est_____Extra__Days_for__Ledge_": 8, "F__of_Tie_Ins": null, "F__of_Cut_Offs": null, "F__of_Inside_Services": null, "F__of_Outside_Services": null, "Budgeted_In_2023_for_2024": null, "Main_Cost_1_Including_Const_OH": null, "Inspector": null, "Police": null, "Gravel_Tr_In": null, "Ledge_Removal": null, "T_M": null, "Re_Pressure_Test": null, "Extra_Restoration_Estimate_from": null, "Non_Standard_Work__Bridges__Lan": null, "Cost": null, "Construction__OVHD": null, "Engineering__Design_Cost": null, "Total_Overage": null, "Services_Cost_Including_Constr_": null, "Meters_Installation_Cost_Includ": null, "F_Total_Est__Project_Cost_Inclu": null, "LU_Design_Engineer": null, "Engineering_Consultant": null, "Notes_": "\n", "lat": 41.6841473, "lon": -71.1858998, "Mapped_address": "Bay St & Charles St, Fall River, MA 02724, USA", "FID": 153}}, {"type": "Feature", "id": 154, "geometry": {"type": "Point", "coordinates": [-71.1836023, 41.6871232]}, "properties": {"Line__": 65, "Year": 2026, "Project_Name": "Bay St. Main Replacement 2026", "Address": "Potter St. (Bay St. to End.)", "Estimated_Cost": null, "Town": "FALL RIVER", "Reasons": "RISK & CONVERT TO 60#", "UP_or_CP": "UP", "Single_Highest_Risk_Score__on_S": "40", "Existing__Pressure": "Low", "Ex__Main_Size__in____CI___WI_": "0", "Ex__Main_Length__ft____CI___WI_": 0, "Ex__Main_Size__in____BS_": "2\" (LP)", "Ex__Main_Length__ft____BS_": 158, "Ex__Main_Size__in____WS__Unprot": "0", "Ex__Main_Length__ft____WS__Unpr": 0, "Ex__Main_Size__in____WS__CP_Pro": 0, "Ex__Main_Length__ft____WS__CP_P": 0, "Ex__Main_Size__in____PE_": "0", "Ex__Main_Length__ft____PE_": 0, "Ex__Main_Size__in____Drisco_": "0", "Ex__Main_Length__ft____Drisco_": 0, "Ex__Main_Size__in_____Aldyl_A_": "0", "Ex__Main_Length__ft____Aldyl_A_": 0, "New_Main__for_System__Integrity": 0, "Total_GSEP_Footage__ft__": 158, "Total_Non_GSEP_Footage__ft__": 0, "Prop__Total__Length_for__Instal": 158, "Prop__Total__Length_for_Abandon": 158, "F__Incidental_Pipe_Per_Project": null, "Ex__PE_Size__in____to_be_Retest": 0, "Ex__PE_Length__ft___to_be_Retes": 0, "Majority_Existing_Main_Info": "2\" (LP) BS", "Prop__Main_Size__in____PE_": 2, "Prop__Main_Pressure": "60#", "F__Replaced_Services__BS_": 0, "F__Replaced_Services__WS_": 0, "F__Replaced_Services__Drisco_": 1, "F__Replaced_Services___Aldyl_A_": 0, "F__Replaced_Services__Total_": 1, "F__Service__Transfers": 0, "Est_____Days": 2, "Est_____Extra__Days_for__Ledge_": 0, "F__of_Tie_Ins": null, "F__of_Cut_Offs": null, "F__of_Inside_Services": null, "F__of_Outside_Services": null, "Budgeted_In_2023_for_2024": null, "Main_Cost_1_Including_Const_OH": null, "Inspector": null, "Police": null, "Gravel_Tr_In": null, "Ledge_Removal": null, "T_M": null, "Re_Pressure_Test": null, "Extra_Restoration_Estimate_from": null, "Non_Standard_Work__Bridges__Lan": null, "Cost": null, "Construction__OVHD": null, "Engineering__Design_Cost": null, "Total_Overage": null, "Services_Cost_Including_Constr_": null, "Meters_Installation_Cost_Includ": null, "F_Total_Est__Project_Cost_Inclu": null, "LU_Design_Engineer": null, "Engineering_Consultant": null, "Notes_": "\n", "lat": 41.6871232, "lon": -71.1836023, "Mapped_address": "Bay St & Potter St, Fall River, MA 02724, USA", "FID": 154}}, {"type": "Feature", "id": 155, "geometry": {"type": "Point", "coordinates": [-71.1831484, 41.6876853]}, "properties": {"Line__": 66, "Year": 2026, "Project_Name": "Bay St. Main Replacement 2026", "Address": "Slade St. (Bay St. to Atlantic Blvd)", "Estimated_Cost": null, "Town": "FALL RIVER", "Reasons": "CONVERT TO 60#", "UP_or_CP": "UP", "Single_Highest_Risk_Score__on_S": "No Score", "Existing__Pressure": "Low", "Ex__Main_Size__in____CI___WI_": "0", "Ex__Main_Length__ft____CI___WI_": 0, "Ex__Main_Size__in____BS_": "0", "Ex__Main_Length__ft____BS_": 0, "Ex__Main_Size__in____WS__Unprot": "0", "Ex__Main_Length__ft____WS__Unpr": 0, "Ex__Main_Size__in____WS__CP_Pro": 0, "Ex__Main_Length__ft____WS__CP_P": 0, "Ex__Main_Size__in____PE_": "0", "Ex__Main_Length__ft____PE_": 0, "Ex__Main_Size__in____Drisco_": "4\" (LP)", "Ex__Main_Length__ft____Drisco_": 483, "Ex__Main_Size__in_____Aldyl_A_": "0", "Ex__Main_Length__ft____Aldyl_A_": 0, "New_Main__for_System__Integrity": 0, "Total_GSEP_Footage__ft__": 0, "Total_Non_GSEP_Footage__ft__": 483, "Prop__Total__Length_for__Instal": 483, "Prop__Total__Length_for_Abandon": 483, "F__Incidental_Pipe_Per_Project": null, "Ex__PE_Size__in____to_be_Retest": 0, "Ex__PE_Length__ft___to_be_Retes": 0, "Majority_Existing_Main_Info": "4\" (LP) Drisco", "Prop__Main_Size__in____PE_": 2, "Prop__Main_Pressure": "60#", "F__Replaced_Services__BS_": 0, "F__Replaced_Services__WS_": 0, "F__Replaced_Services__Drisco_": 2, "F__Replaced_Services___Aldyl_A_": 0, "F__Replaced_Services__Total_": 2, "F__Service__Transfers": 3, "Est_____Days": 5, "Est_____Extra__Days_for__Ledge_": 1, "F__of_Tie_Ins": null, "F__of_Cut_Offs": null, "F__of_Inside_Services": null, "F__of_Outside_Services": null, "Budgeted_In_2023_for_2024": null, "Main_Cost_1_Including_Const_OH": null, "Inspector": null, "Police": null, "Gravel_Tr_In": null, "Ledge_Removal": null, "T_M": null, "Re_Pressure_Test": null, "Extra_Restoration_Estimate_from": null, "Non_Standard_Work__Bridges__Lan": null, "Cost": null, "Construction__OVHD": null, "Engineering__Design_Cost": null, "Total_Overage": null, "Services_Cost_Including_Constr_": null, "Meters_Installation_Cost_Includ": null, "F_Total_Est__Project_Cost_Inclu": null, "LU_Design_Engineer": null, "Engineering_Consultant": null, "Notes_": "\n", "lat": 41.6876853, "lon": -71.1831484, "Mapped_address": "Bay St & Slade St, Fall River, MA 02724, USA", "FID": 155}}, {"type": "Feature", "id": 156, "geometry": {"type": "Point", "coordinates": [-71.1808528, 41.6895633]}, "properties": {"Line__": 67, "Year": 2026, "Project_Name": "Bay St. Main Replacement 2026", "Address": "Riverview St. (Bay St. to Atlantic Blvd.)", "Estimated_Cost": null, "Town": "FALL RIVER", "Reasons": "RISK & CONVERT TO 60#", "UP_or_CP": "UP", "Single_Highest_Risk_Score__on_S": "32", "Existing__Pressure": "Low", "Ex__Main_Size__in____CI___WI_": "0", "Ex__Main_Length__ft____CI___WI_": 0, "Ex__Main_Size__in____BS_": "4\" (LP)", "Ex__Main_Length__ft____BS_": 923, "Ex__Main_Size__in____WS__Unprot": "0", "Ex__Main_Length__ft____WS__Unpr": 0, "Ex__Main_Size__in____WS__CP_Pro": 0, "Ex__Main_Length__ft____WS__CP_P": 0, "Ex__Main_Size__in____PE_": "0", "Ex__Main_Length__ft____PE_": 0, "Ex__Main_Size__in____Drisco_": "0", "Ex__Main_Length__ft____Drisco_": 0, "Ex__Main_Size__in_____Aldyl_A_": "0", "Ex__Main_Length__ft____Aldyl_A_": 0, "New_Main__for_System__Integrity": 0, "Total_GSEP_Footage__ft__": 923, "Total_Non_GSEP_Footage__ft__": 0, "Prop__Total__Length_for__Instal": 923, "Prop__Total__Length_for_Abandon": 923, "F__Incidental_Pipe_Per_Project": null, "Ex__PE_Size__in____to_be_Retest": 0, "Ex__PE_Length__ft___to_be_Retes": 0, "Majority_Existing_Main_Info": "4\" (LP) BS", "Prop__Main_Size__in____PE_": 2, "Prop__Main_Pressure": "60#", "F__Replaced_Services__BS_": 6, "F__Replaced_Services__WS_": 0, "F__Replaced_Services__Drisco_": 1, "F__Replaced_Services___Aldyl_A_": 1, "F__Replaced_Services__Total_": 8, "F__Service__Transfers": 9, "Est_____Days": 13, "Est_____Extra__Days_for__Ledge_": 3, "F__of_Tie_Ins": null, "F__of_Cut_Offs": null, "F__of_Inside_Services": null, "F__of_Outside_Services": null, "Budgeted_In_2023_for_2024": null, "Main_Cost_1_Including_Const_OH": null, "Inspector": null, "Police": null, "Gravel_Tr_In": null, "Ledge_Removal": null, "T_M": null, "Re_Pressure_Test": null, "Extra_Restoration_Estimate_from": null, "Non_Standard_Work__Bridges__Lan": null, "Cost": null, "Construction__OVHD": null, "Engineering__Design_Cost": null, "Total_Overage": null, "Services_Cost_Including_Constr_": null, "Meters_Installation_Cost_Includ": null, "F_Total_Est__Project_Cost_Inclu": null, "LU_Design_Engineer": null, "Engineering_Consultant": null, "Notes_": "\n", "lat": 41.6895633, "lon": -71.1808528, "Mapped_address": "Bay St & Riverview St, Fall River, MA 02724, USA", "FID": 156}}, {"type": "Feature", "id": 157, "geometry": {"type": "Point", "coordinates": [-71.1418448, 41.6994443]}, "properties": {"Line__": 68, "Year": 2026, "Project_Name": "Bedford St Main Replacement 2026", "Address": "Bedford St. (Plain St. to Johnson St.)", "Estimated_Cost": null, "Town": "FALL RIVER", "Reasons": "OPERATIONS", "UP_or_CP": "UP", "Single_Highest_Risk_Score__on_S": "45", "Existing__Pressure": "Low", "Ex__Main_Size__in____CI___WI_": "12\" & 16\" (LP)", "Ex__Main_Length__ft____CI___WI_": 1535, "Ex__Main_Size__in____BS_": "0", "Ex__Main_Length__ft____BS_": 0, "Ex__Main_Size__in____WS__Unprot": "0", "Ex__Main_Length__ft____WS__Unpr": 0, "Ex__Main_Size__in____WS__CP_Pro": 0, "Ex__Main_Length__ft____WS__CP_P": 0, "Ex__Main_Size__in____PE_": "0", "Ex__Main_Length__ft____PE_": 0, "Ex__Main_Size__in____Drisco_": "0", "Ex__Main_Length__ft____Drisco_": 0, "Ex__Main_Size__in_____Aldyl_A_": "0", "Ex__Main_Length__ft____Aldyl_A_": 0, "New_Main__for_System__Integrity": 0, "Total_GSEP_Footage__ft__": 1535, "Total_Non_GSEP_Footage__ft__": 0, "Prop__Total__Length_for__Instal": 1535, "Prop__Total__Length_for_Abandon": 1535, "F__Incidental_Pipe_Per_Project": "8%", "Ex__PE_Size__in____to_be_Retest": 0, "Ex__PE_Length__ft___to_be_Retes": 0, "Majority_Existing_Main_Info": "12\" (LP) CI", "Prop__Main_Size__in____PE_": 8, "Prop__Main_Pressure": "60#", "F__Replaced_Services__BS_": 16, "F__Replaced_Services__WS_": 8, "F__Replaced_Services__Drisco_": 0, "F__Replaced_Services___Aldyl_A_": 3, "F__Replaced_Services__Total_": 27, "F__Service__Transfers": 1, "Est_____Days": 24, "Est_____Extra__Days_for__Ledge_": 6, "F__of_Tie_Ins": null, "F__of_Cut_Offs": null, "F__of_Inside_Services": null, "F__of_Outside_Services": null, "Budgeted_In_2023_for_2024": null, "Main_Cost_1_Including_Const_OH": null, "Inspector": null, "Police": null, "Gravel_Tr_In": null, "Ledge_Removal": null, "T_M": null, "Re_Pressure_Test": null, "Extra_Restoration_Estimate_from": null, "Non_Standard_Work__Bridges__Lan": null, "Cost": null, "Construction__OVHD": null, "Engineering__Design_Cost": null, "Total_Overage": null, "Services_Cost_Including_Constr_": null, "Meters_Installation_Cost_Includ": null, "F_Total_Est__Project_Cost_Inclu": null, "LU_Design_Engineer": null, "Engineering_Consultant": null, "Notes_": "\n", "lat": 41.6994443, "lon": -71.1418448, "Mapped_address": "Bedford St & Plain St, Fall River, MA 02720, USA", "FID": 157}}, {"type": "Feature", "id": 158, "geometry": {"type": "Point", "coordinates": [-71.141055, 41.7017182]}, "properties": {"Line__": 69, "Year": 2026, "Project_Name": "Bedford St Main Replacement 2026", "Address": "Platt St. (Plain St. to Varley St.)", "Estimated_Cost": null, "Town": "FALL RIVER", "Reasons": "RISK & CONVERT TO 60#", "UP_or_CP": "UP", "Single_Highest_Risk_Score__on_S": "42", "Existing__Pressure": "Low", "Ex__Main_Size__in____CI___WI_": "4\" (LP)", "Ex__Main_Length__ft____CI___WI_": 2, "Ex__Main_Size__in____BS_": "2\" (LP)", "Ex__Main_Length__ft____BS_": 261, "Ex__Main_Size__in____WS__Unprot": "0", "Ex__Main_Length__ft____WS__Unpr": 0, "Ex__Main_Size__in____WS__CP_Pro": 0, "Ex__Main_Length__ft____WS__CP_P": 0, "Ex__Main_Size__in____PE_": "2\" (LP)", "Ex__Main_Length__ft____PE_": 2, "Ex__Main_Size__in____Drisco_": "0", "Ex__Main_Length__ft____Drisco_": 0, "Ex__Main_Size__in_____Aldyl_A_": "0", "Ex__Main_Length__ft____Aldyl_A_": 0, "New_Main__for_System__Integrity": 0, "Total_GSEP_Footage__ft__": 263, "Total_Non_GSEP_Footage__ft__": 2, "Prop__Total__Length_for__Instal": 265, "Prop__Total__Length_for_Abandon": 265, "F__Incidental_Pipe_Per_Project": null, "Ex__PE_Size__in____to_be_Retest": 0, "Ex__PE_Length__ft___to_be_Retes": 0, "Majority_Existing_Main_Info": "2\" (LP) BS", "Prop__Main_Size__in____PE_": 2, "Prop__Main_Pressure": "60#", "F__Replaced_Services__BS_": 1, "F__Replaced_Services__WS_": 0, "F__Replaced_Services__Drisco_": 2, "F__Replaced_Services___Aldyl_A_": 1, "F__Replaced_Services__Total_": 4, "F__Service__Transfers": 1, "Est_____Days": 4, "Est_____Extra__Days_for__Ledge_": 1, "F__of_Tie_Ins": null, "F__of_Cut_Offs": null, "F__of_Inside_Services": null, "F__of_Outside_Services": null, "Budgeted_In_2023_for_2024": null, "Main_Cost_1_Including_Const_OH": null, "Inspector": null, "Police": null, "Gravel_Tr_In": null, "Ledge_Removal": null, "T_M": null, "Re_Pressure_Test": null, "Extra_Restoration_Estimate_from": null, "Non_Standard_Work__Bridges__Lan": null, "Cost": null, "Construction__OVHD": null, "Engineering__Design_Cost": null, "Total_Overage": null, "Services_Cost_Including_Constr_": null, "Meters_Installation_Cost_Includ": null, "F_Total_Est__Project_Cost_Inclu": null, "LU_Design_Engineer": null, "Engineering_Consultant": null, "Notes_": "\n", "lat": 41.7017182, "lon": -71.141055, "Mapped_address": "Platt St & Plain St, Fall River, MA 02720, USA", "FID": 158}}, {"type": "Feature", "id": 159, "geometry": {"type": "Point", "coordinates": [-71.1409648, 41.6992833]}, "properties": {"Line__": 70, "Year": 2026, "Project_Name": "Bedford St Main Replacement 2026", "Address": "Varley St. (Bedford St. to Varley St.)", "Estimated_Cost": null, "Town": "FALL RIVER", "Reasons": "RISK & CONVERT TO 60#", "UP_or_CP": "UP", "Single_Highest_Risk_Score__on_S": "42", "Existing__Pressure": "Low", "Ex__Main_Size__in____CI___WI_": "4\" & 8\" (LP)", "Ex__Main_Length__ft____CI___WI_": 843, "Ex__Main_Size__in____BS_": "0", "Ex__Main_Length__ft____BS_": 0, "Ex__Main_Size__in____WS__Unprot": "0", "Ex__Main_Length__ft____WS__Unpr": 0, "Ex__Main_Size__in____WS__CP_Pro": 0, "Ex__Main_Length__ft____WS__CP_P": 0, "Ex__Main_Size__in____PE_": "0", "Ex__Main_Length__ft____PE_": 0, "Ex__Main_Size__in____Drisco_": "0", "Ex__Main_Length__ft____Drisco_": 0, "Ex__Main_Size__in_____Aldyl_A_": "0", "Ex__Main_Length__ft____Aldyl_A_": 0, "New_Main__for_System__Integrity": 0, "Total_GSEP_Footage__ft__": 843, "Total_Non_GSEP_Footage__ft__": 0, "Prop__Total__Length_for__Instal": 843, "Prop__Total__Length_for_Abandon": 843, "F__Incidental_Pipe_Per_Project": null, "Ex__PE_Size__in____to_be_Retest": 0, "Ex__PE_Length__ft___to_be_Retes": 0, "Majority_Existing_Main_Info": "12\" (LP) CI", "Prop__Main_Size__in____PE_": 2, "Prop__Main_Pressure": "60#", "F__Replaced_Services__BS_": 14, "F__Replaced_Services__WS_": 0, "F__Replaced_Services__Drisco_": 2, "F__Replaced_Services___Aldyl_A_": 1, "F__Replaced_Services__Total_": 17, "F__Service__Transfers": 6, "Est_____Days": 16, "Est_____Extra__Days_for__Ledge_": 4, "F__of_Tie_Ins": null, "F__of_Cut_Offs": null, "F__of_Inside_Services": null, "F__of_Outside_Services": null, "Budgeted_In_2023_for_2024": null, "Main_Cost_1_Including_Const_OH": null, "Inspector": null, "Police": null, "Gravel_Tr_In": null, "Ledge_Removal": null, "T_M": null, "Re_Pressure_Test": null, "Extra_Restoration_Estimate_from": null, "Non_Standard_Work__Bridges__Lan": null, "Cost": null, "Construction__OVHD": null, "Engineering__Design_Cost": null, "Total_Overage": null, "Services_Cost_Including_Constr_": null, "Meters_Installation_Cost_Includ": null, "F_Total_Est__Project_Cost_Inclu": null, "LU_Design_Engineer": null, "Engineering_Consultant": null, "Notes_": "\n", "lat": 41.6992833, "lon": -71.1409648, "Mapped_address": "Varley St & Bedford St, Fall River, MA 02723, USA", "FID": 159}}, {"type": "Feature", "id": 160, "geometry": {"type": "Point", "coordinates": [-71.1392125, 41.6989675]}, "properties": {"Line__": 72, "Year": 2026, "Project_Name": "Bedford St Main Replacement 2026", "Address": "Tobin St. (Bedford St. to London St.)", "Estimated_Cost": null, "Town": "FALL RIVER", "Reasons": "RISK & CONVERT TO 60#", "UP_or_CP": "UP", "Single_Highest_Risk_Score__on_S": "45", "Existing__Pressure": "Low", "Ex__Main_Size__in____CI___WI_": "4\" (LP)", "Ex__Main_Length__ft____CI___WI_": 552, "Ex__Main_Size__in____BS_": "0", "Ex__Main_Length__ft____BS_": 0, "Ex__Main_Size__in____WS__Unprot": "0", "Ex__Main_Length__ft____WS__Unpr": 0, "Ex__Main_Size__in____WS__CP_Pro": 0, "Ex__Main_Length__ft____WS__CP_P": 0, "Ex__Main_Size__in____PE_": "0", "Ex__Main_Length__ft____PE_": 0, "Ex__Main_Size__in____Drisco_": "4\" (LP)", "Ex__Main_Length__ft____Drisco_": 127, "Ex__Main_Size__in_____Aldyl_A_": "0", "Ex__Main_Length__ft____Aldyl_A_": 0, "New_Main__for_System__Integrity": 0, "Total_GSEP_Footage__ft__": 552, "Total_Non_GSEP_Footage__ft__": 127, "Prop__Total__Length_for__Instal": 679, "Prop__Total__Length_for_Abandon": 679, "F__Incidental_Pipe_Per_Project": null, "Ex__PE_Size__in____to_be_Retest": 0, "Ex__PE_Length__ft___to_be_Retes": 0, "Majority_Existing_Main_Info": "4\" (LP) CI", "Prop__Main_Size__in____PE_": 2, "Prop__Main_Pressure": "60#", "F__Replaced_Services__BS_": 1, "F__Replaced_Services__WS_": 1, "F__Replaced_Services__Drisco_": 1, "F__Replaced_Services___Aldyl_A_": 1, "F__Replaced_Services__Total_": 4, "F__Service__Transfers": 4, "Est_____Days": 8, "Est_____Extra__Days_for__Ledge_": 2, "F__of_Tie_Ins": null, "F__of_Cut_Offs": null, "F__of_Inside_Services": null, "F__of_Outside_Services": null, "Budgeted_In_2023_for_2024": null, "Main_Cost_1_Including_Const_OH": null, "Inspector": null, "Police": null, "Gravel_Tr_In": null, "Ledge_Removal": null, "T_M": null, "Re_Pressure_Test": null, "Extra_Restoration_Estimate_from": null, "Non_Standard_Work__Bridges__Lan": null, "Cost": null, "Construction__OVHD": null, "Engineering__Design_Cost": null, "Total_Overage": null, "Services_Cost_Including_Constr_": null, "Meters_Installation_Cost_Includ": null, "F_Total_Est__Project_Cost_Inclu": null, "LU_Design_Engineer": null, "Engineering_Consultant": null, "Notes_": "\n", "lat": 41.6989675, "lon": -71.1392125, "Mapped_address": "Tobin St & Bedford St, Fall River, MA 02723, USA", "FID": 160}}, {"type": "Feature", "id": 161, "geometry": {"type": "Point", "coordinates": [-71.1382808, 41.69879]}, "properties": {"Line__": 73, "Year": 2026, "Project_Name": "Bedford St Main Replacement 2026", "Address": "Wall St. (Bedford St. to Beattie St.)", "Estimated_Cost": null, "Town": "FALL RIVER", "Reasons": "RISK & CONVERT TO 60#", "UP_or_CP": "UP", "Single_Highest_Risk_Score__on_S": "48", "Existing__Pressure": "Low", "Ex__Main_Size__in____CI___WI_": "4\" (LP)", "Ex__Main_Length__ft____CI___WI_": 402, "Ex__Main_Size__in____BS_": "0", "Ex__Main_Length__ft____BS_": 0, "Ex__Main_Size__in____WS__Unprot": "0", "Ex__Main_Length__ft____WS__Unpr": 0, "Ex__Main_Size__in____WS__CP_Pro": 0, "Ex__Main_Length__ft____WS__CP_P": 0, "Ex__Main_Size__in____PE_": "0", "Ex__Main_Length__ft____PE_": 0, "Ex__Main_Size__in____Drisco_": "0", "Ex__Main_Length__ft____Drisco_": 0, "Ex__Main_Size__in_____Aldyl_A_": "0", "Ex__Main_Length__ft____Aldyl_A_": 0, "New_Main__for_System__Integrity": 0, "Total_GSEP_Footage__ft__": 402, "Total_Non_GSEP_Footage__ft__": 0, "Prop__Total__Length_for__Instal": 402, "Prop__Total__Length_for_Abandon": 402, "F__Incidental_Pipe_Per_Project": null, "Ex__PE_Size__in____to_be_Retest": 0, "Ex__PE_Length__ft___to_be_Retes": 0, "Majority_Existing_Main_Info": "4\" (LP) CI", "Prop__Main_Size__in____PE_": 2, "Prop__Main_Pressure": "60#", "F__Replaced_Services__BS_": 3, "F__Replaced_Services__WS_": 0, "F__Replaced_Services__Drisco_": 0, "F__Replaced_Services___Aldyl_A_": 2, "F__Replaced_Services__Total_": 5, "F__Service__Transfers": 0, "Est_____Days": 5, "Est_____Extra__Days_for__Ledge_": 1, "F__of_Tie_Ins": null, "F__of_Cut_Offs": null, "F__of_Inside_Services": null, "F__of_Outside_Services": null, "Budgeted_In_2023_for_2024": null, "Main_Cost_1_Including_Const_OH": null, "Inspector": null, "Police": null, "Gravel_Tr_In": null, "Ledge_Removal": null, "T_M": null, "Re_Pressure_Test": null, "Extra_Restoration_Estimate_from": null, "Non_Standard_Work__Bridges__Lan": null, "Cost": null, "Construction__OVHD": null, "Engineering__Design_Cost": null, "Total_Overage": null, "Services_Cost_Including_Constr_": null, "Meters_Installation_Cost_Includ": null, "F_Total_Est__Project_Cost_Inclu": null, "LU_Design_Engineer": null, "Engineering_Consultant": null, "Notes_": "\n", "lat": 41.69879, "lon": -71.1382808, "Mapped_address": "Bedford St, Fall River, MA, USA", "FID": 161}}, {"type": "Feature", "id": 162, "geometry": {"type": "Point", "coordinates": [-71.1373558, 41.6986191]}, "properties": {"Line__": 74, "Year": 2026, "Project_Name": "Bedford St Main Replacement 2026", "Address": "Stinziano St. (Bedford St. to Beattie St.)", "Estimated_Cost": null, "Town": "FALL RIVER", "Reasons": "RISK & CONVERT TO 60#", "UP_or_CP": "UP", "Single_Highest_Risk_Score__on_S": "40", "Existing__Pressure": "Low", "Ex__Main_Size__in____CI___WI_": "4\" (LP)", "Ex__Main_Length__ft____CI___WI_": 199, "Ex__Main_Size__in____BS_": "0", "Ex__Main_Length__ft____BS_": 0, "Ex__Main_Size__in____WS__Unprot": "0", "Ex__Main_Length__ft____WS__Unpr": 0, "Ex__Main_Size__in____WS__CP_Pro": 0, "Ex__Main_Length__ft____WS__CP_P": 0, "Ex__Main_Size__in____PE_": "0", "Ex__Main_Length__ft____PE_": 0, "Ex__Main_Size__in____Drisco_": "0", "Ex__Main_Length__ft____Drisco_": 0, "Ex__Main_Size__in_____Aldyl_A_": "0", "Ex__Main_Length__ft____Aldyl_A_": 0, "New_Main__for_System__Integrity": 183, "Total_GSEP_Footage__ft__": 199, "Total_Non_GSEP_Footage__ft__": 0, "Prop__Total__Length_for__Instal": 382, "Prop__Total__Length_for_Abandon": 199, "F__Incidental_Pipe_Per_Project": null, "Ex__PE_Size__in____to_be_Retest": 0, "Ex__PE_Length__ft___to_be_Retes": 0, "Majority_Existing_Main_Info": "4\" (LP) CI", "Prop__Main_Size__in____PE_": 2, "Prop__Main_Pressure": "60#", "F__Replaced_Services__BS_": 0, "F__Replaced_Services__WS_": 0, "F__Replaced_Services__Drisco_": 0, "F__Replaced_Services___Aldyl_A_": 3, "F__Replaced_Services__Total_": 3, "F__Service__Transfers": 1, "Est_____Days": 4, "Est_____Extra__Days_for__Ledge_": 1, "F__of_Tie_Ins": null, "F__of_Cut_Offs": null, "F__of_Inside_Services": null, "F__of_Outside_Services": null, "Budgeted_In_2023_for_2024": null, "Main_Cost_1_Including_Const_OH": null, "Inspector": null, "Police": null, "Gravel_Tr_In": null, "Ledge_Removal": null, "T_M": null, "Re_Pressure_Test": null, "Extra_Restoration_Estimate_from": null, "Non_Standard_Work__Bridges__Lan": null, "Cost": null, "Construction__OVHD": null, "Engineering__Design_Cost": null, "Total_Overage": null, "Services_Cost_Including_Constr_": null, "Meters_Installation_Cost_Includ": null, "F_Total_Est__Project_Cost_Inclu": null, "LU_Design_Engineer": null, "Engineering_Consultant": null, "Notes_": "\n", "lat": 41.6986191, "lon": -71.1373558, "Mapped_address": "Stinziano St & Bedford St, Fall River, MA 02723, USA", "FID": 162}}, {"type": "Feature", "id": 163, "geometry": {"type": "Point", "coordinates": [-71.139765, 41.700183]}, "properties": {"Line__": 75, "Year": 2026, "Project_Name": "Bedford St Main Replacement 2026", "Address": "Beattie St. (N. Quarry St. to Johnson St.)", "Estimated_Cost": null, "Town": "FALL RIVER", "Reasons": "RISK & CONVERT TO 60#", "UP_or_CP": "UP", "Single_Highest_Risk_Score__on_S": "45", "Existing__Pressure": "Low", "Ex__Main_Size__in____CI___WI_": "4\" (LP)", "Ex__Main_Length__ft____CI___WI_": 985, "Ex__Main_Size__in____BS_": "0", "Ex__Main_Length__ft____BS_": 0, "Ex__Main_Size__in____WS__Unprot": "0", "Ex__Main_Length__ft____WS__Unpr": 0, "Ex__Main_Size__in____WS__CP_Pro": 0, "Ex__Main_Length__ft____WS__CP_P": 0, "Ex__Main_Size__in____PE_": "0", "Ex__Main_Length__ft____PE_": 0, "Ex__Main_Size__in____Drisco_": "4\" (LP)", "Ex__Main_Length__ft____Drisco_": 4, "Ex__Main_Size__in_____Aldyl_A_": "0", "Ex__Main_Length__ft____Aldyl_A_": 0, "New_Main__for_System__Integrity": 41, "Total_GSEP_Footage__ft__": 985, "Total_Non_GSEP_Footage__ft__": 4, "Prop__Total__Length_for__Instal": 1030, "Prop__Total__Length_for_Abandon": 989, "F__Incidental_Pipe_Per_Project": null, "Ex__PE_Size__in____to_be_Retest": 0, "Ex__PE_Length__ft___to_be_Retes": 0, "Majority_Existing_Main_Info": "4\" (LP) CI", "Prop__Main_Size__in____PE_": 4, "Prop__Main_Pressure": "60#", "F__Replaced_Services__BS_": 11, "F__Replaced_Services__WS_": 0, "F__Replaced_Services__Drisco_": 7, "F__Replaced_Services___Aldyl_A_": 1, "F__Replaced_Services__Total_": 19, "F__Service__Transfers": 1, "Est_____Days": 17, "Est_____Extra__Days_for__Ledge_": 4, "F__of_Tie_Ins": null, "F__of_Cut_Offs": null, "F__of_Inside_Services": null, "F__of_Outside_Services": null, "Budgeted_In_2023_for_2024": null, "Main_Cost_1_Including_Const_OH": null, "Inspector": null, "Police": null, "Gravel_Tr_In": null, "Ledge_Removal": null, "T_M": null, "Re_Pressure_Test": null, "Extra_Restoration_Estimate_from": null, "Non_Standard_Work__Bridges__Lan": null, "Cost": null, "Construction__OVHD": null, "Engineering__Design_Cost": null, "Total_Overage": null, "Services_Cost_Including_Constr_": null, "Meters_Installation_Cost_Includ": null, "F_Total_Est__Project_Cost_Inclu": null, "LU_Design_Engineer": null, "Engineering_Consultant": null, "Notes_": "\n", "lat": 41.700183, "lon": -71.139765, "Mapped_address": "N Quarry St & Beattie St, Fall River, MA 02723, USA", "FID": 163}}, {"type": "Feature", "id": 164, "geometry": {"type": "Point", "coordinates": [-71.1386074, 41.7007861]}, "properties": {"Line__": 76, "Year": 2026, "Project_Name": "Bedford St Main Replacement 2026", "Address": "London St. (Tobin St. to Johnson St.)", "Estimated_Cost": null, "Town": "FALL RIVER", "Reasons": "RISK & CONVERT TO 60#", "UP_or_CP": "UP", "Single_Highest_Risk_Score__on_S": "40", "Existing__Pressure": "Low", "Ex__Main_Size__in____CI___WI_": "4\" (LP)", "Ex__Main_Length__ft____CI___WI_": 508, "Ex__Main_Size__in____BS_": "0", "Ex__Main_Length__ft____BS_": 0, "Ex__Main_Size__in____WS__Unprot": "0", "Ex__Main_Length__ft____WS__Unpr": 0, "Ex__Main_Size__in____WS__CP_Pro": 0, "Ex__Main_Length__ft____WS__CP_P": 0, "Ex__Main_Size__in____PE_": "4\" (LP)", "Ex__Main_Length__ft____PE_": 134, "Ex__Main_Size__in____Drisco_": "4\" (LP)", "Ex__Main_Length__ft____Drisco_": 254, "Ex__Main_Size__in_____Aldyl_A_": "0", "Ex__Main_Length__ft____Aldyl_A_": 0, "New_Main__for_System__Integrity": 0, "Total_GSEP_Footage__ft__": 508, "Total_Non_GSEP_Footage__ft__": 388, "Prop__Total__Length_for__Instal": 896, "Prop__Total__Length_for_Abandon": 896, "F__Incidental_Pipe_Per_Project": null, "Ex__PE_Size__in____to_be_Retest": 0, "Ex__PE_Length__ft___to_be_Retes": 0, "Majority_Existing_Main_Info": "4\" (LP) CI", "Prop__Main_Size__in____PE_": 4, "Prop__Main_Pressure": "60#", "F__Replaced_Services__BS_": 5, "F__Replaced_Services__WS_": 0, "F__Replaced_Services__Drisco_": 11, "F__Replaced_Services___Aldyl_A_": 0, "F__Replaced_Services__Total_": 16, "F__Service__Transfers": 1, "Est_____Days": 14, "Est_____Extra__Days_for__Ledge_": 4, "F__of_Tie_Ins": null, "F__of_Cut_Offs": null, "F__of_Inside_Services": null, "F__of_Outside_Services": null, "Budgeted_In_2023_for_2024": null, "Main_Cost_1_Including_Const_OH": null, "Inspector": null, "Police": null, "Gravel_Tr_In": null, "Ledge_Removal": null, "T_M": null, "Re_Pressure_Test": null, "Extra_Restoration_Estimate_from": null, "Non_Standard_Work__Bridges__Lan": null, "Cost": null, "Construction__OVHD": null, "Engineering__Design_Cost": null, "Total_Overage": null, "Services_Cost_Including_Constr_": null, "Meters_Installation_Cost_Includ": null, "F_Total_Est__Project_Cost_Inclu": null, "LU_Design_Engineer": null, "Engineering_Consultant": null, "Notes_": "\n", "lat": 41.7007861, "lon": -71.1386074, "Mapped_address": "Tobin St & London St, Fall River, MA 02723, USA", "FID": 164}}, {"type": "Feature", "id": 165, "geometry": {"type": "Point", "coordinates": [-71.1754278, 41.6820627]}, "properties": {"Line__": 77, "Year": 2026, "Project_Name": "Crawford St. Main Replacement", "Address": "Crawford St. (Charles St. to Howe St.)", "Estimated_Cost": null, "Town": "FALL RIVER", "Reasons": "RISK & CONVERT TO 60#", "UP_or_CP": "UP", "Single_Highest_Risk_Score__on_S": "44", "Existing__Pressure": "Low", "Ex__Main_Size__in____CI___WI_": "4\" (LP)", "Ex__Main_Length__ft____CI___WI_": 618, "Ex__Main_Size__in____BS_": "4\" (LP)", "Ex__Main_Length__ft____BS_": 43, "Ex__Main_Size__in____WS__Unprot": "0", "Ex__Main_Length__ft____WS__Unpr": 0, "Ex__Main_Size__in____WS__CP_Pro": 0, "Ex__Main_Length__ft____WS__CP_P": 0, "Ex__Main_Size__in____PE_": "4\" (LP)", "Ex__Main_Length__ft____PE_": 36, "Ex__Main_Size__in____Drisco_": "0", "Ex__Main_Length__ft____Drisco_": 0, "Ex__Main_Size__in_____Aldyl_A_": "4\" (LP)", "Ex__Main_Length__ft____Aldyl_A_": 309, "New_Main__for_System__Integrity": 0, "Total_GSEP_Footage__ft__": 970, "Total_Non_GSEP_Footage__ft__": 36, "Prop__Total__Length_for__Instal": 1006, "Prop__Total__Length_for_Abandon": 1006, "F__Incidental_Pipe_Per_Project": "10%", "Ex__PE_Size__in____to_be_Retest": 0, "Ex__PE_Length__ft___to_be_Retes": 0, "Majority_Existing_Main_Info": "4\" (LP) CI", "Prop__Main_Size__in____PE_": 4, "Prop__Main_Pressure": "60#", "F__Replaced_Services__BS_": 4, "F__Replaced_Services__WS_": 1, "F__Replaced_Services__Drisco_": 3, "F__Replaced_Services___Aldyl_A_": 1, "F__Replaced_Services__Total_": 9, "F__Service__Transfers": 7, "Est_____Days": 14, "Est_____Extra__Days_for__Ledge_": 3, "F__of_Tie_Ins": null, "F__of_Cut_Offs": null, "F__of_Inside_Services": null, "F__of_Outside_Services": null, "Budgeted_In_2023_for_2024": null, "Main_Cost_1_Including_Const_OH": null, "Inspector": null, "Police": null, "Gravel_Tr_In": null, "Ledge_Removal": null, "T_M": null, "Re_Pressure_Test": null, "Extra_Restoration_Estimate_from": null, "Non_Standard_Work__Bridges__Lan": null, "Cost": null, "Construction__OVHD": null, "Engineering__Design_Cost": null, "Total_Overage": null, "Services_Cost_Including_Constr_": null, "Meters_Installation_Cost_Includ": null, "F_Total_Est__Project_Cost_Inclu": null, "LU_Design_Engineer": null, "Engineering_Consultant": null, "Notes_": "\n", "lat": 41.6820627, "lon": -71.1754278, "Mapped_address": "Crawford St & Charles St, Fall River, MA 02724, USA", "FID": 165}}, {"type": "Feature", "id": 166, "geometry": {"type": "Point", "coordinates": [-71.1762051, 41.6812257]}, "properties": {"Line__": 78, "Year": 2026, "Project_Name": "Crawford St. Main Replacement", "Address": "Larouche St. (Higgins St. to Tuttle St.)", "Estimated_Cost": null, "Town": "FALL RIVER", "Reasons": "RISK & CONVERT TO 60#", "UP_or_CP": "UP", "Single_Highest_Risk_Score__on_S": "36", "Existing__Pressure": "Low", "Ex__Main_Size__in____CI___WI_": "0", "Ex__Main_Length__ft____CI___WI_": 0, "Ex__Main_Size__in____BS_": "2\" (LP)", "Ex__Main_Length__ft____BS_": 136, "Ex__Main_Size__in____WS__Unprot": "0", "Ex__Main_Length__ft____WS__Unpr": 0, "Ex__Main_Size__in____WS__CP_Pro": 0, "Ex__Main_Length__ft____WS__CP_P": 0, "Ex__Main_Size__in____PE_": "2\" & 4\" (LP)", "Ex__Main_Length__ft____PE_": 166, "Ex__Main_Size__in____Drisco_": "0", "Ex__Main_Length__ft____Drisco_": 0, "Ex__Main_Size__in_____Aldyl_A_": "0", "Ex__Main_Length__ft____Aldyl_A_": 0, "New_Main__for_System__Integrity": 0, "Total_GSEP_Footage__ft__": 136, "Total_Non_GSEP_Footage__ft__": 166, "Prop__Total__Length_for__Instal": 302, "Prop__Total__Length_for_Abandon": 302, "F__Incidental_Pipe_Per_Project": null, "Ex__PE_Size__in____to_be_Retest": 0, "Ex__PE_Length__ft___to_be_Retes": 0, "Majority_Existing_Main_Info": "4\" (LP) PE", "Prop__Main_Size__in____PE_": 2, "Prop__Main_Pressure": "60#", "F__Replaced_Services__BS_": 1, "F__Replaced_Services__WS_": 0, "F__Replaced_Services__Drisco_": 0, "F__Replaced_Services___Aldyl_A_": 0, "F__Replaced_Services__Total_": 1, "F__Service__Transfers": 3, "Est_____Days": 4, "Est_____Extra__Days_for__Ledge_": 1, "F__of_Tie_Ins": null, "F__of_Cut_Offs": null, "F__of_Inside_Services": null, "F__of_Outside_Services": null, "Budgeted_In_2023_for_2024": null, "Main_Cost_1_Including_Const_OH": null, "Inspector": null, "Police": null, "Gravel_Tr_In": null, "Ledge_Removal": null, "T_M": null, "Re_Pressure_Test": null, "Extra_Restoration_Estimate_from": null, "Non_Standard_Work__Bridges__Lan": null, "Cost": null, "Construction__OVHD": null, "Engineering__Design_Cost": null, "Total_Overage": null, "Services_Cost_Including_Constr_": null, "Meters_Installation_Cost_Includ": null, "F_Total_Est__Project_Cost_Inclu": null, "LU_Design_Engineer": null, "Engineering_Consultant": null, "Notes_": "\n", "lat": 41.6812257, "lon": -71.1762051, "Mapped_address": "Larouche St & Higgins St, Fall River, MA 02724, USA", "FID": 166}}, {"type": "Feature", "id": 167, "geometry": {"type": "Point", "coordinates": [-71.1762051, 41.6812257]}, "properties": {"Line__": 79, "Year": 2026, "Project_Name": "Crawford St. Main Replacement", "Address": "Higgins St. (Larouche St. to Crawford St.)", "Estimated_Cost": null, "Town": "FALL RIVER", "Reasons": "RISK & CONVERT TO 60#", "UP_or_CP": "UP", "Single_Highest_Risk_Score__on_S": "38", "Existing__Pressure": "Low", "Ex__Main_Size__in____CI___WI_": "0", "Ex__Main_Length__ft____CI___WI_": 0, "Ex__Main_Size__in____BS_": "2\" (LP)", "Ex__Main_Length__ft____BS_": 168, "Ex__Main_Size__in____WS__Unprot": "0", "Ex__Main_Length__ft____WS__Unpr": 0, "Ex__Main_Size__in____WS__CP_Pro": 0, "Ex__Main_Length__ft____WS__CP_P": 0, "Ex__Main_Size__in____PE_": "0", "Ex__Main_Length__ft____PE_": 0, "Ex__Main_Size__in____Drisco_": "0", "Ex__Main_Length__ft____Drisco_": 0, "Ex__Main_Size__in_____Aldyl_A_": "0", "Ex__Main_Length__ft____Aldyl_A_": 0, "New_Main__for_System__Integrity": 124, "Total_GSEP_Footage__ft__": 168, "Total_Non_GSEP_Footage__ft__": 0, "Prop__Total__Length_for__Instal": 292, "Prop__Total__Length_for_Abandon": 168, "F__Incidental_Pipe_Per_Project": null, "Ex__PE_Size__in____to_be_Retest": 0, "Ex__PE_Length__ft___to_be_Retes": 0, "Majority_Existing_Main_Info": "2\" (LP) BS", "Prop__Main_Size__in____PE_": 2, "Prop__Main_Pressure": "60#", "F__Replaced_Services__BS_": 1, "F__Replaced_Services__WS_": 0, "F__Replaced_Services__Drisco_": 3, "F__Replaced_Services___Aldyl_A_": 0, "F__Replaced_Services__Total_": 4, "F__Service__Transfers": 0, "Est_____Days": 4, "Est_____Extra__Days_for__Ledge_": 1, "F__of_Tie_Ins": null, "F__of_Cut_Offs": null, "F__of_Inside_Services": null, "F__of_Outside_Services": null, "Budgeted_In_2023_for_2024": null, "Main_Cost_1_Including_Const_OH": null, "Inspector": null, "Police": null, "Gravel_Tr_In": null, "Ledge_Removal": null, "T_M": null, "Re_Pressure_Test": null, "Extra_Restoration_Estimate_from": null, "Non_Standard_Work__Bridges__Lan": null, "Cost": null, "Construction__OVHD": null, "Engineering__Design_Cost": null, "Total_Overage": null, "Services_Cost_Including_Constr_": null, "Meters_Installation_Cost_Includ": null, "F_Total_Est__Project_Cost_Inclu": null, "LU_Design_Engineer": null, "Engineering_Consultant": null, "Notes_": "\n", "lat": 41.6812257, "lon": -71.1762051, "Mapped_address": "Larouche St & Higgins St, Fall River, MA 02724, USA", "FID": 167}}, {"type": "Feature", "id": 168, "geometry": {"type": "Point", "coordinates": [-71.1760387, 41.6801769]}, "properties": {"Line__": 80, "Year": 2026, "Project_Name": "Crawford St. Main Replacement", "Address": "Kay St. (Crawford St. to S. Main St.)", "Estimated_Cost": null, "Town": "FALL RIVER", "Reasons": "RISK & CONVERT TO 60#", "UP_or_CP": "UP", "Single_Highest_Risk_Score__on_S": "40", "Existing__Pressure": "Low", "Ex__Main_Size__in____CI___WI_": "4\" (LP)", "Ex__Main_Length__ft____CI___WI_": 57, "Ex__Main_Size__in____BS_": "0", "Ex__Main_Length__ft____BS_": 0, "Ex__Main_Size__in____WS__Unprot": "0", "Ex__Main_Length__ft____WS__Unpr": 0, "Ex__Main_Size__in____WS__CP_Pro": 0, "Ex__Main_Length__ft____WS__CP_P": 0, "Ex__Main_Size__in____PE_": "4\" (LP)", "Ex__Main_Length__ft____PE_": 465, "Ex__Main_Size__in____Drisco_": "0", "Ex__Main_Length__ft____Drisco_": 0, "Ex__Main_Size__in_____Aldyl_A_": "0", "Ex__Main_Length__ft____Aldyl_A_": 0, "New_Main__for_System__Integrity": 0, "Total_GSEP_Footage__ft__": 57, "Total_Non_GSEP_Footage__ft__": 465, "Prop__Total__Length_for__Instal": 67, "Prop__Total__Length_for_Abandon": 67, "F__Incidental_Pipe_Per_Project": null, "Ex__PE_Size__in____to_be_Retest": null, "Ex__PE_Length__ft___to_be_Retes": 455, "Majority_Existing_Main_Info": "4\" (LP) PE", "Prop__Main_Size__in____PE_": 4, "Prop__Main_Pressure": "60#", "F__Replaced_Services__BS_": 0, "F__Replaced_Services__WS_": 0, "F__Replaced_Services__Drisco_": 0, "F__Replaced_Services___Aldyl_A_": 0, "F__Replaced_Services__Total_": 0, "F__Service__Transfers": 11, "Est_____Days": 4, "Est_____Extra__Days_for__Ledge_": 1, "F__of_Tie_Ins": null, "F__of_Cut_Offs": null, "F__of_Inside_Services": null, "F__of_Outside_Services": null, "Budgeted_In_2023_for_2024": null, "Main_Cost_1_Including_Const_OH": null, "Inspector": null, "Police": null, "Gravel_Tr_In": null, "Ledge_Removal": null, "T_M": null, "Re_Pressure_Test": null, "Extra_Restoration_Estimate_from": null, "Non_Standard_Work__Bridges__Lan": null, "Cost": null, "Construction__OVHD": null, "Engineering__Design_Cost": null, "Total_Overage": null, "Services_Cost_Including_Constr_": null, "Meters_Installation_Cost_Includ": null, "F_Total_Est__Project_Cost_Inclu": null, "LU_Design_Engineer": null, "Engineering_Consultant": null, "Notes_": "\n", "lat": 41.6801769, "lon": -71.1760387, "Mapped_address": "Crawford St & Kay St, Fall River, MA 02724, USA", "FID": 168}}, {"type": "Feature", "id": 169, "geometry": {"type": "Point", "coordinates": [-71.1762559, 41.6794394]}, "properties": {"Line__": 81, "Year": 2026, "Project_Name": "Crawford St. Main Replacement", "Address": "Howe St. (Crawford St. to S. Main St.)", "Estimated_Cost": null, "Town": "FALL RIVER", "Reasons": "RISK & CONVERT TO 60#", "UP_or_CP": "UP", "Single_Highest_Risk_Score__on_S": "45", "Existing__Pressure": "Low", "Ex__Main_Size__in____CI___WI_": "4\" (LP)", "Ex__Main_Length__ft____CI___WI_": 585, "Ex__Main_Size__in____BS_": "0", "Ex__Main_Length__ft____BS_": 0, "Ex__Main_Size__in____WS__Unprot": "0", "Ex__Main_Length__ft____WS__Unpr": 0, "Ex__Main_Size__in____WS__CP_Pro": 0, "Ex__Main_Length__ft____WS__CP_P": 0, "Ex__Main_Size__in____PE_": "4\" (LP)", "Ex__Main_Length__ft____PE_": 10, "Ex__Main_Size__in____Drisco_": "0", "Ex__Main_Length__ft____Drisco_": 0, "Ex__Main_Size__in_____Aldyl_A_": "0", "Ex__Main_Length__ft____Aldyl_A_": 0, "New_Main__for_System__Integrity": 0, "Total_GSEP_Footage__ft__": 585, "Total_Non_GSEP_Footage__ft__": 10, "Prop__Total__Length_for__Instal": 595, "Prop__Total__Length_for_Abandon": 595, "F__Incidental_Pipe_Per_Project": null, "Ex__PE_Size__in____to_be_Retest": 0, "Ex__PE_Length__ft___to_be_Retes": 0, "Majority_Existing_Main_Info": "4\" (LP) CI", "Prop__Main_Size__in____PE_": 4, "Prop__Main_Pressure": "60#", "F__Replaced_Services__BS_": 4, "F__Replaced_Services__WS_": 4, "F__Replaced_Services__Drisco_": 0, "F__Replaced_Services___Aldyl_A_": 0, "F__Replaced_Services__Total_": 8, "F__Service__Transfers": 0, "Est_____Days": 8, "Est_____Extra__Days_for__Ledge_": 2, "F__of_Tie_Ins": null, "F__of_Cut_Offs": null, "F__of_Inside_Services": null, "F__of_Outside_Services": null, "Budgeted_In_2023_for_2024": null, "Main_Cost_1_Including_Const_OH": null, "Inspector": null, "Police": null, "Gravel_Tr_In": null, "Ledge_Removal": null, "T_M": null, "Re_Pressure_Test": null, "Extra_Restoration_Estimate_from": null, "Non_Standard_Work__Bridges__Lan": null, "Cost": null, "Construction__OVHD": null, "Engineering__Design_Cost": null, "Total_Overage": null, "Services_Cost_Including_Constr_": null, "Meters_Installation_Cost_Includ": null, "F_Total_Est__Project_Cost_Inclu": null, "LU_Design_Engineer": null, "Engineering_Consultant": null, "Notes_": "\n", "lat": 41.6794394, "lon": -71.1762559, "Mapped_address": "Crawford St & Howe St, Fall River, MA 02724, USA", "FID": 169}}, {"type": "Feature", "id": 170, "geometry": {"type": "Point", "coordinates": [-71.1515669, 41.6785836]}, "properties": {"Line__": 82, "Year": 2026, "Project_Name": "Emmett St. Main Replacement", "Address": "Rodman St. (Chicago St. to Stockton St.)", "Estimated_Cost": null, "Town": "FALL RIVER", "Reasons": "RISK & CONVERT TO 60#", "UP_or_CP": "UP", "Single_Highest_Risk_Score__on_S": "47", "Existing__Pressure": "Low", "Ex__Main_Size__in____CI___WI_": "6\" (LP)", "Ex__Main_Length__ft____CI___WI_": 1463, "Ex__Main_Size__in____BS_": "6\" (LP)", "Ex__Main_Length__ft____BS_": 277, "Ex__Main_Size__in____WS__Unprot": "0", "Ex__Main_Length__ft____WS__Unpr": 0, "Ex__Main_Size__in____WS__CP_Pro": 0, "Ex__Main_Length__ft____WS__CP_P": 0, "Ex__Main_Size__in____PE_": "0", "Ex__Main_Length__ft____PE_": 0, "Ex__Main_Size__in____Drisco_": "0", "Ex__Main_Length__ft____Drisco_": 0, "Ex__Main_Size__in_____Aldyl_A_": "0", "Ex__Main_Length__ft____Aldyl_A_": 0, "New_Main__for_System__Integrity": 0, "Total_GSEP_Footage__ft__": 1740, "Total_Non_GSEP_Footage__ft__": 0, "Prop__Total__Length_for__Instal": 1740, "Prop__Total__Length_for_Abandon": 1740, "F__Incidental_Pipe_Per_Project": "10%", "Ex__PE_Size__in____to_be_Retest": 0, "Ex__PE_Length__ft___to_be_Retes": 0, "Majority_Existing_Main_Info": "6\" (LP) CI", "Prop__Main_Size__in____PE_": 8, "Prop__Main_Pressure": "60#", "F__Replaced_Services__BS_": 15, "F__Replaced_Services__WS_": 1, "F__Replaced_Services__Drisco_": 0, "F__Replaced_Services___Aldyl_A_": 0, "F__Replaced_Services__Total_": 16, "F__Service__Transfers": 5, "Est_____Days": 21, "Est_____Extra__Days_for__Ledge_": 5, "F__of_Tie_Ins": null, "F__of_Cut_Offs": null, "F__of_Inside_Services": null, "F__of_Outside_Services": null, "Budgeted_In_2023_for_2024": null, "Main_Cost_1_Including_Const_OH": null, "Inspector": null, "Police": null, "Gravel_Tr_In": null, "Ledge_Removal": null, "T_M": null, "Re_Pressure_Test": null, "Extra_Restoration_Estimate_from": null, "Non_Standard_Work__Bridges__Lan": null, "Cost": null, "Construction__OVHD": null, "Engineering__Design_Cost": null, "Total_Overage": null, "Services_Cost_Including_Constr_": null, "Meters_Installation_Cost_Includ": null, "F_Total_Est__Project_Cost_Inclu": null, "LU_Design_Engineer": null, "Engineering_Consultant": null, "Notes_": "\n", "lat": 41.6785836, "lon": -71.1515669, "Mapped_address": "Rodman St & Chicago St, Fall River, MA 02721, USA", "FID": 170}}, {"type": "Feature", "id": 171, "geometry": {"type": "Point", "coordinates": [-71.1554362, 41.6785174]}, "properties": {"Line__": 83, "Year": 2026, "Project_Name": "Emmett St. Main Replacement", "Address": "Emmett St. (Stafford Rd. to Jefferson St.)", "Estimated_Cost": null, "Town": "FALL RIVER", "Reasons": "RISK & CONVERT TO 60#", "UP_or_CP": "UP", "Single_Highest_Risk_Score__on_S": "40", "Existing__Pressure": "Low", "Ex__Main_Size__in____CI___WI_": "4\" (LP)", "Ex__Main_Length__ft____CI___WI_": 8, "Ex__Main_Size__in____BS_": "4\" (LP)", "Ex__Main_Length__ft____BS_": 988, "Ex__Main_Size__in____WS__Unprot": "4\" (LP)", "Ex__Main_Length__ft____WS__Unpr": 863, "Ex__Main_Size__in____WS__CP_Pro": 0, "Ex__Main_Length__ft____WS__CP_P": 0, "Ex__Main_Size__in____PE_": "4\" (LP)", "Ex__Main_Length__ft____PE_": 432, "Ex__Main_Size__in____Drisco_": "0", "Ex__Main_Length__ft____Drisco_": 0, "Ex__Main_Size__in_____Aldyl_A_": "0", "Ex__Main_Length__ft____Aldyl_A_": 0, "New_Main__for_System__Integrity": 164, "Total_GSEP_Footage__ft__": 1859, "Total_Non_GSEP_Footage__ft__": 432, "Prop__Total__Length_for__Instal": 2455, "Prop__Total__Length_for_Abandon": 2291, "F__Incidental_Pipe_Per_Project": null, "Ex__PE_Size__in____to_be_Retest": 0, "Ex__PE_Length__ft___to_be_Retes": 0, "Majority_Existing_Main_Info": "4\" (LP) BS", "Prop__Main_Size__in____PE_": 4, "Prop__Main_Pressure": "60#", "F__Replaced_Services__BS_": 2, "F__Replaced_Services__WS_": 12, "F__Replaced_Services__Drisco_": 14, "F__Replaced_Services___Aldyl_A_": 0, "F__Replaced_Services__Total_": 28, "F__Service__Transfers": 10, "Est_____Days": 34, "Est_____Extra__Days_for__Ledge_": 8, "F__of_Tie_Ins": null, "F__of_Cut_Offs": null, "F__of_Inside_Services": null, "F__of_Outside_Services": null, "Budgeted_In_2023_for_2024": null, "Main_Cost_1_Including_Const_OH": null, "Inspector": null, "Police": null, "Gravel_Tr_In": null, "Ledge_Removal": null, "T_M": null, "Re_Pressure_Test": null, "Extra_Restoration_Estimate_from": null, "Non_Standard_Work__Bridges__Lan": null, "Cost": null, "Construction__OVHD": null, "Engineering__Design_Cost": null, "Total_Overage": null, "Services_Cost_Including_Constr_": null, "Meters_Installation_Cost_Includ": null, "F_Total_Est__Project_Cost_Inclu": null, "LU_Design_Engineer": null, "Engineering_Consultant": null, "Notes_": "\n", "lat": 41.6785174, "lon": -71.1554362, "Mapped_address": "Stafford Rd & Emmett St, Fall River, MA 02721, USA", "FID": 171}}, {"type": "Feature", "id": 172, "geometry": {"type": "Point", "coordinates": [-71.1398292, 41.7163158]}, "properties": {"Line__": 84, "Year": 2026, "Project_Name": "Hood St. Main Replacement", "Address": "Robeson St. (Hood St. to President Ave.)", "Estimated_Cost": null, "Town": "FALL RIVER", "Reasons": "RISK & CONVERT TO 60#", "UP_or_CP": "UP", "Single_Highest_Risk_Score__on_S": "51", "Existing__Pressure": "Low", "Ex__Main_Size__in____CI___WI_": "4\" & 6\" (LP)", "Ex__Main_Length__ft____CI___WI_": 828, "Ex__Main_Size__in____BS_": "0", "Ex__Main_Length__ft____BS_": 0, "Ex__Main_Size__in____WS__Unprot": "0", "Ex__Main_Length__ft____WS__Unpr": 0, "Ex__Main_Size__in____WS__CP_Pro": 0, "Ex__Main_Length__ft____WS__CP_P": 0, "Ex__Main_Size__in____PE_": "4\" & 6\" (LP)", "Ex__Main_Length__ft____PE_": 54, "Ex__Main_Size__in____Drisco_": "0", "Ex__Main_Length__ft____Drisco_": 0, "Ex__Main_Size__in_____Aldyl_A_": "0", "Ex__Main_Length__ft____Aldyl_A_": 0, "New_Main__for_System__Integrity": 0, "Total_GSEP_Footage__ft__": 828, "Total_Non_GSEP_Footage__ft__": 54, "Prop__Total__Length_for__Instal": 882, "Prop__Total__Length_for_Abandon": 882, "F__Incidental_Pipe_Per_Project": "3%", "Ex__PE_Size__in____to_be_Retest": 0, "Ex__PE_Length__ft___to_be_Retes": 0, "Majority_Existing_Main_Info": "6\" (LP) CI", "Prop__Main_Size__in____PE_": 6, "Prop__Main_Pressure": "60#", "F__Replaced_Services__BS_": 1, "F__Replaced_Services__WS_": 0, "F__Replaced_Services__Drisco_": 1, "F__Replaced_Services___Aldyl_A_": 1, "F__Replaced_Services__Total_": 3, "F__Service__Transfers": 7, "Est_____Days": 10, "Est_____Extra__Days_for__Ledge_": 2, "F__of_Tie_Ins": null, "F__of_Cut_Offs": null, "F__of_Inside_Services": null, "F__of_Outside_Services": null, "Budgeted_In_2023_for_2024": null, "Main_Cost_1_Including_Const_OH": null, "Inspector": null, "Police": null, "Gravel_Tr_In": null, "Ledge_Removal": null, "T_M": null, "Re_Pressure_Test": null, "Extra_Restoration_Estimate_from": null, "Non_Standard_Work__Bridges__Lan": null, "Cost": null, "Construction__OVHD": null, "Engineering__Design_Cost": null, "Total_Overage": null, "Services_Cost_Including_Constr_": null, "Meters_Installation_Cost_Includ": null, "F_Total_Est__Project_Cost_Inclu": null, "LU_Design_Engineer": null, "Engineering_Consultant": null, "Notes_": "\n", "lat": 41.7163158, "lon": -71.1398292, "Mapped_address": "Hood St & Robeson St, Fall River, MA 02720, USA", "FID": 172}}, {"type": "Feature", "id": 173, "geometry": {"type": "Point", "coordinates": [-71.1424896, 41.7168003]}, "properties": {"Line__": 85, "Year": 2026, "Project_Name": "Hood St. Main Replacement", "Address": "Hood St. (Highland Ave. to Madison Ave.)", "Estimated_Cost": null, "Town": "FALL RIVER", "Reasons": "RISK & CONVERT TO 60#", "UP_or_CP": "UP", "Single_Highest_Risk_Score__on_S": "43", "Existing__Pressure": "Low", "Ex__Main_Size__in____CI___WI_": "4\" (LP)", "Ex__Main_Length__ft____CI___WI_": 439, "Ex__Main_Size__in____BS_": "0", "Ex__Main_Length__ft____BS_": 0, "Ex__Main_Size__in____WS__Unprot": "12\" (LP)", "Ex__Main_Length__ft____WS__Unpr": 8, "Ex__Main_Size__in____WS__CP_Pro": 0, "Ex__Main_Length__ft____WS__CP_P": 0, "Ex__Main_Size__in____PE_": "0", "Ex__Main_Length__ft____PE_": 0, "Ex__Main_Size__in____Drisco_": "0", "Ex__Main_Length__ft____Drisco_": 0, "Ex__Main_Size__in_____Aldyl_A_": "0", "Ex__Main_Length__ft____Aldyl_A_": 0, "New_Main__for_System__Integrity": 0, "Total_GSEP_Footage__ft__": 447, "Total_Non_GSEP_Footage__ft__": 0, "Prop__Total__Length_for__Instal": 447, "Prop__Total__Length_for_Abandon": 447, "F__Incidental_Pipe_Per_Project": null, "Ex__PE_Size__in____to_be_Retest": 0, "Ex__PE_Length__ft___to_be_Retes": 0, "Majority_Existing_Main_Info": "4\" (LP) CI", "Prop__Main_Size__in____PE_": 6, "Prop__Main_Pressure": "60#", "F__Replaced_Services__BS_": 1, "F__Replaced_Services__WS_": 0, "F__Replaced_Services__Drisco_": 0, "F__Replaced_Services___Aldyl_A_": 1, "F__Replaced_Services__Total_": 2, "F__Service__Transfers": 1, "Est_____Days": 4, "Est_____Extra__Days_for__Ledge_": 1, "F__of_Tie_Ins": null, "F__of_Cut_Offs": null, "F__of_Inside_Services": null, "F__of_Outside_Services": null, "Budgeted_In_2023_for_2024": null, "Main_Cost_1_Including_Const_OH": null, "Inspector": null, "Police": null, "Gravel_Tr_In": null, "Ledge_Removal": null, "T_M": null, "Re_Pressure_Test": null, "Extra_Restoration_Estimate_from": null, "Non_Standard_Work__Bridges__Lan": null, "Cost": null, "Construction__OVHD": null, "Engineering__Design_Cost": null, "Total_Overage": null, "Services_Cost_Including_Constr_": null, "Meters_Installation_Cost_Includ": null, "F_Total_Est__Project_Cost_Inclu": null, "LU_Design_Engineer": null, "Engineering_Consultant": null, "Notes_": "\n", "lat": 41.7168003, "lon": -71.1424896, "Mapped_address": "Hood St & Highland Ave, Fall River, MA 02720, USA", "FID": 173}}, {"type": "Feature", "id": 174, "geometry": {"type": "Point", "coordinates": [-71.1409278, 41.7165139]}, "properties": {"Line__": 86, "Year": 2026, "Project_Name": "Hood St. Main Replacement", "Address": "Hood St. (Madison Ave. to Greenlawn St.)", "Estimated_Cost": null, "Town": "FALL RIVER", "Reasons": "RISK & CONVERT TO 60#", "UP_or_CP": "UP", "Single_Highest_Risk_Score__on_S": "31", "Existing__Pressure": "15#", "Ex__Main_Size__in____CI___WI_": "0", "Ex__Main_Length__ft____CI___WI_": 0, "Ex__Main_Size__in____BS_": "0", "Ex__Main_Length__ft____BS_": 0, "Ex__Main_Size__in____WS__Unprot": "6\" (15#)", "Ex__Main_Length__ft____WS__Unpr": 557, "Ex__Main_Size__in____WS__CP_Pro": 0, "Ex__Main_Length__ft____WS__CP_P": 0, "Ex__Main_Size__in____PE_": "6\" (15#)", "Ex__Main_Length__ft____PE_": 25, "Ex__Main_Size__in____Drisco_": "0", "Ex__Main_Length__ft____Drisco_": 0, "Ex__Main_Size__in_____Aldyl_A_": "0", "Ex__Main_Length__ft____Aldyl_A_": 0, "New_Main__for_System__Integrity": 0, "Total_GSEP_Footage__ft__": 557, "Total_Non_GSEP_Footage__ft__": 25, "Prop__Total__Length_for__Instal": 582, "Prop__Total__Length_for_Abandon": 582, "F__Incidental_Pipe_Per_Project": null, "Ex__PE_Size__in____to_be_Retest": 0, "Ex__PE_Length__ft___to_be_Retes": 0, "Majority_Existing_Main_Info": "6\" (15#) WS", "Prop__Main_Size__in____PE_": 6, "Prop__Main_Pressure": "60#", "F__Replaced_Services__BS_": 0, "F__Replaced_Services__WS_": 0, "F__Replaced_Services__Drisco_": 0, "F__Replaced_Services___Aldyl_A_": 0, "F__Replaced_Services__Total_": 0, "F__Service__Transfers": 7, "Est_____Days": 6, "Est_____Extra__Days_for__Ledge_": 2, "F__of_Tie_Ins": null, "F__of_Cut_Offs": null, "F__of_Inside_Services": null, "F__of_Outside_Services": null, "Budgeted_In_2023_for_2024": null, "Main_Cost_1_Including_Const_OH": null, "Inspector": null, "Police": null, "Gravel_Tr_In": null, "Ledge_Removal": null, "T_M": null, "Re_Pressure_Test": null, "Extra_Restoration_Estimate_from": null, "Non_Standard_Work__Bridges__Lan": null, "Cost": null, "Construction__OVHD": null, "Engineering__Design_Cost": null, "Total_Overage": null, "Services_Cost_Including_Constr_": null, "Meters_Installation_Cost_Includ": null, "F_Total_Est__Project_Cost_Inclu": null, "LU_Design_Engineer": null, "Engineering_Consultant": null, "Notes_": "\n", "lat": 41.7165139, "lon": -71.1409278, "Mapped_address": "Hood St, Fall River, MA 02720, USA", "FID": 174}}, {"type": "Feature", "id": 175, "geometry": {"type": "Point", "coordinates": [-71.1389358, 41.7161545]}, "properties": {"Line__": 87, "Year": 2026, "Project_Name": "Hood St. Main Replacement", "Address": "Hood St. (Greenlawn St. to Oakland St.)", "Estimated_Cost": null, "Town": "FALL RIVER", "Reasons": "DUAL MAIN ABANDONMENT", "UP_or_CP": "UP", "Single_Highest_Risk_Score__on_S": "31", "Existing__Pressure": "15#", "Ex__Main_Size__in____CI___WI_": "0", "Ex__Main_Length__ft____CI___WI_": 0, "Ex__Main_Size__in____BS_": "0", "Ex__Main_Length__ft____BS_": 0, "Ex__Main_Size__in____WS__Unprot": "6\" (15#)", "Ex__Main_Length__ft____WS__Unpr": 546, "Ex__Main_Size__in____WS__CP_Pro": 0, "Ex__Main_Length__ft____WS__CP_P": 0, "Ex__Main_Size__in____PE_": "0", "Ex__Main_Length__ft____PE_": 0, "Ex__Main_Size__in____Drisco_": "0", "Ex__Main_Length__ft____Drisco_": 0, "Ex__Main_Size__in_____Aldyl_A_": "0", "Ex__Main_Length__ft____Aldyl_A_": 0, "New_Main__for_System__Integrity": 0, "Total_GSEP_Footage__ft__": 546, "Total_Non_GSEP_Footage__ft__": 0, "Prop__Total__Length_for__Instal": 546, "Prop__Total__Length_for_Abandon": 546, "F__Incidental_Pipe_Per_Project": null, "Ex__PE_Size__in____to_be_Retest": 0, "Ex__PE_Length__ft___to_be_Retes": 0, "Majority_Existing_Main_Info": "6\" (15#) WS", "Prop__Main_Size__in____PE_": null, "Prop__Main_Pressure": "No Install", "F__Replaced_Services__BS_": 4, "F__Replaced_Services__WS_": 0, "F__Replaced_Services__Drisco_": 2, "F__Replaced_Services___Aldyl_A_": 0, "F__Replaced_Services__Total_": 6, "F__Service__Transfers": 1, "Est_____Days": 7, "Est_____Extra__Days_for__Ledge_": 2, "F__of_Tie_Ins": null, "F__of_Cut_Offs": null, "F__of_Inside_Services": null, "F__of_Outside_Services": null, "Budgeted_In_2023_for_2024": null, "Main_Cost_1_Including_Const_OH": null, "Inspector": null, "Police": null, "Gravel_Tr_In": null, "Ledge_Removal": null, "T_M": null, "Re_Pressure_Test": null, "Extra_Restoration_Estimate_from": null, "Non_Standard_Work__Bridges__Lan": null, "Cost": null, "Construction__OVHD": null, "Engineering__Design_Cost": null, "Total_Overage": null, "Services_Cost_Including_Constr_": null, "Meters_Installation_Cost_Includ": null, "F_Total_Est__Project_Cost_Inclu": null, "LU_Design_Engineer": null, "Engineering_Consultant": null, "Notes_": "\n", "lat": 41.7161545, "lon": -71.1389358, "Mapped_address": "Hood St & Greenlawn St, Fall River, MA 02720, USA", "FID": 175}}, {"type": "Feature", "id": 176, "geometry": {"type": "Point", "coordinates": [-71.1252895, 41.6833979]}, "properties": {"Line__": 88, "Year": 2026, "Project_Name": "Pleasant St. Main Replacement Phase 1", "Address": "Pleasant St. (Knight St. to Eastern Ave.)", "Estimated_Cost": null, "Town": "FALL RIVER", "Reasons": "MUNICIPAL WORK", "UP_or_CP": "UP", "Single_Highest_Risk_Score__on_S": "46", "Existing__Pressure": "Low", "Ex__Main_Size__in____CI___WI_": "12\" (LP)", "Ex__Main_Length__ft____CI___WI_": 875, "Ex__Main_Size__in____BS_": "12\" & 16\" (LP)", "Ex__Main_Length__ft____BS_": 1129, "Ex__Main_Size__in____WS__Unprot": "0", "Ex__Main_Length__ft____WS__Unpr": 0, "Ex__Main_Size__in____WS__CP_Pro": 0, "Ex__Main_Length__ft____WS__CP_P": 0, "Ex__Main_Size__in____PE_": "0", "Ex__Main_Length__ft____PE_": 0, "Ex__Main_Size__in____Drisco_": "0", "Ex__Main_Length__ft____Drisco_": 0, "Ex__Main_Size__in_____Aldyl_A_": "0", "Ex__Main_Length__ft____Aldyl_A_": 0, "New_Main__for_System__Integrity": 0, "Total_GSEP_Footage__ft__": 2004, "Total_Non_GSEP_Footage__ft__": 0, "Prop__Total__Length_for__Instal": 2004, "Prop__Total__Length_for_Abandon": 2004, "F__Incidental_Pipe_Per_Project": "1%", "Ex__PE_Size__in____to_be_Retest": 0, "Ex__PE_Length__ft___to_be_Retes": 0, "Majority_Existing_Main_Info": "16\" (LP) BS", "Prop__Main_Size__in____PE_": 6, "Prop__Main_Pressure": "60#", "F__Replaced_Services__BS_": 4, "F__Replaced_Services__WS_": 2, "F__Replaced_Services__Drisco_": 3, "F__Replaced_Services___Aldyl_A_": 1, "F__Replaced_Services__Total_": 10, "F__Service__Transfers": 4, "Est_____Days": 18, "Est_____Extra__Days_for__Ledge_": 4, "F__of_Tie_Ins": null, "F__of_Cut_Offs": null, "F__of_Inside_Services": null, "F__of_Outside_Services": null, "Budgeted_In_2023_for_2024": null, "Main_Cost_1_Including_Const_OH": null, "Inspector": null, "Police": null, "Gravel_Tr_In": null, "Ledge_Removal": null, "T_M": null, "Re_Pressure_Test": null, "Extra_Restoration_Estimate_from": null, "Non_Standard_Work__Bridges__Lan": null, "Cost": null, "Construction__OVHD": null, "Engineering__Design_Cost": null, "Total_Overage": null, "Services_Cost_Including_Constr_": null, "Meters_Installation_Cost_Includ": null, "F_Total_Est__Project_Cost_Inclu": null, "LU_Design_Engineer": null, "Engineering_Consultant": null, "Notes_": "\n", "lat": 41.6833979, "lon": -71.1252895, "Mapped_address": "Pleasant St & Knight St, Fall River, MA 02723, USA", "FID": 176}}, {"type": "Feature", "id": 177, "geometry": {"type": "Point", "coordinates": [-71.1271252, 41.6848503]}, "properties": {"Line__": 89, "Year": 2026, "Project_Name": "Pleasant St. Main Replacement Phase 1", "Address": "Swindells St. (Pleasant St. to Eaton St.)", "Estimated_Cost": null, "Town": "FALL RIVER", "Reasons": "RISK & CONVERT TO 60#", "UP_or_CP": "UP", "Single_Highest_Risk_Score__on_S": "50", "Existing__Pressure": "Low", "Ex__Main_Size__in____CI___WI_": "4\" (LP)", "Ex__Main_Length__ft____CI___WI_": 846, "Ex__Main_Size__in____BS_": "4\" (LP)", "Ex__Main_Length__ft____BS_": 10, "Ex__Main_Size__in____WS__Unprot": "0", "Ex__Main_Length__ft____WS__Unpr": 0, "Ex__Main_Size__in____WS__CP_Pro": 0, "Ex__Main_Length__ft____WS__CP_P": 0, "Ex__Main_Size__in____PE_": "4\" & 6\" (LP)", "Ex__Main_Length__ft____PE_": 47, "Ex__Main_Size__in____Drisco_": "0", "Ex__Main_Length__ft____Drisco_": 0, "Ex__Main_Size__in_____Aldyl_A_": "0", "Ex__Main_Length__ft____Aldyl_A_": 0, "New_Main__for_System__Integrity": 0, "Total_GSEP_Footage__ft__": 856, "Total_Non_GSEP_Footage__ft__": 47, "Prop__Total__Length_for__Instal": 903, "Prop__Total__Length_for_Abandon": 903, "F__Incidental_Pipe_Per_Project": null, "Ex__PE_Size__in____to_be_Retest": 0, "Ex__PE_Length__ft___to_be_Retes": 0, "Majority_Existing_Main_Info": "4\" (LP) CI", "Prop__Main_Size__in____PE_": 4, "Prop__Main_Pressure": "60#", "F__Replaced_Services__BS_": 11, "F__Replaced_Services__WS_": 2, "F__Replaced_Services__Drisco_": 8, "F__Replaced_Services___Aldyl_A_": 1, "F__Replaced_Services__Total_": 22, "F__Service__Transfers": 6, "Est_____Days": 18, "Est_____Extra__Days_for__Ledge_": 5, "F__of_Tie_Ins": null, "F__of_Cut_Offs": null, "F__of_Inside_Services": null, "F__of_Outside_Services": null, "Budgeted_In_2023_for_2024": null, "Main_Cost_1_Including_Const_OH": null, "Inspector": null, "Police": null, "Gravel_Tr_In": null, "Ledge_Removal": null, "T_M": null, "Re_Pressure_Test": null, "Extra_Restoration_Estimate_from": null, "Non_Standard_Work__Bridges__Lan": null, "Cost": null, "Construction__OVHD": null, "Engineering__Design_Cost": null, "Total_Overage": null, "Services_Cost_Including_Constr_": null, "Meters_Installation_Cost_Includ": null, "F_Total_Est__Project_Cost_Inclu": null, "LU_Design_Engineer": null, "Engineering_Consultant": null, "Notes_": "\n", "lat": 41.6848503, "lon": -71.1271252, "Mapped_address": "Pleasant St & Swindells St, Fall River, MA 02723, USA", "FID": 177}}, {"type": "Feature", "id": 178, "geometry": {"type": "Point", "coordinates": [-71.1249987, 41.687079]}, "properties": {"Line__": 90, "Year": 2026, "Project_Name": "Pleasant St. Main Replacement Phase 1", "Address": "Eaton St. (County St. to Irving St.)", "Estimated_Cost": null, "Town": "FALL RIVER", "Reasons": "CONVERT TO 60#", "UP_or_CP": "UP", "Single_Highest_Risk_Score__on_S": "No Score", "Existing__Pressure": "Low", "Ex__Main_Size__in____CI___WI_": "0", "Ex__Main_Length__ft____CI___WI_": 0, "Ex__Main_Size__in____BS_": "0", "Ex__Main_Length__ft____BS_": 0, "Ex__Main_Size__in____WS__Unprot": "0", "Ex__Main_Length__ft____WS__Unpr": 0, "Ex__Main_Size__in____WS__CP_Pro": 0, "Ex__Main_Length__ft____WS__CP_P": 0, "Ex__Main_Size__in____PE_": "6\" (LP)", "Ex__Main_Length__ft____PE_": 990, "Ex__Main_Size__in____Drisco_": "0", "Ex__Main_Length__ft____Drisco_": 0, "Ex__Main_Size__in_____Aldyl_A_": "0", "Ex__Main_Length__ft____Aldyl_A_": 0, "New_Main__for_System__Integrity": 0, "Total_GSEP_Footage__ft__": 0, "Total_Non_GSEP_Footage__ft__": 990, "Prop__Total__Length_for__Instal": 0, "Prop__Total__Length_for_Abandon": 990, "F__Incidental_Pipe_Per_Project": null, "Ex__PE_Size__in____to_be_Retest": null, "Ex__PE_Length__ft___to_be_Retes": 990, "Majority_Existing_Main_Info": "6\" (LP) PE", "Prop__Main_Size__in____PE_": null, "Prop__Main_Pressure": "60#", "F__Replaced_Services__BS_": 0, "F__Replaced_Services__WS_": 0, "F__Replaced_Services__Drisco_": 0, "F__Replaced_Services___Aldyl_A_": 0, "F__Replaced_Services__Total_": 0, "F__Service__Transfers": 13, "Est_____Days": 4, "Est_____Extra__Days_for__Ledge_": 1, "F__of_Tie_Ins": null, "F__of_Cut_Offs": null, "F__of_Inside_Services": null, "F__of_Outside_Services": null, "Budgeted_In_2023_for_2024": null, "Main_Cost_1_Including_Const_OH": null, "Inspector": null, "Police": null, "Gravel_Tr_In": null, "Ledge_Removal": null, "T_M": null, "Re_Pressure_Test": null, "Extra_Restoration_Estimate_from": null, "Non_Standard_Work__Bridges__Lan": null, "Cost": null, "Construction__OVHD": null, "Engineering__Design_Cost": null, "Total_Overage": null, "Services_Cost_Including_Constr_": null, "Meters_Installation_Cost_Includ": null, "F_Total_Est__Project_Cost_Inclu": null, "LU_Design_Engineer": null, "Engineering_Consultant": null, "Notes_": "\n", "lat": 41.687079, "lon": -71.1249987, "Mapped_address": "County St & Eaton St, Fall River, MA 02723, USA", "FID": 178}}, {"type": "Feature", "id": 179, "geometry": {"type": "Point", "coordinates": [-71.1254279, 41.687821]}, "properties": {"Line__": 91, "Year": 2026, "Project_Name": "Pleasant St. Main Replacement Phase 1", "Address": "Middlesex St. (County St. to Irving St.)", "Estimated_Cost": null, "Town": "FALL RIVER", "Reasons": "CONVERT TO 60#", "UP_or_CP": "UP", "Single_Highest_Risk_Score__on_S": "No Score", "Existing__Pressure": "Low", "Ex__Main_Size__in____CI___WI_": "0", "Ex__Main_Length__ft____CI___WI_": 0, "Ex__Main_Size__in____BS_": "0", "Ex__Main_Length__ft____BS_": 0, "Ex__Main_Size__in____WS__Unprot": "0", "Ex__Main_Length__ft____WS__Unpr": 0, "Ex__Main_Size__in____WS__CP_Pro": 0, "Ex__Main_Length__ft____WS__CP_P": 0, "Ex__Main_Size__in____PE_": "6\" (LP)", "Ex__Main_Length__ft____PE_": 796, "Ex__Main_Size__in____Drisco_": "0", "Ex__Main_Length__ft____Drisco_": 0, "Ex__Main_Size__in_____Aldyl_A_": "0", "Ex__Main_Length__ft____Aldyl_A_": 0, "New_Main__for_System__Integrity": 0, "Total_GSEP_Footage__ft__": 0, "Total_Non_GSEP_Footage__ft__": 796, "Prop__Total__Length_for__Instal": 0, "Prop__Total__Length_for_Abandon": 796, "F__Incidental_Pipe_Per_Project": null, "Ex__PE_Size__in____to_be_Retest": null, "Ex__PE_Length__ft___to_be_Retes": 796, "Majority_Existing_Main_Info": "6\" (LP) PE", "Prop__Main_Size__in____PE_": null, "Prop__Main_Pressure": "60#", "F__Replaced_Services__BS_": 0, "F__Replaced_Services__WS_": 0, "F__Replaced_Services__Drisco_": 0, "F__Replaced_Services___Aldyl_A_": 0, "F__Replaced_Services__Total_": 0, "F__Service__Transfers": 19, "Est_____Days": 6, "Est_____Extra__Days_for__Ledge_": 2, "F__of_Tie_Ins": null, "F__of_Cut_Offs": null, "F__of_Inside_Services": null, "F__of_Outside_Services": null, "Budgeted_In_2023_for_2024": null, "Main_Cost_1_Including_Const_OH": null, "Inspector": null, "Police": null, "Gravel_Tr_In": null, "Ledge_Removal": null, "T_M": null, "Re_Pressure_Test": null, "Extra_Restoration_Estimate_from": null, "Non_Standard_Work__Bridges__Lan": null, "Cost": null, "Construction__OVHD": null, "Engineering__Design_Cost": null, "Total_Overage": null, "Services_Cost_Including_Constr_": null, "Meters_Installation_Cost_Includ": null, "F_Total_Est__Project_Cost_Inclu": null, "LU_Design_Engineer": null, "Engineering_Consultant": null, "Notes_": "\n", "lat": 41.687821, "lon": -71.1254279, "Mapped_address": "County St & Middlesex St, Fall River, MA 02723, USA", "FID": 179}}, {"type": "Feature", "id": 180, "geometry": {"type": "Point", "coordinates": [-71.1279753, 41.6855273]}, "properties": {"Line__": 92, "Year": 2026, "Project_Name": "Pleasant St. Main Replacement Phase 1", "Address": "Barlow St. (Pleasant St. to Middlesex St.)", "Estimated_Cost": null, "Town": "FALL RIVER", "Reasons": "RISK & CONVERT TO 60#", "UP_or_CP": "UP", "Single_Highest_Risk_Score__on_S": "49", "Existing__Pressure": "Low", "Ex__Main_Size__in____CI___WI_": "4\" (LP)", "Ex__Main_Length__ft____CI___WI_": 686, "Ex__Main_Size__in____BS_": "0", "Ex__Main_Length__ft____BS_": 0, "Ex__Main_Size__in____WS__Unprot": "0", "Ex__Main_Length__ft____WS__Unpr": 0, "Ex__Main_Size__in____WS__CP_Pro": 0, "Ex__Main_Length__ft____WS__CP_P": 0, "Ex__Main_Size__in____PE_": "4\" & 6\" (LP)", "Ex__Main_Length__ft____PE_": 281, "Ex__Main_Size__in____Drisco_": "0", "Ex__Main_Length__ft____Drisco_": 0, "Ex__Main_Size__in_____Aldyl_A_": "0", "Ex__Main_Length__ft____Aldyl_A_": 0, "New_Main__for_System__Integrity": 0, "Total_GSEP_Footage__ft__": 686, "Total_Non_GSEP_Footage__ft__": 281, "Prop__Total__Length_for__Instal": 686, "Prop__Total__Length_for_Abandon": 967, "F__Incidental_Pipe_Per_Project": null, "Ex__PE_Size__in____to_be_Retest": null, "Ex__PE_Length__ft___to_be_Retes": 281, "Majority_Existing_Main_Info": "4\" (LP) CI", "Prop__Main_Size__in____PE_": 4, "Prop__Main_Pressure": "60#", "F__Replaced_Services__BS_": 9, "F__Replaced_Services__WS_": 2, "F__Replaced_Services__Drisco_": 0, "F__Replaced_Services___Aldyl_A_": 0, "F__Replaced_Services__Total_": 11, "F__Service__Transfers": 12, "Est_____Days": 13, "Est_____Extra__Days_for__Ledge_": 3, "F__of_Tie_Ins": null, "F__of_Cut_Offs": null, "F__of_Inside_Services": null, "F__of_Outside_Services": null, "Budgeted_In_2023_for_2024": null, "Main_Cost_1_Including_Const_OH": null, "Inspector": null, "Police": null, "Gravel_Tr_In": null, "Ledge_Removal": null, "T_M": null, "Re_Pressure_Test": null, "Extra_Restoration_Estimate_from": null, "Non_Standard_Work__Bridges__Lan": null, "Cost": null, "Construction__OVHD": null, "Engineering__Design_Cost": null, "Total_Overage": null, "Services_Cost_Including_Constr_": null, "Meters_Installation_Cost_Includ": null, "F_Total_Est__Project_Cost_Inclu": null, "LU_Design_Engineer": null, "Engineering_Consultant": null, "Notes_": "\n", "lat": 41.6855273, "lon": -71.1279753, "Mapped_address": "Pleasant St & Barlow St, Fall River, MA 02723, USA", "FID": 180}}, {"type": "Feature", "id": 181, "geometry": {"type": "Point", "coordinates": [-71.1284519, 41.6859027]}, "properties": {"Line__": 93, "Year": 2026, "Project_Name": "Pleasant St. Main Replacement Phase 1", "Address": "Irving St. (Pleasant St. to Middlesex St.)", "Estimated_Cost": null, "Town": "FALL RIVER", "Reasons": "RISK & CONVERT TO 60#", "UP_or_CP": "UP", "Single_Highest_Risk_Score__on_S": "45", "Existing__Pressure": "Low", "Ex__Main_Size__in____CI___WI_": "4\" (LP)", "Ex__Main_Length__ft____CI___WI_": 591, "Ex__Main_Size__in____BS_": "0", "Ex__Main_Length__ft____BS_": 0, "Ex__Main_Size__in____WS__Unprot": "0", "Ex__Main_Length__ft____WS__Unpr": 0, "Ex__Main_Size__in____WS__CP_Pro": 0, "Ex__Main_Length__ft____WS__CP_P": 0, "Ex__Main_Size__in____PE_": "4\" & 6\" (LP)", "Ex__Main_Length__ft____PE_": 242, "Ex__Main_Size__in____Drisco_": "0", "Ex__Main_Length__ft____Drisco_": 0, "Ex__Main_Size__in_____Aldyl_A_": "0", "Ex__Main_Length__ft____Aldyl_A_": 0, "New_Main__for_System__Integrity": 0, "Total_GSEP_Footage__ft__": 591, "Total_Non_GSEP_Footage__ft__": 242, "Prop__Total__Length_for__Instal": 591, "Prop__Total__Length_for_Abandon": 833, "F__Incidental_Pipe_Per_Project": null, "Ex__PE_Size__in____to_be_Retest": null, "Ex__PE_Length__ft___to_be_Retes": 242, "Majority_Existing_Main_Info": "4\" (LP) CI", "Prop__Main_Size__in____PE_": 4, "Prop__Main_Pressure": "60#", "F__Replaced_Services__BS_": 4, "F__Replaced_Services__WS_": 1, "F__Replaced_Services__Drisco_": 3, "F__Replaced_Services___Aldyl_A_": 0, "F__Replaced_Services__Total_": 8, "F__Service__Transfers": 14, "Est_____Days": 12, "Est_____Extra__Days_for__Ledge_": 3, "F__of_Tie_Ins": null, "F__of_Cut_Offs": null, "F__of_Inside_Services": null, "F__of_Outside_Services": null, "Budgeted_In_2023_for_2024": null, "Main_Cost_1_Including_Const_OH": null, "Inspector": null, "Police": null, "Gravel_Tr_In": null, "Ledge_Removal": null, "T_M": null, "Re_Pressure_Test": null, "Extra_Restoration_Estimate_from": null, "Non_Standard_Work__Bridges__Lan": null, "Cost": null, "Construction__OVHD": null, "Engineering__Design_Cost": null, "Total_Overage": null, "Services_Cost_Including_Constr_": null, "Meters_Installation_Cost_Includ": null, "F_Total_Est__Project_Cost_Inclu": null, "LU_Design_Engineer": null, "Engineering_Consultant": null, "Notes_": "\n", "lat": 41.6859027, "lon": -71.1284519, "Mapped_address": "Pleasant St & Irving St, Fall River, MA 02723, USA", "FID": 181}}, {"type": "Feature", "id": 182, "geometry": {"type": "Point", "coordinates": [-71.1300807, 41.6857424]}, "properties": {"Line__": 94, "Year": 2026, "Project_Name": "Pleasant St. Main Replacement Phase 1", "Address": "Eastern Ave. (Campbell St. to Pleasant St.)", "Estimated_Cost": null, "Town": "FALL RIVER", "Reasons": "RISK & CONVERT TO 60#", "UP_or_CP": "UP", "Single_Highest_Risk_Score__on_S": "44", "Existing__Pressure": "Low", "Ex__Main_Size__in____CI___WI_": "6\" (LP)", "Ex__Main_Length__ft____CI___WI_": 540, "Ex__Main_Size__in____BS_": "0", "Ex__Main_Length__ft____BS_": 0, "Ex__Main_Size__in____WS__Unprot": "0", "Ex__Main_Length__ft____WS__Unpr": 0, "Ex__Main_Size__in____WS__CP_Pro": 0, "Ex__Main_Length__ft____WS__CP_P": 0, "Ex__Main_Size__in____PE_": "0", "Ex__Main_Length__ft____PE_": 0, "Ex__Main_Size__in____Drisco_": "6\" (LP)", "Ex__Main_Length__ft____Drisco_": 54, "Ex__Main_Size__in_____Aldyl_A_": "0", "Ex__Main_Length__ft____Aldyl_A_": 0, "New_Main__for_System__Integrity": 0, "Total_GSEP_Footage__ft__": 540, "Total_Non_GSEP_Footage__ft__": 0, "Prop__Total__Length_for__Instal": 540, "Prop__Total__Length_for_Abandon": 540, "F__Incidental_Pipe_Per_Project": null, "Ex__PE_Size__in____to_be_Retest": 0, "Ex__PE_Length__ft___to_be_Retes": 0, "Majority_Existing_Main_Info": "6\" (LP) CI", "Prop__Main_Size__in____PE_": 6, "Prop__Main_Pressure": "60#", "F__Replaced_Services__BS_": 0, "F__Replaced_Services__WS_": 1, "F__Replaced_Services__Drisco_": 1, "F__Replaced_Services___Aldyl_A_": 5, "F__Replaced_Services__Total_": 7, "F__Service__Transfers": 5, "Est_____Days": 8, "Est_____Extra__Days_for__Ledge_": 2, "F__of_Tie_Ins": null, "F__of_Cut_Offs": null, "F__of_Inside_Services": null, "F__of_Outside_Services": null, "Budgeted_In_2023_for_2024": null, "Main_Cost_1_Including_Const_OH": null, "Inspector": null, "Police": null, "Gravel_Tr_In": null, "Ledge_Removal": null, "T_M": null, "Re_Pressure_Test": null, "Extra_Restoration_Estimate_from": null, "Non_Standard_Work__Bridges__Lan": null, "Cost": null, "Construction__OVHD": null, "Engineering__Design_Cost": null, "Total_Overage": null, "Services_Cost_Including_Constr_": null, "Meters_Installation_Cost_Includ": null, "F_Total_Est__Project_Cost_Inclu": null, "LU_Design_Engineer": null, "Engineering_Consultant": null, "Notes_": "\n", "lat": 41.6857424, "lon": -71.1300807, "Mapped_address": "Eastern Ave & Campbell St, Fall River, MA 02723, USA", "FID": 182}}, {"type": "Feature", "id": 183, "geometry": {"type": "Point", "coordinates": [-71.1303686, 41.6874113]}, "properties": {"Line__": 95, "Year": 2026, "Project_Name": "Pleasant St. Main Replacement Phase 2", "Address": "Pleasant St. (Eastern Ave. to Choate St.)", "Estimated_Cost": null, "Town": "FALL RIVER", "Reasons": "MUNICIPAL WORK", "UP_or_CP": "UP", "Single_Highest_Risk_Score__on_S": "45", "Existing__Pressure": "Low", "Ex__Main_Size__in____CI___WI_": "12\"\" (LP)", "Ex__Main_Length__ft____CI___WI_": 562, "Ex__Main_Size__in____BS_": "0", "Ex__Main_Length__ft____BS_": 0, "Ex__Main_Size__in____WS__Unprot": "0", "Ex__Main_Length__ft____WS__Unpr": 0, "Ex__Main_Size__in____WS__CP_Pro": 0, "Ex__Main_Length__ft____WS__CP_P": 0, "Ex__Main_Size__in____PE_": "0", "Ex__Main_Length__ft____PE_": 0, "Ex__Main_Size__in____Drisco_": "0", "Ex__Main_Length__ft____Drisco_": 0, "Ex__Main_Size__in_____Aldyl_A_": "0", "Ex__Main_Length__ft____Aldyl_A_": 0, "New_Main__for_System__Integrity": 0, "Total_GSEP_Footage__ft__": 562, "Total_Non_GSEP_Footage__ft__": 0, "Prop__Total__Length_for__Instal": 562, "Prop__Total__Length_for_Abandon": 562, "F__Incidental_Pipe_Per_Project": "1%", "Ex__PE_Size__in____to_be_Retest": 0, "Ex__PE_Length__ft___to_be_Retes": 0, "Majority_Existing_Main_Info": "12\" (LP) CI", "Prop__Main_Size__in____PE_": 6, "Prop__Main_Pressure": "60#", "F__Replaced_Services__BS_": 0, "F__Replaced_Services__WS_": 0, "F__Replaced_Services__Drisco_": 3, "F__Replaced_Services___Aldyl_A_": 1, "F__Replaced_Services__Total_": 4, "F__Service__Transfers": 3, "Est_____Days": 6, "Est_____Extra__Days_for__Ledge_": 2, "F__of_Tie_Ins": null, "F__of_Cut_Offs": null, "F__of_Inside_Services": null, "F__of_Outside_Services": null, "Budgeted_In_2023_for_2024": null, "Main_Cost_1_Including_Const_OH": null, "Inspector": null, "Police": null, "Gravel_Tr_In": null, "Ledge_Removal": null, "T_M": null, "Re_Pressure_Test": null, "Extra_Restoration_Estimate_from": null, "Non_Standard_Work__Bridges__Lan": null, "Cost": null, "Construction__OVHD": null, "Engineering__Design_Cost": null, "Total_Overage": null, "Services_Cost_Including_Constr_": null, "Meters_Installation_Cost_Includ": null, "F_Total_Est__Project_Cost_Inclu": null, "LU_Design_Engineer": null, "Engineering_Consultant": null, "Notes_": "\n", "lat": 41.6874113, "lon": -71.1303686, "Mapped_address": "Eastern Ave & Pleasant St, Fall River, MA 02723, USA", "FID": 183}}, {"type": "Feature", "id": 184, "geometry": {"type": "Point", "coordinates": [-71.1318399, 41.6886086]}, "properties": {"Line__": 96, "Year": 2026, "Project_Name": "Pleasant St. Main Replacement Phase 2", "Address": "Pleasant St. (Choate St. to Boutwell St.)", "Estimated_Cost": null, "Town": "FALL RIVER", "Reasons": "ABANDON DUAL MAIN", "UP_or_CP": "UP", "Single_Highest_Risk_Score__on_S": "41", "Existing__Pressure": "Low", "Ex__Main_Size__in____CI___WI_": "12\" (LP)", "Ex__Main_Length__ft____CI___WI_": 471, "Ex__Main_Size__in____BS_": "0", "Ex__Main_Length__ft____BS_": 0, "Ex__Main_Size__in____WS__Unprot": "0", "Ex__Main_Length__ft____WS__Unpr": 0, "Ex__Main_Size__in____WS__CP_Pro": 0, "Ex__Main_Length__ft____WS__CP_P": 0, "Ex__Main_Size__in____PE_": "0", "Ex__Main_Length__ft____PE_": 0, "Ex__Main_Size__in____Drisco_": "0", "Ex__Main_Length__ft____Drisco_": 0, "Ex__Main_Size__in_____Aldyl_A_": "0", "Ex__Main_Length__ft____Aldyl_A_": 0, "New_Main__for_System__Integrity": 0, "Total_GSEP_Footage__ft__": 471, "Total_Non_GSEP_Footage__ft__": 0, "Prop__Total__Length_for__Instal": null, "Prop__Total__Length_for_Abandon": 471, "F__Incidental_Pipe_Per_Project": null, "Ex__PE_Size__in____to_be_Retest": 0, "Ex__PE_Length__ft___to_be_Retes": 0, "Majority_Existing_Main_Info": "12\" (LP) CI", "Prop__Main_Size__in____PE_": null, "Prop__Main_Pressure": "60#", "F__Replaced_Services__BS_": 2, "F__Replaced_Services__WS_": 0, "F__Replaced_Services__Drisco_": 5, "F__Replaced_Services___Aldyl_A_": 2, "F__Replaced_Services__Total_": 9, "F__Service__Transfers": 1, "Est_____Days": 7, "Est_____Extra__Days_for__Ledge_": 2, "F__of_Tie_Ins": null, "F__of_Cut_Offs": null, "F__of_Inside_Services": null, "F__of_Outside_Services": null, "Budgeted_In_2023_for_2024": null, "Main_Cost_1_Including_Const_OH": null, "Inspector": null, "Police": null, "Gravel_Tr_In": null, "Ledge_Removal": null, "T_M": null, "Re_Pressure_Test": null, "Extra_Restoration_Estimate_from": null, "Non_Standard_Work__Bridges__Lan": null, "Cost": null, "Construction__OVHD": null, "Engineering__Design_Cost": null, "Total_Overage": null, "Services_Cost_Including_Constr_": null, "Meters_Installation_Cost_Includ": null, "F_Total_Est__Project_Cost_Inclu": null, "LU_Design_Engineer": null, "Engineering_Consultant": null, "Notes_": "\n", "lat": 41.6886086, "lon": -71.1318399, "Mapped_address": "Pleasant St & Choate St, Fall River, MA 02723, USA", "FID": 184}}, {"type": "Feature", "id": 185, "geometry": {"type": "Point", "coordinates": [-71.1329712, 41.6895605]}, "properties": {"Line__": 97, "Year": 2026, "Project_Name": "Pleasant St. Main Replacement Phase 2", "Address": "Pleasant St. (Boutwell St. to Canonicus St.)", "Estimated_Cost": null, "Town": "FALL RIVER", "Reasons": "MUNICIPAL WORK", "UP_or_CP": "UP", "Single_Highest_Risk_Score__on_S": "50", "Existing__Pressure": "Low", "Ex__Main_Size__in____CI___WI_": "12\" (LP)", "Ex__Main_Length__ft____CI___WI_": 1006, "Ex__Main_Size__in____BS_": "12\" (LP)", "Ex__Main_Length__ft____BS_": 2, "Ex__Main_Size__in____WS__Unprot": "0", "Ex__Main_Length__ft____WS__Unpr": 0, "Ex__Main_Size__in____WS__CP_Pro": 0, "Ex__Main_Length__ft____WS__CP_P": 0, "Ex__Main_Size__in____PE_": "0", "Ex__Main_Length__ft____PE_": 0, "Ex__Main_Size__in____Drisco_": "0", "Ex__Main_Length__ft____Drisco_": 0, "Ex__Main_Size__in_____Aldyl_A_": "0", "Ex__Main_Length__ft____Aldyl_A_": 0, "New_Main__for_System__Integrity": 0, "Total_GSEP_Footage__ft__": 1008, "Total_Non_GSEP_Footage__ft__": 0, "Prop__Total__Length_for__Instal": 1008, "Prop__Total__Length_for_Abandon": 1008, "F__Incidental_Pipe_Per_Project": null, "Ex__PE_Size__in____to_be_Retest": 0, "Ex__PE_Length__ft___to_be_Retes": 0, "Majority_Existing_Main_Info": "12\" (LP) CI", "Prop__Main_Size__in____PE_": 6, "Prop__Main_Pressure": "60#", "F__Replaced_Services__BS_": 0, "F__Replaced_Services__WS_": 1, "F__Replaced_Services__Drisco_": 8, "F__Replaced_Services___Aldyl_A_": 2, "F__Replaced_Services__Total_": 11, "F__Service__Transfers": 2, "Est_____Days": 12, "Est_____Extra__Days_for__Ledge_": 3, "F__of_Tie_Ins": null, "F__of_Cut_Offs": null, "F__of_Inside_Services": null, "F__of_Outside_Services": null, "Budgeted_In_2023_for_2024": null, "Main_Cost_1_Including_Const_OH": null, "Inspector": null, "Police": null, "Gravel_Tr_In": null, "Ledge_Removal": null, "T_M": null, "Re_Pressure_Test": null, "Extra_Restoration_Estimate_from": null, "Non_Standard_Work__Bridges__Lan": null, "Cost": null, "Construction__OVHD": null, "Engineering__Design_Cost": null, "Total_Overage": null, "Services_Cost_Including_Constr_": null, "Meters_Installation_Cost_Includ": null, "F_Total_Est__Project_Cost_Inclu": null, "LU_Design_Engineer": null, "Engineering_Consultant": null, "Notes_": "\n", "lat": 41.6895605, "lon": -71.1329712, "Mapped_address": "Boutwell St & Pleasant St, Fall River, MA 02723, USA", "FID": 185}}, {"type": "Feature", "id": 186, "geometry": {"type": "Point", "coordinates": [-71.1335297, 41.6900252]}, "properties": {"Line__": 98, "Year": 2026, "Project_Name": "Pleasant St. Main Replacement Phase 2", "Address": "Claflin St. (Pleasant St. to Alden St.)", "Estimated_Cost": null, "Town": "FALL RIVER", "Reasons": "CONVERT TO 60#", "UP_or_CP": "UP", "Single_Highest_Risk_Score__on_S": "No Score", "Existing__Pressure": "Low", "Ex__Main_Size__in____CI___WI_": "4\" & 6\" (LP)", "Ex__Main_Length__ft____CI___WI_": 2, "Ex__Main_Size__in____BS_": "0", "Ex__Main_Length__ft____BS_": 0, "Ex__Main_Size__in____WS__Unprot": "0", "Ex__Main_Length__ft____WS__Unpr": 0, "Ex__Main_Size__in____WS__CP_Pro": 0, "Ex__Main_Length__ft____WS__CP_P": 0, "Ex__Main_Size__in____PE_": "6\" (LP)", "Ex__Main_Length__ft____PE_": 555, "Ex__Main_Size__in____Drisco_": "0", "Ex__Main_Length__ft____Drisco_": 0, "Ex__Main_Size__in_____Aldyl_A_": "0", "Ex__Main_Length__ft____Aldyl_A_": 0, "New_Main__for_System__Integrity": 0, "Total_GSEP_Footage__ft__": 2, "Total_Non_GSEP_Footage__ft__": 555, "Prop__Total__Length_for__Instal": 2, "Prop__Total__Length_for_Abandon": 557, "F__Incidental_Pipe_Per_Project": null, "Ex__PE_Size__in____to_be_Retest": null, "Ex__PE_Length__ft___to_be_Retes": 555, "Majority_Existing_Main_Info": "6\" (LP) PE", "Prop__Main_Size__in____PE_": 6, "Prop__Main_Pressure": "60#", "F__Replaced_Services__BS_": 0, "F__Replaced_Services__WS_": 0, "F__Replaced_Services__Drisco_": 0, "F__Replaced_Services___Aldyl_A_": 0, "F__Replaced_Services__Total_": 0, "F__Service__Transfers": 10, "Est_____Days": 3, "Est_____Extra__Days_for__Ledge_": 1, "F__of_Tie_Ins": null, "F__of_Cut_Offs": null, "F__of_Inside_Services": null, "F__of_Outside_Services": null, "Budgeted_In_2023_for_2024": null, "Main_Cost_1_Including_Const_OH": null, "Inspector": null, "Police": null, "Gravel_Tr_In": null, "Ledge_Removal": null, "T_M": null, "Re_Pressure_Test": null, "Extra_Restoration_Estimate_from": null, "Non_Standard_Work__Bridges__Lan": null, "Cost": null, "Construction__OVHD": null, "Engineering__Design_Cost": null, "Total_Overage": null, "Services_Cost_Including_Constr_": null, "Meters_Installation_Cost_Includ": null, "F_Total_Est__Project_Cost_Inclu": null, "LU_Design_Engineer": null, "Engineering_Consultant": null, "Notes_": "\n", "lat": 41.6900252, "lon": -71.1335297, "Mapped_address": "Pleasant St & Claflin St, Fall River, MA 02723, USA", "FID": 186}}, {"type": "Feature", "id": 187, "geometry": {"type": "Point", "coordinates": [-71.1344834, 41.6908485]}, "properties": {"Line__": 99, "Year": 2026, "Project_Name": "Pleasant St. Main Replacement Phase 2", "Address": "Cash St. (Pleasant St. to Alden St.)", "Estimated_Cost": null, "Town": "FALL RIVER", "Reasons": "CONVERT TO 60#", "UP_or_CP": "UP", "Single_Highest_Risk_Score__on_S": "No Score", "Existing__Pressure": "Low", "Ex__Main_Size__in____CI___WI_": "4\" & 8\" (LP)", "Ex__Main_Length__ft____CI___WI_": 6, "Ex__Main_Size__in____BS_": "0", "Ex__Main_Length__ft____BS_": 0, "Ex__Main_Size__in____WS__Unprot": "0", "Ex__Main_Length__ft____WS__Unpr": 0, "Ex__Main_Size__in____WS__CP_Pro": 0, "Ex__Main_Length__ft____WS__CP_P": 0, "Ex__Main_Size__in____PE_": "4\" (LP)", "Ex__Main_Length__ft____PE_": 560, "Ex__Main_Size__in____Drisco_": "4\" (LP)", "Ex__Main_Length__ft____Drisco_": 32, "Ex__Main_Size__in_____Aldyl_A_": "0", "Ex__Main_Length__ft____Aldyl_A_": 0, "New_Main__for_System__Integrity": 0, "Total_GSEP_Footage__ft__": 6, "Total_Non_GSEP_Footage__ft__": 560, "Prop__Total__Length_for__Instal": 6, "Prop__Total__Length_for_Abandon": 566, "F__Incidental_Pipe_Per_Project": null, "Ex__PE_Size__in____to_be_Retest": null, "Ex__PE_Length__ft___to_be_Retes": 560, "Majority_Existing_Main_Info": "6\" (LP) PE", "Prop__Main_Size__in____PE_": 6, "Prop__Main_Pressure": "60#", "F__Replaced_Services__BS_": 0, "F__Replaced_Services__WS_": 0, "F__Replaced_Services__Drisco_": 0, "F__Replaced_Services___Aldyl_A_": 0, "F__Replaced_Services__Total_": 0, "F__Service__Transfers": 12, "Est_____Days": 4, "Est_____Extra__Days_for__Ledge_": 1, "F__of_Tie_Ins": null, "F__of_Cut_Offs": null, "F__of_Inside_Services": null, "F__of_Outside_Services": null, "Budgeted_In_2023_for_2024": null, "Main_Cost_1_Including_Const_OH": null, "Inspector": null, "Police": null, "Gravel_Tr_In": null, "Ledge_Removal": null, "T_M": null, "Re_Pressure_Test": null, "Extra_Restoration_Estimate_from": null, "Non_Standard_Work__Bridges__Lan": null, "Cost": null, "Construction__OVHD": null, "Engineering__Design_Cost": null, "Total_Overage": null, "Services_Cost_Including_Constr_": null, "Meters_Installation_Cost_Includ": null, "F_Total_Est__Project_Cost_Inclu": null, "LU_Design_Engineer": null, "Engineering_Consultant": null, "Notes_": "\n", "lat": 41.6908485, "lon": -71.1344834, "Mapped_address": "Pleasant St & Cash St, Fall River, MA 02723, USA", "FID": 187}}, {"type": "Feature", "id": 188, "geometry": {"type": "Point", "coordinates": [-71.134843, 41.6911594]}, "properties": {"Line__": 100, "Year": 2026, "Project_Name": "Pleasant St. Main Replacement Phase 2", "Address": "Thomas St. (Pleasant St. to County St.)", "Estimated_Cost": null, "Town": "FALL RIVER", "Reasons": "RISK & CONVERT TO 60#", "UP_or_CP": "UP", "Single_Highest_Risk_Score__on_S": "45", "Existing__Pressure": "Low", "Ex__Main_Size__in____CI___WI_": "4\" (LP)", "Ex__Main_Length__ft____CI___WI_": 1161, "Ex__Main_Size__in____BS_": "0", "Ex__Main_Length__ft____BS_": 0, "Ex__Main_Size__in____WS__Unprot": "0", "Ex__Main_Length__ft____WS__Unpr": 0, "Ex__Main_Size__in____WS__CP_Pro": 0, "Ex__Main_Length__ft____WS__CP_P": 0, "Ex__Main_Size__in____PE_": "4\" (LP)", "Ex__Main_Length__ft____PE_": 22, "Ex__Main_Size__in____Drisco_": "0", "Ex__Main_Length__ft____Drisco_": 0, "Ex__Main_Size__in_____Aldyl_A_": "0", "Ex__Main_Length__ft____Aldyl_A_": 0, "New_Main__for_System__Integrity": 0, "Total_GSEP_Footage__ft__": 1161, "Total_Non_GSEP_Footage__ft__": 22, "Prop__Total__Length_for__Instal": 1183, "Prop__Total__Length_for_Abandon": 1183, "F__Incidental_Pipe_Per_Project": null, "Ex__PE_Size__in____to_be_Retest": 0, "Ex__PE_Length__ft___to_be_Retes": 0, "Majority_Existing_Main_Info": "4\" (LP) CI", "Prop__Main_Size__in____PE_": 4, "Prop__Main_Pressure": "60#", "F__Replaced_Services__BS_": 16, "F__Replaced_Services__WS_": 1, "F__Replaced_Services__Drisco_": 4, "F__Replaced_Services___Aldyl_A_": 1, "F__Replaced_Services__Total_": 22, "F__Service__Transfers": 18, "Est_____Days": 24, "Est_____Extra__Days_for__Ledge_": 6, "F__of_Tie_Ins": null, "F__of_Cut_Offs": null, "F__of_Inside_Services": null, "F__of_Outside_Services": null, "Budgeted_In_2023_for_2024": null, "Main_Cost_1_Including_Const_OH": null, "Inspector": null, "Police": null, "Gravel_Tr_In": null, "Ledge_Removal": null, "T_M": null, "Re_Pressure_Test": null, "Extra_Restoration_Estimate_from": null, "Non_Standard_Work__Bridges__Lan": null, "Cost": null, "Construction__OVHD": null, "Engineering__Design_Cost": null, "Total_Overage": null, "Services_Cost_Including_Constr_": null, "Meters_Installation_Cost_Includ": null, "F_Total_Est__Project_Cost_Inclu": null, "LU_Design_Engineer": null, "Engineering_Consultant": null, "Notes_": "\n", "lat": 41.6911594, "lon": -71.134843, "Mapped_address": "Thomas St & Pleasant St, Fall River, MA 02723, USA", "FID": 188}}, {"type": "Feature", "id": 189, "geometry": {"type": "Point", "coordinates": [-71.1354149, 41.6916556]}, "properties": {"Line__": 102, "Year": 2026, "Project_Name": "Pleasant St. Main Replacement Phase 3", "Address": "Jencks St. (Pleasant St. to Canonicus St.)", "Estimated_Cost": null, "Town": "FALL RIVER", "Reasons": "RISK & CONVERT TO 60#", "UP_or_CP": "UP", "Single_Highest_Risk_Score__on_S": "42", "Existing__Pressure": "Low", "Ex__Main_Size__in____CI___WI_": "4\" (LP)", "Ex__Main_Length__ft____CI___WI_": 724, "Ex__Main_Size__in____BS_": "0", "Ex__Main_Length__ft____BS_": 0, "Ex__Main_Size__in____WS__Unprot": "0", "Ex__Main_Length__ft____WS__Unpr": 0, "Ex__Main_Size__in____WS__CP_Pro": 0, "Ex__Main_Length__ft____WS__CP_P": 0, "Ex__Main_Size__in____PE_": "4\" (LP)", "Ex__Main_Length__ft____PE_": 14, "Ex__Main_Size__in____Drisco_": "0", "Ex__Main_Length__ft____Drisco_": 0, "Ex__Main_Size__in_____Aldyl_A_": "0", "Ex__Main_Length__ft____Aldyl_A_": 0, "New_Main__for_System__Integrity": 0, "Total_GSEP_Footage__ft__": 724, "Total_Non_GSEP_Footage__ft__": 14, "Prop__Total__Length_for__Instal": 738, "Prop__Total__Length_for_Abandon": 738, "F__Incidental_Pipe_Per_Project": null, "Ex__PE_Size__in____to_be_Retest": 0, "Ex__PE_Length__ft___to_be_Retes": 0, "Majority_Existing_Main_Info": "4\" (LP) CI", "Prop__Main_Size__in____PE_": 2, "Prop__Main_Pressure": "60#", "F__Replaced_Services__BS_": 9, "F__Replaced_Services__WS_": 2, "F__Replaced_Services__Drisco_": 2, "F__Replaced_Services___Aldyl_A_": 1, "F__Replaced_Services__Total_": 14, "F__Service__Transfers": 9, "Est_____Days": 14, "Est_____Extra__Days_for__Ledge_": 4, "F__of_Tie_Ins": null, "F__of_Cut_Offs": null, "F__of_Inside_Services": null, "F__of_Outside_Services": null, "Budgeted_In_2023_for_2024": null, "Main_Cost_1_Including_Const_OH": null, "Inspector": null, "Police": null, "Gravel_Tr_In": null, "Ledge_Removal": null, "T_M": null, "Re_Pressure_Test": null, "Extra_Restoration_Estimate_from": null, "Non_Standard_Work__Bridges__Lan": null, "Cost": null, "Construction__OVHD": null, "Engineering__Design_Cost": null, "Total_Overage": null, "Services_Cost_Including_Constr_": null, "Meters_Installation_Cost_Includ": null, "F_Total_Est__Project_Cost_Inclu": null, "LU_Design_Engineer": null, "Engineering_Consultant": null, "Notes_": "\n", "lat": 41.6916556, "lon": -71.1354149, "Mapped_address": "Pleasant St & Jencks St, Fall River, MA 02723, USA", "FID": 189}}, {"type": "Feature", "id": 190, "geometry": {"type": "Point", "coordinates": [-71.1348638, 41.6937024]}, "properties": {"Line__": 103, "Year": 2026, "Project_Name": "Pleasant St. Main Replacement Phase 3", "Address": "Canonicus St. (Jencks St. to Quequechan St.)", "Estimated_Cost": null, "Town": "FALL RIVER", "Reasons": "RISK & CONVERT TO 60#", "UP_or_CP": "UP", "Single_Highest_Risk_Score__on_S": "42", "Existing__Pressure": "Low", "Ex__Main_Size__in____CI___WI_": "4\" (LP)", "Ex__Main_Length__ft____CI___WI_": 572, "Ex__Main_Size__in____BS_": "0", "Ex__Main_Length__ft____BS_": 0, "Ex__Main_Size__in____WS__Unprot": "0", "Ex__Main_Length__ft____WS__Unpr": 0, "Ex__Main_Size__in____WS__CP_Pro": 0, "Ex__Main_Length__ft____WS__CP_P": 0, "Ex__Main_Size__in____PE_": "0", "Ex__Main_Length__ft____PE_": 0, "Ex__Main_Size__in____Drisco_": "0", "Ex__Main_Length__ft____Drisco_": 0, "Ex__Main_Size__in_____Aldyl_A_": "0", "Ex__Main_Length__ft____Aldyl_A_": 0, "New_Main__for_System__Integrity": 0, "Total_GSEP_Footage__ft__": 572, "Total_Non_GSEP_Footage__ft__": 0, "Prop__Total__Length_for__Instal": 572, "Prop__Total__Length_for_Abandon": 572, "F__Incidental_Pipe_Per_Project": null, "Ex__PE_Size__in____to_be_Retest": 0, "Ex__PE_Length__ft___to_be_Retes": 0, "Majority_Existing_Main_Info": "4\" (LP) CI", "Prop__Main_Size__in____PE_": 2, "Prop__Main_Pressure": "60#", "F__Replaced_Services__BS_": 10, "F__Replaced_Services__WS_": 0, "F__Replaced_Services__Drisco_": 1, "F__Replaced_Services___Aldyl_A_": 1, "F__Replaced_Services__Total_": 12, "F__Service__Transfers": 3, "Est_____Days": 10, "Est_____Extra__Days_for__Ledge_": 3, "F__of_Tie_Ins": null, "F__of_Cut_Offs": null, "F__of_Inside_Services": null, "F__of_Outside_Services": null, "Budgeted_In_2023_for_2024": null, "Main_Cost_1_Including_Const_OH": null, "Inspector": null, "Police": null, "Gravel_Tr_In": null, "Ledge_Removal": null, "T_M": null, "Re_Pressure_Test": null, "Extra_Restoration_Estimate_from": null, "Non_Standard_Work__Bridges__Lan": null, "Cost": null, "Construction__OVHD": null, "Engineering__Design_Cost": null, "Total_Overage": null, "Services_Cost_Including_Constr_": null, "Meters_Installation_Cost_Includ": null, "F_Total_Est__Project_Cost_Inclu": null, "LU_Design_Engineer": null, "Engineering_Consultant": null, "Notes_": "\n", "lat": 41.6937024, "lon": -71.1348638, "Mapped_address": "Canonicus St & Jencks St, Fall River, MA 02723, USA", "FID": 190}}, {"type": "Feature", "id": 191, "geometry": {"type": "Point", "coordinates": [-71.1359898, 41.692149]}, "properties": {"Line__": 104, "Year": 2026, "Project_Name": "Pleasant St. Main Replacement Phase 3", "Address": "Flint St. (Pleasant St. to County St.)", "Estimated_Cost": null, "Town": "FALL RIVER", "Reasons": "RISK & CONVERT TO 60#", "UP_or_CP": "UP", "Single_Highest_Risk_Score__on_S": "40", "Existing__Pressure": "Low", "Ex__Main_Size__in____CI___WI_": "4\" (LP)", "Ex__Main_Length__ft____CI___WI_": 900, "Ex__Main_Size__in____BS_": "0", "Ex__Main_Length__ft____BS_": 0, "Ex__Main_Size__in____WS__Unprot": "0", "Ex__Main_Length__ft____WS__Unpr": 0, "Ex__Main_Size__in____WS__CP_Pro": 0, "Ex__Main_Length__ft____WS__CP_P": 0, "Ex__Main_Size__in____PE_": "4\" (LP)", "Ex__Main_Length__ft____PE_": 3, "Ex__Main_Size__in____Drisco_": "0", "Ex__Main_Length__ft____Drisco_": 0, "Ex__Main_Size__in_____Aldyl_A_": "0", "Ex__Main_Length__ft____Aldyl_A_": 0, "New_Main__for_System__Integrity": 0, "Total_GSEP_Footage__ft__": 900, "Total_Non_GSEP_Footage__ft__": 3, "Prop__Total__Length_for__Instal": 903, "Prop__Total__Length_for_Abandon": 903, "F__Incidental_Pipe_Per_Project": null, "Ex__PE_Size__in____to_be_Retest": 0, "Ex__PE_Length__ft___to_be_Retes": 0, "Majority_Existing_Main_Info": "4\" (LP) CI", "Prop__Main_Size__in____PE_": 4, "Prop__Main_Pressure": "60#", "F__Replaced_Services__BS_": 9, "F__Replaced_Services__WS_": 1, "F__Replaced_Services__Drisco_": 1, "F__Replaced_Services___Aldyl_A_": 2, "F__Replaced_Services__Total_": 13, "F__Service__Transfers": 5, "Est_____Days": 13, "Est_____Extra__Days_for__Ledge_": 3, "F__of_Tie_Ins": null, "F__of_Cut_Offs": null, "F__of_Inside_Services": null, "F__of_Outside_Services": null, "Budgeted_In_2023_for_2024": null, "Main_Cost_1_Including_Const_OH": null, "Inspector": null, "Police": null, "Gravel_Tr_In": null, "Ledge_Removal": null, "T_M": null, "Re_Pressure_Test": null, "Extra_Restoration_Estimate_from": null, "Non_Standard_Work__Bridges__Lan": null, "Cost": null, "Construction__OVHD": null, "Engineering__Design_Cost": null, "Total_Overage": null, "Services_Cost_Including_Constr_": null, "Meters_Installation_Cost_Includ": null, "F_Total_Est__Project_Cost_Inclu": null, "LU_Design_Engineer": null, "Engineering_Consultant": null, "Notes_": "\n", "lat": 41.692149, "lon": -71.1359898, "Mapped_address": "Pleasant St & Flint St, Fall River, MA 02723, USA", "FID": 191}}, {"type": "Feature", "id": 192, "geometry": {"type": "Point", "coordinates": [-71.1359898, 41.692149]}, "properties": {"Line__": 105, "Year": 2026, "Project_Name": "Pleasant St. Main Replacement Phase 3", "Address": "Harrison St. (Pleasant St. to Canonicus St.)", "Estimated_Cost": null, "Town": "FALL RIVER", "Reasons": "RISK & CONVERT TO 60#", "UP_or_CP": "UP", "Single_Highest_Risk_Score__on_S": "39", "Existing__Pressure": "Low", "Ex__Main_Size__in____CI___WI_": "4\" (LP)", "Ex__Main_Length__ft____CI___WI_": 464, "Ex__Main_Size__in____BS_": "0", "Ex__Main_Length__ft____BS_": 0, "Ex__Main_Size__in____WS__Unprot": "0", "Ex__Main_Length__ft____WS__Unpr": 0, "Ex__Main_Size__in____WS__CP_Pro": 0, "Ex__Main_Length__ft____WS__CP_P": 0, "Ex__Main_Size__in____PE_": "4\" (LP)", "Ex__Main_Length__ft____PE_": 16, "Ex__Main_Size__in____Drisco_": "0", "Ex__Main_Length__ft____Drisco_": 0, "Ex__Main_Size__in_____Aldyl_A_": "0", "Ex__Main_Length__ft____Aldyl_A_": 0, "New_Main__for_System__Integrity": 0, "Total_GSEP_Footage__ft__": 464, "Total_Non_GSEP_Footage__ft__": 16, "Prop__Total__Length_for__Instal": 480, "Prop__Total__Length_for_Abandon": 480, "F__Incidental_Pipe_Per_Project": null, "Ex__PE_Size__in____to_be_Retest": 0, "Ex__PE_Length__ft___to_be_Retes": 0, "Majority_Existing_Main_Info": "4\" (LP) CI", "Prop__Main_Size__in____PE_": 2, "Prop__Main_Pressure": "60#", "F__Replaced_Services__BS_": 5, "F__Replaced_Services__WS_": 1, "F__Replaced_Services__Drisco_": 2, "F__Replaced_Services___Aldyl_A_": 0, "F__Replaced_Services__Total_": 8, "F__Service__Transfers": 4, "Est_____Days": 8, "Est_____Extra__Days_for__Ledge_": 2, "F__of_Tie_Ins": null, "F__of_Cut_Offs": null, "F__of_Inside_Services": null, "F__of_Outside_Services": null, "Budgeted_In_2023_for_2024": null, "Main_Cost_1_Including_Const_OH": null, "Inspector": null, "Police": null, "Gravel_Tr_In": null, "Ledge_Removal": null, "T_M": null, "Re_Pressure_Test": null, "Extra_Restoration_Estimate_from": null, "Non_Standard_Work__Bridges__Lan": null, "Cost": null, "Construction__OVHD": null, "Engineering__Design_Cost": null, "Total_Overage": null, "Services_Cost_Including_Constr_": null, "Meters_Installation_Cost_Includ": null, "F_Total_Est__Project_Cost_Inclu": null, "LU_Design_Engineer": null, "Engineering_Consultant": null, "Notes_": "\n", "lat": 41.692149, "lon": -71.1359898, "Mapped_address": "Pleasant St, Fall River, MA, USA", "FID": 192}}, {"type": "Feature", "id": 193, "geometry": {"type": "Point", "coordinates": [-71.1371478, 41.6931467]}, "properties": {"Line__": 106, "Year": 2026, "Project_Name": "Pleasant St. Main Replacement Phase 3", "Address": "Quequechan St. (Pleasant St. to County St.)", "Estimated_Cost": null, "Town": "FALL RIVER", "Reasons": "RISK & CONVERT TO 60#", "UP_or_CP": "UP", "Single_Highest_Risk_Score__on_S": "45", "Existing__Pressure": "Low", "Ex__Main_Size__in____CI___WI_": "8\" (LP)", "Ex__Main_Length__ft____CI___WI_": 630, "Ex__Main_Size__in____BS_": "0", "Ex__Main_Length__ft____BS_": 0, "Ex__Main_Size__in____WS__Unprot": "8\" (LP)", "Ex__Main_Length__ft____WS__Unpr": 4, "Ex__Main_Size__in____WS__CP_Pro": 0, "Ex__Main_Length__ft____WS__CP_P": 0, "Ex__Main_Size__in____PE_": "0", "Ex__Main_Length__ft____PE_": 0, "Ex__Main_Size__in____Drisco_": "0", "Ex__Main_Length__ft____Drisco_": 0, "Ex__Main_Size__in_____Aldyl_A_": "0", "Ex__Main_Length__ft____Aldyl_A_": 0, "New_Main__for_System__Integrity": 0, "Total_GSEP_Footage__ft__": 634, "Total_Non_GSEP_Footage__ft__": 0, "Prop__Total__Length_for__Instal": 634, "Prop__Total__Length_for_Abandon": 634, "F__Incidental_Pipe_Per_Project": null, "Ex__PE_Size__in____to_be_Retest": 0, "Ex__PE_Length__ft___to_be_Retes": 0, "Majority_Existing_Main_Info": "8\" (LP) CI", "Prop__Main_Size__in____PE_": 4, "Prop__Main_Pressure": "60#", "F__Replaced_Services__BS_": 10, "F__Replaced_Services__WS_": 3, "F__Replaced_Services__Drisco_": 2, "F__Replaced_Services___Aldyl_A_": 1, "F__Replaced_Services__Total_": 16, "F__Service__Transfers": 2, "Est_____Days": 12, "Est_____Extra__Days_for__Ledge_": 3, "F__of_Tie_Ins": null, "F__of_Cut_Offs": null, "F__of_Inside_Services": null, "F__of_Outside_Services": null, "Budgeted_In_2023_for_2024": null, "Main_Cost_1_Including_Const_OH": null, "Inspector": null, "Police": null, "Gravel_Tr_In": null, "Ledge_Removal": null, "T_M": null, "Re_Pressure_Test": null, "Extra_Restoration_Estimate_from": null, "Non_Standard_Work__Bridges__Lan": null, "Cost": null, "Construction__OVHD": null, "Engineering__Design_Cost": null, "Total_Overage": null, "Services_Cost_Including_Constr_": null, "Meters_Installation_Cost_Includ": null, "F_Total_Est__Project_Cost_Inclu": null, "LU_Design_Engineer": null, "Engineering_Consultant": null, "Notes_": "\n", "lat": 41.6931467, "lon": -71.1371478, "Mapped_address": "Quequechan St & Pleasant St, Fall River, MA 02723, USA", "FID": 193}}, {"type": "Feature", "id": 194, "geometry": {"type": "Point", "coordinates": [-71.1381342, 41.6939988]}, "properties": {"Line__": 107, "Year": 2026, "Project_Name": "Pleasant St. Main Replacement Phase 3", "Address": "Rocliffe St. (Pleasant St. to County St.)", "Estimated_Cost": null, "Town": "FALL RIVER", "Reasons": "RISK & CONVERT TO 60#", "UP_or_CP": "UP", "Single_Highest_Risk_Score__on_S": "40", "Existing__Pressure": "Low", "Ex__Main_Size__in____CI___WI_": "4\" (LP)", "Ex__Main_Length__ft____CI___WI_": 396, "Ex__Main_Size__in____BS_": "0", "Ex__Main_Length__ft____BS_": 0, "Ex__Main_Size__in____WS__Unprot": "0", "Ex__Main_Length__ft____WS__Unpr": 0, "Ex__Main_Size__in____WS__CP_Pro": 0, "Ex__Main_Length__ft____WS__CP_P": 0, "Ex__Main_Size__in____PE_": "0", "Ex__Main_Length__ft____PE_": 0, "Ex__Main_Size__in____Drisco_": "0", "Ex__Main_Length__ft____Drisco_": 0, "Ex__Main_Size__in_____Aldyl_A_": "0", "Ex__Main_Length__ft____Aldyl_A_": 0, "New_Main__for_System__Integrity": 0, "Total_GSEP_Footage__ft__": 396, "Total_Non_GSEP_Footage__ft__": 0, "Prop__Total__Length_for__Instal": 396, "Prop__Total__Length_for_Abandon": 396, "F__Incidental_Pipe_Per_Project": null, "Ex__PE_Size__in____to_be_Retest": 0, "Ex__PE_Length__ft___to_be_Retes": 0, "Majority_Existing_Main_Info": "4\" (LP) CI", "Prop__Main_Size__in____PE_": 2, "Prop__Main_Pressure": "60#", "F__Replaced_Services__BS_": 5, "F__Replaced_Services__WS_": 2, "F__Replaced_Services__Drisco_": 0, "F__Replaced_Services___Aldyl_A_": 2, "F__Replaced_Services__Total_": 9, "F__Service__Transfers": 1, "Est_____Days": 7, "Est_____Extra__Days_for__Ledge_": 2, "F__of_Tie_Ins": null, "F__of_Cut_Offs": null, "F__of_Inside_Services": null, "F__of_Outside_Services": null, "Budgeted_In_2023_for_2024": null, "Main_Cost_1_Including_Const_OH": null, "Inspector": null, "Police": null, "Gravel_Tr_In": null, "Ledge_Removal": null, "T_M": null, "Re_Pressure_Test": null, "Extra_Restoration_Estimate_from": null, "Non_Standard_Work__Bridges__Lan": null, "Cost": null, "Construction__OVHD": null, "Engineering__Design_Cost": null, "Total_Overage": null, "Services_Cost_Including_Constr_": null, "Meters_Installation_Cost_Includ": null, "F_Total_Est__Project_Cost_Inclu": null, "LU_Design_Engineer": null, "Engineering_Consultant": null, "Notes_": "\n", "lat": 41.6939988, "lon": -71.1381342, "Mapped_address": "Rocliffe St & Pleasant St, Fall River, MA 02723, USA", "FID": 194}}, {"type": "Feature", "id": 195, "geometry": {"type": "Point", "coordinates": [-71.135649, 41.7226712]}, "properties": {"Line__": 108, "Year": 2026, "Project_Name": "Robeson St. Main Replacement", "Address": "Robeson St. (Harvard St. to Hood St.)", "Estimated_Cost": null, "Town": "FALL RIVER", "Reasons": "RISK & CONVERT TO 60#", "UP_or_CP": "UP", "Single_Highest_Risk_Score__on_S": "51", "Existing__Pressure": "Low", "Ex__Main_Size__in____CI___WI_": "4\" & 6\" (LP)", "Ex__Main_Length__ft____CI___WI_": 2281, "Ex__Main_Size__in____BS_": "0", "Ex__Main_Length__ft____BS_": 0, "Ex__Main_Size__in____WS__Unprot": "0", "Ex__Main_Length__ft____WS__Unpr": 0, "Ex__Main_Size__in____WS__CP_Pro": 0, "Ex__Main_Length__ft____WS__CP_P": 0, "Ex__Main_Size__in____PE_": "0", "Ex__Main_Length__ft____PE_": 0, "Ex__Main_Size__in____Drisco_": "0", "Ex__Main_Length__ft____Drisco_": 0, "Ex__Main_Size__in_____Aldyl_A_": "0", "Ex__Main_Length__ft____Aldyl_A_": 0, "New_Main__for_System__Integrity": 0, "Total_GSEP_Footage__ft__": 2281, "Total_Non_GSEP_Footage__ft__": 0, "Prop__Total__Length_for__Instal": 2281, "Prop__Total__Length_for_Abandon": 2281, "F__Incidental_Pipe_Per_Project": "0%", "Ex__PE_Size__in____to_be_Retest": 0, "Ex__PE_Length__ft___to_be_Retes": 0, "Majority_Existing_Main_Info": "6\" (LP) CI", "Prop__Main_Size__in____PE_": 6, "Prop__Main_Pressure": "60#", "F__Replaced_Services__BS_": 17, "F__Replaced_Services__WS_": 1, "F__Replaced_Services__Drisco_": 7, "F__Replaced_Services___Aldyl_A_": 4, "F__Replaced_Services__Total_": 29, "F__Service__Transfers": 10, "Est_____Days": 33, "Est_____Extra__Days_for__Ledge_": 8, "F__of_Tie_Ins": null, "F__of_Cut_Offs": null, "F__of_Inside_Services": null, "F__of_Outside_Services": null, "Budgeted_In_2023_for_2024": null, "Main_Cost_1_Including_Const_OH": null, "Inspector": null, "Police": null, "Gravel_Tr_In": null, "Ledge_Removal": null, "T_M": null, "Re_Pressure_Test": null, "Extra_Restoration_Estimate_from": null, "Non_Standard_Work__Bridges__Lan": null, "Cost": null, "Construction__OVHD": null, "Engineering__Design_Cost": null, "Total_Overage": null, "Services_Cost_Including_Constr_": null, "Meters_Installation_Cost_Includ": null, "F_Total_Est__Project_Cost_Inclu": null, "LU_Design_Engineer": null, "Engineering_Consultant": null, "Notes_": "\n", "lat": 41.7226712, "lon": -71.135649, "Mapped_address": "Robeson St & Harvard St, Fall River, MA 02720, USA", "FID": 195}}, {"type": "Feature", "id": 196, "geometry": {"type": "Point", "coordinates": [-71.135649, 41.7226712]}, "properties": {"Line__": 109, "Year": 2026, "Project_Name": "Robeson St. Main Replacement", "Address": "Harvard St. (Robeson St. to Madison St.)", "Estimated_Cost": null, "Town": "FALL RIVER", "Reasons": "RISK & CONVERT TO 60#", "UP_or_CP": "UP", "Single_Highest_Risk_Score__on_S": "57", "Existing__Pressure": "Low", "Ex__Main_Size__in____CI___WI_": "6\" & 12\" (LP)", "Ex__Main_Length__ft____CI___WI_": 387, "Ex__Main_Size__in____BS_": "12\" (LP)", "Ex__Main_Length__ft____BS_": 22, "Ex__Main_Size__in____WS__Unprot": "12\" (LP)", "Ex__Main_Length__ft____WS__Unpr": 4, "Ex__Main_Size__in____WS__CP_Pro": 0, "Ex__Main_Length__ft____WS__CP_P": 0, "Ex__Main_Size__in____PE_": "0", "Ex__Main_Length__ft____PE_": 0, "Ex__Main_Size__in____Drisco_": "0", "Ex__Main_Length__ft____Drisco_": 0, "Ex__Main_Size__in_____Aldyl_A_": "0", "Ex__Main_Length__ft____Aldyl_A_": 0, "New_Main__for_System__Integrity": 0, "Total_GSEP_Footage__ft__": 413, "Total_Non_GSEP_Footage__ft__": 0, "Prop__Total__Length_for__Instal": 413, "Prop__Total__Length_for_Abandon": 413, "F__Incidental_Pipe_Per_Project": null, "Ex__PE_Size__in____to_be_Retest": 0, "Ex__PE_Length__ft___to_be_Retes": 0, "Majority_Existing_Main_Info": "12\" (LP) CI", "Prop__Main_Size__in____PE_": 6, "Prop__Main_Pressure": "60#", "F__Replaced_Services__BS_": 1, "F__Replaced_Services__WS_": 0, "F__Replaced_Services__Drisco_": 0, "F__Replaced_Services___Aldyl_A_": 0, "F__Replaced_Services__Total_": 1, "F__Service__Transfers": 1, "Est_____Days": 4, "Est_____Extra__Days_for__Ledge_": 1, "F__of_Tie_Ins": null, "F__of_Cut_Offs": null, "F__of_Inside_Services": null, "F__of_Outside_Services": null, "Budgeted_In_2023_for_2024": null, "Main_Cost_1_Including_Const_OH": null, "Inspector": null, "Police": null, "Gravel_Tr_In": null, "Ledge_Removal": null, "T_M": null, "Re_Pressure_Test": null, "Extra_Restoration_Estimate_from": null, "Non_Standard_Work__Bridges__Lan": null, "Cost": null, "Construction__OVHD": null, "Engineering__Design_Cost": null, "Total_Overage": null, "Services_Cost_Including_Constr_": null, "Meters_Installation_Cost_Includ": null, "F_Total_Est__Project_Cost_Inclu": null, "LU_Design_Engineer": null, "Engineering_Consultant": null, "Notes_": "\n", "lat": 41.7226712, "lon": -71.135649, "Mapped_address": "Robeson St & Harvard St, Fall River, MA 02720, USA", "FID": 196}}, {"type": "Feature", "id": 197, "geometry": {"type": "Point", "coordinates": [-71.1361087, 41.7219923]}, "properties": {"Line__": 110, "Year": 2026, "Project_Name": "Robeson St. Main Replacement", "Address": "Albany St. (Robeson St. to Highland Ave.)", "Estimated_Cost": null, "Town": "FALL RIVER", "Reasons": "RISK & CONVERT TO 60#", "UP_or_CP": "UP", "Single_Highest_Risk_Score__on_S": "44", "Existing__Pressure": "Low", "Ex__Main_Size__in____CI___WI_": "4\" (LP)", "Ex__Main_Length__ft____CI___WI_": 725, "Ex__Main_Size__in____BS_": "4\" (LP)", "Ex__Main_Length__ft____BS_": 12, "Ex__Main_Size__in____WS__Unprot": "0", "Ex__Main_Length__ft____WS__Unpr": 0, "Ex__Main_Size__in____WS__CP_Pro": 0, "Ex__Main_Length__ft____WS__CP_P": 0, "Ex__Main_Size__in____PE_": "0", "Ex__Main_Length__ft____PE_": 0, "Ex__Main_Size__in____Drisco_": "0", "Ex__Main_Length__ft____Drisco_": 0, "Ex__Main_Size__in_____Aldyl_A_": "0", "Ex__Main_Length__ft____Aldyl_A_": 0, "New_Main__for_System__Integrity": 0, "Total_GSEP_Footage__ft__": 737, "Total_Non_GSEP_Footage__ft__": 0, "Prop__Total__Length_for__Instal": 737, "Prop__Total__Length_for_Abandon": 737, "F__Incidental_Pipe_Per_Project": null, "Ex__PE_Size__in____to_be_Retest": 0, "Ex__PE_Length__ft___to_be_Retes": 0, "Majority_Existing_Main_Info": "4\" (LP) CI", "Prop__Main_Size__in____PE_": 4, "Prop__Main_Pressure": "60#", "F__Replaced_Services__BS_": 3, "F__Replaced_Services__WS_": 2, "F__Replaced_Services__Drisco_": 1, "F__Replaced_Services___Aldyl_A_": 0, "F__Replaced_Services__Total_": 6, "F__Service__Transfers": 1, "Est_____Days": 8, "Est_____Extra__Days_for__Ledge_": 2, "F__of_Tie_Ins": null, "F__of_Cut_Offs": null, "F__of_Inside_Services": null, "F__of_Outside_Services": null, "Budgeted_In_2023_for_2024": null, "Main_Cost_1_Including_Const_OH": null, "Inspector": null, "Police": null, "Gravel_Tr_In": null, "Ledge_Removal": null, "T_M": null, "Re_Pressure_Test": null, "Extra_Restoration_Estimate_from": null, "Non_Standard_Work__Bridges__Lan": null, "Cost": null, "Construction__OVHD": null, "Engineering__Design_Cost": null, "Total_Overage": null, "Services_Cost_Including_Constr_": null, "Meters_Installation_Cost_Includ": null, "F_Total_Est__Project_Cost_Inclu": null, "LU_Design_Engineer": null, "Engineering_Consultant": null, "Notes_": "\n", "lat": 41.7219923, "lon": -71.1361087, "Mapped_address": "Albany St & Robeson St, Fall River, MA 02720, USA", "FID": 197}}, {"type": "Feature", "id": 198, "geometry": {"type": "Point", "coordinates": [-71.1378108, 41.7194388]}, "properties": {"Line__": 111, "Year": 2026, "Project_Name": "Robeson St. Main Replacement", "Address": "Florence St. (Robeson St. to Highland Ave.)", "Estimated_Cost": null, "Town": "FALL RIVER", "Reasons": "RISK & CONVERT TO 60#", "UP_or_CP": "UP", "Single_Highest_Risk_Score__on_S": "42", "Existing__Pressure": "Low", "Ex__Main_Size__in____CI___WI_": "4\" (LP)", "Ex__Main_Length__ft____CI___WI_": 723, "Ex__Main_Size__in____BS_": "4\" (LP)", "Ex__Main_Length__ft____BS_": 8, "Ex__Main_Size__in____WS__Unprot": "0", "Ex__Main_Length__ft____WS__Unpr": 0, "Ex__Main_Size__in____WS__CP_Pro": 0, "Ex__Main_Length__ft____WS__CP_P": 0, "Ex__Main_Size__in____PE_": "0", "Ex__Main_Length__ft____PE_": 0, "Ex__Main_Size__in____Drisco_": "0", "Ex__Main_Length__ft____Drisco_": 0, "Ex__Main_Size__in_____Aldyl_A_": "0", "Ex__Main_Length__ft____Aldyl_A_": 0, "New_Main__for_System__Integrity": 0, "Total_GSEP_Footage__ft__": 731, "Total_Non_GSEP_Footage__ft__": 0, "Prop__Total__Length_for__Instal": 731, "Prop__Total__Length_for_Abandon": 731, "F__Incidental_Pipe_Per_Project": null, "Ex__PE_Size__in____to_be_Retest": 0, "Ex__PE_Length__ft___to_be_Retes": 0, "Majority_Existing_Main_Info": "4\" (LP) CI", "Prop__Main_Size__in____PE_": 4, "Prop__Main_Pressure": "60#", "F__Replaced_Services__BS_": 2, "F__Replaced_Services__WS_": 0, "F__Replaced_Services__Drisco_": 0, "F__Replaced_Services___Aldyl_A_": 1, "F__Replaced_Services__Total_": 3, "F__Service__Transfers": 3, "Est_____Days": 7, "Est_____Extra__Days_for__Ledge_": 2, "F__of_Tie_Ins": null, "F__of_Cut_Offs": null, "F__of_Inside_Services": null, "F__of_Outside_Services": null, "Budgeted_In_2023_for_2024": null, "Main_Cost_1_Including_Const_OH": null, "Inspector": null, "Police": null, "Gravel_Tr_In": null, "Ledge_Removal": null, "T_M": null, "Re_Pressure_Test": null, "Extra_Restoration_Estimate_from": null, "Non_Standard_Work__Bridges__Lan": null, "Cost": null, "Construction__OVHD": null, "Engineering__Design_Cost": null, "Total_Overage": null, "Services_Cost_Including_Constr_": null, "Meters_Installation_Cost_Includ": null, "F_Total_Est__Project_Cost_Inclu": null, "LU_Design_Engineer": null, "Engineering_Consultant": null, "Notes_": "\n", "lat": 41.7194388, "lon": -71.1378108, "Mapped_address": "Robeson St & Florence St, Fall River, MA 02720, USA", "FID": 198}}, {"type": "Feature", "id": 199, "geometry": {"type": "Point", "coordinates": [-71.1391001, 41.7174443]}, "properties": {"Line__": 112, "Year": 2026, "Project_Name": "Robeson St. Main Replacement", "Address": "Weetamoe St. (Robeson St. to Highland Ave.)", "Estimated_Cost": null, "Town": "FALL RIVER", "Reasons": "RISK & CONVERT TO 60#", "UP_or_CP": "UP", "Single_Highest_Risk_Score__on_S": "43", "Existing__Pressure": "Low", "Ex__Main_Size__in____CI___WI_": "4\" (LP)", "Ex__Main_Length__ft____CI___WI_": 738, "Ex__Main_Size__in____BS_": "0", "Ex__Main_Length__ft____BS_": 0, "Ex__Main_Size__in____WS__Unprot": "4\" (LP)", "Ex__Main_Length__ft____WS__Unpr": 4, "Ex__Main_Size__in____WS__CP_Pro": 0, "Ex__Main_Length__ft____WS__CP_P": 0, "Ex__Main_Size__in____PE_": "0", "Ex__Main_Length__ft____PE_": 0, "Ex__Main_Size__in____Drisco_": "0", "Ex__Main_Length__ft____Drisco_": 0, "Ex__Main_Size__in_____Aldyl_A_": "0", "Ex__Main_Length__ft____Aldyl_A_": 0, "New_Main__for_System__Integrity": 0, "Total_GSEP_Footage__ft__": 742, "Total_Non_GSEP_Footage__ft__": 0, "Prop__Total__Length_for__Instal": 742, "Prop__Total__Length_for_Abandon": 742, "F__Incidental_Pipe_Per_Project": null, "Ex__PE_Size__in____to_be_Retest": 0, "Ex__PE_Length__ft___to_be_Retes": 0, "Majority_Existing_Main_Info": "4\" (LP) CI", "Prop__Main_Size__in____PE_": 4, "Prop__Main_Pressure": "60#", "F__Replaced_Services__BS_": 3, "F__Replaced_Services__WS_": 1, "F__Replaced_Services__Drisco_": 2, "F__Replaced_Services___Aldyl_A_": null, "F__Replaced_Services__Total_": 6, "F__Service__Transfers": 2, "Est_____Days": 9, "Est_____Extra__Days_for__Ledge_": 2, "F__of_Tie_Ins": null, "F__of_Cut_Offs": null, "F__of_Inside_Services": null, "F__of_Outside_Services": null, "Budgeted_In_2023_for_2024": null, "Main_Cost_1_Including_Const_OH": null, "Inspector": null, "Police": null, "Gravel_Tr_In": null, "Ledge_Removal": null, "T_M": null, "Re_Pressure_Test": null, "Extra_Restoration_Estimate_from": null, "Non_Standard_Work__Bridges__Lan": null, "Cost": null, "Construction__OVHD": null, "Engineering__Design_Cost": null, "Total_Overage": null, "Services_Cost_Including_Constr_": null, "Meters_Installation_Cost_Includ": null, "F_Total_Est__Project_Cost_Inclu": null, "LU_Design_Engineer": null, "Engineering_Consultant": null, "Notes_": "\n", "lat": 41.7174443, "lon": -71.1391001, "Mapped_address": "Robeson St & Weetamoe St, Fall River, MA 02720, USA", "FID": 199}}, {"type": "Feature", "id": 200, "geometry": {"type": "Point", "coordinates": [-71.1528665, 41.7415798]}, "properties": {"Line__": 114, "Year": 2026, "Project_Name": "Fourth St. Main Replacement", "Address": "Fourth St. (Prospect St. to #53 Fourth St.)", "Estimated_Cost": null, "Town": "SOMERSET", "Reasons": "RISK", "UP_or_CP": "UP", "Single_Highest_Risk_Score__on_S": "32", "Existing__Pressure": "60#", "Ex__Main_Size__in____CI___WI_": "0", "Ex__Main_Length__ft____CI___WI_": 0, "Ex__Main_Size__in____BS_": "0", "Ex__Main_Length__ft____BS_": 0, "Ex__Main_Size__in____WS__Unprot": "2\" (60#)", "Ex__Main_Length__ft____WS__Unpr": 226, "Ex__Main_Size__in____WS__CP_Pro": 0, "Ex__Main_Length__ft____WS__CP_P": 0, "Ex__Main_Size__in____PE_": "2\" (60#)", "Ex__Main_Length__ft____PE_": 14, "Ex__Main_Size__in____Drisco_": "0", "Ex__Main_Length__ft____Drisco_": 0, "Ex__Main_Size__in_____Aldyl_A_": "0", "Ex__Main_Length__ft____Aldyl_A_": 0, "New_Main__for_System__Integrity": 0, "Total_GSEP_Footage__ft__": 226, "Total_Non_GSEP_Footage__ft__": 14, "Prop__Total__Length_for__Instal": 240, "Prop__Total__Length_for_Abandon": 240, "F__Incidental_Pipe_Per_Project": "6%", "Ex__PE_Size__in____to_be_Retest": 0, "Ex__PE_Length__ft___to_be_Retes": 0, "Majority_Existing_Main_Info": "2\" (60#) WS", "Prop__Main_Size__in____PE_": 2, "Prop__Main_Pressure": "60#", "F__Replaced_Services__BS_": 0, "F__Replaced_Services__WS_": 1, "F__Replaced_Services__Drisco_": 1, "F__Replaced_Services___Aldyl_A_": 0, "F__Replaced_Services__Total_": 2, "F__Service__Transfers": 0, "Est_____Days": 2, "Est_____Extra__Days_for__Ledge_": 0, "F__of_Tie_Ins": null, "F__of_Cut_Offs": null, "F__of_Inside_Services": null, "F__of_Outside_Services": null, "Budgeted_In_2023_for_2024": null, "Main_Cost_1_Including_Const_OH": null, "Inspector": null, "Police": null, "Gravel_Tr_In": null, "Ledge_Removal": null, "T_M": null, "Re_Pressure_Test": null, "Extra_Restoration_Estimate_from": null, "Non_Standard_Work__Bridges__Lan": null, "Cost": null, "Construction__OVHD": null, "Engineering__Design_Cost": null, "Total_Overage": null, "Services_Cost_Including_Constr_": null, "Meters_Installation_Cost_Includ": null, "F_Total_Est__Project_Cost_Inclu": null, "LU_Design_Engineer": null, "Engineering_Consultant": null, "Notes_": "\n", "lat": 41.7415798, "lon": -71.1528665, "Mapped_address": "Prospect St, Somerset, MA 02726, USA", "FID": 200}}, {"type": "Feature", "id": 201, "geometry": {"type": "Point", "coordinates": [-71.180561, 41.7368751]}, "properties": {"Line__": 115, "Year": 2026, "Project_Name": "Grand Army Hwy. Main Replacement", "Address": "Grand Army Hwy. (Pleasant View Ave. to #1160 Grand Army Hwy.)", "Estimated_Cost": null, "Town": "SOMERSET", "Reasons": "RISK", "UP_or_CP": "UP", "Single_Highest_Risk_Score__on_S": "50", "Existing__Pressure": "60#", "Ex__Main_Size__in____CI___WI_": "0", "Ex__Main_Length__ft____CI___WI_": 0, "Ex__Main_Size__in____BS_": "6\" (60#)", "Ex__Main_Length__ft____BS_": 835, "Ex__Main_Size__in____WS__Unprot": "3\" (60#)", "Ex__Main_Length__ft____WS__Unpr": 829, "Ex__Main_Size__in____WS__CP_Pro": 0, "Ex__Main_Length__ft____WS__CP_P": 0, "Ex__Main_Size__in____PE_": "1\",2\", 3\", 4\" & 6\"  (60#)", "Ex__Main_Length__ft____PE_": 276, "Ex__Main_Size__in____Drisco_": "0", "Ex__Main_Length__ft____Drisco_": 0, "Ex__Main_Size__in_____Aldyl_A_": "0", "Ex__Main_Length__ft____Aldyl_A_": 0, "New_Main__for_System__Integrity": 0, "Total_GSEP_Footage__ft__": 1664, "Total_Non_GSEP_Footage__ft__": 276, "Prop__Total__Length_for__Instal": 1940, "Prop__Total__Length_for_Abandon": 1940, "F__Incidental_Pipe_Per_Project": "14%", "Ex__PE_Size__in____to_be_Retest": 0, "Ex__PE_Length__ft___to_be_Retes": 0, "Majority_Existing_Main_Info": "6\" (60#) BS", "Prop__Main_Size__in____PE_": 6, "Prop__Main_Pressure": "60#", "F__Replaced_Services__BS_": 0, "F__Replaced_Services__WS_": 1, "F__Replaced_Services__Drisco_": 3, "F__Replaced_Services___Aldyl_A_": 1, "F__Replaced_Services__Total_": 5, "F__Service__Transfers": 7, "Est_____Days": 16, "Est_____Extra__Days_for__Ledge_": 0, "F__of_Tie_Ins": null, "F__of_Cut_Offs": null, "F__of_Inside_Services": null, "F__of_Outside_Services": null, "Budgeted_In_2023_for_2024": null, "Main_Cost_1_Including_Const_OH": null, "Inspector": null, "Police": null, "Gravel_Tr_In": null, "Ledge_Removal": null, "T_M": null, "Re_Pressure_Test": null, "Extra_Restoration_Estimate_from": null, "Non_Standard_Work__Bridges__Lan": null, "Cost": null, "Construction__OVHD": null, "Engineering__Design_Cost": null, "Total_Overage": null, "Services_Cost_Including_Constr_": null, "Meters_Installation_Cost_Includ": null, "F_Total_Est__Project_Cost_Inclu": null, "LU_Design_Engineer": null, "Engineering_Consultant": null, "Notes_": "\n", "lat": 41.7368751, "lon": -71.180561, "Mapped_address": "Grand Army of the Republic Hwy & Pleasant View Ave, Somerset, MA 02725, USA", "FID": 201}}, {"type": "Feature", "id": 202, "geometry": {"type": "Point", "coordinates": [-71.1500197, 41.7486566]}, "properties": {"Line__": 117, "Year": 2026, "Project_Name": "Walnut St. Main Replacement", "Address": "Walnut St. (Buffinton St. to End)", "Estimated_Cost": null, "Town": "SOMERSET", "Reasons": "RISK", "UP_or_CP": "UP", "Single_Highest_Risk_Score__on_S": "41", "Existing__Pressure": "60#", "Ex__Main_Size__in____CI___WI_": "0", "Ex__Main_Length__ft____CI___WI_": 0, "Ex__Main_Size__in____BS_": "3\" (60#)", "Ex__Main_Length__ft____BS_": 338, "Ex__Main_Size__in____WS__Unprot": "0", "Ex__Main_Length__ft____WS__Unpr": 0, "Ex__Main_Size__in____WS__CP_Pro": 0, "Ex__Main_Length__ft____WS__CP_P": 0, "Ex__Main_Size__in____PE_": "0", "Ex__Main_Length__ft____PE_": 0, "Ex__Main_Size__in____Drisco_": "0", "Ex__Main_Length__ft____Drisco_": 0, "Ex__Main_Size__in_____Aldyl_A_": "0", "Ex__Main_Length__ft____Aldyl_A_": 0, "New_Main__for_System__Integrity": 0, "Total_GSEP_Footage__ft__": 338, "Total_Non_GSEP_Footage__ft__": 0, "Prop__Total__Length_for__Instal": 338, "Prop__Total__Length_for_Abandon": 338, "F__Incidental_Pipe_Per_Project": "0%", "Ex__PE_Size__in____to_be_Retest": 0, "Ex__PE_Length__ft___to_be_Retes": 0, "Majority_Existing_Main_Info": "3\" (60#) BS", "Prop__Main_Size__in____PE_": 4, "Prop__Main_Pressure": "60#", "F__Replaced_Services__BS_": 0, "F__Replaced_Services__WS_": 2, "F__Replaced_Services__Drisco_": 2, "F__Replaced_Services___Aldyl_A_": 1, "F__Replaced_Services__Total_": 5, "F__Service__Transfers": 4, "Est_____Days": 6, "Est_____Extra__Days_for__Ledge_": 0, "F__of_Tie_Ins": null, "F__of_Cut_Offs": null, "F__of_Inside_Services": null, "F__of_Outside_Services": null, "Budgeted_In_2023_for_2024": null, "Main_Cost_1_Including_Const_OH": null, "Inspector": null, "Police": null, "Gravel_Tr_In": null, "Ledge_Removal": null, "T_M": null, "Re_Pressure_Test": null, "Extra_Restoration_Estimate_from": null, "Non_Standard_Work__Bridges__Lan": null, "Cost": null, "Construction__OVHD": null, "Engineering__Design_Cost": null, "Total_Overage": null, "Services_Cost_Including_Constr_": null, "Meters_Installation_Cost_Includ": null, "F_Total_Est__Project_Cost_Inclu": null, "LU_Design_Engineer": null, "Engineering_Consultant": null, "Notes_": "\n", "lat": 41.7486566, "lon": -71.1500197, "Mapped_address": "Buffinton St, Somerset, MA, USA", "FID": 202}}, {"type": "Feature", "id": 203, "geometry": {"type": "Point", "coordinates": [-71.1927711752643, 41.6747668454893]}, "properties": {"Line__": 133, "Year": 2027, "Project_Name": "Bay St. Main Replacement 2027", "Address": "State Ave. (Bay St. to End)", "Estimated_Cost": null, "Town": "FALL RIVER", "Reasons": "RISK & CONVERT TO 60#", "UP_or_CP": "UP", "Single_Highest_Risk_Score__on_S": "44", "Existing__Pressure": "Low", "Ex__Main_Size__in____CI___WI_": "8\" (LP)", "Ex__Main_Length__ft____CI___WI_": 676, "Ex__Main_Size__in____BS_": "0", "Ex__Main_Length__ft____BS_": 0, "Ex__Main_Size__in____WS__Unprot": "0", "Ex__Main_Length__ft____WS__Unpr": 0, "Ex__Main_Size__in____WS__CP_Pro": 0, "Ex__Main_Length__ft____WS__CP_P": 0, "Ex__Main_Size__in____PE_": "0", "Ex__Main_Length__ft____PE_": 0, "Ex__Main_Size__in____Drisco_": "0", "Ex__Main_Length__ft____Drisco_": 0, "Ex__Main_Size__in_____Aldyl_A_": "0", "Ex__Main_Length__ft____Aldyl_A_": 0, "New_Main__for_System__Integrity": 0, "Total_GSEP_Footage__ft__": 676, "Total_Non_GSEP_Footage__ft__": 0, "Prop__Total__Length_for__Instal": 676, "Prop__Total__Length_for_Abandon": 676, "F__Incidental_Pipe_Per_Project": null, "Ex__PE_Size__in____to_be_Retest": 0, "Ex__PE_Length__ft___to_be_Retes": 0, "Majority_Existing_Main_Info": "8\" (LP) CI", "Prop__Main_Size__in____PE_": 2, "Prop__Main_Pressure": "60#", "F__Replaced_Services__BS_": 0, "F__Replaced_Services__WS_": 0, "F__Replaced_Services__Drisco_": 2, "F__Replaced_Services___Aldyl_A_": 0, "F__Replaced_Services__Total_": 2, "F__Service__Transfers": 3, "Est_____Days": 6, "Est_____Extra__Days_for__Ledge_": 1, "F__of_Tie_Ins": null, "F__of_Cut_Offs": null, "F__of_Inside_Services": null, "F__of_Outside_Services": null, "Budgeted_In_2023_for_2024": null, "Main_Cost_1_Including_Const_OH": null, "Inspector": null, "Police": null, "Gravel_Tr_In": null, "Ledge_Removal": null, "T_M": null, "Re_Pressure_Test": null, "Extra_Restoration_Estimate_from": null, "Non_Standard_Work__Bridges__Lan": null, "Cost": null, "Construction__OVHD": null, "Engineering__Design_Cost": null, "Total_Overage": null, "Services_Cost_Including_Constr_": null, "Meters_Installation_Cost_Includ": null, "F_Total_Est__Project_Cost_Inclu": null, "LU_Design_Engineer": null, "Engineering_Consultant": null, "Notes_": "\n", "lat": 41.6747668454893, "lon": -71.1927711752643, "Mapped_address": "Bay St & State Ave, Tiverton, RI 02878, USA", "FID": 203}}, {"type": "Feature", "id": 204, "geometry": {"type": "Point", "coordinates": [-71.1923568752642, 41.6752891759219]}, "properties": {"Line__": 132, "Year": 2027, "Project_Name": "Bay St. Main Replacement 2027", "Address": "Arnold St. (Bay St. to End)", "Estimated_Cost": null, "Town": "FALL RIVER", "Reasons": "RISK & CONVERT TO 60#", "UP_or_CP": "UP", "Single_Highest_Risk_Score__on_S": "40", "Existing__Pressure": "Low", "Ex__Main_Size__in____CI___WI_": "4\" (LP)", "Ex__Main_Length__ft____CI___WI_": 87, "Ex__Main_Size__in____BS_": "0", "Ex__Main_Length__ft____BS_": 0, "Ex__Main_Size__in____WS__Unprot": "0", "Ex__Main_Length__ft____WS__Unpr": 0, "Ex__Main_Size__in____WS__CP_Pro": 0, "Ex__Main_Length__ft____WS__CP_P": 0, "Ex__Main_Size__in____PE_": "4\" (LP)", "Ex__Main_Length__ft____PE_": 664, "Ex__Main_Size__in____Drisco_": "0", "Ex__Main_Length__ft____Drisco_": 0, "Ex__Main_Size__in_____Aldyl_A_": "0", "Ex__Main_Length__ft____Aldyl_A_": 0, "New_Main__for_System__Integrity": 0, "Total_GSEP_Footage__ft__": 87, "Total_Non_GSEP_Footage__ft__": 664, "Prop__Total__Length_for__Instal": 87, "Prop__Total__Length_for_Abandon": 87, "F__Incidental_Pipe_Per_Project": null, "Ex__PE_Size__in____to_be_Retest": null, "Ex__PE_Length__ft___to_be_Retes": 664, "Majority_Existing_Main_Info": "4\" (LP) PE", "Prop__Main_Size__in____PE_": 2, "Prop__Main_Pressure": "60#", "F__Replaced_Services__BS_": 0, "F__Replaced_Services__WS_": 0, "F__Replaced_Services__Drisco_": 0, "F__Replaced_Services___Aldyl_A_": 0, "F__Replaced_Services__Total_": 0, "F__Service__Transfers": 7, "Est_____Days": 3, "Est_____Extra__Days_for__Ledge_": 1, "F__of_Tie_Ins": null, "F__of_Cut_Offs": null, "F__of_Inside_Services": null, "F__of_Outside_Services": null, "Budgeted_In_2023_for_2024": null, "Main_Cost_1_Including_Const_OH": null, "Inspector": null, "Police": null, "Gravel_Tr_In": null, "Ledge_Removal": null, "T_M": null, "Re_Pressure_Test": null, "Extra_Restoration_Estimate_from": null, "Non_Standard_Work__Bridges__Lan": null, "Cost": null, "Construction__OVHD": null, "Engineering__Design_Cost": null, "Total_Overage": null, "Services_Cost_Including_Constr_": null, "Meters_Installation_Cost_Includ": null, "F_Total_Est__Project_Cost_Inclu": null, "LU_Design_Engineer": null, "Engineering_Consultant": null, "Notes_": "\n", "lat": 41.6752891759219, "lon": -71.1923568752642, "Mapped_address": "Arnold St. at Bay St., FALL RIVER, MA, USA", "FID": 204}}, {"type": "Feature", "id": 205, "geometry": {"type": "Point", "coordinates": [-71.1910513752641, 41.6770525860601]}, "properties": {"Line__": 130, "Year": 2027, "Project_Name": "Bay St. Main Replacement 2027", "Address": "Prince St. (Bay St. to End) (Prime Service?)", "Estimated_Cost": null, "Town": "FALL RIVER", "Reasons": "RISK & CONVERT TO 60#", "UP_or_CP": "UP", "Single_Highest_Risk_Score__on_S": "33", "Existing__Pressure": "Low", "Ex__Main_Size__in____CI___WI_": "0", "Ex__Main_Length__ft____CI___WI_": 0, "Ex__Main_Size__in____BS_": "0", "Ex__Main_Length__ft____BS_": 0, "Ex__Main_Size__in____WS__Unprot": "8\" (LP)", "Ex__Main_Length__ft____WS__Unpr": 5, "Ex__Main_Size__in____WS__CP_Pro": 0, "Ex__Main_Length__ft____WS__CP_P": 0, "Ex__Main_Size__in____PE_": "8\" (LP)", "Ex__Main_Length__ft____PE_": 803, "Ex__Main_Size__in____Drisco_": "0", "Ex__Main_Length__ft____Drisco_": 0, "Ex__Main_Size__in_____Aldyl_A_": "0", "Ex__Main_Length__ft____Aldyl_A_": 0, "New_Main__for_System__Integrity": 0, "Total_GSEP_Footage__ft__": 5, "Total_Non_GSEP_Footage__ft__": 803, "Prop__Total__Length_for__Instal": 41, "Prop__Total__Length_for_Abandon": 41, "F__Incidental_Pipe_Per_Project": null, "Ex__PE_Size__in____to_be_Retest": null, "Ex__PE_Length__ft___to_be_Retes": 767, "Majority_Existing_Main_Info": "8\" (LP) PE", "Prop__Main_Size__in____PE_": 4, "Prop__Main_Pressure": "60#", "F__Replaced_Services__BS_": 0, "F__Replaced_Services__WS_": 0, "F__Replaced_Services__Drisco_": 0, "F__Replaced_Services___Aldyl_A_": 0, "F__Replaced_Services__Total_": 0, "F__Service__Transfers": 3, "Est_____Days": 1, "Est_____Extra__Days_for__Ledge_": 0, "F__of_Tie_Ins": null, "F__of_Cut_Offs": null, "F__of_Inside_Services": null, "F__of_Outside_Services": null, "Budgeted_In_2023_for_2024": null, "Main_Cost_1_Including_Const_OH": null, "Inspector": null, "Police": null, "Gravel_Tr_In": null, "Ledge_Removal": null, "T_M": null, "Re_Pressure_Test": null, "Extra_Restoration_Estimate_from": null, "Non_Standard_Work__Bridges__Lan": null, "Cost": null, "Construction__OVHD": null, "Engineering__Design_Cost": null, "Total_Overage": null, "Services_Cost_Including_Constr_": null, "Meters_Installation_Cost_Includ": null, "F_Total_Est__Project_Cost_Inclu": null, "LU_Design_Engineer": null, "Engineering_Consultant": null, "Notes_": "\n", "lat": 41.6770525860601, "lon": -71.1910513752641, "Mapped_address": "Prince St. at Bay St., FALL RIVER, MA, USA", "FID": 205}}, {"type": "Feature", "id": 206, "geometry": {"type": "Point", "coordinates": [-71.1913604464279, 41.6781554769521]}, "properties": {"Line__": 149, "Year": 2027, "Project_Name": "Byron St. Main Replacement", "Address": "Roosevelt St. (Byron St. to End)", "Estimated_Cost": null, "Town": "FALL RIVER", "Reasons": "RISK & CONVERT TO 60#", "UP_or_CP": "UP", "Single_Highest_Risk_Score__on_S": "44", "Existing__Pressure": "Low", "Ex__Main_Size__in____CI___WI_": "0", "Ex__Main_Length__ft____CI___WI_": 0, "Ex__Main_Size__in____BS_": "4\" (LP)", "Ex__Main_Length__ft____BS_": 252, "Ex__Main_Size__in____WS__Unprot": "0", "Ex__Main_Length__ft____WS__Unpr": 0, "Ex__Main_Size__in____WS__CP_Pro": 0, "Ex__Main_Length__ft____WS__CP_P": 0, "Ex__Main_Size__in____PE_": "0", "Ex__Main_Length__ft____PE_": 0, "Ex__Main_Size__in____Drisco_": "0", "Ex__Main_Length__ft____Drisco_": 0, "Ex__Main_Size__in_____Aldyl_A_": "0", "Ex__Main_Length__ft____Aldyl_A_": 0, "New_Main__for_System__Integrity": 0, "Total_GSEP_Footage__ft__": 252, "Total_Non_GSEP_Footage__ft__": 0, "Prop__Total__Length_for__Instal": 252, "Prop__Total__Length_for_Abandon": 252, "F__Incidental_Pipe_Per_Project": null, "Ex__PE_Size__in____to_be_Retest": 0, "Ex__PE_Length__ft___to_be_Retes": 0, "Majority_Existing_Main_Info": "4\" (LP) BS", "Prop__Main_Size__in____PE_": 2, "Prop__Main_Pressure": "60#", "F__Replaced_Services__BS_": 2, "F__Replaced_Services__WS_": 0, "F__Replaced_Services__Drisco_": 1, "F__Replaced_Services___Aldyl_A_": 0, "F__Replaced_Services__Total_": 3, "F__Service__Transfers": 2, "Est_____Days": 4, "Est_____Extra__Days_for__Ledge_": 1, "F__of_Tie_Ins": null, "F__of_Cut_Offs": null, "F__of_Inside_Services": null, "F__of_Outside_Services": null, "Budgeted_In_2023_for_2024": null, "Main_Cost_1_Including_Const_OH": null, "Inspector": null, "Police": null, "Gravel_Tr_In": null, "Ledge_Removal": null, "T_M": null, "Re_Pressure_Test": null, "Extra_Restoration_Estimate_from": null, "Non_Standard_Work__Bridges__Lan": null, "Cost": null, "Construction__OVHD": null, "Engineering__Design_Cost": null, "Total_Overage": null, "Services_Cost_Including_Constr_": null, "Meters_Installation_Cost_Includ": null, "F_Total_Est__Project_Cost_Inclu": null, "LU_Design_Engineer": null, "Engineering_Consultant": null, "Notes_": "\n", "lat": 41.6781554769521, "lon": -71.1913604464279, "Mapped_address": "Roosevelt St. at Byron St., FALL RIVER, MA, USA", "FID": 206}}, {"type": "Feature", "id": 207, "geometry": {"type": "Point", "coordinates": [-71.1436841752637, 41.6849765449637]}, "properties": {"Line__": 188, "Year": 2027, "Project_Name": "Rodman St. Main Replacement", "Address": "Jefferson St. (Cambridge St. to Grinnell St.)(Abandonment)", "Estimated_Cost": null, "Town": "FALL RIVER", "Reasons": "DUAL MAIN ABANDONMENT", "UP_or_CP": "UP", "Single_Highest_Risk_Score__on_S": "27", "Existing__Pressure": "Low", "Ex__Main_Size__in____CI___WI_": "0", "Ex__Main_Length__ft____CI___WI_": 0, "Ex__Main_Size__in____BS_": "0", "Ex__Main_Length__ft____BS_": 0, "Ex__Main_Size__in____WS__Unprot": "4\" (LP)", "Ex__Main_Length__ft____WS__Unpr": 289, "Ex__Main_Size__in____WS__CP_Pro": 0, "Ex__Main_Length__ft____WS__CP_P": 0, "Ex__Main_Size__in____PE_": "0", "Ex__Main_Length__ft____PE_": 0, "Ex__Main_Size__in____Drisco_": "0", "Ex__Main_Length__ft____Drisco_": 0, "Ex__Main_Size__in_____Aldyl_A_": "0", "Ex__Main_Length__ft____Aldyl_A_": 0, "New_Main__for_System__Integrity": 0, "Total_GSEP_Footage__ft__": 289, "Total_Non_GSEP_Footage__ft__": 0, "Prop__Total__Length_for__Instal": null, "Prop__Total__Length_for_Abandon": 289, "F__Incidental_Pipe_Per_Project": null, "Ex__PE_Size__in____to_be_Retest": 0, "Ex__PE_Length__ft___to_be_Retes": 0, "Majority_Existing_Main_Info": "4\" (LP) WS", "Prop__Main_Size__in____PE_": null, "Prop__Main_Pressure": "No Install", "F__Replaced_Services__BS_": 1, "F__Replaced_Services__WS_": 0, "F__Replaced_Services__Drisco_": 1, "F__Replaced_Services___Aldyl_A_": 0, "F__Replaced_Services__Total_": 2, "F__Service__Transfers": 0, "Est_____Days": null, "Est_____Extra__Days_for__Ledge_": null, "F__of_Tie_Ins": null, "F__of_Cut_Offs": null, "F__of_Inside_Services": null, "F__of_Outside_Services": null, "Budgeted_In_2023_for_2024": null, "Main_Cost_1_Including_Const_OH": null, "Inspector": null, "Police": null, "Gravel_Tr_In": null, "Ledge_Removal": null, "T_M": null, "Re_Pressure_Test": null, "Extra_Restoration_Estimate_from": null, "Non_Standard_Work__Bridges__Lan": null, "Cost": null, "Construction__OVHD": null, "Engineering__Design_Cost": null, "Total_Overage": null, "Services_Cost_Including_Constr_": null, "Meters_Installation_Cost_Includ": null, "F_Total_Est__Project_Cost_Inclu": null, "LU_Design_Engineer": null, "Engineering_Consultant": null, "Notes_": "\n", "lat": 41.6849765449637, "lon": -71.1436841752637, "Mapped_address": "Jefferson St. at Cambridge St., FALL RIVER, MA, USA", "FID": 207}}, {"type": "Feature", "id": 208, "geometry": {"type": "Point", "coordinates": [-71.0656299501357, 41.6500044067331]}, "properties": {"Line__": 196, "Year": 2027, "Project_Name": "S. Berryman St. Main Replacement (STATE PERMIT)", "Address": "S. Berryman St. (State Rd. to End)", "Estimated_Cost": null, "Town": "WESTPORT", "Reasons": "RISK", "UP_or_CP": "UP", "Single_Highest_Risk_Score__on_S": "39", "Existing__Pressure": "60#", "Ex__Main_Size__in____CI___WI_": "0", "Ex__Main_Length__ft____CI___WI_": 0, "Ex__Main_Size__in____BS_": "2\" (60#)", "Ex__Main_Length__ft____BS_": 715, "Ex__Main_Size__in____WS__Unprot": "2\" (60#)", "Ex__Main_Length__ft____WS__Unpr": 355, "Ex__Main_Size__in____WS__CP_Pro": 0, "Ex__Main_Length__ft____WS__CP_P": 0, "Ex__Main_Size__in____PE_": "0", "Ex__Main_Length__ft____PE_": 0, "Ex__Main_Size__in____Drisco_": "0", "Ex__Main_Length__ft____Drisco_": 0, "Ex__Main_Size__in_____Aldyl_A_": "0", "Ex__Main_Length__ft____Aldyl_A_": 0, "New_Main__for_System__Integrity": 0, "Total_GSEP_Footage__ft__": 1070, "Total_Non_GSEP_Footage__ft__": 0, "Prop__Total__Length_for__Instal": 1070, "Prop__Total__Length_for_Abandon": 1070, "F__Incidental_Pipe_Per_Project": "9%", "Ex__PE_Size__in____to_be_Retest": 0, "Ex__PE_Length__ft___to_be_Retes": 0, "Majority_Existing_Main_Info": "2\" (60#) BS", "Prop__Main_Size__in____PE_": 2, "Prop__Main_Pressure": "60#", "F__Replaced_Services__BS_": 5, "F__Replaced_Services__WS_": 2, "F__Replaced_Services__Drisco_": 3, "F__Replaced_Services___Aldyl_A_": 0, "F__Replaced_Services__Total_": 10, "F__Service__Transfers": 3, "Est_____Days": 13, "Est_____Extra__Days_for__Ledge_": 3, "F__of_Tie_Ins": null, "F__of_Cut_Offs": null, "F__of_Inside_Services": null, "F__of_Outside_Services": null, "Budgeted_In_2023_for_2024": null, "Main_Cost_1_Including_Const_OH": null, "Inspector": null, "Police": null, "Gravel_Tr_In": null, "Ledge_Removal": null, "T_M": null, "Re_Pressure_Test": null, "Extra_Restoration_Estimate_from": null, "Non_Standard_Work__Bridges__Lan": null, "Cost": null, "Construction__OVHD": null, "Engineering__Design_Cost": null, "Total_Overage": null, "Services_Cost_Including_Constr_": null, "Meters_Installation_Cost_Includ": null, "F_Total_Est__Project_Cost_Inclu": null, "LU_Design_Engineer": null, "Engineering_Consultant": null, "Notes_": "\n", "lat": 41.6500044067331, "lon": -71.0656299501357, "Mapped_address": "S. Berryman St. at State Rd., WESTPORT, MA, USA", "FID": 208}}, {"type": "Feature", "id": 209, "geometry": {"type": "Point", "coordinates": [-71.0664034289719, 41.6504576725186]}, "properties": {"Line__": 197, "Year": 2027, "Project_Name": "S. Berryman St. Main Replacement (STATE PERMIT)", "Address": "S. Breault St. (State Rd. to End)", "Estimated_Cost": null, "Town": "WESTPORT", "Reasons": "RISK", "UP_or_CP": "UP", "Single_Highest_Risk_Score__on_S": "38", "Existing__Pressure": "60#", "Ex__Main_Size__in____CI___WI_": "0", "Ex__Main_Length__ft____CI___WI_": 0, "Ex__Main_Size__in____BS_": "2\" (60#)", "Ex__Main_Length__ft____BS_": 531, "Ex__Main_Size__in____WS__Unprot": "0", "Ex__Main_Length__ft____WS__Unpr": 0, "Ex__Main_Size__in____WS__CP_Pro": 0, "Ex__Main_Length__ft____WS__CP_P": 0, "Ex__Main_Size__in____PE_": "2\" (60#)", "Ex__Main_Length__ft____PE_": 158, "Ex__Main_Size__in____Drisco_": "0", "Ex__Main_Length__ft____Drisco_": 0, "Ex__Main_Size__in_____Aldyl_A_": "0", "Ex__Main_Length__ft____Aldyl_A_": 0, "New_Main__for_System__Integrity": 0, "Total_GSEP_Footage__ft__": 531, "Total_Non_GSEP_Footage__ft__": 158, "Prop__Total__Length_for__Instal": 689, "Prop__Total__Length_for_Abandon": 689, "F__Incidental_Pipe_Per_Project": null, "Ex__PE_Size__in____to_be_Retest": 0, "Ex__PE_Length__ft___to_be_Retes": 0, "Majority_Existing_Main_Info": "2\" (60#) BS", "Prop__Main_Size__in____PE_": 2, "Prop__Main_Pressure": "60#", "F__Replaced_Services__BS_": 5, "F__Replaced_Services__WS_": 1, "F__Replaced_Services__Drisco_": 1, "F__Replaced_Services___Aldyl_A_": 0, "F__Replaced_Services__Total_": 7, "F__Service__Transfers": 2, "Est_____Days": 9, "Est_____Extra__Days_for__Ledge_": 2, "F__of_Tie_Ins": null, "F__of_Cut_Offs": null, "F__of_Inside_Services": null, "F__of_Outside_Services": null, "Budgeted_In_2023_for_2024": null, "Main_Cost_1_Including_Const_OH": null, "Inspector": null, "Police": null, "Gravel_Tr_In": null, "Ledge_Removal": null, "T_M": null, "Re_Pressure_Test": null, "Extra_Restoration_Estimate_from": null, "Non_Standard_Work__Bridges__Lan": null, "Cost": null, "Construction__OVHD": null, "Engineering__Design_Cost": null, "Total_Overage": null, "Services_Cost_Including_Constr_": null, "Meters_Installation_Cost_Includ": null, "F_Total_Est__Project_Cost_Inclu": null, "LU_Design_Engineer": null, "Engineering_Consultant": null, "Notes_": "\n", "lat": 41.6504576725186, "lon": -71.0664034289719, "Mapped_address": "S. Breault St. at State Rd., WESTPORT, MA, USA", "FID": 209}}, {"type": "Feature", "id": 210, "geometry": {"type": "Point", "coordinates": [-71.196680248278, 41.7299353354351]}, "properties": {"Line__": 194, "Year": 2027, "Project_Name": "Wilbur Ave. SWA Main Replacement", "Address": "Lindsey Ln. (Wilbur Ave. to End)", "Estimated_Cost": null, "Town": "SWANSEA", "Reasons": "RISK", "UP_or_CP": "UP", "Single_Highest_Risk_Score__on_S": "22", "Existing__Pressure": "60#", "Ex__Main_Size__in____CI___WI_": "0", "Ex__Main_Length__ft____CI___WI_": 0, "Ex__Main_Size__in____BS_": "0", "Ex__Main_Length__ft____BS_": 0, "Ex__Main_Size__in____WS__Unprot": "2\" & 3\" (60#)", "Ex__Main_Length__ft____WS__Unpr": 684, "Ex__Main_Size__in____WS__CP_Pro": 0, "Ex__Main_Length__ft____WS__CP_P": 0, "Ex__Main_Size__in____PE_": "0", "Ex__Main_Length__ft____PE_": 0, "Ex__Main_Size__in____Drisco_": "0", "Ex__Main_Length__ft____Drisco_": 0, "Ex__Main_Size__in_____Aldyl_A_": "0", "Ex__Main_Length__ft____Aldyl_A_": 0, "New_Main__for_System__Integrity": 0, "Total_GSEP_Footage__ft__": 684, "Total_Non_GSEP_Footage__ft__": 0, "Prop__Total__Length_for__Instal": 684, "Prop__Total__Length_for_Abandon": 684, "F__Incidental_Pipe_Per_Project": "0%", "Ex__PE_Size__in____to_be_Retest": 0, "Ex__PE_Length__ft___to_be_Retes": 0, "Majority_Existing_Main_Info": "2\" (60#) WS", "Prop__Main_Size__in____PE_": 2, "Prop__Main_Pressure": "60#", "F__Replaced_Services__BS_": 3, "F__Replaced_Services__WS_": 1, "F__Replaced_Services__Drisco_": 0, "F__Replaced_Services___Aldyl_A_": 1, "F__Replaced_Services__Total_": 5, "F__Service__Transfers": 1, "Est_____Days": 7, "Est_____Extra__Days_for__Ledge_": 0, "F__of_Tie_Ins": null, "F__of_Cut_Offs": null, "F__of_Inside_Services": null, "F__of_Outside_Services": null, "Budgeted_In_2023_for_2024": null, "Main_Cost_1_Including_Const_OH": null, "Inspector": null, "Police": null, "Gravel_Tr_In": null, "Ledge_Removal": null, "T_M": null, "Re_Pressure_Test": null, "Extra_Restoration_Estimate_from": null, "Non_Standard_Work__Bridges__Lan": null, "Cost": null, "Construction__OVHD": null, "Engineering__Design_Cost": null, "Total_Overage": null, "Services_Cost_Including_Constr_": null, "Meters_Installation_Cost_Includ": null, "F_Total_Est__Project_Cost_Inclu": null, "LU_Design_Engineer": null, "Engineering_Consultant": null, "Notes_": "\n", "lat": 41.7299353354351, "lon": -71.196680248278, "Mapped_address": "Lindsey Ln. at Wilbur Ave., SWANSEA, MA, USA", "FID": 210}}, {"type": "Feature", "id": 211, "geometry": {"type": "Point", "coordinates": [-71.1915020464277, 41.6810948685335]}, "properties": {"Line__": 193, "Year": 2027, "Project_Name": "Woodman St. Main Replacement", "Address": "Palm St. (Woodman St. to End)", "Estimated_Cost": null, "Town": "FALL RIVER", "Reasons": "RISK & CONVERT TO 60#", "UP_or_CP": "UP", "Single_Highest_Risk_Score__on_S": "38", "Existing__Pressure": "Low", "Ex__Main_Size__in____CI___WI_": "0", "Ex__Main_Length__ft____CI___WI_": 0, "Ex__Main_Size__in____BS_": "2\" (LP)", "Ex__Main_Length__ft____BS_": 178, "Ex__Main_Size__in____WS__Unprot": "4\" (LP)", "Ex__Main_Length__ft____WS__Unpr": 21, "Ex__Main_Size__in____WS__CP_Pro": 0, "Ex__Main_Length__ft____WS__CP_P": 0, "Ex__Main_Size__in____PE_": "0", "Ex__Main_Length__ft____PE_": 0, "Ex__Main_Size__in____Drisco_": "0", "Ex__Main_Length__ft____Drisco_": 0, "Ex__Main_Size__in_____Aldyl_A_": "0", "Ex__Main_Length__ft____Aldyl_A_": 0, "New_Main__for_System__Integrity": 0, "Total_GSEP_Footage__ft__": 199, "Total_Non_GSEP_Footage__ft__": 0, "Prop__Total__Length_for__Instal": 199, "Prop__Total__Length_for_Abandon": 199, "F__Incidental_Pipe_Per_Project": null, "Ex__PE_Size__in____to_be_Retest": 0, "Ex__PE_Length__ft___to_be_Retes": 0, "Majority_Existing_Main_Info": "2\" (LP) BS", "Prop__Main_Size__in____PE_": 2, "Prop__Main_Pressure": "60#", "F__Replaced_Services__BS_": 3, "F__Replaced_Services__WS_": 0, "F__Replaced_Services__Drisco_": 0, "F__Replaced_Services___Aldyl_A_": 0, "F__Replaced_Services__Total_": 3, "F__Service__Transfers": 3, "Est_____Days": 4, "Est_____Extra__Days_for__Ledge_": 1, "F__of_Tie_Ins": null, "F__of_Cut_Offs": null, "F__of_Inside_Services": null, "F__of_Outside_Services": null, "Budgeted_In_2023_for_2024": null, "Main_Cost_1_Including_Const_OH": null, "Inspector": null, "Police": null, "Gravel_Tr_In": null, "Ledge_Removal": null, "T_M": null, "Re_Pressure_Test": null, "Extra_Restoration_Estimate_from": null, "Non_Standard_Work__Bridges__Lan": null, "Cost": null, "Construction__OVHD": null, "Engineering__Design_Cost": null, "Total_Overage": null, "Services_Cost_Including_Constr_": null, "Meters_Installation_Cost_Includ": null, "F_Total_Est__Project_Cost_Inclu": null, "LU_Design_Engineer": null, "Engineering_Consultant": null, "Notes_": "\n", "lat": 41.6810948685335, "lon": -71.1915020464277, "Mapped_address": "Palm St. at Woodman St., FALL RIVER, MA, USA", "FID": 211}}, {"type": "Feature", "id": 212, "geometry": {"type": "Point", "coordinates": [-71.1907290752639, 41.6809682818483]}, "properties": {"Line__": 192, "Year": 2027, "Project_Name": "Woodman St. Main Replacement", "Address": "Valley St. (Woodman St. to End)", "Estimated_Cost": null, "Town": "FALL RIVER", "Reasons": "RISK & CONVERT TO 60#", "UP_or_CP": "UP", "Single_Highest_Risk_Score__on_S": "27", "Existing__Pressure": "Low", "Ex__Main_Size__in____CI___WI_": "0", "Ex__Main_Length__ft____CI___WI_": 0, "Ex__Main_Size__in____BS_": "0", "Ex__Main_Length__ft____BS_": 0, "Ex__Main_Size__in____WS__Unprot": "4\" (LP)", "Ex__Main_Length__ft____WS__Unpr": 12, "Ex__Main_Size__in____WS__CP_Pro": 0, "Ex__Main_Length__ft____WS__CP_P": 0, "Ex__Main_Size__in____PE_": "4\" (LP)", "Ex__Main_Length__ft____PE_": 231, "Ex__Main_Size__in____Drisco_": "0", "Ex__Main_Length__ft____Drisco_": 0, "Ex__Main_Size__in_____Aldyl_A_": "0", "Ex__Main_Length__ft____Aldyl_A_": 0, "New_Main__for_System__Integrity": 0, "Total_GSEP_Footage__ft__": 12, "Total_Non_GSEP_Footage__ft__": 231, "Prop__Total__Length_for__Instal": 243, "Prop__Total__Length_for_Abandon": 243, "F__Incidental_Pipe_Per_Project": null, "Ex__PE_Size__in____to_be_Retest": 0, "Ex__PE_Length__ft___to_be_Retes": 0, "Majority_Existing_Main_Info": "4\" (LP) PE", "Prop__Main_Size__in____PE_": 2, "Prop__Main_Pressure": "60#", "F__Replaced_Services__BS_": 0, "F__Replaced_Services__WS_": 0, "F__Replaced_Services__Drisco_": 0, "F__Replaced_Services___Aldyl_A_": 0, "F__Replaced_Services__Total_": 0, "F__Service__Transfers": 4, "Est_____Days": 3, "Est_____Extra__Days_for__Ledge_": 1, "F__of_Tie_Ins": null, "F__of_Cut_Offs": null, "F__of_Inside_Services": null, "F__of_Outside_Services": null, "Budgeted_In_2023_for_2024": null, "Main_Cost_1_Including_Const_OH": null, "Inspector": null, "Police": null, "Gravel_Tr_In": null, "Ledge_Removal": null, "T_M": null, "Re_Pressure_Test": null, "Extra_Restoration_Estimate_from": null, "Non_Standard_Work__Bridges__Lan": null, "Cost": null, "Construction__OVHD": null, "Engineering__Design_Cost": null, "Total_Overage": null, "Services_Cost_Including_Constr_": null, "Meters_Installation_Cost_Includ": null, "F_Total_Est__Project_Cost_Inclu": null, "LU_Design_Engineer": null, "Engineering_Consultant": null, "Notes_": "\n", "lat": 41.6809682818483, "lon": -71.1907290752639, "Mapped_address": "Valley St. at Woodman St., FALL RIVER, MA, USA", "FID": 212}}, {"type": "Feature", "id": 213, "geometry": {"type": "Point", "coordinates": [-71.1484499464274, 41.6871827145674]}, "properties": {"Line__": 182, "Year": 2027, "Project_Name": "Rodman St. Main Replacement", "Address": "Watuppa Heights. (Rodman St. to End)", "Estimated_Cost": null, "Town": "FALL RIVER", "Reasons": "RISK & CONVERT TO 60#", "UP_or_CP": "UP", "Single_Highest_Risk_Score__on_S": "40", "Existing__Pressure": "Low", "Ex__Main_Size__in____CI___WI_": "4\" (LP)", "Ex__Main_Length__ft____CI___WI_": 31, "Ex__Main_Size__in____BS_": "4\" (LP)", "Ex__Main_Length__ft____BS_": 115, "Ex__Main_Size__in____WS__Unprot": "0", "Ex__Main_Length__ft____WS__Unpr": 0, "Ex__Main_Size__in____WS__CP_Pro": 0, "Ex__Main_Length__ft____WS__CP_P": 0, "Ex__Main_Size__in____PE_": "0", "Ex__Main_Length__ft____PE_": 0, "Ex__Main_Size__in____Drisco_": "0", "Ex__Main_Length__ft____Drisco_": 0, "Ex__Main_Size__in_____Aldyl_A_": "0", "Ex__Main_Length__ft____Aldyl_A_": 0, "New_Main__for_System__Integrity": 0, "Total_GSEP_Footage__ft__": 146, "Total_Non_GSEP_Footage__ft__": 0, "Prop__Total__Length_for__Instal": 146, "Prop__Total__Length_for_Abandon": 146, "F__Incidental_Pipe_Per_Project": null, "Ex__PE_Size__in____to_be_Retest": 0, "Ex__PE_Length__ft___to_be_Retes": 0, "Majority_Existing_Main_Info": "2\" (LP) BS", "Prop__Main_Size__in____PE_": 2, "Prop__Main_Pressure": "60#", "F__Replaced_Services__BS_": 0, "F__Replaced_Services__WS_": 0, "F__Replaced_Services__Drisco_": 1, "F__Replaced_Services___Aldyl_A_": 0, "F__Replaced_Services__Total_": 1, "F__Service__Transfers": 0, "Est_____Days": 1, "Est_____Extra__Days_for__Ledge_": 0, "F__of_Tie_Ins": null, "F__of_Cut_Offs": null, "F__of_Inside_Services": null, "F__of_Outside_Services": null, "Budgeted_In_2023_for_2024": null, "Main_Cost_1_Including_Const_OH": null, "Inspector": null, "Police": null, "Gravel_Tr_In": null, "Ledge_Removal": null, "T_M": null, "Re_Pressure_Test": null, "Extra_Restoration_Estimate_from": null, "Non_Standard_Work__Bridges__Lan": null, "Cost": null, "Construction__OVHD": null, "Engineering__Design_Cost": null, "Total_Overage": null, "Services_Cost_Including_Constr_": null, "Meters_Installation_Cost_Includ": null, "F_Total_Est__Project_Cost_Inclu": null, "LU_Design_Engineer": null, "Engineering_Consultant": null, "Notes_": "\n", "lat": 41.6871827145674, "lon": -71.1484499464274, "Mapped_address": "Rodman St. at Warren St., FALL RIVER, MA, USA", "FID": 213}}, {"type": "Feature", "id": 214, "geometry": {"type": "Point", "coordinates": [-71.1975016, 41.7298422]}, "properties": {"Line__": 195, "Year": 2027, "Project_Name": "Wilbur Ave. SWA Main Replacement", "Address": "Wilbur Ave. (112 Wilbur Ave. to Bridge)", "Estimated_Cost": null, "Town": "SWANSEA", "Reasons": "RISK", "UP_or_CP": "UP", "Single_Highest_Risk_Score__on_S": "54", "Existing__Pressure": "60#", "Ex__Main_Size__in____CI___WI_": "0", "Ex__Main_Length__ft____CI___WI_": 0, "Ex__Main_Size__in____BS_": "4\" (60#)", "Ex__Main_Length__ft____BS_": 1376, "Ex__Main_Size__in____WS__Unprot": "0", "Ex__Main_Length__ft____WS__Unpr": 0, "Ex__Main_Size__in____WS__CP_Pro": 0, "Ex__Main_Length__ft____WS__CP_P": 0, "Ex__Main_Size__in____PE_": "0", "Ex__Main_Length__ft____PE_": 0, "Ex__Main_Size__in____Drisco_": "0", "Ex__Main_Length__ft____Drisco_": 0, "Ex__Main_Size__in_____Aldyl_A_": "0", "Ex__Main_Length__ft____Aldyl_A_": 0, "New_Main__for_System__Integrity": 0, "Total_GSEP_Footage__ft__": 1376, "Total_Non_GSEP_Footage__ft__": 0, "Prop__Total__Length_for__Instal": 1376, "Prop__Total__Length_for_Abandon": 1376, "F__Incidental_Pipe_Per_Project": null, "Ex__PE_Size__in____to_be_Retest": 0, "Ex__PE_Length__ft___to_be_Retes": 0, "Majority_Existing_Main_Info": "4\" (60#) BS", "Prop__Main_Size__in____PE_": 6, "Prop__Main_Pressure": "60#", "F__Replaced_Services__BS_": 2, "F__Replaced_Services__WS_": 1, "F__Replaced_Services__Drisco_": 4, "F__Replaced_Services___Aldyl_A_": 0, "F__Replaced_Services__Total_": 7, "F__Service__Transfers": 0, "Est_____Days": 11, "Est_____Extra__Days_for__Ledge_": 0, "F__of_Tie_Ins": null, "F__of_Cut_Offs": null, "F__of_Inside_Services": null, "F__of_Outside_Services": null, "Budgeted_In_2023_for_2024": null, "Main_Cost_1_Including_Const_OH": null, "Inspector": null, "Police": null, "Gravel_Tr_In": null, "Ledge_Removal": null, "T_M": null, "Re_Pressure_Test": null, "Extra_Restoration_Estimate_from": null, "Non_Standard_Work__Bridges__Lan": null, "Cost": null, "Construction__OVHD": null, "Engineering__Design_Cost": null, "Total_Overage": null, "Services_Cost_Including_Constr_": null, "Meters_Installation_Cost_Includ": null, "F_Total_Est__Project_Cost_Inclu": null, "LU_Design_Engineer": null, "Engineering_Consultant": null, "Notes_": "\n", "lat": 41.7298422, "lon": -71.1975016, "Mapped_address": "112 Wilbur Ave, Swansea, MA 02777, USA", "FID": 214}}, {"type": "Feature", "id": 215, "geometry": {"type": "Point", "coordinates": [-71.1349346, 41.6945476]}, "properties": {"Line__": 118, "Year": 2027, "Project_Name": "Albion St. Main Replacement", "Address": "County St. (Haffards St. to Eastern Ave.)", "Estimated_Cost": null, "Town": "FALL RIVER", "Reasons": "RISK & CONVERT TO 60#", "UP_or_CP": "UP", "Single_Highest_Risk_Score__on_S": "48", "Existing__Pressure": "Low", "Ex__Main_Size__in____CI___WI_": "8\" CI", "Ex__Main_Length__ft____CI___WI_": 1155, "Ex__Main_Size__in____BS_": "0", "Ex__Main_Length__ft____BS_": 0, "Ex__Main_Size__in____WS__Unprot": "0", "Ex__Main_Length__ft____WS__Unpr": 0, "Ex__Main_Size__in____WS__CP_Pro": 0, "Ex__Main_Length__ft____WS__CP_P": 0, "Ex__Main_Size__in____PE_": "0", "Ex__Main_Length__ft____PE_": 0, "Ex__Main_Size__in____Drisco_": "0", "Ex__Main_Length__ft____Drisco_": 0, "Ex__Main_Size__in_____Aldyl_A_": "0", "Ex__Main_Length__ft____Aldyl_A_": 0, "New_Main__for_System__Integrity": 0, "Total_GSEP_Footage__ft__": 1155, "Total_Non_GSEP_Footage__ft__": 0, "Prop__Total__Length_for__Instal": 1155, "Prop__Total__Length_for_Abandon": 1155, "F__Incidental_Pipe_Per_Project": "3%", "Ex__PE_Size__in____to_be_Retest": 0, "Ex__PE_Length__ft___to_be_Retes": 0, "Majority_Existing_Main_Info": "(LP) CI", "Prop__Main_Size__in____PE_": 6, "Prop__Main_Pressure": "60#", "F__Replaced_Services__BS_": 15, "F__Replaced_Services__WS_": 1, "F__Replaced_Services__Drisco_": 5, "F__Replaced_Services___Aldyl_A_": 0, "F__Replaced_Services__Total_": 21, "F__Service__Transfers": 8, "Est_____Days": 20, "Est_____Extra__Days_for__Ledge_": 5, "F__of_Tie_Ins": null, "F__of_Cut_Offs": null, "F__of_Inside_Services": null, "F__of_Outside_Services": null, "Budgeted_In_2023_for_2024": null, "Main_Cost_1_Including_Const_OH": null, "Inspector": null, "Police": null, "Gravel_Tr_In": null, "Ledge_Removal": null, "T_M": null, "Re_Pressure_Test": null, "Extra_Restoration_Estimate_from": null, "Non_Standard_Work__Bridges__Lan": null, "Cost": null, "Construction__OVHD": null, "Engineering__Design_Cost": null, "Total_Overage": null, "Services_Cost_Including_Constr_": null, "Meters_Installation_Cost_Includ": null, "F_Total_Est__Project_Cost_Inclu": null, "LU_Design_Engineer": null, "Engineering_Consultant": null, "Notes_": "\n", "lat": 41.6945476, "lon": -71.1349346, "Mapped_address": "County St & Haffards St, Fall River, MA 02723, USA", "FID": 215}}, {"type": "Feature", "id": 216, "geometry": {"type": "Point", "coordinates": [-71.1331679, 41.6978402]}, "properties": {"Line__": 119, "Year": 2027, "Project_Name": "Albion St. Main Replacement", "Address": "Albion St. (Bedford St. to County St.)", "Estimated_Cost": null, "Town": "FALL RIVER", "Reasons": "RISK & CONVERT TO 60#", "UP_or_CP": "UP", "Single_Highest_Risk_Score__on_S": "40", "Existing__Pressure": "Low", "Ex__Main_Size__in____CI___WI_": "4\" CI", "Ex__Main_Length__ft____CI___WI_": 1278, "Ex__Main_Size__in____BS_": "0", "Ex__Main_Length__ft____BS_": 0, "Ex__Main_Size__in____WS__Unprot": "0", "Ex__Main_Length__ft____WS__Unpr": 0, "Ex__Main_Size__in____WS__CP_Pro": 0, "Ex__Main_Length__ft____WS__CP_P": 0, "Ex__Main_Size__in____PE_": "4\"", "Ex__Main_Length__ft____PE_": 23, "Ex__Main_Size__in____Drisco_": "0", "Ex__Main_Length__ft____Drisco_": 0, "Ex__Main_Size__in_____Aldyl_A_": "0", "Ex__Main_Length__ft____Aldyl_A_": 0, "New_Main__for_System__Integrity": 0, "Total_GSEP_Footage__ft__": 1278, "Total_Non_GSEP_Footage__ft__": 23, "Prop__Total__Length_for__Instal": 1301, "Prop__Total__Length_for_Abandon": 1301, "F__Incidental_Pipe_Per_Project": null, "Ex__PE_Size__in____to_be_Retest": 0, "Ex__PE_Length__ft___to_be_Retes": 0, "Majority_Existing_Main_Info": "(LP) CI", "Prop__Main_Size__in____PE_": 2, "Prop__Main_Pressure": "60#", "F__Replaced_Services__BS_": 18, "F__Replaced_Services__WS_": 1, "F__Replaced_Services__Drisco_": 0, "F__Replaced_Services___Aldyl_A_": 0, "F__Replaced_Services__Total_": 19, "F__Service__Transfers": 7, "Est_____Days": 19, "Est_____Extra__Days_for__Ledge_": 5, "F__of_Tie_Ins": null, "F__of_Cut_Offs": null, "F__of_Inside_Services": null, "F__of_Outside_Services": null, "Budgeted_In_2023_for_2024": null, "Main_Cost_1_Including_Const_OH": null, "Inspector": null, "Police": null, "Gravel_Tr_In": null, "Ledge_Removal": null, "T_M": null, "Re_Pressure_Test": null, "Extra_Restoration_Estimate_from": null, "Non_Standard_Work__Bridges__Lan": null, "Cost": null, "Construction__OVHD": null, "Engineering__Design_Cost": null, "Total_Overage": null, "Services_Cost_Including_Constr_": null, "Meters_Installation_Cost_Includ": null, "F_Total_Est__Project_Cost_Inclu": null, "LU_Design_Engineer": null, "Engineering_Consultant": null, "Notes_": "\n", "lat": 41.6978402, "lon": -71.1331679, "Mapped_address": "Albion St & Bedford St, Fall River, MA 02723, USA", "FID": 216}}, {"type": "Feature", "id": 217, "geometry": {"type": "Point", "coordinates": [-71.1332615, 41.6950246]}, "properties": {"Line__": 120, "Year": 2027, "Project_Name": "Albion St. Main Replacement", "Address": "Lexington St. (Albion St. to End)", "Estimated_Cost": null, "Town": "FALL RIVER", "Reasons": "RISK & CONVERT TO 60#", "UP_or_CP": "UP", "Single_Highest_Risk_Score__on_S": "40", "Existing__Pressure": "Low", "Ex__Main_Size__in____CI___WI_": "4\" CI", "Ex__Main_Length__ft____CI___WI_": 248, "Ex__Main_Size__in____BS_": "0", "Ex__Main_Length__ft____BS_": 0, "Ex__Main_Size__in____WS__Unprot": "0", "Ex__Main_Length__ft____WS__Unpr": 0, "Ex__Main_Size__in____WS__CP_Pro": 0, "Ex__Main_Length__ft____WS__CP_P": 0, "Ex__Main_Size__in____PE_": "0", "Ex__Main_Length__ft____PE_": 0, "Ex__Main_Size__in____Drisco_": "0", "Ex__Main_Length__ft____Drisco_": 0, "Ex__Main_Size__in_____Aldyl_A_": "0", "Ex__Main_Length__ft____Aldyl_A_": 0, "New_Main__for_System__Integrity": 0, "Total_GSEP_Footage__ft__": 248, "Total_Non_GSEP_Footage__ft__": 0, "Prop__Total__Length_for__Instal": 248, "Prop__Total__Length_for_Abandon": 248, "F__Incidental_Pipe_Per_Project": null, "Ex__PE_Size__in____to_be_Retest": 0, "Ex__PE_Length__ft___to_be_Retes": 0, "Majority_Existing_Main_Info": "(LP) CI", "Prop__Main_Size__in____PE_": 2, "Prop__Main_Pressure": "60#", "F__Replaced_Services__BS_": 5, "F__Replaced_Services__WS_": 0, "F__Replaced_Services__Drisco_": 2, "F__Replaced_Services___Aldyl_A_": 1, "F__Replaced_Services__Total_": 8, "F__Service__Transfers": 0, "Est_____Days": 5, "Est_____Extra__Days_for__Ledge_": 1, "F__of_Tie_Ins": null, "F__of_Cut_Offs": null, "F__of_Inside_Services": null, "F__of_Outside_Services": null, "Budgeted_In_2023_for_2024": null, "Main_Cost_1_Including_Const_OH": null, "Inspector": null, "Police": null, "Gravel_Tr_In": null, "Ledge_Removal": null, "T_M": null, "Re_Pressure_Test": null, "Extra_Restoration_Estimate_from": null, "Non_Standard_Work__Bridges__Lan": null, "Cost": null, "Construction__OVHD": null, "Engineering__Design_Cost": null, "Total_Overage": null, "Services_Cost_Including_Constr_": null, "Meters_Installation_Cost_Includ": null, "F_Total_Est__Project_Cost_Inclu": null, "LU_Design_Engineer": null, "Engineering_Consultant": null, "Notes_": "\n", "lat": 41.6950246, "lon": -71.1332615, "Mapped_address": "Albion St & Lexington St, Fall River, MA 02723, USA", "FID": 217}}, {"type": "Feature", "id": 218, "geometry": {"type": "Point", "coordinates": [-71.1345127, 41.695851]}, "properties": {"Line__": 121, "Year": 2027, "Project_Name": "Albion St. Main Replacement", "Address": "Downing St. (Haffards St. to Eastern Ave.)", "Estimated_Cost": null, "Town": "FALL RIVER", "Reasons": "RISK & CONVERT TO 60#", "UP_or_CP": "UP", "Single_Highest_Risk_Score__on_S": "42", "Existing__Pressure": "Low", "Ex__Main_Size__in____CI___WI_": "4\" CI", "Ex__Main_Length__ft____CI___WI_": 960, "Ex__Main_Size__in____BS_": "0", "Ex__Main_Length__ft____BS_": 0, "Ex__Main_Size__in____WS__Unprot": "0", "Ex__Main_Length__ft____WS__Unpr": 0, "Ex__Main_Size__in____WS__CP_Pro": 0, "Ex__Main_Length__ft____WS__CP_P": 0, "Ex__Main_Size__in____PE_": "4\"", "Ex__Main_Length__ft____PE_": 24, "Ex__Main_Size__in____Drisco_": "0", "Ex__Main_Length__ft____Drisco_": 0, "Ex__Main_Size__in_____Aldyl_A_": "0", "Ex__Main_Length__ft____Aldyl_A_": 0, "New_Main__for_System__Integrity": 0, "Total_GSEP_Footage__ft__": 960, "Total_Non_GSEP_Footage__ft__": 24, "Prop__Total__Length_for__Instal": 984, "Prop__Total__Length_for_Abandon": 984, "F__Incidental_Pipe_Per_Project": null, "Ex__PE_Size__in____to_be_Retest": 0, "Ex__PE_Length__ft___to_be_Retes": 0, "Majority_Existing_Main_Info": "(LP) CI", "Prop__Main_Size__in____PE_": 2, "Prop__Main_Pressure": "60#", "F__Replaced_Services__BS_": 13, "F__Replaced_Services__WS_": 2, "F__Replaced_Services__Drisco_": 2, "F__Replaced_Services___Aldyl_A_": 2, "F__Replaced_Services__Total_": 19, "F__Service__Transfers": 3, "Est_____Days": 16, "Est_____Extra__Days_for__Ledge_": 4, "F__of_Tie_Ins": null, "F__of_Cut_Offs": null, "F__of_Inside_Services": null, "F__of_Outside_Services": null, "Budgeted_In_2023_for_2024": null, "Main_Cost_1_Including_Const_OH": null, "Inspector": null, "Police": null, "Gravel_Tr_In": null, "Ledge_Removal": null, "T_M": null, "Re_Pressure_Test": null, "Extra_Restoration_Estimate_from": null, "Non_Standard_Work__Bridges__Lan": null, "Cost": null, "Construction__OVHD": null, "Engineering__Design_Cost": null, "Total_Overage": null, "Services_Cost_Including_Constr_": null, "Meters_Installation_Cost_Includ": null, "F_Total_Est__Project_Cost_Inclu": null, "LU_Design_Engineer": null, "Engineering_Consultant": null, "Notes_": "\n", "lat": 41.695851, "lon": -71.1345127, "Mapped_address": "Downing St & Haffards St, Fall River, MA 02723, USA", "FID": 218}}, {"type": "Feature", "id": 219, "geometry": {"type": "Point", "coordinates": [-71.1318017, 41.6940059]}, "properties": {"Line__": 122, "Year": 2027, "Project_Name": "Albion St. Main Replacement", "Address": "Goss St. (County St. to Downing St.)", "Estimated_Cost": null, "Town": "FALL RIVER", "Reasons": "RISK & CONVERT TO 60#", "UP_or_CP": "UP", "Single_Highest_Risk_Score__on_S": "40", "Existing__Pressure": "Low", "Ex__Main_Size__in____CI___WI_": "4\" CI", "Ex__Main_Length__ft____CI___WI_": 548, "Ex__Main_Size__in____BS_": "0", "Ex__Main_Length__ft____BS_": 0, "Ex__Main_Size__in____WS__Unprot": "0", "Ex__Main_Length__ft____WS__Unpr": 0, "Ex__Main_Size__in____WS__CP_Pro": 0, "Ex__Main_Length__ft____WS__CP_P": 0, "Ex__Main_Size__in____PE_": "0", "Ex__Main_Length__ft____PE_": 0, "Ex__Main_Size__in____Drisco_": "0", "Ex__Main_Length__ft____Drisco_": 0, "Ex__Main_Size__in_____Aldyl_A_": "0", "Ex__Main_Length__ft____Aldyl_A_": 0, "New_Main__for_System__Integrity": 0, "Total_GSEP_Footage__ft__": 548, "Total_Non_GSEP_Footage__ft__": 0, "Prop__Total__Length_for__Instal": 548, "Prop__Total__Length_for_Abandon": 548, "F__Incidental_Pipe_Per_Project": null, "Ex__PE_Size__in____to_be_Retest": 0, "Ex__PE_Length__ft___to_be_Retes": 0, "Majority_Existing_Main_Info": "(LP) CI", "Prop__Main_Size__in____PE_": 2, "Prop__Main_Pressure": "60#", "F__Replaced_Services__BS_": 7, "F__Replaced_Services__WS_": 0, "F__Replaced_Services__Drisco_": 0, "F__Replaced_Services___Aldyl_A_": 1, "F__Replaced_Services__Total_": 8, "F__Service__Transfers": 5, "Est_____Days": 9, "Est_____Extra__Days_for__Ledge_": 2, "F__of_Tie_Ins": null, "F__of_Cut_Offs": null, "F__of_Inside_Services": null, "F__of_Outside_Services": null, "Budgeted_In_2023_for_2024": null, "Main_Cost_1_Including_Const_OH": null, "Inspector": null, "Police": null, "Gravel_Tr_In": null, "Ledge_Removal": null, "T_M": null, "Re_Pressure_Test": null, "Extra_Restoration_Estimate_from": null, "Non_Standard_Work__Bridges__Lan": null, "Cost": null, "Construction__OVHD": null, "Engineering__Design_Cost": null, "Total_Overage": null, "Services_Cost_Including_Constr_": null, "Meters_Installation_Cost_Includ": null, "F_Total_Est__Project_Cost_Inclu": null, "LU_Design_Engineer": null, "Engineering_Consultant": null, "Notes_": "\n", "lat": 41.6940059, "lon": -71.1318017, "Mapped_address": "County St & Goss St, Fall River, MA 02723, USA", "FID": 219}}, {"type": "Feature", "id": 220, "geometry": {"type": "Point", "coordinates": [-71.133038, 41.6963279]}, "properties": {"Line__": 123, "Year": 2027, "Project_Name": "Albion St. Main Replacement", "Address": "Donnelly St. (Albion St. to Haffards St.)", "Estimated_Cost": null, "Town": "FALL RIVER", "Reasons": "RISK & CONVERT TO 60#", "UP_or_CP": "UP", "Single_Highest_Risk_Score__on_S": "35", "Existing__Pressure": "Low", "Ex__Main_Size__in____CI___WI_": "4\" CI", "Ex__Main_Length__ft____CI___WI_": 387, "Ex__Main_Size__in____BS_": "2\"", "Ex__Main_Length__ft____BS_": 125, "Ex__Main_Size__in____WS__Unprot": "0", "Ex__Main_Length__ft____WS__Unpr": 0, "Ex__Main_Size__in____WS__CP_Pro": 0, "Ex__Main_Length__ft____WS__CP_P": 0, "Ex__Main_Size__in____PE_": "2\"", "Ex__Main_Length__ft____PE_": 111, "Ex__Main_Size__in____Drisco_": "0", "Ex__Main_Length__ft____Drisco_": 0, "Ex__Main_Size__in_____Aldyl_A_": "0", "Ex__Main_Length__ft____Aldyl_A_": 0, "New_Main__for_System__Integrity": 100, "Total_GSEP_Footage__ft__": 512, "Total_Non_GSEP_Footage__ft__": 111, "Prop__Total__Length_for__Instal": 723, "Prop__Total__Length_for_Abandon": 623, "F__Incidental_Pipe_Per_Project": null, "Ex__PE_Size__in____to_be_Retest": 0, "Ex__PE_Length__ft___to_be_Retes": 0, "Majority_Existing_Main_Info": "(LP) CI", "Prop__Main_Size__in____PE_": 2, "Prop__Main_Pressure": "60#", "F__Replaced_Services__BS_": 1, "F__Replaced_Services__WS_": 1, "F__Replaced_Services__Drisco_": 1, "F__Replaced_Services___Aldyl_A_": 0, "F__Replaced_Services__Total_": 3, "F__Service__Transfers": 3, "Est_____Days": 7, "Est_____Extra__Days_for__Ledge_": 2, "F__of_Tie_Ins": null, "F__of_Cut_Offs": null, "F__of_Inside_Services": null, "F__of_Outside_Services": null, "Budgeted_In_2023_for_2024": null, "Main_Cost_1_Including_Const_OH": null, "Inspector": null, "Police": null, "Gravel_Tr_In": null, "Ledge_Removal": null, "T_M": null, "Re_Pressure_Test": null, "Extra_Restoration_Estimate_from": null, "Non_Standard_Work__Bridges__Lan": null, "Cost": null, "Construction__OVHD": null, "Engineering__Design_Cost": null, "Total_Overage": null, "Services_Cost_Including_Constr_": null, "Meters_Installation_Cost_Includ": null, "F_Total_Est__Project_Cost_Inclu": null, "LU_Design_Engineer": null, "Engineering_Consultant": null, "Notes_": "\n", "lat": 41.6963279, "lon": -71.133038, "Mapped_address": "Albion St & Donnelly St, Fall River, MA 02723, USA", "FID": 220}}, {"type": "Feature", "id": 221, "geometry": {"type": "Point", "coordinates": [-71.1330803, 41.6967942]}, "properties": {"Line__": 124, "Year": 2027, "Project_Name": "Albion St. Main Replacement", "Address": "Chesworth St. (Albion St. to Eastern Ave.)", "Estimated_Cost": null, "Town": "FALL RIVER", "Reasons": "RISK & CONVERT TO 60#", "UP_or_CP": "UP", "Single_Highest_Risk_Score__on_S": "40", "Existing__Pressure": "Low", "Ex__Main_Size__in____CI___WI_": "4\" CI", "Ex__Main_Length__ft____CI___WI_": 554, "Ex__Main_Size__in____BS_": "0", "Ex__Main_Length__ft____BS_": 0, "Ex__Main_Size__in____WS__Unprot": "0", "Ex__Main_Length__ft____WS__Unpr": 0, "Ex__Main_Size__in____WS__CP_Pro": 0, "Ex__Main_Length__ft____WS__CP_P": 0, "Ex__Main_Size__in____PE_": "0", "Ex__Main_Length__ft____PE_": 0, "Ex__Main_Size__in____Drisco_": "0", "Ex__Main_Length__ft____Drisco_": 0, "Ex__Main_Size__in_____Aldyl_A_": "0", "Ex__Main_Length__ft____Aldyl_A_": 0, "New_Main__for_System__Integrity": 0, "Total_GSEP_Footage__ft__": 554, "Total_Non_GSEP_Footage__ft__": 0, "Prop__Total__Length_for__Instal": 554, "Prop__Total__Length_for_Abandon": 554, "F__Incidental_Pipe_Per_Project": null, "Ex__PE_Size__in____to_be_Retest": 0, "Ex__PE_Length__ft___to_be_Retes": 0, "Majority_Existing_Main_Info": "(LP) CI", "Prop__Main_Size__in____PE_": 2, "Prop__Main_Pressure": "60#", "F__Replaced_Services__BS_": 3, "F__Replaced_Services__WS_": 0, "F__Replaced_Services__Drisco_": 3, "F__Replaced_Services___Aldyl_A_": 0, "F__Replaced_Services__Total_": 6, "F__Service__Transfers": 3, "Est_____Days": 7, "Est_____Extra__Days_for__Ledge_": 2, "F__of_Tie_Ins": null, "F__of_Cut_Offs": null, "F__of_Inside_Services": null, "F__of_Outside_Services": null, "Budgeted_In_2023_for_2024": null, "Main_Cost_1_Including_Const_OH": null, "Inspector": null, "Police": null, "Gravel_Tr_In": null, "Ledge_Removal": null, "T_M": null, "Re_Pressure_Test": null, "Extra_Restoration_Estimate_from": null, "Non_Standard_Work__Bridges__Lan": null, "Cost": null, "Construction__OVHD": null, "Engineering__Design_Cost": null, "Total_Overage": null, "Services_Cost_Including_Constr_": null, "Meters_Installation_Cost_Includ": null, "F_Total_Est__Project_Cost_Inclu": null, "LU_Design_Engineer": null, "Engineering_Consultant": null, "Notes_": "\n", "lat": 41.6967942, "lon": -71.1330803, "Mapped_address": "Albion St & Chesworth St, Fall River, MA 02723, USA", "FID": 221}}, {"type": "Feature", "id": 222, "geometry": {"type": "Point", "coordinates": [-71.132517, 41.6968133]}, "properties": {"Line__": 125, "Year": 2027, "Project_Name": "Albion St. Main Replacement", "Address": "Talbot St. (Chesworth St. to Eastern Ave.)", "Estimated_Cost": null, "Town": "FALL RIVER", "Reasons": "RISK & CONVERT TO 60#", "UP_or_CP": "UP", "Single_Highest_Risk_Score__on_S": "40", "Existing__Pressure": "Low", "Ex__Main_Size__in____CI___WI_": "4\" CI", "Ex__Main_Length__ft____CI___WI_": 632, "Ex__Main_Size__in____BS_": "0", "Ex__Main_Length__ft____BS_": 0, "Ex__Main_Size__in____WS__Unprot": "0", "Ex__Main_Length__ft____WS__Unpr": 0, "Ex__Main_Size__in____WS__CP_Pro": 0, "Ex__Main_Length__ft____WS__CP_P": 0, "Ex__Main_Size__in____PE_": "4\"", "Ex__Main_Length__ft____PE_": 6, "Ex__Main_Size__in____Drisco_": "0", "Ex__Main_Length__ft____Drisco_": 0, "Ex__Main_Size__in_____Aldyl_A_": "0", "Ex__Main_Length__ft____Aldyl_A_": 0, "New_Main__for_System__Integrity": 0, "Total_GSEP_Footage__ft__": 632, "Total_Non_GSEP_Footage__ft__": 6, "Prop__Total__Length_for__Instal": 638, "Prop__Total__Length_for_Abandon": 638, "F__Incidental_Pipe_Per_Project": null, "Ex__PE_Size__in____to_be_Retest": 0, "Ex__PE_Length__ft___to_be_Retes": 0, "Majority_Existing_Main_Info": "(LP) CI", "Prop__Main_Size__in____PE_": 2, "Prop__Main_Pressure": "60#", "F__Replaced_Services__BS_": 5, "F__Replaced_Services__WS_": 1, "F__Replaced_Services__Drisco_": 2, "F__Replaced_Services___Aldyl_A_": 0, "F__Replaced_Services__Total_": 8, "F__Service__Transfers": 0, "Est_____Days": 8, "Est_____Extra__Days_for__Ledge_": 2, "F__of_Tie_Ins": null, "F__of_Cut_Offs": null, "F__of_Inside_Services": null, "F__of_Outside_Services": null, "Budgeted_In_2023_for_2024": null, "Main_Cost_1_Including_Const_OH": null, "Inspector": null, "Police": null, "Gravel_Tr_In": null, "Ledge_Removal": null, "T_M": null, "Re_Pressure_Test": null, "Extra_Restoration_Estimate_from": null, "Non_Standard_Work__Bridges__Lan": null, "Cost": null, "Construction__OVHD": null, "Engineering__Design_Cost": null, "Total_Overage": null, "Services_Cost_Including_Constr_": null, "Meters_Installation_Cost_Includ": null, "F_Total_Est__Project_Cost_Inclu": null, "LU_Design_Engineer": null, "Engineering_Consultant": null, "Notes_": "\n", "lat": 41.6968133, "lon": -71.132517, "Mapped_address": "Talbot St & Chesworth St, Fall River, MA 02723, USA", "FID": 222}}, {"type": "Feature", "id": 223, "geometry": {"type": "Point", "coordinates": [-71.1858998, 41.6841473]}, "properties": {"Line__": 126, "Year": 2027, "Project_Name": "Bay St. Main Replacement 2027", "Address": "Bay St. (Charles St. to Flynn St.)", "Estimated_Cost": null, "Town": "FALL RIVER", "Reasons": "RISK & CONVERT TO 60#", "UP_or_CP": "UP", "Single_Highest_Risk_Score__on_S": "53", "Existing__Pressure": "Low", "Ex__Main_Size__in____CI___WI_": "4\", 6\", 8\" & 12\" (LP)", "Ex__Main_Length__ft____CI___WI_": 2753, "Ex__Main_Size__in____BS_": "2\" & 12\" (LP)", "Ex__Main_Length__ft____BS_": 38, "Ex__Main_Size__in____WS__Unprot": "12\" (LP)", "Ex__Main_Length__ft____WS__Unpr": 33, "Ex__Main_Size__in____WS__CP_Pro": 0, "Ex__Main_Length__ft____WS__CP_P": 0, "Ex__Main_Size__in____PE_": "0", "Ex__Main_Length__ft____PE_": 0, "Ex__Main_Size__in____Drisco_": "0", "Ex__Main_Length__ft____Drisco_": 0, "Ex__Main_Size__in_____Aldyl_A_": "0", "Ex__Main_Length__ft____Aldyl_A_": 0, "New_Main__for_System__Integrity": 0, "Total_GSEP_Footage__ft__": 2824, "Total_Non_GSEP_Footage__ft__": 0, "Prop__Total__Length_for__Instal": 2824, "Prop__Total__Length_for_Abandon": 2824, "F__Incidental_Pipe_Per_Project": "2%", "Ex__PE_Size__in____to_be_Retest": 0, "Ex__PE_Length__ft___to_be_Retes": 0, "Majority_Existing_Main_Info": "12\" (LP) CI", "Prop__Main_Size__in____PE_": 8, "Prop__Main_Pressure": "60#", "F__Replaced_Services__BS_": 13, "F__Replaced_Services__WS_": 3, "F__Replaced_Services__Drisco_": 2, "F__Replaced_Services___Aldyl_A_": 0, "F__Replaced_Services__Total_": 18, "F__Service__Transfers": 5, "Est_____Days": 13, "Est_____Extra__Days_for__Ledge_": 3, "F__of_Tie_Ins": null, "F__of_Cut_Offs": null, "F__of_Inside_Services": null, "F__of_Outside_Services": null, "Budgeted_In_2023_for_2024": null, "Main_Cost_1_Including_Const_OH": null, "Inspector": null, "Police": null, "Gravel_Tr_In": null, "Ledge_Removal": null, "T_M": null, "Re_Pressure_Test": null, "Extra_Restoration_Estimate_from": null, "Non_Standard_Work__Bridges__Lan": null, "Cost": null, "Construction__OVHD": null, "Engineering__Design_Cost": null, "Total_Overage": null, "Services_Cost_Including_Constr_": null, "Meters_Installation_Cost_Includ": null, "F_Total_Est__Project_Cost_Inclu": null, "LU_Design_Engineer": null, "Engineering_Consultant": null, "Notes_": "\n", "lat": 41.6841473, "lon": -71.1858998, "Mapped_address": "Bay St & Charles St, Fall River, MA 02724, USA", "FID": 223}}, {"type": "Feature", "id": 224, "geometry": {"type": "Point", "coordinates": [-71.184549, 41.6857345]}, "properties": {"Line__": 127, "Year": 2027, "Project_Name": "Bay St. Main Replacement 2027", "Address": "Bay St. (Birch St. to Charles St] 60# main)", "Estimated_Cost": null, "Town": "FALL RIVER", "Reasons": "CONVERT TO 60#", "UP_or_CP": "N/A", "Single_Highest_Risk_Score__on_S": "No Score", "Existing__Pressure": "N/A", "Ex__Main_Size__in____CI___WI_": "0", "Ex__Main_Length__ft____CI___WI_": 0, "Ex__Main_Size__in____BS_": "0", "Ex__Main_Length__ft____BS_": 0, "Ex__Main_Size__in____WS__Unprot": "0", "Ex__Main_Length__ft____WS__Unpr": 0, "Ex__Main_Size__in____WS__CP_Pro": 0, "Ex__Main_Length__ft____WS__CP_P": 0, "Ex__Main_Size__in____PE_": "0", "Ex__Main_Length__ft____PE_": 0, "Ex__Main_Size__in____Drisco_": "0", "Ex__Main_Length__ft____Drisco_": 0, "Ex__Main_Size__in_____Aldyl_A_": "0", "Ex__Main_Length__ft____Aldyl_A_": 0, "New_Main__for_System__Integrity": 670, "Total_GSEP_Footage__ft__": 0, "Total_Non_GSEP_Footage__ft__": 0, "Prop__Total__Length_for__Instal": 670, "Prop__Total__Length_for_Abandon": 0, "F__Incidental_Pipe_Per_Project": null, "Ex__PE_Size__in____to_be_Retest": 0, "Ex__PE_Length__ft___to_be_Retes": 0, "Majority_Existing_Main_Info": "N/A", "Prop__Main_Size__in____PE_": 8, "Prop__Main_Pressure": "60#", "F__Replaced_Services__BS_": 0, "F__Replaced_Services__WS_": 0, "F__Replaced_Services__Drisco_": 0, "F__Replaced_Services___Aldyl_A_": 0, "F__Replaced_Services__Total_": 0, "F__Service__Transfers": 0, "Est_____Days": 4, "Est_____Extra__Days_for__Ledge_": 1, "F__of_Tie_Ins": null, "F__of_Cut_Offs": null, "F__of_Inside_Services": null, "F__of_Outside_Services": null, "Budgeted_In_2023_for_2024": null, "Main_Cost_1_Including_Const_OH": null, "Inspector": null, "Police": null, "Gravel_Tr_In": null, "Ledge_Removal": null, "T_M": null, "Re_Pressure_Test": null, "Extra_Restoration_Estimate_from": null, "Non_Standard_Work__Bridges__Lan": null, "Cost": null, "Construction__OVHD": null, "Engineering__Design_Cost": null, "Total_Overage": null, "Services_Cost_Including_Constr_": null, "Meters_Installation_Cost_Includ": null, "F_Total_Est__Project_Cost_Inclu": null, "LU_Design_Engineer": null, "Engineering_Consultant": null, "Notes_": "\n", "lat": 41.6857345, "lon": -71.184549, "Mapped_address": "Bay St & Birch St, Fall River, MA 02724, USA", "FID": 224}}, {"type": "Feature", "id": 225, "geometry": {"type": "Point", "coordinates": [-71.190697, 41.6773966]}, "properties": {"Line__": 128, "Year": 2027, "Project_Name": "Bay St. Main Replacement 2027", "Address": "Bay St. (Flynn St. to End)", "Estimated_Cost": null, "Town": "FALL RIVER", "Reasons": "RISK & CONVERT TO 60#", "UP_or_CP": "UP", "Single_Highest_Risk_Score__on_S": "53", "Existing__Pressure": "Low", "Ex__Main_Size__in____CI___WI_": "4\" & 8\" (LP)", "Ex__Main_Length__ft____CI___WI_": 1092, "Ex__Main_Size__in____BS_": "0", "Ex__Main_Length__ft____BS_": 0, "Ex__Main_Size__in____WS__Unprot": "8\" (LP)", "Ex__Main_Length__ft____WS__Unpr": 19, "Ex__Main_Size__in____WS__CP_Pro": 0, "Ex__Main_Length__ft____WS__CP_P": 0, "Ex__Main_Size__in____PE_": "8\" (LP)", "Ex__Main_Length__ft____PE_": 83, "Ex__Main_Size__in____Drisco_": "0", "Ex__Main_Length__ft____Drisco_": 0, "Ex__Main_Size__in_____Aldyl_A_": "0", "Ex__Main_Length__ft____Aldyl_A_": 0, "New_Main__for_System__Integrity": 0, "Total_GSEP_Footage__ft__": 1111, "Total_Non_GSEP_Footage__ft__": 83, "Prop__Total__Length_for__Instal": 1194, "Prop__Total__Length_for_Abandon": 1194, "F__Incidental_Pipe_Per_Project": null, "Ex__PE_Size__in____to_be_Retest": 0, "Ex__PE_Length__ft___to_be_Retes": 0, "Majority_Existing_Main_Info": "8\" (LP) CI", "Prop__Main_Size__in____PE_": 8, "Prop__Main_Pressure": "60#", "F__Replaced_Services__BS_": 0, "F__Replaced_Services__WS_": 0, "F__Replaced_Services__Drisco_": 1, "F__Replaced_Services___Aldyl_A_": 0, "F__Replaced_Services__Total_": 1, "F__Service__Transfers": 1, "Est_____Days": 8, "Est_____Extra__Days_for__Ledge_": 2, "F__of_Tie_Ins": null, "F__of_Cut_Offs": null, "F__of_Inside_Services": null, "F__of_Outside_Services": null, "Budgeted_In_2023_for_2024": null, "Main_Cost_1_Including_Const_OH": null, "Inspector": null, "Police": null, "Gravel_Tr_In": null, "Ledge_Removal": null, "T_M": null, "Re_Pressure_Test": null, "Extra_Restoration_Estimate_from": null, "Non_Standard_Work__Bridges__Lan": null, "Cost": null, "Construction__OVHD": null, "Engineering__Design_Cost": null, "Total_Overage": null, "Services_Cost_Including_Constr_": null, "Meters_Installation_Cost_Includ": null, "F_Total_Est__Project_Cost_Inclu": null, "LU_Design_Engineer": null, "Engineering_Consultant": null, "Notes_": "\n", "lat": 41.6773966, "lon": -71.190697, "Mapped_address": "Bay St & Flynn St, Fall River, MA 02724, USA", "FID": 225}}, {"type": "Feature", "id": 226, "geometry": {"type": "Point", "coordinates": [-71.190697, 41.6773966]}, "properties": {"Line__": 129, "Year": 2027, "Project_Name": "Bay St. Main Replacement 2027", "Address": "Flynn St. (Bay St. to End)", "Estimated_Cost": null, "Town": "FALL RIVER", "Reasons": "RISK & CONVERT TO 60#", "UP_or_CP": "UP", "Single_Highest_Risk_Score__on_S": "40", "Existing__Pressure": "Low", "Ex__Main_Size__in____CI___WI_": "4\" (LP)", "Ex__Main_Length__ft____CI___WI_": 381, "Ex__Main_Size__in____BS_": "0", "Ex__Main_Length__ft____BS_": 0, "Ex__Main_Size__in____WS__Unprot": "0", "Ex__Main_Length__ft____WS__Unpr": 0, "Ex__Main_Size__in____WS__CP_Pro": 0, "Ex__Main_Length__ft____WS__CP_P": 0, "Ex__Main_Size__in____PE_": "4\" (LP)", "Ex__Main_Length__ft____PE_": 488, "Ex__Main_Size__in____Drisco_": "0", "Ex__Main_Length__ft____Drisco_": 0, "Ex__Main_Size__in_____Aldyl_A_": "0", "Ex__Main_Length__ft____Aldyl_A_": 0, "New_Main__for_System__Integrity": 0, "Total_GSEP_Footage__ft__": 381, "Total_Non_GSEP_Footage__ft__": 488, "Prop__Total__Length_for__Instal": 381, "Prop__Total__Length_for_Abandon": 381, "F__Incidental_Pipe_Per_Project": null, "Ex__PE_Size__in____to_be_Retest": null, "Ex__PE_Length__ft___to_be_Retes": 488, "Majority_Existing_Main_Info": "4\" (LP) PE", "Prop__Main_Size__in____PE_": 2, "Prop__Main_Pressure": "60#", "F__Replaced_Services__BS_": 0, "F__Replaced_Services__WS_": 0, "F__Replaced_Services__Drisco_": 0, "F__Replaced_Services___Aldyl_A_": 0, "F__Replaced_Services__Total_": 0, "F__Service__Transfers": 13, "Est_____Days": 7, "Est_____Extra__Days_for__Ledge_": 2, "F__of_Tie_Ins": null, "F__of_Cut_Offs": null, "F__of_Inside_Services": null, "F__of_Outside_Services": null, "Budgeted_In_2023_for_2024": null, "Main_Cost_1_Including_Const_OH": null, "Inspector": null, "Police": null, "Gravel_Tr_In": null, "Ledge_Removal": null, "T_M": null, "Re_Pressure_Test": null, "Extra_Restoration_Estimate_from": null, "Non_Standard_Work__Bridges__Lan": null, "Cost": null, "Construction__OVHD": null, "Engineering__Design_Cost": null, "Total_Overage": null, "Services_Cost_Including_Constr_": null, "Meters_Installation_Cost_Includ": null, "F_Total_Est__Project_Cost_Inclu": null, "LU_Design_Engineer": null, "Engineering_Consultant": null, "Notes_": "\n", "lat": 41.6773966, "lon": -71.190697, "Mapped_address": "Bay St & Flynn St, Fall River, MA 02724, USA", "FID": 226}}, {"type": "Feature", "id": 227, "geometry": {"type": "Point", "coordinates": [-71.18991, 41.6765612]}, "properties": {"Line__": 131, "Year": 2027, "Project_Name": "Bay St. Main Replacement 2027", "Address": "2000 Bay St. (Bay St. to End) (Prime Service?)", "Estimated_Cost": null, "Town": "FALL RIVER", "Reasons": "RISK & CONVERT TO 60#", "UP_or_CP": "UP", "Single_Highest_Risk_Score__on_S": "27", "Existing__Pressure": "Low", "Ex__Main_Size__in____CI___WI_": "0", "Ex__Main_Length__ft____CI___WI_": 0, "Ex__Main_Size__in____BS_": "6\" (LP)", "Ex__Main_Length__ft____BS_": 4, "Ex__Main_Size__in____WS__Unprot": "6\" (LP)", "Ex__Main_Length__ft____WS__Unpr": 7, "Ex__Main_Size__in____WS__CP_Pro": 0, "Ex__Main_Length__ft____WS__CP_P": 0, "Ex__Main_Size__in____PE_": "6\" (LP)", "Ex__Main_Length__ft____PE_": 350, "Ex__Main_Size__in____Drisco_": "0", "Ex__Main_Length__ft____Drisco_": 0, "Ex__Main_Size__in_____Aldyl_A_": "0", "Ex__Main_Length__ft____Aldyl_A_": 0, "New_Main__for_System__Integrity": 0, "Total_GSEP_Footage__ft__": 11, "Total_Non_GSEP_Footage__ft__": 350, "Prop__Total__Length_for__Instal": 11, "Prop__Total__Length_for_Abandon": 11, "F__Incidental_Pipe_Per_Project": null, "Ex__PE_Size__in____to_be_Retest": null, "Ex__PE_Length__ft___to_be_Retes": 350, "Majority_Existing_Main_Info": "4\" (LP) PE", "Prop__Main_Size__in____PE_": 2, "Prop__Main_Pressure": "60#", "F__Replaced_Services__BS_": 0, "F__Replaced_Services__WS_": 0, "F__Replaced_Services__Drisco_": 0, "F__Replaced_Services___Aldyl_A_": 0, "F__Replaced_Services__Total_": 0, "F__Service__Transfers": 3, "Est_____Days": 1, "Est_____Extra__Days_for__Ledge_": 0, "F__of_Tie_Ins": null, "F__of_Cut_Offs": null, "F__of_Inside_Services": null, "F__of_Outside_Services": null, "Budgeted_In_2023_for_2024": null, "Main_Cost_1_Including_Const_OH": null, "Inspector": null, "Police": null, "Gravel_Tr_In": null, "Ledge_Removal": null, "T_M": null, "Re_Pressure_Test": null, "Extra_Restoration_Estimate_from": null, "Non_Standard_Work__Bridges__Lan": null, "Cost": null, "Construction__OVHD": null, "Engineering__Design_Cost": null, "Total_Overage": null, "Services_Cost_Including_Constr_": null, "Meters_Installation_Cost_Includ": null, "F_Total_Est__Project_Cost_Inclu": null, "LU_Design_Engineer": null, "Engineering_Consultant": null, "Notes_": "\n", "lat": 41.6765612, "lon": -71.18991, "Mapped_address": "2000 Bay St, Fall River, MA 02724, USA", "FID": 227}}, {"type": "Feature", "id": 228, "geometry": {"type": "Point", "coordinates": [-71.1364132, 41.6984439]}, "properties": {"Line__": 134, "Year": 2027, "Project_Name": "Bedford St Main Replacement 2027", "Address": "Bedford St. (Johnson St. to N. Eastern Ave.)", "Estimated_Cost": null, "Town": "FALL RIVER", "Reasons": "OPERATIONS", "UP_or_CP": "UP", "Single_Highest_Risk_Score__on_S": "45", "Existing__Pressure": "Low", "Ex__Main_Size__in____CI___WI_": "12\" (LP)", "Ex__Main_Length__ft____CI___WI_": 1477, "Ex__Main_Size__in____BS_": "12\" (LP)", "Ex__Main_Length__ft____BS_": 21, "Ex__Main_Size__in____WS__Unprot": "0", "Ex__Main_Length__ft____WS__Unpr": 0, "Ex__Main_Size__in____WS__CP_Pro": 0, "Ex__Main_Length__ft____WS__CP_P": 0, "Ex__Main_Size__in____PE_": "0", "Ex__Main_Length__ft____PE_": 0, "Ex__Main_Size__in____Drisco_": "0", "Ex__Main_Length__ft____Drisco_": 0, "Ex__Main_Size__in_____Aldyl_A_": "0", "Ex__Main_Length__ft____Aldyl_A_": 0, "New_Main__for_System__Integrity": 0, "Total_GSEP_Footage__ft__": 1498, "Total_Non_GSEP_Footage__ft__": 0, "Prop__Total__Length_for__Instal": 1498, "Prop__Total__Length_for_Abandon": 1498, "F__Incidental_Pipe_Per_Project": "7%", "Ex__PE_Size__in____to_be_Retest": 0, "Ex__PE_Length__ft___to_be_Retes": 0, "Majority_Existing_Main_Info": "12\" (LP) CI", "Prop__Main_Size__in____PE_": 8, "Prop__Main_Pressure": "60#", "F__Replaced_Services__BS_": 22, "F__Replaced_Services__WS_": 4, "F__Replaced_Services__Drisco_": 4, "F__Replaced_Services___Aldyl_A_": 0, "F__Replaced_Services__Total_": 30, "F__Service__Transfers": 2, "Est_____Days": 26, "Est_____Extra__Days_for__Ledge_": 6, "F__of_Tie_Ins": null, "F__of_Cut_Offs": null, "F__of_Inside_Services": null, "F__of_Outside_Services": null, "Budgeted_In_2023_for_2024": null, "Main_Cost_1_Including_Const_OH": null, "Inspector": null, "Police": null, "Gravel_Tr_In": null, "Ledge_Removal": null, "T_M": null, "Re_Pressure_Test": null, "Extra_Restoration_Estimate_from": null, "Non_Standard_Work__Bridges__Lan": null, "Cost": null, "Construction__OVHD": null, "Engineering__Design_Cost": null, "Total_Overage": null, "Services_Cost_Including_Constr_": null, "Meters_Installation_Cost_Includ": null, "F_Total_Est__Project_Cost_Inclu": null, "LU_Design_Engineer": null, "Engineering_Consultant": null, "Notes_": "\n", "lat": 41.6984439, "lon": -71.1364132, "Mapped_address": "Johnson St & Bedford St, Fall River, MA 02723, USA", "FID": 228}}, {"type": "Feature", "id": 229, "geometry": {"type": "Point", "coordinates": [-71.1364132, 41.6984439]}, "properties": {"Line__": 135, "Year": 2027, "Project_Name": "Bedford St Main Replacement 2027", "Address": "Johnson St. (Bedford St. to London St.)", "Estimated_Cost": null, "Town": "FALL RIVER", "Reasons": "RISK & CONVERT TO 60#", "UP_or_CP": "UP", "Single_Highest_Risk_Score__on_S": "47", "Existing__Pressure": "Low", "Ex__Main_Size__in____CI___WI_": "4\" (LP)", "Ex__Main_Length__ft____CI___WI_": 633, "Ex__Main_Size__in____BS_": "0", "Ex__Main_Length__ft____BS_": 0, "Ex__Main_Size__in____WS__Unprot": "4\" (LP)", "Ex__Main_Length__ft____WS__Unpr": 37, "Ex__Main_Size__in____WS__CP_Pro": 0, "Ex__Main_Length__ft____WS__CP_P": 0, "Ex__Main_Size__in____PE_": "4\" (LP)", "Ex__Main_Length__ft____PE_": 12, "Ex__Main_Size__in____Drisco_": "0", "Ex__Main_Length__ft____Drisco_": 0, "Ex__Main_Size__in_____Aldyl_A_": "0", "Ex__Main_Length__ft____Aldyl_A_": 0, "New_Main__for_System__Integrity": 0, "Total_GSEP_Footage__ft__": 670, "Total_Non_GSEP_Footage__ft__": 12, "Prop__Total__Length_for__Instal": 682, "Prop__Total__Length_for_Abandon": 682, "F__Incidental_Pipe_Per_Project": null, "Ex__PE_Size__in____to_be_Retest": 0, "Ex__PE_Length__ft___to_be_Retes": 0, "Majority_Existing_Main_Info": "4\" (LP) CI", "Prop__Main_Size__in____PE_": 6, "Prop__Main_Pressure": "60#", "F__Replaced_Services__BS_": 7, "F__Replaced_Services__WS_": 1, "F__Replaced_Services__Drisco_": 3, "F__Replaced_Services___Aldyl_A_": 6, "F__Replaced_Services__Total_": 17, "F__Service__Transfers": 3, "Est_____Days": 14, "Est_____Extra__Days_for__Ledge_": 4, "F__of_Tie_Ins": null, "F__of_Cut_Offs": null, "F__of_Inside_Services": null, "F__of_Outside_Services": null, "Budgeted_In_2023_for_2024": null, "Main_Cost_1_Including_Const_OH": null, "Inspector": null, "Police": null, "Gravel_Tr_In": null, "Ledge_Removal": null, "T_M": null, "Re_Pressure_Test": null, "Extra_Restoration_Estimate_from": null, "Non_Standard_Work__Bridges__Lan": null, "Cost": null, "Construction__OVHD": null, "Engineering__Design_Cost": null, "Total_Overage": null, "Services_Cost_Including_Constr_": null, "Meters_Installation_Cost_Includ": null, "F_Total_Est__Project_Cost_Inclu": null, "LU_Design_Engineer": null, "Engineering_Consultant": null, "Notes_": "\n", "lat": 41.6984439, "lon": -71.1364132, "Mapped_address": "Johnson St & Bedford St, Fall River, MA 02723, USA", "FID": 229}}, {"type": "Feature", "id": 230, "geometry": {"type": "Point", "coordinates": [-71.1358144, 41.7002555]}, "properties": {"Line__": 136, "Year": 2027, "Project_Name": "Bedford St Main Replacement 2027", "Address": "Johnson St. (London St. to Locust St.)", "Estimated_Cost": null, "Town": "FALL RIVER", "Reasons": "RISK & CONVERT TO 60#", "UP_or_CP": "UP", "Single_Highest_Risk_Score__on_S": "47", "Existing__Pressure": "60#", "Ex__Main_Size__in____CI___WI_": "0", "Ex__Main_Length__ft____CI___WI_": 0, "Ex__Main_Size__in____BS_": "0", "Ex__Main_Length__ft____BS_": 0, "Ex__Main_Size__in____WS__Unprot": "6\" (60#)", "Ex__Main_Length__ft____WS__Unpr": 893, "Ex__Main_Size__in____WS__CP_Pro": 0, "Ex__Main_Length__ft____WS__CP_P": 0, "Ex__Main_Size__in____PE_": "0", "Ex__Main_Length__ft____PE_": 0, "Ex__Main_Size__in____Drisco_": "0", "Ex__Main_Length__ft____Drisco_": 0, "Ex__Main_Size__in_____Aldyl_A_": "6\" (60#)", "Ex__Main_Length__ft____Aldyl_A_": 106, "New_Main__for_System__Integrity": 5, "Total_GSEP_Footage__ft__": 999, "Total_Non_GSEP_Footage__ft__": 0, "Prop__Total__Length_for__Instal": 1004, "Prop__Total__Length_for_Abandon": 999, "F__Incidental_Pipe_Per_Project": null, "Ex__PE_Size__in____to_be_Retest": 0, "Ex__PE_Length__ft___to_be_Retes": 0, "Majority_Existing_Main_Info": "6\" (60#) WS", "Prop__Main_Size__in____PE_": 6, "Prop__Main_Pressure": "60#", "F__Replaced_Services__BS_": 0, "F__Replaced_Services__WS_": 0, "F__Replaced_Services__Drisco_": 2, "F__Replaced_Services___Aldyl_A_": 3, "F__Replaced_Services__Total_": 5, "F__Service__Transfers": 2, "Est_____Days": 10, "Est_____Extra__Days_for__Ledge_": 2, "F__of_Tie_Ins": null, "F__of_Cut_Offs": null, "F__of_Inside_Services": null, "F__of_Outside_Services": null, "Budgeted_In_2023_for_2024": null, "Main_Cost_1_Including_Const_OH": null, "Inspector": null, "Police": null, "Gravel_Tr_In": null, "Ledge_Removal": null, "T_M": null, "Re_Pressure_Test": null, "Extra_Restoration_Estimate_from": null, "Non_Standard_Work__Bridges__Lan": null, "Cost": null, "Construction__OVHD": null, "Engineering__Design_Cost": null, "Total_Overage": null, "Services_Cost_Including_Constr_": null, "Meters_Installation_Cost_Includ": null, "F_Total_Est__Project_Cost_Inclu": null, "LU_Design_Engineer": null, "Engineering_Consultant": null, "Notes_": "\n", "lat": 41.7002555, "lon": -71.1358144, "Mapped_address": "Johnson St & London St, Fall River, MA 02723, USA", "FID": 230}}, {"type": "Feature", "id": 231, "geometry": {"type": "Point", "coordinates": [-71.135366, 41.7015985]}, "properties": {"Line__": 137, "Year": 2027, "Project_Name": "Bedford St Main Replacement 2027", "Address": "Beauregard St. (Johnson St. to N. Wall St.)", "Estimated_Cost": null, "Town": "FALL RIVER", "Reasons": "RISK & CONVERT TO 60#", "UP_or_CP": "UP", "Single_Highest_Risk_Score__on_S": "31", "Existing__Pressure": "60#", "Ex__Main_Size__in____CI___WI_": "0", "Ex__Main_Length__ft____CI___WI_": 0, "Ex__Main_Size__in____BS_": "0", "Ex__Main_Length__ft____BS_": 0, "Ex__Main_Size__in____WS__Unprot": "6\" (60#)", "Ex__Main_Length__ft____WS__Unpr": 449, "Ex__Main_Size__in____WS__CP_Pro": 0, "Ex__Main_Length__ft____WS__CP_P": 0, "Ex__Main_Size__in____PE_": "2\" (60#)", "Ex__Main_Length__ft____PE_": 96, "Ex__Main_Size__in____Drisco_": "0", "Ex__Main_Length__ft____Drisco_": 0, "Ex__Main_Size__in_____Aldyl_A_": "0", "Ex__Main_Length__ft____Aldyl_A_": 0, "New_Main__for_System__Integrity": 0, "Total_GSEP_Footage__ft__": 449, "Total_Non_GSEP_Footage__ft__": 96, "Prop__Total__Length_for__Instal": 545, "Prop__Total__Length_for_Abandon": 545, "F__Incidental_Pipe_Per_Project": null, "Ex__PE_Size__in____to_be_Retest": 0, "Ex__PE_Length__ft___to_be_Retes": 0, "Majority_Existing_Main_Info": "6\" (60#) WS", "Prop__Main_Size__in____PE_": 6, "Prop__Main_Pressure": "60#", "F__Replaced_Services__BS_": 0, "F__Replaced_Services__WS_": 0, "F__Replaced_Services__Drisco_": 0, "F__Replaced_Services___Aldyl_A_": 0, "F__Replaced_Services__Total_": 0, "F__Service__Transfers": 4, "Est_____Days": 5, "Est_____Extra__Days_for__Ledge_": 1, "F__of_Tie_Ins": null, "F__of_Cut_Offs": null, "F__of_Inside_Services": null, "F__of_Outside_Services": null, "Budgeted_In_2023_for_2024": null, "Main_Cost_1_Including_Const_OH": null, "Inspector": null, "Police": null, "Gravel_Tr_In": null, "Ledge_Removal": null, "T_M": null, "Re_Pressure_Test": null, "Extra_Restoration_Estimate_from": null, "Non_Standard_Work__Bridges__Lan": null, "Cost": null, "Construction__OVHD": null, "Engineering__Design_Cost": null, "Total_Overage": null, "Services_Cost_Including_Constr_": null, "Meters_Installation_Cost_Includ": null, "F_Total_Est__Project_Cost_Inclu": null, "LU_Design_Engineer": null, "Engineering_Consultant": null, "Notes_": "\n", "lat": 41.7015985, "lon": -71.135366, "Mapped_address": "Johnson St & Beauregard St, Fall River, MA 02723, USA", "FID": 231}}, {"type": "Feature", "id": 232, "geometry": {"type": "Point", "coordinates": [-71.134395, 41.7014215]}, "properties": {"Line__": 138, "Year": 2027, "Project_Name": "Bedford St Main Replacement 2027", "Address": "N. Wall St. (Beauregard St. to #160 Wall St.)", "Estimated_Cost": null, "Town": "FALL RIVER", "Reasons": "RISK & CONVERT TO 60#", "UP_or_CP": "UP", "Single_Highest_Risk_Score__on_S": "No Score", "Existing__Pressure": "60#", "Ex__Main_Size__in____CI___WI_": "0", "Ex__Main_Length__ft____CI___WI_": 0, "Ex__Main_Size__in____BS_": "0", "Ex__Main_Length__ft____BS_": 0, "Ex__Main_Size__in____WS__Unprot": "0", "Ex__Main_Length__ft____WS__Unpr": 0, "Ex__Main_Size__in____WS__CP_Pro": 0, "Ex__Main_Length__ft____WS__CP_P": 0, "Ex__Main_Size__in____PE_": "2\" (60#)", "Ex__Main_Length__ft____PE_": 190, "Ex__Main_Size__in____Drisco_": "0", "Ex__Main_Length__ft____Drisco_": 0, "Ex__Main_Size__in_____Aldyl_A_": "0", "Ex__Main_Length__ft____Aldyl_A_": 0, "New_Main__for_System__Integrity": 0, "Total_GSEP_Footage__ft__": 0, "Total_Non_GSEP_Footage__ft__": 190, "Prop__Total__Length_for__Instal": 190, "Prop__Total__Length_for_Abandon": 190, "F__Incidental_Pipe_Per_Project": null, "Ex__PE_Size__in____to_be_Retest": 0, "Ex__PE_Length__ft___to_be_Retes": 0, "Majority_Existing_Main_Info": "2\" (60#) PE", "Prop__Main_Size__in____PE_": 2, "Prop__Main_Pressure": "60#", "F__Replaced_Services__BS_": 0, "F__Replaced_Services__WS_": 0, "F__Replaced_Services__Drisco_": 0, "F__Replaced_Services___Aldyl_A_": 0, "F__Replaced_Services__Total_": 0, "F__Service__Transfers": 1, "Est_____Days": 2, "Est_____Extra__Days_for__Ledge_": 0, "F__of_Tie_Ins": null, "F__of_Cut_Offs": null, "F__of_Inside_Services": null, "F__of_Outside_Services": null, "Budgeted_In_2023_for_2024": null, "Main_Cost_1_Including_Const_OH": null, "Inspector": null, "Police": null, "Gravel_Tr_In": null, "Ledge_Removal": null, "T_M": null, "Re_Pressure_Test": null, "Extra_Restoration_Estimate_from": null, "Non_Standard_Work__Bridges__Lan": null, "Cost": null, "Construction__OVHD": null, "Engineering__Design_Cost": null, "Total_Overage": null, "Services_Cost_Including_Constr_": null, "Meters_Installation_Cost_Includ": null, "F_Total_Est__Project_Cost_Inclu": null, "LU_Design_Engineer": null, "Engineering_Consultant": null, "Notes_": "\n", "lat": 41.7014215, "lon": -71.134395, "Mapped_address": "Beauregard St, Fall River, MA 02723, USA", "FID": 232}}, {"type": "Feature", "id": 233, "geometry": {"type": "Point", "coordinates": [-71.1354329, 41.6982616]}, "properties": {"Line__": 139, "Year": 2027, "Project_Name": "Bedford St Main Replacement 2027", "Address": "Eddy St. (Bedford St. to London St.)", "Estimated_Cost": null, "Town": "FALL RIVER", "Reasons": "RISK & CONVERT TO 60#", "UP_or_CP": "UP", "Single_Highest_Risk_Score__on_S": "48", "Existing__Pressure": "Low", "Ex__Main_Size__in____CI___WI_": "4\" (LP)", "Ex__Main_Length__ft____CI___WI_": 638, "Ex__Main_Size__in____BS_": "4\" (LP)", "Ex__Main_Length__ft____BS_": 6, "Ex__Main_Size__in____WS__Unprot": "0", "Ex__Main_Length__ft____WS__Unpr": 0, "Ex__Main_Size__in____WS__CP_Pro": 0, "Ex__Main_Length__ft____WS__CP_P": 0, "Ex__Main_Size__in____PE_": "0", "Ex__Main_Length__ft____PE_": 0, "Ex__Main_Size__in____Drisco_": "4\" (LP)", "Ex__Main_Length__ft____Drisco_": 29, "Ex__Main_Size__in_____Aldyl_A_": "0", "Ex__Main_Length__ft____Aldyl_A_": 0, "New_Main__for_System__Integrity": 0, "Total_GSEP_Footage__ft__": 644, "Total_Non_GSEP_Footage__ft__": 29, "Prop__Total__Length_for__Instal": 673, "Prop__Total__Length_for_Abandon": 673, "F__Incidental_Pipe_Per_Project": null, "Ex__PE_Size__in____to_be_Retest": 0, "Ex__PE_Length__ft___to_be_Retes": 0, "Majority_Existing_Main_Info": "4\" (LP) CI", "Prop__Main_Size__in____PE_": 4, "Prop__Main_Pressure": "60#", "F__Replaced_Services__BS_": 2, "F__Replaced_Services__WS_": 0, "F__Replaced_Services__Drisco_": 10, "F__Replaced_Services___Aldyl_A_": 1, "F__Replaced_Services__Total_": 13, "F__Service__Transfers": 1, "Est_____Days": 11, "Est_____Extra__Days_for__Ledge_": 3, "F__of_Tie_Ins": null, "F__of_Cut_Offs": null, "F__of_Inside_Services": null, "F__of_Outside_Services": null, "Budgeted_In_2023_for_2024": null, "Main_Cost_1_Including_Const_OH": null, "Inspector": null, "Police": null, "Gravel_Tr_In": null, "Ledge_Removal": null, "T_M": null, "Re_Pressure_Test": null, "Extra_Restoration_Estimate_from": null, "Non_Standard_Work__Bridges__Lan": null, "Cost": null, "Construction__OVHD": null, "Engineering__Design_Cost": null, "Total_Overage": null, "Services_Cost_Including_Constr_": null, "Meters_Installation_Cost_Includ": null, "F_Total_Est__Project_Cost_Inclu": null, "LU_Design_Engineer": null, "Engineering_Consultant": null, "Notes_": "\n", "lat": 41.6982616, "lon": -71.1354329, "Mapped_address": "Bedford St & Eddy St, Fall River, MA 02723, USA", "FID": 233}}, {"type": "Feature", "id": 234, "geometry": {"type": "Point", "coordinates": [-71.1360651, 41.6994958]}, "properties": {"Line__": 140, "Year": 2027, "Project_Name": "Bedford St Main Replacement 2027", "Address": "Beattie St. (Johnson St. Oak Grove Ave.)", "Estimated_Cost": null, "Town": "FALL RIVER", "Reasons": "RISK & CONVERT TO 60#", "UP_or_CP": "UP", "Single_Highest_Risk_Score__on_S": "46", "Existing__Pressure": "Low", "Ex__Main_Size__in____CI___WI_": "4\" (LP)", "Ex__Main_Length__ft____CI___WI_": 581, "Ex__Main_Size__in____BS_": "0", "Ex__Main_Length__ft____BS_": 0, "Ex__Main_Size__in____WS__Unprot": "0", "Ex__Main_Length__ft____WS__Unpr": 0, "Ex__Main_Size__in____WS__CP_Pro": 0, "Ex__Main_Length__ft____WS__CP_P": 0, "Ex__Main_Size__in____PE_": "0", "Ex__Main_Length__ft____PE_": 0, "Ex__Main_Size__in____Drisco_": "0", "Ex__Main_Length__ft____Drisco_": 0, "Ex__Main_Size__in_____Aldyl_A_": "0", "Ex__Main_Length__ft____Aldyl_A_": 0, "New_Main__for_System__Integrity": 0, "Total_GSEP_Footage__ft__": 581, "Total_Non_GSEP_Footage__ft__": 0, "Prop__Total__Length_for__Instal": 581, "Prop__Total__Length_for_Abandon": 581, "F__Incidental_Pipe_Per_Project": null, "Ex__PE_Size__in____to_be_Retest": 0, "Ex__PE_Length__ft___to_be_Retes": 0, "Majority_Existing_Main_Info": "4\" (LP) CI", "Prop__Main_Size__in____PE_": 4, "Prop__Main_Pressure": "60#", "F__Replaced_Services__BS_": 1, "F__Replaced_Services__WS_": 0, "F__Replaced_Services__Drisco_": 1, "F__Replaced_Services___Aldyl_A_": 0, "F__Replaced_Services__Total_": 2, "F__Service__Transfers": 3, "Est_____Days": 6, "Est_____Extra__Days_for__Ledge_": 1, "F__of_Tie_Ins": null, "F__of_Cut_Offs": null, "F__of_Inside_Services": null, "F__of_Outside_Services": null, "Budgeted_In_2023_for_2024": null, "Main_Cost_1_Including_Const_OH": null, "Inspector": null, "Police": null, "Gravel_Tr_In": null, "Ledge_Removal": null, "T_M": null, "Re_Pressure_Test": null, "Extra_Restoration_Estimate_from": null, "Non_Standard_Work__Bridges__Lan": null, "Cost": null, "Construction__OVHD": null, "Engineering__Design_Cost": null, "Total_Overage": null, "Services_Cost_Including_Constr_": null, "Meters_Installation_Cost_Includ": null, "F_Total_Est__Project_Cost_Inclu": null, "LU_Design_Engineer": null, "Engineering_Consultant": null, "Notes_": "\n", "lat": 41.6994958, "lon": -71.1360651, "Mapped_address": "Johnson St & Beattie St, Fall River, MA 02723, USA", "FID": 234}}, {"type": "Feature", "id": 235, "geometry": {"type": "Point", "coordinates": [-71.1358144, 41.7002555]}, "properties": {"Line__": 141, "Year": 2027, "Project_Name": "Bedford St Main Replacement 2027", "Address": "London St. (Johnson St. Oak Grove Ave.)", "Estimated_Cost": null, "Town": "FALL RIVER", "Reasons": "RISK & CONVERT TO 60#", "UP_or_CP": "UP", "Single_Highest_Risk_Score__on_S": "47", "Existing__Pressure": "Low", "Ex__Main_Size__in____CI___WI_": "4\" (LP)", "Ex__Main_Length__ft____CI___WI_": 277, "Ex__Main_Size__in____BS_": "4\" (LP)", "Ex__Main_Length__ft____BS_": 63, "Ex__Main_Size__in____WS__Unprot": "0", "Ex__Main_Length__ft____WS__Unpr": 0, "Ex__Main_Size__in____WS__CP_Pro": 0, "Ex__Main_Length__ft____WS__CP_P": 0, "Ex__Main_Size__in____PE_": "4\" (LP)", "Ex__Main_Length__ft____PE_": 95, "Ex__Main_Size__in____Drisco_": "4\" (LP)", "Ex__Main_Length__ft____Drisco_": 5, "Ex__Main_Size__in_____Aldyl_A_": "0", "Ex__Main_Length__ft____Aldyl_A_": 0, "New_Main__for_System__Integrity": 0, "Total_GSEP_Footage__ft__": 340, "Total_Non_GSEP_Footage__ft__": 100, "Prop__Total__Length_for__Instal": 440, "Prop__Total__Length_for_Abandon": 440, "F__Incidental_Pipe_Per_Project": null, "Ex__PE_Size__in____to_be_Retest": 0, "Ex__PE_Length__ft___to_be_Retes": 0, "Majority_Existing_Main_Info": "4\" (LP) CI", "Prop__Main_Size__in____PE_": 4, "Prop__Main_Pressure": "60#", "F__Replaced_Services__BS_": 0, "F__Replaced_Services__WS_": 0, "F__Replaced_Services__Drisco_": 3, "F__Replaced_Services___Aldyl_A_": 0, "F__Replaced_Services__Total_": 3, "F__Service__Transfers": 2, "Est_____Days": 5, "Est_____Extra__Days_for__Ledge_": 1, "F__of_Tie_Ins": null, "F__of_Cut_Offs": null, "F__of_Inside_Services": null, "F__of_Outside_Services": null, "Budgeted_In_2023_for_2024": null, "Main_Cost_1_Including_Const_OH": null, "Inspector": null, "Police": null, "Gravel_Tr_In": null, "Ledge_Removal": null, "T_M": null, "Re_Pressure_Test": null, "Extra_Restoration_Estimate_from": null, "Non_Standard_Work__Bridges__Lan": null, "Cost": null, "Construction__OVHD": null, "Engineering__Design_Cost": null, "Total_Overage": null, "Services_Cost_Including_Constr_": null, "Meters_Installation_Cost_Includ": null, "F_Total_Est__Project_Cost_Inclu": null, "LU_Design_Engineer": null, "Engineering_Consultant": null, "Notes_": "\n", "lat": 41.7002555, "lon": -71.1358144, "Mapped_address": "Johnson St & London St, Fall River, MA 02723, USA", "FID": 235}}, {"type": "Feature", "id": 236, "geometry": {"type": "Point", "coordinates": [-71.1317449, 41.6975756]}, "properties": {"Line__": 142, "Year": 2027, "Project_Name": "Bedford St Main Replacement 2027", "Address": "Bodge St. (Bedford St. to End)", "Estimated_Cost": null, "Town": "FALL RIVER", "Reasons": "RISK & CONVERT TO 60#", "UP_or_CP": "UP", "Single_Highest_Risk_Score__on_S": "40", "Existing__Pressure": "Low", "Ex__Main_Size__in____CI___WI_": "0", "Ex__Main_Length__ft____CI___WI_": 0, "Ex__Main_Size__in____BS_": "4\" (LP)", "Ex__Main_Length__ft____BS_": 293, "Ex__Main_Size__in____WS__Unprot": "0", "Ex__Main_Length__ft____WS__Unpr": 0, "Ex__Main_Size__in____WS__CP_Pro": 0, "Ex__Main_Length__ft____WS__CP_P": 0, "Ex__Main_Size__in____PE_": "0", "Ex__Main_Length__ft____PE_": 0, "Ex__Main_Size__in____Drisco_": "0", "Ex__Main_Length__ft____Drisco_": 0, "Ex__Main_Size__in_____Aldyl_A_": "0", "Ex__Main_Length__ft____Aldyl_A_": 0, "New_Main__for_System__Integrity": 0, "Total_GSEP_Footage__ft__": 293, "Total_Non_GSEP_Footage__ft__": 0, "Prop__Total__Length_for__Instal": 293, "Prop__Total__Length_for_Abandon": 293, "F__Incidental_Pipe_Per_Project": null, "Ex__PE_Size__in____to_be_Retest": 0, "Ex__PE_Length__ft___to_be_Retes": 0, "Majority_Existing_Main_Info": "4\" (LP) BS", "Prop__Main_Size__in____PE_": 2, "Prop__Main_Pressure": "60#", "F__Replaced_Services__BS_": 1, "F__Replaced_Services__WS_": 1, "F__Replaced_Services__Drisco_": 1, "F__Replaced_Services___Aldyl_A_": 0, "F__Replaced_Services__Total_": 3, "F__Service__Transfers": 0, "Est_____Days": 3, "Est_____Extra__Days_for__Ledge_": 1, "F__of_Tie_Ins": null, "F__of_Cut_Offs": null, "F__of_Inside_Services": null, "F__of_Outside_Services": null, "Budgeted_In_2023_for_2024": null, "Main_Cost_1_Including_Const_OH": null, "Inspector": null, "Police": null, "Gravel_Tr_In": null, "Ledge_Removal": null, "T_M": null, "Re_Pressure_Test": null, "Extra_Restoration_Estimate_from": null, "Non_Standard_Work__Bridges__Lan": null, "Cost": null, "Construction__OVHD": null, "Engineering__Design_Cost": null, "Total_Overage": null, "Services_Cost_Including_Constr_": null, "Meters_Installation_Cost_Includ": null, "F_Total_Est__Project_Cost_Inclu": null, "LU_Design_Engineer": null, "Engineering_Consultant": null, "Notes_": "\n", "lat": 41.6975756, "lon": -71.1317449, "Mapped_address": "Bedford St & Bodge St, Fall River, MA 02723, USA", "FID": 236}}, {"type": "Feature", "id": 237, "geometry": {"type": "Point", "coordinates": [-71.1734276, 41.6925608]}, "properties": {"Line__": 143, "Year": 2027, "Project_Name": "Brown St. Main Replacement", "Address": "Brown St. (Sprague St. to End)", "Estimated_Cost": null, "Town": "FALL RIVER", "Reasons": "RISK & CONVERT TO 15#", "UP_or_CP": "UP", "Single_Highest_Risk_Score__on_S": "40", "Existing__Pressure": "Low", "Ex__Main_Size__in____CI___WI_": "4\" (LP)", "Ex__Main_Length__ft____CI___WI_": 456, "Ex__Main_Size__in____BS_": "0", "Ex__Main_Length__ft____BS_": 0, "Ex__Main_Size__in____WS__Unprot": "0", "Ex__Main_Length__ft____WS__Unpr": 0, "Ex__Main_Size__in____WS__CP_Pro": 0, "Ex__Main_Length__ft____WS__CP_P": 0, "Ex__Main_Size__in____PE_": "4\" (LP)", "Ex__Main_Length__ft____PE_": 22, "Ex__Main_Size__in____Drisco_": "0", "Ex__Main_Length__ft____Drisco_": 0, "Ex__Main_Size__in_____Aldyl_A_": "0", "Ex__Main_Length__ft____Aldyl_A_": 0, "New_Main__for_System__Integrity": 0, "Total_GSEP_Footage__ft__": 456, "Total_Non_GSEP_Footage__ft__": 22, "Prop__Total__Length_for__Instal": 478, "Prop__Total__Length_for_Abandon": 478, "F__Incidental_Pipe_Per_Project": "6%", "Ex__PE_Size__in____to_be_Retest": 0, "Ex__PE_Length__ft___to_be_Retes": 0, "Majority_Existing_Main_Info": "4\" (LP) CI", "Prop__Main_Size__in____PE_": 2, "Prop__Main_Pressure": "15#", "F__Replaced_Services__BS_": 5, "F__Replaced_Services__WS_": 0, "F__Replaced_Services__Drisco_": 5, "F__Replaced_Services___Aldyl_A_": 1, "F__Replaced_Services__Total_": 11, "F__Service__Transfers": 0, "Est_____Days": 9, "Est_____Extra__Days_for__Ledge_": 2, "F__of_Tie_Ins": null, "F__of_Cut_Offs": null, "F__of_Inside_Services": null, "F__of_Outside_Services": null, "Budgeted_In_2023_for_2024": null, "Main_Cost_1_Including_Const_OH": null, "Inspector": null, "Police": null, "Gravel_Tr_In": null, "Ledge_Removal": null, "T_M": null, "Re_Pressure_Test": null, "Extra_Restoration_Estimate_from": null, "Non_Standard_Work__Bridges__Lan": null, "Cost": null, "Construction__OVHD": null, "Engineering__Design_Cost": null, "Total_Overage": null, "Services_Cost_Including_Constr_": null, "Meters_Installation_Cost_Includ": null, "F_Total_Est__Project_Cost_Inclu": null, "LU_Design_Engineer": null, "Engineering_Consultant": null, "Notes_": "\n", "lat": 41.6925608, "lon": -71.1734276, "Mapped_address": "Sprague St, Fall River, MA 02724, USA", "FID": 237}}, {"type": "Feature", "id": 238, "geometry": {"type": "Point", "coordinates": [-71.1700133, 41.6926919]}, "properties": {"Line__": 144, "Year": 2027, "Project_Name": "Brown St. Main Replacement", "Address": "Osborn St. (Brown St. to Broadway)", "Estimated_Cost": null, "Town": "FALL RIVER", "Reasons": "RISK & CONVERT TO 15#", "UP_or_CP": "UP", "Single_Highest_Risk_Score__on_S": "44", "Existing__Pressure": "Low", "Ex__Main_Size__in____CI___WI_": "4\" (LP)", "Ex__Main_Length__ft____CI___WI_": 200, "Ex__Main_Size__in____BS_": "0", "Ex__Main_Length__ft____BS_": 0, "Ex__Main_Size__in____WS__Unprot": "0", "Ex__Main_Length__ft____WS__Unpr": 0, "Ex__Main_Size__in____WS__CP_Pro": 0, "Ex__Main_Length__ft____WS__CP_P": 0, "Ex__Main_Size__in____PE_": "4\" & 6\" (LP)", "Ex__Main_Length__ft____PE_": 25, "Ex__Main_Size__in____Drisco_": "0", "Ex__Main_Length__ft____Drisco_": 0, "Ex__Main_Size__in_____Aldyl_A_": "0", "Ex__Main_Length__ft____Aldyl_A_": 0, "New_Main__for_System__Integrity": 80, "Total_GSEP_Footage__ft__": 200, "Total_Non_GSEP_Footage__ft__": 25, "Prop__Total__Length_for__Instal": 305, "Prop__Total__Length_for_Abandon": 225, "F__Incidental_Pipe_Per_Project": null, "Ex__PE_Size__in____to_be_Retest": 0, "Ex__PE_Length__ft___to_be_Retes": 0, "Majority_Existing_Main_Info": "4\" (LP) CI", "Prop__Main_Size__in____PE_": 2, "Prop__Main_Pressure": "15#", "F__Replaced_Services__BS_": 1, "F__Replaced_Services__WS_": 0, "F__Replaced_Services__Drisco_": 1, "F__Replaced_Services___Aldyl_A_": 0, "F__Replaced_Services__Total_": 2, "F__Service__Transfers": 0, "Est_____Days": 3, "Est_____Extra__Days_for__Ledge_": 1, "F__of_Tie_Ins": null, "F__of_Cut_Offs": null, "F__of_Inside_Services": null, "F__of_Outside_Services": null, "Budgeted_In_2023_for_2024": null, "Main_Cost_1_Including_Const_OH": null, "Inspector": null, "Police": null, "Gravel_Tr_In": null, "Ledge_Removal": null, "T_M": null, "Re_Pressure_Test": null, "Extra_Restoration_Estimate_from": null, "Non_Standard_Work__Bridges__Lan": null, "Cost": null, "Construction__OVHD": null, "Engineering__Design_Cost": null, "Total_Overage": null, "Services_Cost_Including_Constr_": null, "Meters_Installation_Cost_Includ": null, "F_Total_Est__Project_Cost_Inclu": null, "LU_Design_Engineer": null, "Engineering_Consultant": null, "Notes_": "\n", "lat": 41.6926919, "lon": -71.1700133, "Mapped_address": "Osborn St & Brown St, Fall River, MA 02724, USA", "FID": 238}}, {"type": "Feature", "id": 239, "geometry": {"type": "Point", "coordinates": [-71.1888934, 41.6798102]}, "properties": {"Line__": 145, "Year": 2027, "Project_Name": "Byron St. Main Replacement", "Address": "Moorland St. (Bay St. to End)", "Estimated_Cost": null, "Town": "FALL RIVER", "Reasons": "RISK & CONVERT TO 60#", "UP_or_CP": "UP/CP", "Single_Highest_Risk_Score__on_S": "24", "Existing__Pressure": "Low", "Ex__Main_Size__in____CI___WI_": "0", "Ex__Main_Length__ft____CI___WI_": 0, "Ex__Main_Size__in____BS_": "4\" (LP)", "Ex__Main_Length__ft____BS_": 132, "Ex__Main_Size__in____WS__Unprot": "0", "Ex__Main_Length__ft____WS__Unpr": 0, "Ex__Main_Size__in____WS__CP_Pro": null, "Ex__Main_Length__ft____WS__CP_P": 206, "Ex__Main_Size__in____PE_": "0", "Ex__Main_Length__ft____PE_": 0, "Ex__Main_Size__in____Drisco_": "0", "Ex__Main_Length__ft____Drisco_": 0, "Ex__Main_Size__in_____Aldyl_A_": "4\" (LP)", "Ex__Main_Length__ft____Aldyl_A_": 190, "New_Main__for_System__Integrity": 0, "Total_GSEP_Footage__ft__": 322, "Total_Non_GSEP_Footage__ft__": 206, "Prop__Total__Length_for__Instal": 528, "Prop__Total__Length_for_Abandon": 528, "F__Incidental_Pipe_Per_Project": "13%", "Ex__PE_Size__in____to_be_Retest": 0, "Ex__PE_Length__ft___to_be_Retes": 0, "Majority_Existing_Main_Info": "4\" (LP) WS", "Prop__Main_Size__in____PE_": 2, "Prop__Main_Pressure": "60#", "F__Replaced_Services__BS_": 0, "F__Replaced_Services__WS_": 2, "F__Replaced_Services__Drisco_": 5, "F__Replaced_Services___Aldyl_A_": 0, "F__Replaced_Services__Total_": 7, "F__Service__Transfers": 4, "Est_____Days": 8, "Est_____Extra__Days_for__Ledge_": 2, "F__of_Tie_Ins": null, "F__of_Cut_Offs": null, "F__of_Inside_Services": null, "F__of_Outside_Services": null, "Budgeted_In_2023_for_2024": null, "Main_Cost_1_Including_Const_OH": null, "Inspector": null, "Police": null, "Gravel_Tr_In": null, "Ledge_Removal": null, "T_M": null, "Re_Pressure_Test": null, "Extra_Restoration_Estimate_from": null, "Non_Standard_Work__Bridges__Lan": null, "Cost": null, "Construction__OVHD": null, "Engineering__Design_Cost": null, "Total_Overage": null, "Services_Cost_Including_Constr_": null, "Meters_Installation_Cost_Includ": null, "F_Total_Est__Project_Cost_Inclu": null, "LU_Design_Engineer": null, "Engineering_Consultant": null, "Notes_": "\n", "lat": 41.6798102, "lon": -71.1888934, "Mapped_address": "Bay St & Moorland St, Fall River, MA 02724, USA", "FID": 239}}, {"type": "Feature", "id": 240, "geometry": {"type": "Point", "coordinates": [-71.1899715, 41.6783727]}, "properties": {"Line__": 146, "Year": 2027, "Project_Name": "Byron St. Main Replacement", "Address": "Whittier St. (Bay St. to End)", "Estimated_Cost": null, "Town": "FALL RIVER", "Reasons": "RISK & CONVERT TO 60#", "UP_or_CP": "UP", "Single_Highest_Risk_Score__on_S": "40", "Existing__Pressure": "Low", "Ex__Main_Size__in____CI___WI_": "4\" (LP)", "Ex__Main_Length__ft____CI___WI_": 24, "Ex__Main_Size__in____BS_": "4\" (LP)", "Ex__Main_Length__ft____BS_": 825, "Ex__Main_Size__in____WS__Unprot": "0", "Ex__Main_Length__ft____WS__Unpr": 0, "Ex__Main_Size__in____WS__CP_Pro": 0, "Ex__Main_Length__ft____WS__CP_P": 0, "Ex__Main_Size__in____PE_": "0", "Ex__Main_Length__ft____PE_": 0, "Ex__Main_Size__in____Drisco_": "0", "Ex__Main_Length__ft____Drisco_": 0, "Ex__Main_Size__in_____Aldyl_A_": "0", "Ex__Main_Length__ft____Aldyl_A_": 0, "New_Main__for_System__Integrity": 0, "Total_GSEP_Footage__ft__": 849, "Total_Non_GSEP_Footage__ft__": 0, "Prop__Total__Length_for__Instal": 849, "Prop__Total__Length_for_Abandon": 849, "F__Incidental_Pipe_Per_Project": null, "Ex__PE_Size__in____to_be_Retest": 0, "Ex__PE_Length__ft___to_be_Retes": 0, "Majority_Existing_Main_Info": "4\" (LP) BS", "Prop__Main_Size__in____PE_": 2, "Prop__Main_Pressure": "60#", "F__Replaced_Services__BS_": 8, "F__Replaced_Services__WS_": 1, "F__Replaced_Services__Drisco_": 0, "F__Replaced_Services___Aldyl_A_": 0, "F__Replaced_Services__Total_": 9, "F__Service__Transfers": 8, "Est_____Days": 12, "Est_____Extra__Days_for__Ledge_": 3, "F__of_Tie_Ins": null, "F__of_Cut_Offs": null, "F__of_Inside_Services": null, "F__of_Outside_Services": null, "Budgeted_In_2023_for_2024": null, "Main_Cost_1_Including_Const_OH": null, "Inspector": null, "Police": null, "Gravel_Tr_In": null, "Ledge_Removal": null, "T_M": null, "Re_Pressure_Test": null, "Extra_Restoration_Estimate_from": null, "Non_Standard_Work__Bridges__Lan": null, "Cost": null, "Construction__OVHD": null, "Engineering__Design_Cost": null, "Total_Overage": null, "Services_Cost_Including_Constr_": null, "Meters_Installation_Cost_Includ": null, "F_Total_Est__Project_Cost_Inclu": null, "LU_Design_Engineer": null, "Engineering_Consultant": null, "Notes_": "\n", "lat": 41.6783727, "lon": -71.1899715, "Mapped_address": "Bay St & Whittier St, Fall River, MA 02724, USA", "FID": 240}}, {"type": "Feature", "id": 241, "geometry": {"type": "Point", "coordinates": [-71.1902673, 41.6779718]}, "properties": {"Line__": 147, "Year": 2027, "Project_Name": "Byron St. Main Replacement", "Address": "Touhey St. (Bay St. to End)", "Estimated_Cost": null, "Town": "FALL RIVER", "Reasons": "RISK & CONVERT TO 60#", "UP_or_CP": "UP", "Single_Highest_Risk_Score__on_S": "40", "Existing__Pressure": "Low", "Ex__Main_Size__in____CI___WI_": "4\" (LP)", "Ex__Main_Length__ft____CI___WI_": 40, "Ex__Main_Size__in____BS_": "0", "Ex__Main_Length__ft____BS_": 0, "Ex__Main_Size__in____WS__Unprot": "0", "Ex__Main_Length__ft____WS__Unpr": 0, "Ex__Main_Size__in____WS__CP_Pro": 0, "Ex__Main_Length__ft____WS__CP_P": 0, "Ex__Main_Size__in____PE_": "0", "Ex__Main_Length__ft____PE_": 0, "Ex__Main_Size__in____Drisco_": "0", "Ex__Main_Length__ft____Drisco_": 0, "Ex__Main_Size__in_____Aldyl_A_": "4\" (LP)", "Ex__Main_Length__ft____Aldyl_A_": 597, "New_Main__for_System__Integrity": 0, "Total_GSEP_Footage__ft__": 637, "Total_Non_GSEP_Footage__ft__": 0, "Prop__Total__Length_for__Instal": 637, "Prop__Total__Length_for_Abandon": 637, "F__Incidental_Pipe_Per_Project": null, "Ex__PE_Size__in____to_be_Retest": 0, "Ex__PE_Length__ft___to_be_Retes": 0, "Majority_Existing_Main_Info": "4\" (LP) Aldyl-A", "Prop__Main_Size__in____PE_": 2, "Prop__Main_Pressure": "60#", "F__Replaced_Services__BS_": 0, "F__Replaced_Services__WS_": 0, "F__Replaced_Services__Drisco_": 0, "F__Replaced_Services___Aldyl_A_": 0, "F__Replaced_Services__Total_": 0, "F__Service__Transfers": 15, "Est_____Days": 9, "Est_____Extra__Days_for__Ledge_": 2, "F__of_Tie_Ins": null, "F__of_Cut_Offs": null, "F__of_Inside_Services": null, "F__of_Outside_Services": null, "Budgeted_In_2023_for_2024": null, "Main_Cost_1_Including_Const_OH": null, "Inspector": null, "Police": null, "Gravel_Tr_In": null, "Ledge_Removal": null, "T_M": null, "Re_Pressure_Test": null, "Extra_Restoration_Estimate_from": null, "Non_Standard_Work__Bridges__Lan": null, "Cost": null, "Construction__OVHD": null, "Engineering__Design_Cost": null, "Total_Overage": null, "Services_Cost_Including_Constr_": null, "Meters_Installation_Cost_Includ": null, "F_Total_Est__Project_Cost_Inclu": null, "LU_Design_Engineer": null, "Engineering_Consultant": null, "Notes_": "\n", "lat": 41.6779718, "lon": -71.1902673, "Mapped_address": "Bay St & Touhey St, Fall River, MA 02724, USA", "FID": 241}}, {"type": "Feature", "id": 242, "geometry": {"type": "Point", "coordinates": [-71.1904144, 41.6777748]}, "properties": {"Line__": 148, "Year": 2027, "Project_Name": "Byron St. Main Replacement", "Address": "Byron St. (Bay St. to Kempton St.)", "Estimated_Cost": null, "Town": "FALL RIVER", "Reasons": "RISK & CONVERT TO 60#", "UP_or_CP": "UP", "Single_Highest_Risk_Score__on_S": "40", "Existing__Pressure": "Low", "Ex__Main_Size__in____CI___WI_": "4\" (LP)", "Ex__Main_Length__ft____CI___WI_": 24, "Ex__Main_Size__in____BS_": "4\" (LP)", "Ex__Main_Length__ft____BS_": 13, "Ex__Main_Size__in____WS__Unprot": "4\" (LP)", "Ex__Main_Length__ft____WS__Unpr": 726, "Ex__Main_Size__in____WS__CP_Pro": 0, "Ex__Main_Length__ft____WS__CP_P": 0, "Ex__Main_Size__in____PE_": "0", "Ex__Main_Length__ft____PE_": 0, "Ex__Main_Size__in____Drisco_": "0", "Ex__Main_Length__ft____Drisco_": 0, "Ex__Main_Size__in_____Aldyl_A_": "0", "Ex__Main_Length__ft____Aldyl_A_": 0, "New_Main__for_System__Integrity": 0, "Total_GSEP_Footage__ft__": 763, "Total_Non_GSEP_Footage__ft__": 0, "Prop__Total__Length_for__Instal": 763, "Prop__Total__Length_for_Abandon": 763, "F__Incidental_Pipe_Per_Project": null, "Ex__PE_Size__in____to_be_Retest": 0, "Ex__PE_Length__ft___to_be_Retes": 0, "Majority_Existing_Main_Info": "4\" (LP) WS", "Prop__Main_Size__in____PE_": 2, "Prop__Main_Pressure": "60#", "F__Replaced_Services__BS_": 5, "F__Replaced_Services__WS_": 3, "F__Replaced_Services__Drisco_": 0, "F__Replaced_Services___Aldyl_A_": 0, "F__Replaced_Services__Total_": 8, "F__Service__Transfers": 3, "Est_____Days": 9, "Est_____Extra__Days_for__Ledge_": 2, "F__of_Tie_Ins": null, "F__of_Cut_Offs": null, "F__of_Inside_Services": null, "F__of_Outside_Services": null, "Budgeted_In_2023_for_2024": null, "Main_Cost_1_Including_Const_OH": null, "Inspector": null, "Police": null, "Gravel_Tr_In": null, "Ledge_Removal": null, "T_M": null, "Re_Pressure_Test": null, "Extra_Restoration_Estimate_from": null, "Non_Standard_Work__Bridges__Lan": null, "Cost": null, "Construction__OVHD": null, "Engineering__Design_Cost": null, "Total_Overage": null, "Services_Cost_Including_Constr_": null, "Meters_Installation_Cost_Includ": null, "F_Total_Est__Project_Cost_Inclu": null, "LU_Design_Engineer": null, "Engineering_Consultant": null, "Notes_": "\n", "lat": 41.6777748, "lon": -71.1904144, "Mapped_address": "Bay St & Byron St, Fall River, MA 02724, USA", "FID": 242}}, {"type": "Feature", "id": 243, "geometry": {"type": "Point", "coordinates": [-71.1921829, 41.6781065]}, "properties": {"Line__": 150, "Year": 2027, "Project_Name": "Byron St. Main Replacement", "Address": "Taft St. (Byron St. to End)", "Estimated_Cost": null, "Town": "FALL RIVER", "Reasons": "RISK & CONVERT TO 60#", "UP_or_CP": "CP", "Single_Highest_Risk_Score__on_S": "No Score", "Existing__Pressure": "Low", "Ex__Main_Size__in____CI___WI_": "0", "Ex__Main_Length__ft____CI___WI_": 0, "Ex__Main_Size__in____BS_": "0", "Ex__Main_Length__ft____BS_": 0, "Ex__Main_Size__in____WS__Unprot": "2\" (LP)", "Ex__Main_Length__ft____WS__Unpr": 3, "Ex__Main_Size__in____WS__CP_Pro": null, "Ex__Main_Length__ft____WS__CP_P": 241, "Ex__Main_Size__in____PE_": "0", "Ex__Main_Length__ft____PE_": 0, "Ex__Main_Size__in____Drisco_": "0", "Ex__Main_Length__ft____Drisco_": 0, "Ex__Main_Size__in_____Aldyl_A_": "0", "Ex__Main_Length__ft____Aldyl_A_": 0, "New_Main__for_System__Integrity": 0, "Total_GSEP_Footage__ft__": 3, "Total_Non_GSEP_Footage__ft__": 241, "Prop__Total__Length_for__Instal": 244, "Prop__Total__Length_for_Abandon": 244, "F__Incidental_Pipe_Per_Project": null, "Ex__PE_Size__in____to_be_Retest": 0, "Ex__PE_Length__ft___to_be_Retes": 0, "Majority_Existing_Main_Info": "4\" (LP) WS", "Prop__Main_Size__in____PE_": 2, "Prop__Main_Pressure": "60#", "F__Replaced_Services__BS_": 0, "F__Replaced_Services__WS_": 1, "F__Replaced_Services__Drisco_": 0, "F__Replaced_Services___Aldyl_A_": 0, "F__Replaced_Services__Total_": 1, "F__Service__Transfers": 4, "Est_____Days": 3, "Est_____Extra__Days_for__Ledge_": 1, "F__of_Tie_Ins": null, "F__of_Cut_Offs": null, "F__of_Inside_Services": null, "F__of_Outside_Services": null, "Budgeted_In_2023_for_2024": null, "Main_Cost_1_Including_Const_OH": null, "Inspector": null, "Police": null, "Gravel_Tr_In": null, "Ledge_Removal": null, "T_M": null, "Re_Pressure_Test": null, "Extra_Restoration_Estimate_from": null, "Non_Standard_Work__Bridges__Lan": null, "Cost": null, "Construction__OVHD": null, "Engineering__Design_Cost": null, "Total_Overage": null, "Services_Cost_Including_Constr_": null, "Meters_Installation_Cost_Includ": null, "F_Total_Est__Project_Cost_Inclu": null, "LU_Design_Engineer": null, "Engineering_Consultant": null, "Notes_": "\n", "lat": 41.6781065, "lon": -71.1921829, "Mapped_address": "Byron St & Taft St, Fall River, MA 02724, USA", "FID": 243}}, {"type": "Feature", "id": 244, "geometry": {"type": "Point", "coordinates": [-71.1928573, 41.6795424]}, "properties": {"Line__": 151, "Year": 2027, "Project_Name": "Byron St. Main Replacement", "Address": "Kempton St. (Mt Hope Ave. to End)", "Estimated_Cost": null, "Town": "FALL RIVER", "Reasons": "RISK & CONVERT TO 60#", "UP_or_CP": "UP", "Single_Highest_Risk_Score__on_S": "34", "Existing__Pressure": "Low", "Ex__Main_Size__in____CI___WI_": "0", "Ex__Main_Length__ft____CI___WI_": 0, "Ex__Main_Size__in____BS_": "4\" (LP)", "Ex__Main_Length__ft____BS_": 403, "Ex__Main_Size__in____WS__Unprot": "0", "Ex__Main_Length__ft____WS__Unpr": 0, "Ex__Main_Size__in____WS__CP_Pro": 0, "Ex__Main_Length__ft____WS__CP_P": 0, "Ex__Main_Size__in____PE_": "4\" (LP)", "Ex__Main_Length__ft____PE_": 77, "Ex__Main_Size__in____Drisco_": "0", "Ex__Main_Length__ft____Drisco_": 0, "Ex__Main_Size__in_____Aldyl_A_": "0", "Ex__Main_Length__ft____Aldyl_A_": 0, "New_Main__for_System__Integrity": 230, "Total_GSEP_Footage__ft__": 403, "Total_Non_GSEP_Footage__ft__": 77, "Prop__Total__Length_for__Instal": 710, "Prop__Total__Length_for_Abandon": 480, "F__Incidental_Pipe_Per_Project": null, "Ex__PE_Size__in____to_be_Retest": 0, "Ex__PE_Length__ft___to_be_Retes": 0, "Majority_Existing_Main_Info": "4\" (LP) BS", "Prop__Main_Size__in____PE_": 2, "Prop__Main_Pressure": "60#", "F__Replaced_Services__BS_": 2, "F__Replaced_Services__WS_": 0, "F__Replaced_Services__Drisco_": 0, "F__Replaced_Services___Aldyl_A_": 0, "F__Replaced_Services__Total_": 2, "F__Service__Transfers": 9, "Est_____Days": 8, "Est_____Extra__Days_for__Ledge_": 2, "F__of_Tie_Ins": null, "F__of_Cut_Offs": null, "F__of_Inside_Services": null, "F__of_Outside_Services": null, "Budgeted_In_2023_for_2024": null, "Main_Cost_1_Including_Const_OH": null, "Inspector": null, "Police": null, "Gravel_Tr_In": null, "Ledge_Removal": null, "T_M": null, "Re_Pressure_Test": null, "Extra_Restoration_Estimate_from": null, "Non_Standard_Work__Bridges__Lan": null, "Cost": null, "Construction__OVHD": null, "Engineering__Design_Cost": null, "Total_Overage": null, "Services_Cost_Including_Constr_": null, "Meters_Installation_Cost_Includ": null, "F_Total_Est__Project_Cost_Inclu": null, "LU_Design_Engineer": null, "Engineering_Consultant": null, "Notes_": "\n", "lat": 41.6795424, "lon": -71.1928573, "Mapped_address": "Mt Hope Ave & Kempton St, Fall River, MA 02724, USA", "FID": 244}}, {"type": "Feature", "id": 245, "geometry": {"type": "Point", "coordinates": [-71.1300487, 41.6830031]}, "properties": {"Line__": 152, "Year": 2027, "Project_Name": "Eastern Ave. Main Replacement Phase 1", "Address": "Eastern Ave. (Mcgowan St. to Earle St.)", "Estimated_Cost": null, "Town": "FALL RIVER", "Reasons": "RISK & CONVERT TO 60#", "UP_or_CP": "UP", "Single_Highest_Risk_Score__on_S": "48", "Existing__Pressure": "LOW", "Ex__Main_Size__in____CI___WI_": "8\"", "Ex__Main_Length__ft____CI___WI_": 1804, "Ex__Main_Size__in____BS_": "0", "Ex__Main_Length__ft____BS_": 0, "Ex__Main_Size__in____WS__Unprot": "6\"", "Ex__Main_Length__ft____WS__Unpr": 308, "Ex__Main_Size__in____WS__CP_Pro": 0, "Ex__Main_Length__ft____WS__CP_P": 0, "Ex__Main_Size__in____PE_": "6\"", "Ex__Main_Length__ft____PE_": 54, "Ex__Main_Size__in____Drisco_": "0", "Ex__Main_Length__ft____Drisco_": 0, "Ex__Main_Size__in_____Aldyl_A_": "0", "Ex__Main_Length__ft____Aldyl_A_": 0, "New_Main__for_System__Integrity": 0, "Total_GSEP_Footage__ft__": 2112, "Total_Non_GSEP_Footage__ft__": 54, "Prop__Total__Length_for__Instal": 2166, "Prop__Total__Length_for_Abandon": 2166, "F__Incidental_Pipe_Per_Project": null, "Ex__PE_Size__in____to_be_Retest": 0, "Ex__PE_Length__ft___to_be_Retes": 0, "Majority_Existing_Main_Info": "8\" CI (LOW)", "Prop__Main_Size__in____PE_": 6, "Prop__Main_Pressure": "60#", "F__Replaced_Services__BS_": 6, "F__Replaced_Services__WS_": 4, "F__Replaced_Services__Drisco_": 5, "F__Replaced_Services___Aldyl_A_": 1, "F__Replaced_Services__Total_": 11, "F__Service__Transfers": 18, "Est_____Days": 24, "Est_____Extra__Days_for__Ledge_": 6, "F__of_Tie_Ins": null, "F__of_Cut_Offs": null, "F__of_Inside_Services": null, "F__of_Outside_Services": null, "Budgeted_In_2023_for_2024": null, "Main_Cost_1_Including_Const_OH": null, "Inspector": null, "Police": null, "Gravel_Tr_In": null, "Ledge_Removal": null, "T_M": null, "Re_Pressure_Test": null, "Extra_Restoration_Estimate_from": null, "Non_Standard_Work__Bridges__Lan": null, "Cost": null, "Construction__OVHD": null, "Engineering__Design_Cost": null, "Total_Overage": null, "Services_Cost_Including_Constr_": null, "Meters_Installation_Cost_Includ": null, "F_Total_Est__Project_Cost_Inclu": null, "LU_Design_Engineer": null, "Engineering_Consultant": null, "Notes_": "\n", "lat": 41.6830031, "lon": -71.1300487, "Mapped_address": "Eastern Ave & McGowan St, Fall River, MA 02723, USA", "FID": 245}}, {"type": "Feature", "id": 246, "geometry": {"type": "Point", "coordinates": [-71.1305077, 41.689386]}, "properties": {"Line__": 153, "Year": 2027, "Project_Name": "Eastern Ave. Main Replacement Phase 1", "Address": "Horton St. (Eastern Ave. to County St.)", "Estimated_Cost": null, "Town": "FALL RIVER", "Reasons": "RISK & CONVERT TO 60#", "UP_or_CP": "UP", "Single_Highest_Risk_Score__on_S": "35", "Existing__Pressure": "LOW", "Ex__Main_Size__in____CI___WI_": "4\"", "Ex__Main_Length__ft____CI___WI_": 1310, "Ex__Main_Size__in____BS_": "0", "Ex__Main_Length__ft____BS_": 0, "Ex__Main_Size__in____WS__Unprot": "0", "Ex__Main_Length__ft____WS__Unpr": 0, "Ex__Main_Size__in____WS__CP_Pro": 0, "Ex__Main_Length__ft____WS__CP_P": 0, "Ex__Main_Size__in____PE_": "0", "Ex__Main_Length__ft____PE_": 0, "Ex__Main_Size__in____Drisco_": "0", "Ex__Main_Length__ft____Drisco_": 0, "Ex__Main_Size__in_____Aldyl_A_": "0", "Ex__Main_Length__ft____Aldyl_A_": 0, "New_Main__for_System__Integrity": 0, "Total_GSEP_Footage__ft__": 1310, "Total_Non_GSEP_Footage__ft__": 0, "Prop__Total__Length_for__Instal": 1310, "Prop__Total__Length_for_Abandon": 1310, "F__Incidental_Pipe_Per_Project": null, "Ex__PE_Size__in____to_be_Retest": 0, "Ex__PE_Length__ft___to_be_Retes": 0, "Majority_Existing_Main_Info": "4\" (LOW)", "Prop__Main_Size__in____PE_": 2, "Prop__Main_Pressure": "60#", "F__Replaced_Services__BS_": 0, "F__Replaced_Services__WS_": 2, "F__Replaced_Services__Drisco_": 29, "F__Replaced_Services___Aldyl_A_": 0, "F__Replaced_Services__Total_": 2, "F__Service__Transfers": 3, "Est_____Days": 9, "Est_____Extra__Days_for__Ledge_": 2, "F__of_Tie_Ins": null, "F__of_Cut_Offs": null, "F__of_Inside_Services": null, "F__of_Outside_Services": null, "Budgeted_In_2023_for_2024": null, "Main_Cost_1_Including_Const_OH": null, "Inspector": null, "Police": null, "Gravel_Tr_In": null, "Ledge_Removal": null, "T_M": null, "Re_Pressure_Test": null, "Extra_Restoration_Estimate_from": null, "Non_Standard_Work__Bridges__Lan": null, "Cost": null, "Construction__OVHD": null, "Engineering__Design_Cost": null, "Total_Overage": null, "Services_Cost_Including_Constr_": null, "Meters_Installation_Cost_Includ": null, "F_Total_Est__Project_Cost_Inclu": null, "LU_Design_Engineer": null, "Engineering_Consultant": null, "Notes_": "\n", "lat": 41.689386, "lon": -71.1305077, "Mapped_address": "Eastern Ave & Horton St, Fall River, MA 02723, USA", "FID": 246}}, {"type": "Feature", "id": 247, "geometry": {"type": "Point", "coordinates": [-71.1297778, 41.6892716]}, "properties": {"Line__": 154, "Year": 2027, "Project_Name": "Eastern Ave. Main Replacement Phase 1", "Address": "Bogle St. (Horton St. to Pleasant St.)", "Estimated_Cost": null, "Town": "FALL RIVER", "Reasons": "RISK & CONVERT TO 60#", "UP_or_CP": "UP", "Single_Highest_Risk_Score__on_S": "25", "Existing__Pressure": "LOW", "Ex__Main_Size__in____CI___WI_": "0", "Ex__Main_Length__ft____CI___WI_": 0, "Ex__Main_Size__in____BS_": "4\"", "Ex__Main_Length__ft____BS_": 860, "Ex__Main_Size__in____WS__Unprot": "0", "Ex__Main_Length__ft____WS__Unpr": 0, "Ex__Main_Size__in____WS__CP_Pro": 0, "Ex__Main_Length__ft____WS__CP_P": 0, "Ex__Main_Size__in____PE_": "0", "Ex__Main_Length__ft____PE_": 0, "Ex__Main_Size__in____Drisco_": "0", "Ex__Main_Length__ft____Drisco_": 0, "Ex__Main_Size__in_____Aldyl_A_": "0", "Ex__Main_Length__ft____Aldyl_A_": 0, "New_Main__for_System__Integrity": 0, "Total_GSEP_Footage__ft__": 860, "Total_Non_GSEP_Footage__ft__": 0, "Prop__Total__Length_for__Instal": 860, "Prop__Total__Length_for_Abandon": 860, "F__Incidental_Pipe_Per_Project": null, "Ex__PE_Size__in____to_be_Retest": 0, "Ex__PE_Length__ft___to_be_Retes": 0, "Majority_Existing_Main_Info": "4\" BS (LOW)", "Prop__Main_Size__in____PE_": 2, "Prop__Main_Pressure": "60#", "F__Replaced_Services__BS_": 17, "F__Replaced_Services__WS_": 2, "F__Replaced_Services__Drisco_": 3, "F__Replaced_Services___Aldyl_A_": 0, "F__Replaced_Services__Total_": 19, "F__Service__Transfers": 5, "Est_____Days": 16, "Est_____Extra__Days_for__Ledge_": 4, "F__of_Tie_Ins": null, "F__of_Cut_Offs": null, "F__of_Inside_Services": null, "F__of_Outside_Services": null, "Budgeted_In_2023_for_2024": null, "Main_Cost_1_Including_Const_OH": null, "Inspector": null, "Police": null, "Gravel_Tr_In": null, "Ledge_Removal": null, "T_M": null, "Re_Pressure_Test": null, "Extra_Restoration_Estimate_from": null, "Non_Standard_Work__Bridges__Lan": null, "Cost": null, "Construction__OVHD": null, "Engineering__Design_Cost": null, "Total_Overage": null, "Services_Cost_Including_Constr_": null, "Meters_Installation_Cost_Includ": null, "F_Total_Est__Project_Cost_Inclu": null, "LU_Design_Engineer": null, "Engineering_Consultant": null, "Notes_": "\n", "lat": 41.6892716, "lon": -71.1297778, "Mapped_address": "Horton St & Bogle St, Fall River, MA 02723, USA", "FID": 247}}, {"type": "Feature", "id": 248, "geometry": {"type": "Point", "coordinates": [-71.1305476, 41.689953]}, "properties": {"Line__": 155, "Year": 2027, "Project_Name": "Eastern Ave. Main Replacement Phase 1", "Address": "Earle St. (Eastern Ave. to County St.)", "Estimated_Cost": null, "Town": "FALL RIVER", "Reasons": "RISK & CONVERT TO 60#", "UP_or_CP": "UP", "Single_Highest_Risk_Score__on_S": "32", "Existing__Pressure": "LOW", "Ex__Main_Size__in____CI___WI_": "4\"", "Ex__Main_Length__ft____CI___WI_": 1190, "Ex__Main_Size__in____BS_": "0", "Ex__Main_Length__ft____BS_": 0, "Ex__Main_Size__in____WS__Unprot": "0", "Ex__Main_Length__ft____WS__Unpr": 0, "Ex__Main_Size__in____WS__CP_Pro": 0, "Ex__Main_Length__ft____WS__CP_P": 0, "Ex__Main_Size__in____PE_": "0", "Ex__Main_Length__ft____PE_": 0, "Ex__Main_Size__in____Drisco_": "0", "Ex__Main_Length__ft____Drisco_": 0, "Ex__Main_Size__in_____Aldyl_A_": "0", "Ex__Main_Length__ft____Aldyl_A_": 0, "New_Main__for_System__Integrity": 0, "Total_GSEP_Footage__ft__": 1190, "Total_Non_GSEP_Footage__ft__": 0, "Prop__Total__Length_for__Instal": 1190, "Prop__Total__Length_for_Abandon": 1190, "F__Incidental_Pipe_Per_Project": null, "Ex__PE_Size__in____to_be_Retest": 0, "Ex__PE_Length__ft___to_be_Retes": 0, "Majority_Existing_Main_Info": "4\" CI (LOW)", "Prop__Main_Size__in____PE_": 2, "Prop__Main_Pressure": "60#", "F__Replaced_Services__BS_": 13, "F__Replaced_Services__WS_": 0, "F__Replaced_Services__Drisco_": 2, "F__Replaced_Services___Aldyl_A_": 7, "F__Replaced_Services__Total_": 20, "F__Service__Transfers": 4, "Est_____Days": 18, "Est_____Extra__Days_for__Ledge_": 5, "F__of_Tie_Ins": null, "F__of_Cut_Offs": null, "F__of_Inside_Services": null, "F__of_Outside_Services": null, "Budgeted_In_2023_for_2024": null, "Main_Cost_1_Including_Const_OH": null, "Inspector": null, "Police": null, "Gravel_Tr_In": null, "Ledge_Removal": null, "T_M": null, "Re_Pressure_Test": null, "Extra_Restoration_Estimate_from": null, "Non_Standard_Work__Bridges__Lan": null, "Cost": null, "Construction__OVHD": null, "Engineering__Design_Cost": null, "Total_Overage": null, "Services_Cost_Including_Constr_": null, "Meters_Installation_Cost_Includ": null, "F_Total_Est__Project_Cost_Inclu": null, "LU_Design_Engineer": null, "Engineering_Consultant": null, "Notes_": "\n", "lat": 41.689953, "lon": -71.1305476, "Mapped_address": "Eastern Ave & Earle St, Fall River, MA 02723, USA", "FID": 248}}, {"type": "Feature", "id": 249, "geometry": {"type": "Point", "coordinates": [-71.1305476, 41.689953]}, "properties": {"Line__": 156, "Year": 2027, "Project_Name": "Eastern Ave. Main Replacement Phase 2", "Address": "Eastern Ave. (Earle St. to Bedford St.)", "Estimated_Cost": null, "Town": "FALL RIVER", "Reasons": "RISK & CONVERT TO 60#", "UP_or_CP": "UP", "Single_Highest_Risk_Score__on_S": "48", "Existing__Pressure": "LOW", "Ex__Main_Size__in____CI___WI_": "8\"/10\"", "Ex__Main_Length__ft____CI___WI_": 2700, "Ex__Main_Size__in____BS_": "2\"", "Ex__Main_Length__ft____BS_": 181, "Ex__Main_Size__in____WS__Unprot": "0", "Ex__Main_Length__ft____WS__Unpr": 0, "Ex__Main_Size__in____WS__CP_Pro": 0, "Ex__Main_Length__ft____WS__CP_P": 0, "Ex__Main_Size__in____PE_": "4\"", "Ex__Main_Length__ft____PE_": 312, "Ex__Main_Size__in____Drisco_": "0", "Ex__Main_Length__ft____Drisco_": 0, "Ex__Main_Size__in_____Aldyl_A_": "0", "Ex__Main_Length__ft____Aldyl_A_": 0, "New_Main__for_System__Integrity": 0, "Total_GSEP_Footage__ft__": 2881, "Total_Non_GSEP_Footage__ft__": 312, "Prop__Total__Length_for__Instal": 3193, "Prop__Total__Length_for_Abandon": 3193, "F__Incidental_Pipe_Per_Project": "22%", "Ex__PE_Size__in____to_be_Retest": 0, "Ex__PE_Length__ft___to_be_Retes": 0, "Majority_Existing_Main_Info": "10\"", "Prop__Main_Size__in____PE_": 6, "Prop__Main_Pressure": "60#", "F__Replaced_Services__BS_": 27, "F__Replaced_Services__WS_": 1, "F__Replaced_Services__Drisco_": 2, "F__Replaced_Services___Aldyl_A_": 0, "F__Replaced_Services__Total_": 28, "F__Service__Transfers": 11, "Est_____Days": 36, "Est_____Extra__Days_for__Ledge_": 9, "F__of_Tie_Ins": null, "F__of_Cut_Offs": null, "F__of_Inside_Services": null, "F__of_Outside_Services": null, "Budgeted_In_2023_for_2024": null, "Main_Cost_1_Including_Const_OH": null, "Inspector": null, "Police": null, "Gravel_Tr_In": null, "Ledge_Removal": null, "T_M": null, "Re_Pressure_Test": null, "Extra_Restoration_Estimate_from": null, "Non_Standard_Work__Bridges__Lan": null, "Cost": null, "Construction__OVHD": null, "Engineering__Design_Cost": null, "Total_Overage": null, "Services_Cost_Including_Constr_": null, "Meters_Installation_Cost_Includ": null, "F_Total_Est__Project_Cost_Inclu": null, "LU_Design_Engineer": null, "Engineering_Consultant": null, "Notes_": "\n", "lat": 41.689953, "lon": -71.1305476, "Mapped_address": "Eastern Ave & Earle St, Fall River, MA 02723, USA", "FID": 249}}, {"type": "Feature", "id": 250, "geometry": {"type": "Point", "coordinates": [-71.1305586, 41.6924653]}, "properties": {"Line__": 157, "Year": 2027, "Project_Name": "Eastern Ave. Main Replacement Phase 2", "Address": "Barre St. (Eastern Ave. to County St.)", "Estimated_Cost": null, "Town": "FALL RIVER", "Reasons": "RISK & CONVERT TO 60#", "UP_or_CP": "UP", "Single_Highest_Risk_Score__on_S": "47", "Existing__Pressure": "LOW", "Ex__Main_Size__in____CI___WI_": "4\"", "Ex__Main_Length__ft____CI___WI_": 714, "Ex__Main_Size__in____BS_": "0", "Ex__Main_Length__ft____BS_": 0, "Ex__Main_Size__in____WS__Unprot": "0", "Ex__Main_Length__ft____WS__Unpr": 0, "Ex__Main_Size__in____WS__CP_Pro": 0, "Ex__Main_Length__ft____WS__CP_P": 0, "Ex__Main_Size__in____PE_": "0", "Ex__Main_Length__ft____PE_": 0, "Ex__Main_Size__in____Drisco_": "0", "Ex__Main_Length__ft____Drisco_": 0, "Ex__Main_Size__in_____Aldyl_A_": "0", "Ex__Main_Length__ft____Aldyl_A_": 0, "New_Main__for_System__Integrity": 0, "Total_GSEP_Footage__ft__": 714, "Total_Non_GSEP_Footage__ft__": 0, "Prop__Total__Length_for__Instal": 714, "Prop__Total__Length_for_Abandon": 714, "F__Incidental_Pipe_Per_Project": null, "Ex__PE_Size__in____to_be_Retest": 0, "Ex__PE_Length__ft___to_be_Retes": 0, "Majority_Existing_Main_Info": "4\"", "Prop__Main_Size__in____PE_": 2, "Prop__Main_Pressure": "60#", "F__Replaced_Services__BS_": 4, "F__Replaced_Services__WS_": 2, "F__Replaced_Services__Drisco_": 0, "F__Replaced_Services___Aldyl_A_": 5, "F__Replaced_Services__Total_": 11, "F__Service__Transfers": 1, "Est_____Days": 10, "Est_____Extra__Days_for__Ledge_": 2, "F__of_Tie_Ins": null, "F__of_Cut_Offs": null, "F__of_Inside_Services": null, "F__of_Outside_Services": null, "Budgeted_In_2023_for_2024": null, "Main_Cost_1_Including_Const_OH": null, "Inspector": null, "Police": null, "Gravel_Tr_In": null, "Ledge_Removal": null, "T_M": null, "Re_Pressure_Test": null, "Extra_Restoration_Estimate_from": null, "Non_Standard_Work__Bridges__Lan": null, "Cost": null, "Construction__OVHD": null, "Engineering__Design_Cost": null, "Total_Overage": null, "Services_Cost_Including_Constr_": null, "Meters_Installation_Cost_Includ": null, "F_Total_Est__Project_Cost_Inclu": null, "LU_Design_Engineer": null, "Engineering_Consultant": null, "Notes_": "\n", "lat": 41.6924653, "lon": -71.1305586, "Mapped_address": "Eastern Ave & Barre St, Fall River, MA 02723, USA", "FID": 250}}, {"type": "Feature", "id": 251, "geometry": {"type": "Point", "coordinates": [-71.1305167, 41.6918767]}, "properties": {"Line__": 158, "Year": 2027, "Project_Name": "Eastern Ave. Main Replacement Phase 2", "Address": "Gagnon St. (Eastern Ave. to County St.)", "Estimated_Cost": null, "Town": "FALL RIVER", "Reasons": "RISK & CONVERT TO 60#", "UP_or_CP": "UP", "Single_Highest_Risk_Score__on_S": "40", "Existing__Pressure": "LOW", "Ex__Main_Size__in____CI___WI_": "4\"", "Ex__Main_Length__ft____CI___WI_": 858, "Ex__Main_Size__in____BS_": "0", "Ex__Main_Length__ft____BS_": 0, "Ex__Main_Size__in____WS__Unprot": "0", "Ex__Main_Length__ft____WS__Unpr": 0, "Ex__Main_Size__in____WS__CP_Pro": 0, "Ex__Main_Length__ft____WS__CP_P": 0, "Ex__Main_Size__in____PE_": "0", "Ex__Main_Length__ft____PE_": 0, "Ex__Main_Size__in____Drisco_": "0", "Ex__Main_Length__ft____Drisco_": 0, "Ex__Main_Size__in_____Aldyl_A_": "0", "Ex__Main_Length__ft____Aldyl_A_": 0, "New_Main__for_System__Integrity": 0, "Total_GSEP_Footage__ft__": 858, "Total_Non_GSEP_Footage__ft__": 0, "Prop__Total__Length_for__Instal": 858, "Prop__Total__Length_for_Abandon": 858, "F__Incidental_Pipe_Per_Project": null, "Ex__PE_Size__in____to_be_Retest": 0, "Ex__PE_Length__ft___to_be_Retes": 0, "Majority_Existing_Main_Info": "4\"", "Prop__Main_Size__in____PE_": 2, "Prop__Main_Pressure": "60#", "F__Replaced_Services__BS_": 7, "F__Replaced_Services__WS_": 2, "F__Replaced_Services__Drisco_": 2, "F__Replaced_Services___Aldyl_A_": 3, "F__Replaced_Services__Total_": 12, "F__Service__Transfers": 4, "Est_____Days": 12, "Est_____Extra__Days_for__Ledge_": 3, "F__of_Tie_Ins": null, "F__of_Cut_Offs": null, "F__of_Inside_Services": null, "F__of_Outside_Services": null, "Budgeted_In_2023_for_2024": null, "Main_Cost_1_Including_Const_OH": null, "Inspector": null, "Police": null, "Gravel_Tr_In": null, "Ledge_Removal": null, "T_M": null, "Re_Pressure_Test": null, "Extra_Restoration_Estimate_from": null, "Non_Standard_Work__Bridges__Lan": null, "Cost": null, "Construction__OVHD": null, "Engineering__Design_Cost": null, "Total_Overage": null, "Services_Cost_Including_Constr_": null, "Meters_Installation_Cost_Includ": null, "F_Total_Est__Project_Cost_Inclu": null, "LU_Design_Engineer": null, "Engineering_Consultant": null, "Notes_": "\n", "lat": 41.6918767, "lon": -71.1305167, "Mapped_address": "Eastern Ave & Gagnon St, Fall River, MA 02723, USA", "FID": 251}}, {"type": "Feature", "id": 252, "geometry": {"type": "Point", "coordinates": [-71.1304732, 41.691285]}, "properties": {"Line__": 159, "Year": 2027, "Project_Name": "Eastern Ave. Main Replacement Phase 2", "Address": "Arizona St. (Eastern Ave. to County St.)", "Estimated_Cost": null, "Town": "FALL RIVER", "Reasons": "RISK & CONVERT TO 60#", "UP_or_CP": "UP", "Single_Highest_Risk_Score__on_S": "29", "Existing__Pressure": "LOW", "Ex__Main_Size__in____CI___WI_": "4\"", "Ex__Main_Length__ft____CI___WI_": 987, "Ex__Main_Size__in____BS_": "0", "Ex__Main_Length__ft____BS_": 0, "Ex__Main_Size__in____WS__Unprot": "0", "Ex__Main_Length__ft____WS__Unpr": 0, "Ex__Main_Size__in____WS__CP_Pro": 0, "Ex__Main_Length__ft____WS__CP_P": 0, "Ex__Main_Size__in____PE_": "0", "Ex__Main_Length__ft____PE_": 0, "Ex__Main_Size__in____Drisco_": "0", "Ex__Main_Length__ft____Drisco_": 0, "Ex__Main_Size__in_____Aldyl_A_": "0", "Ex__Main_Length__ft____Aldyl_A_": 0, "New_Main__for_System__Integrity": 0, "Total_GSEP_Footage__ft__": 987, "Total_Non_GSEP_Footage__ft__": 0, "Prop__Total__Length_for__Instal": 987, "Prop__Total__Length_for_Abandon": 987, "F__Incidental_Pipe_Per_Project": null, "Ex__PE_Size__in____to_be_Retest": 0, "Ex__PE_Length__ft___to_be_Retes": 0, "Majority_Existing_Main_Info": "4\"", "Prop__Main_Size__in____PE_": 2, "Prop__Main_Pressure": "60#", "F__Replaced_Services__BS_": 8, "F__Replaced_Services__WS_": 6, "F__Replaced_Services__Drisco_": 2, "F__Replaced_Services___Aldyl_A_": 3, "F__Replaced_Services__Total_": 17, "F__Service__Transfers": 8, "Est_____Days": 17, "Est_____Extra__Days_for__Ledge_": 4, "F__of_Tie_Ins": null, "F__of_Cut_Offs": null, "F__of_Inside_Services": null, "F__of_Outside_Services": null, "Budgeted_In_2023_for_2024": null, "Main_Cost_1_Including_Const_OH": null, "Inspector": null, "Police": null, "Gravel_Tr_In": null, "Ledge_Removal": null, "T_M": null, "Re_Pressure_Test": null, "Extra_Restoration_Estimate_from": null, "Non_Standard_Work__Bridges__Lan": null, "Cost": null, "Construction__OVHD": null, "Engineering__Design_Cost": null, "Total_Overage": null, "Services_Cost_Including_Constr_": null, "Meters_Installation_Cost_Includ": null, "F_Total_Est__Project_Cost_Inclu": null, "LU_Design_Engineer": null, "Engineering_Consultant": null, "Notes_": "\n", "lat": 41.691285, "lon": -71.1304732, "Mapped_address": "Eastern Ave & Arizona St, Fall River, MA 02723, USA", "FID": 252}}, {"type": "Feature", "id": 253, "geometry": {"type": "Point", "coordinates": [-71.130597, 41.690596]}, "properties": {"Line__": 160, "Year": 2027, "Project_Name": "Eastern Ave. Main Replacement Phase 2", "Address": "Barnes St. (Eastern Ave. to County St.)", "Estimated_Cost": null, "Town": "FALL RIVER", "Reasons": "CONVERT TO 60#", "UP_or_CP": "UP", "Single_Highest_Risk_Score__on_S": "NA", "Existing__Pressure": "LOW", "Ex__Main_Size__in____CI___WI_": "0", "Ex__Main_Length__ft____CI___WI_": 0, "Ex__Main_Size__in____BS_": "0", "Ex__Main_Length__ft____BS_": 0, "Ex__Main_Size__in____WS__Unprot": "0", "Ex__Main_Length__ft____WS__Unpr": 0, "Ex__Main_Size__in____WS__CP_Pro": 0, "Ex__Main_Length__ft____WS__CP_P": 0, "Ex__Main_Size__in____PE_": "6\"", "Ex__Main_Length__ft____PE_": 1201, "Ex__Main_Size__in____Drisco_": "0", "Ex__Main_Length__ft____Drisco_": 0, "Ex__Main_Size__in_____Aldyl_A_": "0", "Ex__Main_Length__ft____Aldyl_A_": 0, "New_Main__for_System__Integrity": 0, "Total_GSEP_Footage__ft__": 0, "Total_Non_GSEP_Footage__ft__": 1201, "Prop__Total__Length_for__Instal": 1201, "Prop__Total__Length_for_Abandon": 1201, "F__Incidental_Pipe_Per_Project": null, "Ex__PE_Size__in____to_be_Retest": 0, "Ex__PE_Length__ft___to_be_Retes": 0, "Majority_Existing_Main_Info": "6\"", "Prop__Main_Size__in____PE_": null, "Prop__Main_Pressure": "60#", "F__Replaced_Services__BS_": 0, "F__Replaced_Services__WS_": 0, "F__Replaced_Services__Drisco_": 2, "F__Replaced_Services___Aldyl_A_": 1, "F__Replaced_Services__Total_": 1, "F__Service__Transfers": 28, "Est_____Days": 17, "Est_____Extra__Days_for__Ledge_": 4, "F__of_Tie_Ins": null, "F__of_Cut_Offs": null, "F__of_Inside_Services": null, "F__of_Outside_Services": null, "Budgeted_In_2023_for_2024": null, "Main_Cost_1_Including_Const_OH": null, "Inspector": null, "Police": null, "Gravel_Tr_In": null, "Ledge_Removal": null, "T_M": null, "Re_Pressure_Test": null, "Extra_Restoration_Estimate_from": null, "Non_Standard_Work__Bridges__Lan": null, "Cost": null, "Construction__OVHD": null, "Engineering__Design_Cost": null, "Total_Overage": null, "Services_Cost_Including_Constr_": null, "Meters_Installation_Cost_Includ": null, "F_Total_Est__Project_Cost_Inclu": null, "LU_Design_Engineer": null, "Engineering_Consultant": null, "Notes_": "\n", "lat": 41.690596, "lon": -71.130597, "Mapped_address": "Eastern Ave & Barnes St, Fall River, MA 02723, USA", "FID": 253}}, {"type": "Feature", "id": 254, "geometry": {"type": "Point", "coordinates": [-71.1530992, 41.6738661]}, "properties": {"Line__": 161, "Year": 2027, "Project_Name": "Lawton St. Main Replacement", "Address": "Rodman St. (Lawton St. to Powell St.)", "Estimated_Cost": null, "Town": "FALL RIVER", "Reasons": "DUAL MAIN ABANDONMENT", "UP_or_CP": "UP", "Single_Highest_Risk_Score__on_S": "36", "Existing__Pressure": "60#", "Ex__Main_Size__in____CI___WI_": "0", "Ex__Main_Length__ft____CI___WI_": 0, "Ex__Main_Size__in____BS_": "0", "Ex__Main_Length__ft____BS_": 0, "Ex__Main_Size__in____WS__Unprot": "8\" (60#)", "Ex__Main_Length__ft____WS__Unpr": 183, "Ex__Main_Size__in____WS__CP_Pro": 0, "Ex__Main_Length__ft____WS__CP_P": 0, "Ex__Main_Size__in____PE_": "0", "Ex__Main_Length__ft____PE_": 0, "Ex__Main_Size__in____Drisco_": "0", "Ex__Main_Length__ft____Drisco_": 0, "Ex__Main_Size__in_____Aldyl_A_": "0", "Ex__Main_Length__ft____Aldyl_A_": 0, "New_Main__for_System__Integrity": 0, "Total_GSEP_Footage__ft__": 183, "Total_Non_GSEP_Footage__ft__": 0, "Prop__Total__Length_for__Instal": null, "Prop__Total__Length_for_Abandon": 183, "F__Incidental_Pipe_Per_Project": "0%", "Ex__PE_Size__in____to_be_Retest": 0, "Ex__PE_Length__ft___to_be_Retes": 0, "Majority_Existing_Main_Info": "8\" (60#) WS", "Prop__Main_Size__in____PE_": null, "Prop__Main_Pressure": "No Install", "F__Replaced_Services__BS_": 0, "F__Replaced_Services__WS_": 0, "F__Replaced_Services__Drisco_": 0, "F__Replaced_Services___Aldyl_A_": 0, "F__Replaced_Services__Total_": 0, "F__Service__Transfers": 0, "Est_____Days": 2, "Est_____Extra__Days_for__Ledge_": 1, "F__of_Tie_Ins": null, "F__of_Cut_Offs": null, "F__of_Inside_Services": null, "F__of_Outside_Services": null, "Budgeted_In_2023_for_2024": null, "Main_Cost_1_Including_Const_OH": null, "Inspector": null, "Police": null, "Gravel_Tr_In": null, "Ledge_Removal": null, "T_M": null, "Re_Pressure_Test": null, "Extra_Restoration_Estimate_from": null, "Non_Standard_Work__Bridges__Lan": null, "Cost": null, "Construction__OVHD": null, "Engineering__Design_Cost": null, "Total_Overage": null, "Services_Cost_Including_Constr_": null, "Meters_Installation_Cost_Includ": null, "F_Total_Est__Project_Cost_Inclu": null, "LU_Design_Engineer": null, "Engineering_Consultant": null, "Notes_": "\n", "lat": 41.6738661, "lon": -71.1530992, "Mapped_address": "Lawton St & Rodman St, Fall River, MA 02721, USA", "FID": 254}}, {"type": "Feature", "id": 255, "geometry": {"type": "Point", "coordinates": [-71.1530992, 41.6738661]}, "properties": {"Line__": 162, "Year": 2027, "Project_Name": "Lawton St. Main Replacement", "Address": "Rodman St. (Lawton St. to Stockton St.)", "Estimated_Cost": null, "Town": "FALL RIVER", "Reasons": "RISK & CONVERT TO 60#", "UP_or_CP": "UP", "Single_Highest_Risk_Score__on_S": "39", "Existing__Pressure": "Low", "Ex__Main_Size__in____CI___WI_": "6\" (LP)", "Ex__Main_Length__ft____CI___WI_": 211, "Ex__Main_Size__in____BS_": "6\" (LP)", "Ex__Main_Length__ft____BS_": 172, "Ex__Main_Size__in____WS__Unprot": "0", "Ex__Main_Length__ft____WS__Unpr": 0, "Ex__Main_Size__in____WS__CP_Pro": 0, "Ex__Main_Length__ft____WS__CP_P": 0, "Ex__Main_Size__in____PE_": "0", "Ex__Main_Length__ft____PE_": 0, "Ex__Main_Size__in____Drisco_": "0", "Ex__Main_Length__ft____Drisco_": 0, "Ex__Main_Size__in_____Aldyl_A_": "0", "Ex__Main_Length__ft____Aldyl_A_": 0, "New_Main__for_System__Integrity": 0, "Total_GSEP_Footage__ft__": 383, "Total_Non_GSEP_Footage__ft__": 0, "Prop__Total__Length_for__Instal": 383, "Prop__Total__Length_for_Abandon": 383, "F__Incidental_Pipe_Per_Project": null, "Ex__PE_Size__in____to_be_Retest": 0, "Ex__PE_Length__ft___to_be_Retes": 0, "Majority_Existing_Main_Info": "6\" (LP) CI", "Prop__Main_Size__in____PE_": 8, "Prop__Main_Pressure": "60#", "F__Replaced_Services__BS_": 0, "F__Replaced_Services__WS_": 0, "F__Replaced_Services__Drisco_": 0, "F__Replaced_Services___Aldyl_A_": 0, "F__Replaced_Services__Total_": 0, "F__Service__Transfers": 0, "Est_____Days": 2, "Est_____Extra__Days_for__Ledge_": 1, "F__of_Tie_Ins": null, "F__of_Cut_Offs": null, "F__of_Inside_Services": null, "F__of_Outside_Services": null, "Budgeted_In_2023_for_2024": null, "Main_Cost_1_Including_Const_OH": null, "Inspector": null, "Police": null, "Gravel_Tr_In": null, "Ledge_Removal": null, "T_M": null, "Re_Pressure_Test": null, "Extra_Restoration_Estimate_from": null, "Non_Standard_Work__Bridges__Lan": null, "Cost": null, "Construction__OVHD": null, "Engineering__Design_Cost": null, "Total_Overage": null, "Services_Cost_Including_Constr_": null, "Meters_Installation_Cost_Includ": null, "F_Total_Est__Project_Cost_Inclu": null, "LU_Design_Engineer": null, "Engineering_Consultant": null, "Notes_": "\n", "lat": 41.6738661, "lon": -71.1530992, "Mapped_address": "Lawton St & Rodman St, Fall River, MA 02721, USA", "FID": 255}}, {"type": "Feature", "id": 256, "geometry": {"type": "Point", "coordinates": [-71.1530992, 41.6738661]}, "properties": {"Line__": 163, "Year": 2027, "Project_Name": "Lawton St. Main Replacement", "Address": "Lawton St. (Rodman St. to #706 Lawton St.)", "Estimated_Cost": null, "Town": "FALL RIVER", "Reasons": "RISK & CONVERT TO 60#", "UP_or_CP": "UP", "Single_Highest_Risk_Score__on_S": "46", "Existing__Pressure": "Low", "Ex__Main_Size__in____CI___WI_": "6\" (LP)", "Ex__Main_Length__ft____CI___WI_": 1325, "Ex__Main_Size__in____BS_": "6\" (LP)", "Ex__Main_Length__ft____BS_": 14, "Ex__Main_Size__in____WS__Unprot": "0", "Ex__Main_Length__ft____WS__Unpr": 0, "Ex__Main_Size__in____WS__CP_Pro": 0, "Ex__Main_Length__ft____WS__CP_P": 0, "Ex__Main_Size__in____PE_": "0", "Ex__Main_Length__ft____PE_": 0, "Ex__Main_Size__in____Drisco_": "0", "Ex__Main_Length__ft____Drisco_": 0, "Ex__Main_Size__in_____Aldyl_A_": "0", "Ex__Main_Length__ft____Aldyl_A_": 0, "New_Main__for_System__Integrity": 0, "Total_GSEP_Footage__ft__": 1339, "Total_Non_GSEP_Footage__ft__": 0, "Prop__Total__Length_for__Instal": 1339, "Prop__Total__Length_for_Abandon": 1339, "F__Incidental_Pipe_Per_Project": null, "Ex__PE_Size__in____to_be_Retest": 0, "Ex__PE_Length__ft___to_be_Retes": 0, "Majority_Existing_Main_Info": "6\" (LP) CI", "Prop__Main_Size__in____PE_": 6, "Prop__Main_Pressure": "60#", "F__Replaced_Services__BS_": 16, "F__Replaced_Services__WS_": 2, "F__Replaced_Services__Drisco_": 3, "F__Replaced_Services___Aldyl_A_": 3, "F__Replaced_Services__Total_": 24, "F__Service__Transfers": 5, "Est_____Days": 21, "Est_____Extra__Days_for__Ledge_": 5, "F__of_Tie_Ins": null, "F__of_Cut_Offs": null, "F__of_Inside_Services": null, "F__of_Outside_Services": null, "Budgeted_In_2023_for_2024": null, "Main_Cost_1_Including_Const_OH": null, "Inspector": null, "Police": null, "Gravel_Tr_In": null, "Ledge_Removal": null, "T_M": null, "Re_Pressure_Test": null, "Extra_Restoration_Estimate_from": null, "Non_Standard_Work__Bridges__Lan": null, "Cost": null, "Construction__OVHD": null, "Engineering__Design_Cost": null, "Total_Overage": null, "Services_Cost_Including_Constr_": null, "Meters_Installation_Cost_Includ": null, "F_Total_Est__Project_Cost_Inclu": null, "LU_Design_Engineer": null, "Engineering_Consultant": null, "Notes_": "\n", "lat": 41.6738661, "lon": -71.1530992, "Mapped_address": "Lawton St & Rodman St, Fall River, MA 02721, USA", "FID": 256}}, {"type": "Feature", "id": 257, "geometry": {"type": "Point", "coordinates": [-71.1537974, 41.6740291]}, "properties": {"Line__": 164, "Year": 2027, "Project_Name": "Lawton St. Main Replacement", "Address": "Lawton St. (Stafford Rd. to Rodman St.)", "Estimated_Cost": null, "Town": "FALL RIVER", "Reasons": "RISK", "UP_or_CP": "UP", "Single_Highest_Risk_Score__on_S": "32", "Existing__Pressure": "60#", "Ex__Main_Size__in____CI___WI_": "0", "Ex__Main_Length__ft____CI___WI_": 0, "Ex__Main_Size__in____BS_": "0", "Ex__Main_Length__ft____BS_": 0, "Ex__Main_Size__in____WS__Unprot": "8\" (60#)", "Ex__Main_Length__ft____WS__Unpr": 217, "Ex__Main_Size__in____WS__CP_Pro": 0, "Ex__Main_Length__ft____WS__CP_P": 0, "Ex__Main_Size__in____PE_": "0", "Ex__Main_Length__ft____PE_": 0, "Ex__Main_Size__in____Drisco_": "0", "Ex__Main_Length__ft____Drisco_": 0, "Ex__Main_Size__in_____Aldyl_A_": "0", "Ex__Main_Length__ft____Aldyl_A_": 0, "New_Main__for_System__Integrity": 0, "Total_GSEP_Footage__ft__": 217, "Total_Non_GSEP_Footage__ft__": 0, "Prop__Total__Length_for__Instal": 217, "Prop__Total__Length_for_Abandon": 217, "F__Incidental_Pipe_Per_Project": null, "Ex__PE_Size__in____to_be_Retest": 0, "Ex__PE_Length__ft___to_be_Retes": 0, "Majority_Existing_Main_Info": "8\" (60#) WS", "Prop__Main_Size__in____PE_": 8, "Prop__Main_Pressure": "60#", "F__Replaced_Services__BS_": 0, "F__Replaced_Services__WS_": 0, "F__Replaced_Services__Drisco_": 1, "F__Replaced_Services___Aldyl_A_": 0, "F__Replaced_Services__Total_": 1, "F__Service__Transfers": 1, "Est_____Days": 2, "Est_____Extra__Days_for__Ledge_": 1, "F__of_Tie_Ins": null, "F__of_Cut_Offs": null, "F__of_Inside_Services": null, "F__of_Outside_Services": null, "Budgeted_In_2023_for_2024": null, "Main_Cost_1_Including_Const_OH": null, "Inspector": null, "Police": null, "Gravel_Tr_In": null, "Ledge_Removal": null, "T_M": null, "Re_Pressure_Test": null, "Extra_Restoration_Estimate_from": null, "Non_Standard_Work__Bridges__Lan": null, "Cost": null, "Construction__OVHD": null, "Engineering__Design_Cost": null, "Total_Overage": null, "Services_Cost_Including_Constr_": null, "Meters_Installation_Cost_Includ": null, "F_Total_Est__Project_Cost_Inclu": null, "LU_Design_Engineer": null, "Engineering_Consultant": null, "Notes_": "\n", "lat": 41.6740291, "lon": -71.1537974, "Mapped_address": "Stafford Rd & Lawton St, Fall River, MA 02721, USA", "FID": 257}}, {"type": "Feature", "id": 258, "geometry": {"type": "Point", "coordinates": [-71.1536444, 41.6732614]}, "properties": {"Line__": 165, "Year": 2027, "Project_Name": "Lawton St. Main Replacement", "Address": "Anthony St. (Stafford Rd. to Maria St.)", "Estimated_Cost": null, "Town": "FALL RIVER", "Reasons": "RISK & CONVERT TO 60#", "UP_or_CP": "UP", "Single_Highest_Risk_Score__on_S": "42", "Existing__Pressure": "Low", "Ex__Main_Size__in____CI___WI_": "4\" (LP)", "Ex__Main_Length__ft____CI___WI_": 834, "Ex__Main_Size__in____BS_": "0", "Ex__Main_Length__ft____BS_": 0, "Ex__Main_Size__in____WS__Unprot": "0", "Ex__Main_Length__ft____WS__Unpr": 0, "Ex__Main_Size__in____WS__CP_Pro": 0, "Ex__Main_Length__ft____WS__CP_P": 0, "Ex__Main_Size__in____PE_": "0", "Ex__Main_Length__ft____PE_": 0, "Ex__Main_Size__in____Drisco_": "0", "Ex__Main_Length__ft____Drisco_": 0, "Ex__Main_Size__in_____Aldyl_A_": "0", "Ex__Main_Length__ft____Aldyl_A_": 0, "New_Main__for_System__Integrity": 70, "Total_GSEP_Footage__ft__": 834, "Total_Non_GSEP_Footage__ft__": 0, "Prop__Total__Length_for__Instal": 904, "Prop__Total__Length_for_Abandon": 834, "F__Incidental_Pipe_Per_Project": null, "Ex__PE_Size__in____to_be_Retest": 0, "Ex__PE_Length__ft___to_be_Retes": 0, "Majority_Existing_Main_Info": "4\" (LP) CI", "Prop__Main_Size__in____PE_": 4, "Prop__Main_Pressure": "60#", "F__Replaced_Services__BS_": 2, "F__Replaced_Services__WS_": 0, "F__Replaced_Services__Drisco_": 4, "F__Replaced_Services___Aldyl_A_": 0, "F__Replaced_Services__Total_": 6, "F__Service__Transfers": 10, "Est_____Days": 11, "Est_____Extra__Days_for__Ledge_": 3, "F__of_Tie_Ins": null, "F__of_Cut_Offs": null, "F__of_Inside_Services": null, "F__of_Outside_Services": null, "Budgeted_In_2023_for_2024": null, "Main_Cost_1_Including_Const_OH": null, "Inspector": null, "Police": null, "Gravel_Tr_In": null, "Ledge_Removal": null, "T_M": null, "Re_Pressure_Test": null, "Extra_Restoration_Estimate_from": null, "Non_Standard_Work__Bridges__Lan": null, "Cost": null, "Construction__OVHD": null, "Engineering__Design_Cost": null, "Total_Overage": null, "Services_Cost_Including_Constr_": null, "Meters_Installation_Cost_Includ": null, "F_Total_Est__Project_Cost_Inclu": null, "LU_Design_Engineer": null, "Engineering_Consultant": null, "Notes_": "\n", "lat": 41.6732614, "lon": -71.1536444, "Mapped_address": "Stafford Rd & Anthony St, Fall River, MA 02721, USA", "FID": 258}}, {"type": "Feature", "id": 259, "geometry": {"type": "Point", "coordinates": [-71.1491955, 41.6850265]}, "properties": {"Line__": 166, "Year": 2027, "Project_Name": "Lawton St. Main Replacement", "Address": "Powell St. (Rodman St. to Stockton St.)", "Estimated_Cost": null, "Town": "FALL RIVER", "Reasons": "RISK", "UP_or_CP": "UP", "Single_Highest_Risk_Score__on_S": "36", "Existing__Pressure": "60#", "Ex__Main_Size__in____CI___WI_": "0", "Ex__Main_Length__ft____CI___WI_": 0, "Ex__Main_Size__in____BS_": "0", "Ex__Main_Length__ft____BS_": 0, "Ex__Main_Size__in____WS__Unprot": "8\" (60#)", "Ex__Main_Length__ft____WS__Unpr": 1568, "Ex__Main_Size__in____WS__CP_Pro": 0, "Ex__Main_Length__ft____WS__CP_P": 0, "Ex__Main_Size__in____PE_": "0", "Ex__Main_Length__ft____PE_": 0, "Ex__Main_Size__in____Drisco_": "0", "Ex__Main_Length__ft____Drisco_": 0, "Ex__Main_Size__in_____Aldyl_A_": "0", "Ex__Main_Length__ft____Aldyl_A_": 0, "New_Main__for_System__Integrity": 0, "Total_GSEP_Footage__ft__": 1568, "Total_Non_GSEP_Footage__ft__": 0, "Prop__Total__Length_for__Instal": 1568, "Prop__Total__Length_for_Abandon": 1568, "F__Incidental_Pipe_Per_Project": null, "Ex__PE_Size__in____to_be_Retest": 0, "Ex__PE_Length__ft___to_be_Retes": 0, "Majority_Existing_Main_Info": "8\" (60#)", "Prop__Main_Size__in____PE_": 8, "Prop__Main_Pressure": "60#", "F__Replaced_Services__BS_": 0, "F__Replaced_Services__WS_": 0, "F__Replaced_Services__Drisco_": 1, "F__Replaced_Services___Aldyl_A_": 0, "F__Replaced_Services__Total_": 1, "F__Service__Transfers": 9, "Est_____Days": 12, "Est_____Extra__Days_for__Ledge_": 3, "F__of_Tie_Ins": null, "F__of_Cut_Offs": null, "F__of_Inside_Services": null, "F__of_Outside_Services": null, "Budgeted_In_2023_for_2024": null, "Main_Cost_1_Including_Const_OH": null, "Inspector": null, "Police": null, "Gravel_Tr_In": null, "Ledge_Removal": null, "T_M": null, "Re_Pressure_Test": null, "Extra_Restoration_Estimate_from": null, "Non_Standard_Work__Bridges__Lan": null, "Cost": null, "Construction__OVHD": null, "Engineering__Design_Cost": null, "Total_Overage": null, "Services_Cost_Including_Constr_": null, "Meters_Installation_Cost_Includ": null, "F_Total_Est__Project_Cost_Inclu": null, "LU_Design_Engineer": null, "Engineering_Consultant": null, "Notes_": "\n", "lat": 41.6850265, "lon": -71.1491955, "Mapped_address": "Rodman St, Fall River, MA 02721, USA", "FID": 259}}, {"type": "Feature", "id": 260, "geometry": {"type": "Point", "coordinates": [-71.1491955, 41.6850265]}, "properties": {"Line__": 167, "Year": 2027, "Project_Name": "Lawton St. Main Replacement", "Address": "Powell St. (Rodman St. to Stockton St.)", "Estimated_Cost": null, "Town": "FALL RIVER", "Reasons": "RISK & CONVERT TO 60#", "UP_or_CP": "UP", "Single_Highest_Risk_Score__on_S": "34", "Existing__Pressure": "Low", "Ex__Main_Size__in____CI___WI_": "0", "Ex__Main_Length__ft____CI___WI_": 0, "Ex__Main_Size__in____BS_": "4\" (LP)", "Ex__Main_Length__ft____BS_": 933, "Ex__Main_Size__in____WS__Unprot": "0", "Ex__Main_Length__ft____WS__Unpr": 0, "Ex__Main_Size__in____WS__CP_Pro": 0, "Ex__Main_Length__ft____WS__CP_P": 0, "Ex__Main_Size__in____PE_": "0", "Ex__Main_Length__ft____PE_": 0, "Ex__Main_Size__in____Drisco_": "0", "Ex__Main_Length__ft____Drisco_": 0, "Ex__Main_Size__in_____Aldyl_A_": "0", "Ex__Main_Length__ft____Aldyl_A_": 0, "New_Main__for_System__Integrity": 0, "Total_GSEP_Footage__ft__": 933, "Total_Non_GSEP_Footage__ft__": 0, "Prop__Total__Length_for__Instal": 933, "Prop__Total__Length_for_Abandon": 933, "F__Incidental_Pipe_Per_Project": null, "Ex__PE_Size__in____to_be_Retest": 0, "Ex__PE_Length__ft___to_be_Retes": 0, "Majority_Existing_Main_Info": "4\" (LP) BS", "Prop__Main_Size__in____PE_": null, "Prop__Main_Pressure": "No Install", "F__Replaced_Services__BS_": 1, "F__Replaced_Services__WS_": 2, "F__Replaced_Services__Drisco_": 1, "F__Replaced_Services___Aldyl_A_": 0, "F__Replaced_Services__Total_": 4, "F__Service__Transfers": 9, "Est_____Days": 10, "Est_____Extra__Days_for__Ledge_": 3, "F__of_Tie_Ins": null, "F__of_Cut_Offs": null, "F__of_Inside_Services": null, "F__of_Outside_Services": null, "Budgeted_In_2023_for_2024": null, "Main_Cost_1_Including_Const_OH": null, "Inspector": null, "Police": null, "Gravel_Tr_In": null, "Ledge_Removal": null, "T_M": null, "Re_Pressure_Test": null, "Extra_Restoration_Estimate_from": null, "Non_Standard_Work__Bridges__Lan": null, "Cost": null, "Construction__OVHD": null, "Engineering__Design_Cost": null, "Total_Overage": null, "Services_Cost_Including_Constr_": null, "Meters_Installation_Cost_Includ": null, "F_Total_Est__Project_Cost_Inclu": null, "LU_Design_Engineer": null, "Engineering_Consultant": null, "Notes_": "\n", "lat": 41.6850265, "lon": -71.1491955, "Mapped_address": "Rodman St, Fall River, MA 02721, USA", "FID": 260}}, {"type": "Feature", "id": 261, "geometry": {"type": "Point", "coordinates": [-71.1438048, 41.7109051]}, "properties": {"Line__": 168, "Year": 2027, "Project_Name": "New Boston Rd  Main Replacement Phase 1", "Address": "New Boston Rd (Hanover to Highland)", "Estimated_Cost": null, "Town": "FALL RIVER", "Reasons": "RISK & CONVERT TO 60#", "UP_or_CP": "UP", "Single_Highest_Risk_Score__on_S": "49", "Existing__Pressure": "Low", "Ex__Main_Size__in____CI___WI_": "6", "Ex__Main_Length__ft____CI___WI_": 619, "Ex__Main_Size__in____BS_": "0", "Ex__Main_Length__ft____BS_": 0, "Ex__Main_Size__in____WS__Unprot": "0", "Ex__Main_Length__ft____WS__Unpr": 0, "Ex__Main_Size__in____WS__CP_Pro": 0, "Ex__Main_Length__ft____WS__CP_P": 0, "Ex__Main_Size__in____PE_": "0", "Ex__Main_Length__ft____PE_": 0, "Ex__Main_Size__in____Drisco_": "0", "Ex__Main_Length__ft____Drisco_": 0, "Ex__Main_Size__in_____Aldyl_A_": "0", "Ex__Main_Length__ft____Aldyl_A_": 0, "New_Main__for_System__Integrity": 0, "Total_GSEP_Footage__ft__": 619, "Total_Non_GSEP_Footage__ft__": 0, "Prop__Total__Length_for__Instal": 619, "Prop__Total__Length_for_Abandon": 619, "F__Incidental_Pipe_Per_Project": "15%", "Ex__PE_Size__in____to_be_Retest": 0, "Ex__PE_Length__ft___to_be_Retes": 0, "Majority_Existing_Main_Info": "6\" LP CI", "Prop__Main_Size__in____PE_": 6, "Prop__Main_Pressure": "60#", "F__Replaced_Services__BS_": 2, "F__Replaced_Services__WS_": 0, "F__Replaced_Services__Drisco_": 0, "F__Replaced_Services___Aldyl_A_": 0, "F__Replaced_Services__Total_": 2, "F__Service__Transfers": 0, "Est_____Days": 5, "Est_____Extra__Days_for__Ledge_": 1, "F__of_Tie_Ins": null, "F__of_Cut_Offs": null, "F__of_Inside_Services": null, "F__of_Outside_Services": null, "Budgeted_In_2023_for_2024": null, "Main_Cost_1_Including_Const_OH": null, "Inspector": null, "Police": null, "Gravel_Tr_In": null, "Ledge_Removal": null, "T_M": null, "Re_Pressure_Test": null, "Extra_Restoration_Estimate_from": null, "Non_Standard_Work__Bridges__Lan": null, "Cost": null, "Construction__OVHD": null, "Engineering__Design_Cost": null, "Total_Overage": null, "Services_Cost_Including_Constr_": null, "Meters_Installation_Cost_Includ": null, "F_Total_Est__Project_Cost_Inclu": null, "LU_Design_Engineer": null, "Engineering_Consultant": null, "Notes_": "\n", "lat": 41.7109051, "lon": -71.1438048, "Mapped_address": "New Boston Rd & Hanover St, Fall River, MA 02720, USA", "FID": 261}}, {"type": "Feature", "id": 262, "geometry": {"type": "Point", "coordinates": [-71.1475905, 41.7089614]}, "properties": {"Line__": 169, "Year": 2027, "Project_Name": "New Boston Rd  Main Replacement Phase 1", "Address": "Highland Ave (Prospect St. to Hood St.)", "Estimated_Cost": null, "Town": "FALL RIVER", "Reasons": "RISK & CONVERT TO 60#", "UP_or_CP": "UP", "Single_Highest_Risk_Score__on_S": "48", "Existing__Pressure": "Low", "Ex__Main_Size__in____CI___WI_": "6", "Ex__Main_Length__ft____CI___WI_": 3246, "Ex__Main_Size__in____BS_": "0", "Ex__Main_Length__ft____BS_": 0, "Ex__Main_Size__in____WS__Unprot": "0", "Ex__Main_Length__ft____WS__Unpr": 0, "Ex__Main_Size__in____WS__CP_Pro": 0, "Ex__Main_Length__ft____WS__CP_P": 0, "Ex__Main_Size__in____PE_": "6", "Ex__Main_Length__ft____PE_": 66, "Ex__Main_Size__in____Drisco_": "0", "Ex__Main_Length__ft____Drisco_": 0, "Ex__Main_Size__in_____Aldyl_A_": "0", "Ex__Main_Length__ft____Aldyl_A_": 0, "New_Main__for_System__Integrity": 0, "Total_GSEP_Footage__ft__": 3246, "Total_Non_GSEP_Footage__ft__": 66, "Prop__Total__Length_for__Instal": 3312, "Prop__Total__Length_for_Abandon": 3312, "F__Incidental_Pipe_Per_Project": null, "Ex__PE_Size__in____to_be_Retest": 0, "Ex__PE_Length__ft___to_be_Retes": 0, "Majority_Existing_Main_Info": "6\" LP CI", "Prop__Main_Size__in____PE_": 6, "Prop__Main_Pressure": "60#", "F__Replaced_Services__BS_": 10, "F__Replaced_Services__WS_": 1, "F__Replaced_Services__Drisco_": 3, "F__Replaced_Services___Aldyl_A_": 0, "F__Replaced_Services__Total_": 13, "F__Service__Transfers": 4, "Est_____Days": 27, "Est_____Extra__Days_for__Ledge_": 7, "F__of_Tie_Ins": null, "F__of_Cut_Offs": null, "F__of_Inside_Services": null, "F__of_Outside_Services": null, "Budgeted_In_2023_for_2024": null, "Main_Cost_1_Including_Const_OH": null, "Inspector": null, "Police": null, "Gravel_Tr_In": null, "Ledge_Removal": null, "T_M": null, "Re_Pressure_Test": null, "Extra_Restoration_Estimate_from": null, "Non_Standard_Work__Bridges__Lan": null, "Cost": null, "Construction__OVHD": null, "Engineering__Design_Cost": null, "Total_Overage": null, "Services_Cost_Including_Constr_": null, "Meters_Installation_Cost_Includ": null, "F_Total_Est__Project_Cost_Inclu": null, "LU_Design_Engineer": null, "Engineering_Consultant": null, "Notes_": "\n", "lat": 41.7089614, "lon": -71.1475905, "Mapped_address": "Prospect St, Fall River, MA 02720, USA", "FID": 262}}, {"type": "Feature", "id": 263, "geometry": {"type": "Point", "coordinates": [-71.1432262, 41.715664]}, "properties": {"Line__": 170, "Year": 2027, "Project_Name": "New Boston Rd  Main Replacement Phase 1", "Address": "Stanley St (Highland to Hanover)", "Estimated_Cost": null, "Town": "FALL RIVER", "Reasons": "RISK & CONVERT TO 60#", "UP_or_CP": "UP", "Single_Highest_Risk_Score__on_S": "35", "Existing__Pressure": "Low", "Ex__Main_Size__in____CI___WI_": "4", "Ex__Main_Length__ft____CI___WI_": 232, "Ex__Main_Size__in____BS_": "0", "Ex__Main_Length__ft____BS_": 0, "Ex__Main_Size__in____WS__Unprot": "0", "Ex__Main_Length__ft____WS__Unpr": 0, "Ex__Main_Size__in____WS__CP_Pro": 0, "Ex__Main_Length__ft____WS__CP_P": 0, "Ex__Main_Size__in____PE_": "0", "Ex__Main_Length__ft____PE_": 0, "Ex__Main_Size__in____Drisco_": "0", "Ex__Main_Length__ft____Drisco_": 0, "Ex__Main_Size__in_____Aldyl_A_": "0", "Ex__Main_Length__ft____Aldyl_A_": 0, "New_Main__for_System__Integrity": 25, "Total_GSEP_Footage__ft__": 232, "Total_Non_GSEP_Footage__ft__": 0, "Prop__Total__Length_for__Instal": 257, "Prop__Total__Length_for_Abandon": 232, "F__Incidental_Pipe_Per_Project": null, "Ex__PE_Size__in____to_be_Retest": 0, "Ex__PE_Length__ft___to_be_Retes": 0, "Majority_Existing_Main_Info": "4\" LP CI", "Prop__Main_Size__in____PE_": 2, "Prop__Main_Pressure": "60#", "F__Replaced_Services__BS_": 1, "F__Replaced_Services__WS_": 0, "F__Replaced_Services__Drisco_": 0, "F__Replaced_Services___Aldyl_A_": 0, "F__Replaced_Services__Total_": 1, "F__Service__Transfers": 1, "Est_____Days": 2, "Est_____Extra__Days_for__Ledge_": 1, "F__of_Tie_Ins": null, "F__of_Cut_Offs": null, "F__of_Inside_Services": null, "F__of_Outside_Services": null, "Budgeted_In_2023_for_2024": null, "Main_Cost_1_Including_Const_OH": null, "Inspector": null, "Police": null, "Gravel_Tr_In": null, "Ledge_Removal": null, "T_M": null, "Re_Pressure_Test": null, "Extra_Restoration_Estimate_from": null, "Non_Standard_Work__Bridges__Lan": null, "Cost": null, "Construction__OVHD": null, "Engineering__Design_Cost": null, "Total_Overage": null, "Services_Cost_Including_Constr_": null, "Meters_Installation_Cost_Includ": null, "F_Total_Est__Project_Cost_Inclu": null, "LU_Design_Engineer": null, "Engineering_Consultant": null, "Notes_": "\n", "lat": 41.715664, "lon": -71.1432262, "Mapped_address": "Stanley St & Highland Ave, Fall River, MA 02720, USA", "FID": 263}}, {"type": "Feature", "id": 264, "geometry": {"type": "Point", "coordinates": [-71.1470379, 41.7103525]}, "properties": {"Line__": 171, "Year": 2027, "Project_Name": "New Boston Rd  Main Replacement Phase 1", "Address": "Underwood (French to President Av.)", "Estimated_Cost": null, "Town": "FALL RIVER", "Reasons": "RISK & CONVERT TO 60#", "UP_or_CP": "UP", "Single_Highest_Risk_Score__on_S": "40", "Existing__Pressure": "Low", "Ex__Main_Size__in____CI___WI_": "3 & 4 ", "Ex__Main_Length__ft____CI___WI_": 1149, "Ex__Main_Size__in____BS_": "0", "Ex__Main_Length__ft____BS_": 0, "Ex__Main_Size__in____WS__Unprot": "0", "Ex__Main_Length__ft____WS__Unpr": 0, "Ex__Main_Size__in____WS__CP_Pro": 0, "Ex__Main_Length__ft____WS__CP_P": 0, "Ex__Main_Size__in____PE_": "4 & 6", "Ex__Main_Length__ft____PE_": 69, "Ex__Main_Size__in____Drisco_": "0", "Ex__Main_Length__ft____Drisco_": 0, "Ex__Main_Size__in_____Aldyl_A_": "0", "Ex__Main_Length__ft____Aldyl_A_": 0, "New_Main__for_System__Integrity": 0, "Total_GSEP_Footage__ft__": 1149, "Total_Non_GSEP_Footage__ft__": 69, "Prop__Total__Length_for__Instal": 1218, "Prop__Total__Length_for_Abandon": 1218, "F__Incidental_Pipe_Per_Project": null, "Ex__PE_Size__in____to_be_Retest": 0, "Ex__PE_Length__ft___to_be_Retes": 0, "Majority_Existing_Main_Info": "4\" LP CI", "Prop__Main_Size__in____PE_": 4, "Prop__Main_Pressure": "60#", "F__Replaced_Services__BS_": 12, "F__Replaced_Services__WS_": 2, "F__Replaced_Services__Drisco_": 4, "F__Replaced_Services___Aldyl_A_": 2, "F__Replaced_Services__Total_": 17, "F__Service__Transfers": 7, "Est_____Days": 18, "Est_____Extra__Days_for__Ledge_": 4, "F__of_Tie_Ins": null, "F__of_Cut_Offs": null, "F__of_Inside_Services": null, "F__of_Outside_Services": null, "Budgeted_In_2023_for_2024": null, "Main_Cost_1_Including_Const_OH": null, "Inspector": null, "Police": null, "Gravel_Tr_In": null, "Ledge_Removal": null, "T_M": null, "Re_Pressure_Test": null, "Extra_Restoration_Estimate_from": null, "Non_Standard_Work__Bridges__Lan": null, "Cost": null, "Construction__OVHD": null, "Engineering__Design_Cost": null, "Total_Overage": null, "Services_Cost_Including_Constr_": null, "Meters_Installation_Cost_Includ": null, "F_Total_Est__Project_Cost_Inclu": null, "LU_Design_Engineer": null, "Engineering_Consultant": null, "Notes_": "\n", "lat": 41.7103525, "lon": -71.1470379, "Mapped_address": "French St & Underwood St, Fall River, MA 02720, USA", "FID": 264}}, {"type": "Feature", "id": 265, "geometry": {"type": "Point", "coordinates": [-71.1459627, 41.713606]}, "properties": {"Line__": 172, "Year": 2027, "Project_Name": "New Boston Rd  Main Replacement Phase 1", "Address": "Pearce St (Underwood to Hanover)", "Estimated_Cost": null, "Town": "FALL RIVER", "Reasons": "Convert to 60#", "UP_or_CP": "NA", "Single_Highest_Risk_Score__on_S": "NA", "Existing__Pressure": "Low", "Ex__Main_Size__in____CI___WI_": "6\"", "Ex__Main_Length__ft____CI___WI_": 0, "Ex__Main_Size__in____BS_": "0", "Ex__Main_Length__ft____BS_": 0, "Ex__Main_Size__in____WS__Unprot": "0", "Ex__Main_Length__ft____WS__Unpr": 0, "Ex__Main_Size__in____WS__CP_Pro": 0, "Ex__Main_Length__ft____WS__CP_P": 0, "Ex__Main_Size__in____PE_": "6", "Ex__Main_Length__ft____PE_": 810, "Ex__Main_Size__in____Drisco_": "0", "Ex__Main_Length__ft____Drisco_": 0, "Ex__Main_Size__in_____Aldyl_A_": "0", "Ex__Main_Length__ft____Aldyl_A_": 0, "New_Main__for_System__Integrity": 0, "Total_GSEP_Footage__ft__": 0, "Total_Non_GSEP_Footage__ft__": 810, "Prop__Total__Length_for__Instal": 810, "Prop__Total__Length_for_Abandon": 810, "F__Incidental_Pipe_Per_Project": null, "Ex__PE_Size__in____to_be_Retest": 0, "Ex__PE_Length__ft___to_be_Retes": 0, "Majority_Existing_Main_Info": "6\" LP PE", "Prop__Main_Size__in____PE_": 6, "Prop__Main_Pressure": "60#", "F__Replaced_Services__BS_": 0, "F__Replaced_Services__WS_": 0, "F__Replaced_Services__Drisco_": 3, "F__Replaced_Services___Aldyl_A_": 0, "F__Replaced_Services__Total_": 1, "F__Service__Transfers": 5, "Est_____Days": 7, "Est_____Extra__Days_for__Ledge_": 2, "F__of_Tie_Ins": null, "F__of_Cut_Offs": null, "F__of_Inside_Services": null, "F__of_Outside_Services": null, "Budgeted_In_2023_for_2024": null, "Main_Cost_1_Including_Const_OH": null, "Inspector": null, "Police": null, "Gravel_Tr_In": null, "Ledge_Removal": null, "T_M": null, "Re_Pressure_Test": null, "Extra_Restoration_Estimate_from": null, "Non_Standard_Work__Bridges__Lan": null, "Cost": null, "Construction__OVHD": null, "Engineering__Design_Cost": null, "Total_Overage": null, "Services_Cost_Including_Constr_": null, "Meters_Installation_Cost_Includ": null, "F_Total_Est__Project_Cost_Inclu": null, "LU_Design_Engineer": null, "Engineering_Consultant": null, "Notes_": "\n", "lat": 41.713606, "lon": -71.1459627, "Mapped_address": "Pearce St & Underwood St, Fall River, MA 02720, USA", "FID": 265}}, {"type": "Feature", "id": 266, "geometry": {"type": "Point", "coordinates": [-71.143098, 41.7130797]}, "properties": {"Line__": 173, "Year": 2027, "Project_Name": "New Boston Rd  Main Replacement Phase 2", "Address": "Pearce St (Hanover to Read)", "Estimated_Cost": null, "Town": "FALL RIVER", "Reasons": "RISK & CONVERT TO 60#", "UP_or_CP": "UP", "Single_Highest_Risk_Score__on_S": "40", "Existing__Pressure": "Low", "Ex__Main_Size__in____CI___WI_": "4", "Ex__Main_Length__ft____CI___WI_": 26, "Ex__Main_Size__in____BS_": "0", "Ex__Main_Length__ft____BS_": 0, "Ex__Main_Size__in____WS__Unprot": "0", "Ex__Main_Length__ft____WS__Unpr": 0, "Ex__Main_Size__in____WS__CP_Pro": 0, "Ex__Main_Length__ft____WS__CP_P": 0, "Ex__Main_Size__in____PE_": "6", "Ex__Main_Length__ft____PE_": 685, "Ex__Main_Size__in____Drisco_": "0", "Ex__Main_Length__ft____Drisco_": 0, "Ex__Main_Size__in_____Aldyl_A_": "0", "Ex__Main_Length__ft____Aldyl_A_": 0, "New_Main__for_System__Integrity": 0, "Total_GSEP_Footage__ft__": 26, "Total_Non_GSEP_Footage__ft__": 685, "Prop__Total__Length_for__Instal": 711, "Prop__Total__Length_for_Abandon": 711, "F__Incidental_Pipe_Per_Project": "18%", "Ex__PE_Size__in____to_be_Retest": 0, "Ex__PE_Length__ft___to_be_Retes": 0, "Majority_Existing_Main_Info": "6\" LP PE", "Prop__Main_Size__in____PE_": 6, "Prop__Main_Pressure": "60#", "F__Replaced_Services__BS_": 0, "F__Replaced_Services__WS_": 0, "F__Replaced_Services__Drisco_": 0, "F__Replaced_Services___Aldyl_A_": 0, "F__Replaced_Services__Total_": 0, "F__Service__Transfers": 5, "Est_____Days": 6, "Est_____Extra__Days_for__Ledge_": 1, "F__of_Tie_Ins": null, "F__of_Cut_Offs": null, "F__of_Inside_Services": null, "F__of_Outside_Services": null, "Budgeted_In_2023_for_2024": null, "Main_Cost_1_Including_Const_OH": null, "Inspector": null, "Police": null, "Gravel_Tr_In": null, "Ledge_Removal": null, "T_M": null, "Re_Pressure_Test": null, "Extra_Restoration_Estimate_from": null, "Non_Standard_Work__Bridges__Lan": null, "Cost": null, "Construction__OVHD": null, "Engineering__Design_Cost": null, "Total_Overage": null, "Services_Cost_Including_Constr_": null, "Meters_Installation_Cost_Includ": null, "F_Total_Est__Project_Cost_Inclu": null, "LU_Design_Engineer": null, "Engineering_Consultant": null, "Notes_": "\n", "lat": 41.7130797, "lon": -71.143098, "Mapped_address": "Pearce St & Hanover St, Fall River, MA 02720, USA", "FID": 266}}, {"type": "Feature", "id": 267, "geometry": {"type": "Point", "coordinates": [-71.1403761, 41.7176845]}, "properties": {"Line__": 174, "Year": 2027, "Project_Name": "New Boston Rd  Main Replacement Phase 2", "Address": "Madison St (President to New Boston)", "Estimated_Cost": null, "Town": "FALL RIVER", "Reasons": "RISK & CONVERT TO 60#", "UP_or_CP": "UP", "Single_Highest_Risk_Score__on_S": "45", "Existing__Pressure": "Low", "Ex__Main_Size__in____CI___WI_": "12", "Ex__Main_Length__ft____CI___WI_": 1243, "Ex__Main_Size__in____BS_": "0", "Ex__Main_Length__ft____BS_": 0, "Ex__Main_Size__in____WS__Unprot": "0", "Ex__Main_Length__ft____WS__Unpr": 0, "Ex__Main_Size__in____WS__CP_Pro": 0, "Ex__Main_Length__ft____WS__CP_P": 0, "Ex__Main_Size__in____PE_": "0", "Ex__Main_Length__ft____PE_": 0, "Ex__Main_Size__in____Drisco_": "0", "Ex__Main_Length__ft____Drisco_": 0, "Ex__Main_Size__in_____Aldyl_A_": "0", "Ex__Main_Length__ft____Aldyl_A_": 0, "New_Main__for_System__Integrity": 0, "Total_GSEP_Footage__ft__": 1243, "Total_Non_GSEP_Footage__ft__": 0, "Prop__Total__Length_for__Instal": 1243, "Prop__Total__Length_for_Abandon": 1243, "F__Incidental_Pipe_Per_Project": null, "Ex__PE_Size__in____to_be_Retest": 0, "Ex__PE_Length__ft___to_be_Retes": 0, "Majority_Existing_Main_Info": "12\"LP CI", "Prop__Main_Size__in____PE_": 6, "Prop__Main_Pressure": "60#", "F__Replaced_Services__BS_": 0, "F__Replaced_Services__WS_": 0, "F__Replaced_Services__Drisco_": 3, "F__Replaced_Services___Aldyl_A_": 0, "F__Replaced_Services__Total_": 0, "F__Service__Transfers": 28, "Est_____Days": 16, "Est_____Extra__Days_for__Ledge_": 4, "F__of_Tie_Ins": null, "F__of_Cut_Offs": null, "F__of_Inside_Services": null, "F__of_Outside_Services": null, "Budgeted_In_2023_for_2024": null, "Main_Cost_1_Including_Const_OH": null, "Inspector": null, "Police": null, "Gravel_Tr_In": null, "Ledge_Removal": null, "T_M": null, "Re_Pressure_Test": null, "Extra_Restoration_Estimate_from": null, "Non_Standard_Work__Bridges__Lan": null, "Cost": null, "Construction__OVHD": null, "Engineering__Design_Cost": null, "Total_Overage": null, "Services_Cost_Including_Constr_": null, "Meters_Installation_Cost_Includ": null, "F_Total_Est__Project_Cost_Inclu": null, "LU_Design_Engineer": null, "Engineering_Consultant": null, "Notes_": "\n", "lat": 41.7176845, "lon": -71.1403761, "Mapped_address": "Madison St, Fall River, MA 02720, USA", "FID": 267}}, {"type": "Feature", "id": 268, "geometry": {"type": "Point", "coordinates": [-71.140558, 41.7151955]}, "properties": {"Line__": 175, "Year": 2027, "Project_Name": "New Boston Rd  Main Replacement Phase 2", "Address": "Robeson St (Stanley to New Boston)", "Estimated_Cost": null, "Town": "FALL RIVER", "Reasons": "RISK & CONVERT TO 60#", "UP_or_CP": "UP", "Single_Highest_Risk_Score__on_S": "48", "Existing__Pressure": "Low", "Ex__Main_Size__in____CI___WI_": "4", "Ex__Main_Length__ft____CI___WI_": 1551, "Ex__Main_Size__in____BS_": "0", "Ex__Main_Length__ft____BS_": 0, "Ex__Main_Size__in____WS__Unprot": "0", "Ex__Main_Length__ft____WS__Unpr": 0, "Ex__Main_Size__in____WS__CP_Pro": 0, "Ex__Main_Length__ft____WS__CP_P": 0, "Ex__Main_Size__in____PE_": "4 & 6", "Ex__Main_Length__ft____PE_": 134, "Ex__Main_Size__in____Drisco_": "0", "Ex__Main_Length__ft____Drisco_": 0, "Ex__Main_Size__in_____Aldyl_A_": "0", "Ex__Main_Length__ft____Aldyl_A_": 0, "New_Main__for_System__Integrity": 0, "Total_GSEP_Footage__ft__": 1551, "Total_Non_GSEP_Footage__ft__": 134, "Prop__Total__Length_for__Instal": 1685, "Prop__Total__Length_for_Abandon": 1685, "F__Incidental_Pipe_Per_Project": null, "Ex__PE_Size__in____to_be_Retest": 0, "Ex__PE_Length__ft___to_be_Retes": 0, "Majority_Existing_Main_Info": "4\" LP CI", "Prop__Main_Size__in____PE_": 4, "Prop__Main_Pressure": "60#", "F__Replaced_Services__BS_": 16, "F__Replaced_Services__WS_": 0, "F__Replaced_Services__Drisco_": 2, "F__Replaced_Services___Aldyl_A_": 3, "F__Replaced_Services__Total_": 20, "F__Service__Transfers": 11, "Est_____Days": 23, "Est_____Extra__Days_for__Ledge_": 6, "F__of_Tie_Ins": null, "F__of_Cut_Offs": null, "F__of_Inside_Services": null, "F__of_Outside_Services": null, "Budgeted_In_2023_for_2024": null, "Main_Cost_1_Including_Const_OH": null, "Inspector": null, "Police": null, "Gravel_Tr_In": null, "Ledge_Removal": null, "T_M": null, "Re_Pressure_Test": null, "Extra_Restoration_Estimate_from": null, "Non_Standard_Work__Bridges__Lan": null, "Cost": null, "Construction__OVHD": null, "Engineering__Design_Cost": null, "Total_Overage": null, "Services_Cost_Including_Constr_": null, "Meters_Installation_Cost_Includ": null, "F_Total_Est__Project_Cost_Inclu": null, "LU_Design_Engineer": null, "Engineering_Consultant": null, "Notes_": "\n", "lat": 41.7151955, "lon": -71.140558, "Mapped_address": "Robeson St & Stanley St, Fall River, MA 02720, USA", "FID": 268}}, {"type": "Feature", "id": 269, "geometry": {"type": "Point", "coordinates": [-71.1406809, 41.7121927]}, "properties": {"Line__": 176, "Year": 2027, "Project_Name": "New Boston Rd  Main Replacement Phase 2", "Address": "Read St (President to New Boston)", "Estimated_Cost": null, "Town": "FALL RIVER", "Reasons": "RISK & CONVERT TO 60#", "UP_or_CP": "UP", "Single_Highest_Risk_Score__on_S": "46", "Existing__Pressure": "Low", "Ex__Main_Size__in____CI___WI_": "8", "Ex__Main_Length__ft____CI___WI_": 1216, "Ex__Main_Size__in____BS_": "0", "Ex__Main_Length__ft____BS_": 0, "Ex__Main_Size__in____WS__Unprot": "0", "Ex__Main_Length__ft____WS__Unpr": 0, "Ex__Main_Size__in____WS__CP_Pro": 0, "Ex__Main_Length__ft____WS__CP_P": 0, "Ex__Main_Size__in____PE_": "6 & 8", "Ex__Main_Length__ft____PE_": 60, "Ex__Main_Size__in____Drisco_": "0", "Ex__Main_Length__ft____Drisco_": 0, "Ex__Main_Size__in_____Aldyl_A_": "0", "Ex__Main_Length__ft____Aldyl_A_": 0, "New_Main__for_System__Integrity": 0, "Total_GSEP_Footage__ft__": 1216, "Total_Non_GSEP_Footage__ft__": 60, "Prop__Total__Length_for__Instal": 1276, "Prop__Total__Length_for_Abandon": 1276, "F__Incidental_Pipe_Per_Project": null, "Ex__PE_Size__in____to_be_Retest": 0, "Ex__PE_Length__ft___to_be_Retes": 0, "Majority_Existing_Main_Info": "8\" LP CI", "Prop__Main_Size__in____PE_": 6, "Prop__Main_Pressure": "60#", "F__Replaced_Services__BS_": 12, "F__Replaced_Services__WS_": 0, "F__Replaced_Services__Drisco_": 8, "F__Replaced_Services___Aldyl_A_": 2, "F__Replaced_Services__Total_": 19, "F__Service__Transfers": 5, "Est_____Days": 18, "Est_____Extra__Days_for__Ledge_": 5, "F__of_Tie_Ins": null, "F__of_Cut_Offs": null, "F__of_Inside_Services": null, "F__of_Outside_Services": null, "Budgeted_In_2023_for_2024": null, "Main_Cost_1_Including_Const_OH": null, "Inspector": null, "Police": null, "Gravel_Tr_In": null, "Ledge_Removal": null, "T_M": null, "Re_Pressure_Test": null, "Extra_Restoration_Estimate_from": null, "Non_Standard_Work__Bridges__Lan": null, "Cost": null, "Construction__OVHD": null, "Engineering__Design_Cost": null, "Total_Overage": null, "Services_Cost_Including_Constr_": null, "Meters_Installation_Cost_Includ": null, "F_Total_Est__Project_Cost_Inclu": null, "LU_Design_Engineer": null, "Engineering_Consultant": null, "Notes_": "\n", "lat": 41.7121927, "lon": -71.1406809, "Mapped_address": "Read St, Fall River, MA 02720, USA", "FID": 269}}, {"type": "Feature", "id": 270, "geometry": {"type": "Point", "coordinates": [-71.1473908, 41.6904621]}, "properties": {"Line__": 177, "Year": 2027, "Project_Name": "Rodman St. Main Replacement", "Address": "Rodman St. (Tecumseh St. to Warren St.)(Abandonment)", "Estimated_Cost": null, "Town": "FALL RIVER", "Reasons": "DUAL MAIN ABANDONMENT", "UP_or_CP": "UP", "Single_Highest_Risk_Score__on_S": "49", "Existing__Pressure": "Low", "Ex__Main_Size__in____CI___WI_": "8\" (LP)", "Ex__Main_Length__ft____CI___WI_": 1243, "Ex__Main_Size__in____BS_": "8\" (LP)", "Ex__Main_Length__ft____BS_": 57, "Ex__Main_Size__in____WS__Unprot": "0", "Ex__Main_Length__ft____WS__Unpr": 0, "Ex__Main_Size__in____WS__CP_Pro": 0, "Ex__Main_Length__ft____WS__CP_P": 0, "Ex__Main_Size__in____PE_": "0", "Ex__Main_Length__ft____PE_": 0, "Ex__Main_Size__in____Drisco_": "0", "Ex__Main_Length__ft____Drisco_": 0, "Ex__Main_Size__in_____Aldyl_A_": "0", "Ex__Main_Length__ft____Aldyl_A_": 0, "New_Main__for_System__Integrity": 0, "Total_GSEP_Footage__ft__": 1300, "Total_Non_GSEP_Footage__ft__": 0, "Prop__Total__Length_for__Instal": null, "Prop__Total__Length_for_Abandon": 1300, "F__Incidental_Pipe_Per_Project": "22%", "Ex__PE_Size__in____to_be_Retest": 0, "Ex__PE_Length__ft___to_be_Retes": 0, "Majority_Existing_Main_Info": "8\" (LP) CI", "Prop__Main_Size__in____PE_": null, "Prop__Main_Pressure": "No Install", "F__Replaced_Services__BS_": 8, "F__Replaced_Services__WS_": 2, "F__Replaced_Services__Drisco_": 2, "F__Replaced_Services___Aldyl_A_": 2, "F__Replaced_Services__Total_": 14, "F__Service__Transfers": 3, "Est_____Days": null, "Est_____Extra__Days_for__Ledge_": null, "F__of_Tie_Ins": null, "F__of_Cut_Offs": null, "F__of_Inside_Services": null, "F__of_Outside_Services": null, "Budgeted_In_2023_for_2024": null, "Main_Cost_1_Including_Const_OH": null, "Inspector": null, "Police": null, "Gravel_Tr_In": null, "Ledge_Removal": null, "T_M": null, "Re_Pressure_Test": null, "Extra_Restoration_Estimate_from": null, "Non_Standard_Work__Bridges__Lan": null, "Cost": null, "Construction__OVHD": null, "Engineering__Design_Cost": null, "Total_Overage": null, "Services_Cost_Including_Constr_": null, "Meters_Installation_Cost_Includ": null, "F_Total_Est__Project_Cost_Inclu": null, "LU_Design_Engineer": null, "Engineering_Consultant": null, "Notes_": "\n", "lat": 41.6904621, "lon": -71.1473908, "Mapped_address": "Rodman St & Tecumseh St, Fall River, MA 02721, USA", "FID": 270}}, {"type": "Feature", "id": 271, "geometry": {"type": "Point", "coordinates": [-71.1484714, 41.6870225]}, "properties": {"Line__": 178, "Year": 2027, "Project_Name": "Rodman St. Main Replacement", "Address": "Rodman St. (Warren St. to Brayton Ave.)", "Estimated_Cost": null, "Town": "FALL RIVER", "Reasons": "RISK & CONVERT TO 60#", "UP_or_CP": "UP", "Single_Highest_Risk_Score__on_S": "53", "Existing__Pressure": "Low", "Ex__Main_Size__in____CI___WI_": "6\" (LP)", "Ex__Main_Length__ft____CI___WI_": 1271, "Ex__Main_Size__in____BS_": "0", "Ex__Main_Length__ft____BS_": 0, "Ex__Main_Size__in____WS__Unprot": "0", "Ex__Main_Length__ft____WS__Unpr": 0, "Ex__Main_Size__in____WS__CP_Pro": 0, "Ex__Main_Length__ft____WS__CP_P": 0, "Ex__Main_Size__in____PE_": "6\" (LP)", "Ex__Main_Length__ft____PE_": 80, "Ex__Main_Size__in____Drisco_": "0", "Ex__Main_Length__ft____Drisco_": 0, "Ex__Main_Size__in_____Aldyl_A_": "0", "Ex__Main_Length__ft____Aldyl_A_": 0, "New_Main__for_System__Integrity": 0, "Total_GSEP_Footage__ft__": 1271, "Total_Non_GSEP_Footage__ft__": 80, "Prop__Total__Length_for__Instal": 1351, "Prop__Total__Length_for_Abandon": 1351, "F__Incidental_Pipe_Per_Project": null, "Ex__PE_Size__in____to_be_Retest": 0, "Ex__PE_Length__ft___to_be_Retes": 0, "Majority_Existing_Main_Info": "6\" (LP) CI", "Prop__Main_Size__in____PE_": 8, "Prop__Main_Pressure": "60#", "F__Replaced_Services__BS_": 9, "F__Replaced_Services__WS_": 1, "F__Replaced_Services__Drisco_": 3, "F__Replaced_Services___Aldyl_A_": 9, "F__Replaced_Services__Total_": 22, "F__Service__Transfers": 8, "Est_____Days": 23, "Est_____Extra__Days_for__Ledge_": 6, "F__of_Tie_Ins": null, "F__of_Cut_Offs": null, "F__of_Inside_Services": null, "F__of_Outside_Services": null, "Budgeted_In_2023_for_2024": null, "Main_Cost_1_Including_Const_OH": null, "Inspector": null, "Police": null, "Gravel_Tr_In": null, "Ledge_Removal": null, "T_M": null, "Re_Pressure_Test": null, "Extra_Restoration_Estimate_from": null, "Non_Standard_Work__Bridges__Lan": null, "Cost": null, "Construction__OVHD": null, "Engineering__Design_Cost": null, "Total_Overage": null, "Services_Cost_Including_Constr_": null, "Meters_Installation_Cost_Includ": null, "F_Total_Est__Project_Cost_Inclu": null, "LU_Design_Engineer": null, "Engineering_Consultant": null, "Notes_": "\n", "lat": 41.6870225, "lon": -71.1484714, "Mapped_address": "Rodman St & Warren St, Fall River, MA 02721, USA", "FID": 271}}, {"type": "Feature", "id": 272, "geometry": {"type": "Point", "coordinates": [-71.1473908, 41.6904621]}, "properties": {"Line__": 179, "Year": 2027, "Project_Name": "Rodman St. Main Replacement", "Address": "Rodman St. (Tecumseh St. to Warren St.)", "Estimated_Cost": null, "Town": "FALL RIVER", "Reasons": "RISK", "UP_or_CP": "UP", "Single_Highest_Risk_Score__on_S": "48", "Existing__Pressure": "60#", "Ex__Main_Size__in____CI___WI_": "0", "Ex__Main_Length__ft____CI___WI_": 0, "Ex__Main_Size__in____BS_": "0", "Ex__Main_Length__ft____BS_": 0, "Ex__Main_Size__in____WS__Unprot": "6\" (60#)", "Ex__Main_Length__ft____WS__Unpr": 1257, "Ex__Main_Size__in____WS__CP_Pro": 0, "Ex__Main_Length__ft____WS__CP_P": 0, "Ex__Main_Size__in____PE_": "0", "Ex__Main_Length__ft____PE_": 0, "Ex__Main_Size__in____Drisco_": "0", "Ex__Main_Length__ft____Drisco_": 0, "Ex__Main_Size__in_____Aldyl_A_": "0", "Ex__Main_Length__ft____Aldyl_A_": 0, "New_Main__for_System__Integrity": 0, "Total_GSEP_Footage__ft__": 1257, "Total_Non_GSEP_Footage__ft__": 0, "Prop__Total__Length_for__Instal": 1257, "Prop__Total__Length_for_Abandon": 1257, "F__Incidental_Pipe_Per_Project": null, "Ex__PE_Size__in____to_be_Retest": 0, "Ex__PE_Length__ft___to_be_Retes": 0, "Majority_Existing_Main_Info": "6\" (60#) WS", "Prop__Main_Size__in____PE_": 8, "Prop__Main_Pressure": "60#", "F__Replaced_Services__BS_": 0, "F__Replaced_Services__WS_": 0, "F__Replaced_Services__Drisco_": 1, "F__Replaced_Services___Aldyl_A_": 0, "F__Replaced_Services__Total_": 1, "F__Service__Transfers": 2, "Est_____Days": 10, "Est_____Extra__Days_for__Ledge_": 2, "F__of_Tie_Ins": null, "F__of_Cut_Offs": null, "F__of_Inside_Services": null, "F__of_Outside_Services": null, "Budgeted_In_2023_for_2024": null, "Main_Cost_1_Including_Const_OH": null, "Inspector": null, "Police": null, "Gravel_Tr_In": null, "Ledge_Removal": null, "T_M": null, "Re_Pressure_Test": null, "Extra_Restoration_Estimate_from": null, "Non_Standard_Work__Bridges__Lan": null, "Cost": null, "Construction__OVHD": null, "Engineering__Design_Cost": null, "Total_Overage": null, "Services_Cost_Including_Constr_": null, "Meters_Installation_Cost_Includ": null, "F_Total_Est__Project_Cost_Inclu": null, "LU_Design_Engineer": null, "Engineering_Consultant": null, "Notes_": "\n", "lat": 41.6904621, "lon": -71.1473908, "Mapped_address": "Rodman St & Tecumseh St, Fall River, MA 02721, USA", "FID": 272}}, {"type": "Feature", "id": 273, "geometry": {"type": "Point", "coordinates": [-71.1474274, 41.689936]}, "properties": {"Line__": 180, "Year": 2027, "Project_Name": "Rodman St. Main Replacement", "Address": "Augustus St. (Rodman St. to End)", "Estimated_Cost": null, "Town": "FALL RIVER", "Reasons": "RISK & CONVERT TO 60#", "UP_or_CP": "UP", "Single_Highest_Risk_Score__on_S": "46", "Existing__Pressure": "Low", "Ex__Main_Size__in____CI___WI_": "4\" & 8\" (LP)", "Ex__Main_Length__ft____CI___WI_": 4, "Ex__Main_Size__in____BS_": "0", "Ex__Main_Length__ft____BS_": 0, "Ex__Main_Size__in____WS__Unprot": "0", "Ex__Main_Length__ft____WS__Unpr": 0, "Ex__Main_Size__in____WS__CP_Pro": 0, "Ex__Main_Length__ft____WS__CP_P": 0, "Ex__Main_Size__in____PE_": "0", "Ex__Main_Length__ft____PE_": 0, "Ex__Main_Size__in____Drisco_": "2\" & 4\" (LP)", "Ex__Main_Length__ft____Drisco_": 521, "Ex__Main_Size__in_____Aldyl_A_": "2\" (LP)", "Ex__Main_Length__ft____Aldyl_A_": 32, "New_Main__for_System__Integrity": 0, "Total_GSEP_Footage__ft__": 36, "Total_Non_GSEP_Footage__ft__": 521, "Prop__Total__Length_for__Instal": 557, "Prop__Total__Length_for_Abandon": 557, "F__Incidental_Pipe_Per_Project": null, "Ex__PE_Size__in____to_be_Retest": 0, "Ex__PE_Length__ft___to_be_Retes": 0, "Majority_Existing_Main_Info": "4\" (LP) Drisco", "Prop__Main_Size__in____PE_": 2, "Prop__Main_Pressure": "60#", "F__Replaced_Services__BS_": 0, "F__Replaced_Services__WS_": 0, "F__Replaced_Services__Drisco_": 13, "F__Replaced_Services___Aldyl_A_": 0, "F__Replaced_Services__Total_": 13, "F__Service__Transfers": 0, "Est_____Days": 10, "Est_____Extra__Days_for__Ledge_": 3, "F__of_Tie_Ins": null, "F__of_Cut_Offs": null, "F__of_Inside_Services": null, "F__of_Outside_Services": null, "Budgeted_In_2023_for_2024": null, "Main_Cost_1_Including_Const_OH": null, "Inspector": null, "Police": null, "Gravel_Tr_In": null, "Ledge_Removal": null, "T_M": null, "Re_Pressure_Test": null, "Extra_Restoration_Estimate_from": null, "Non_Standard_Work__Bridges__Lan": null, "Cost": null, "Construction__OVHD": null, "Engineering__Design_Cost": null, "Total_Overage": null, "Services_Cost_Including_Constr_": null, "Meters_Installation_Cost_Includ": null, "F_Total_Est__Project_Cost_Inclu": null, "LU_Design_Engineer": null, "Engineering_Consultant": null, "Notes_": "\n", "lat": 41.689936, "lon": -71.1474274, "Mapped_address": "Augustus St & Rodman St, Fall River, MA 02721, USA", "FID": 273}}, {"type": "Feature", "id": 274, "geometry": {"type": "Point", "coordinates": [-71.1476617, 41.6892678]}, "properties": {"Line__": 181, "Year": 2027, "Project_Name": "Rodman St. Main Replacement", "Address": "Roy St. (Rodman St. to End)", "Estimated_Cost": null, "Town": "FALL RIVER", "Reasons": "RISK & CONVERT TO 60#", "UP_or_CP": "UP", "Single_Highest_Risk_Score__on_S": "40", "Existing__Pressure": "Low", "Ex__Main_Size__in____CI___WI_": "4\" (LP)", "Ex__Main_Length__ft____CI___WI_": 38, "Ex__Main_Size__in____BS_": "0", "Ex__Main_Length__ft____BS_": 0, "Ex__Main_Size__in____WS__Unprot": "0", "Ex__Main_Length__ft____WS__Unpr": 0, "Ex__Main_Size__in____WS__CP_Pro": 0, "Ex__Main_Length__ft____WS__CP_P": 0, "Ex__Main_Size__in____PE_": "0", "Ex__Main_Length__ft____PE_": 0, "Ex__Main_Size__in____Drisco_": "4\" (LP)", "Ex__Main_Length__ft____Drisco_": 592, "Ex__Main_Size__in_____Aldyl_A_": "0", "Ex__Main_Length__ft____Aldyl_A_": 0, "New_Main__for_System__Integrity": 0, "Total_GSEP_Footage__ft__": 38, "Total_Non_GSEP_Footage__ft__": 592, "Prop__Total__Length_for__Instal": 630, "Prop__Total__Length_for_Abandon": 630, "F__Incidental_Pipe_Per_Project": null, "Ex__PE_Size__in____to_be_Retest": 0, "Ex__PE_Length__ft___to_be_Retes": 0, "Majority_Existing_Main_Info": "4\" (LP) Drisco", "Prop__Main_Size__in____PE_": 2, "Prop__Main_Pressure": "60#", "F__Replaced_Services__BS_": 0, "F__Replaced_Services__WS_": 0, "F__Replaced_Services__Drisco_": 14, "F__Replaced_Services___Aldyl_A_": 0, "F__Replaced_Services__Total_": 14, "F__Service__Transfers": 2, "Est_____Days": 12, "Est_____Extra__Days_for__Ledge_": 3, "F__of_Tie_Ins": null, "F__of_Cut_Offs": null, "F__of_Inside_Services": null, "F__of_Outside_Services": null, "Budgeted_In_2023_for_2024": null, "Main_Cost_1_Including_Const_OH": null, "Inspector": null, "Police": null, "Gravel_Tr_In": null, "Ledge_Removal": null, "T_M": null, "Re_Pressure_Test": null, "Extra_Restoration_Estimate_from": null, "Non_Standard_Work__Bridges__Lan": null, "Cost": null, "Construction__OVHD": null, "Engineering__Design_Cost": null, "Total_Overage": null, "Services_Cost_Including_Constr_": null, "Meters_Installation_Cost_Includ": null, "F_Total_Est__Project_Cost_Inclu": null, "LU_Design_Engineer": null, "Engineering_Consultant": null, "Notes_": "\n", "lat": 41.6892678, "lon": -71.1476617, "Mapped_address": "Roy St & Rodman St, Fall River, MA 02721, USA", "FID": 274}}, {"type": "Feature", "id": 275, "geometry": {"type": "Point", "coordinates": [-71.1484714, 41.6870225]}, "properties": {"Line__": 183, "Year": 2027, "Project_Name": "Rodman St. Main Replacement", "Address": "Warren St. (Rodman St. to Quequechann St.)(Abandonment)", "Estimated_Cost": null, "Town": "FALL RIVER", "Reasons": "DUAL MAIN ABANDONMENT", "UP_or_CP": "UP", "Single_Highest_Risk_Score__on_S": "55", "Existing__Pressure": "Low", "Ex__Main_Size__in____CI___WI_": "6\", 8\" & 12\" (LP)", "Ex__Main_Length__ft____CI___WI_": 1438, "Ex__Main_Size__in____BS_": "0", "Ex__Main_Length__ft____BS_": 0, "Ex__Main_Size__in____WS__Unprot": "8\" (LP)", "Ex__Main_Length__ft____WS__Unpr": 70, "Ex__Main_Size__in____WS__CP_Pro": 0, "Ex__Main_Length__ft____WS__CP_P": 0, "Ex__Main_Size__in____PE_": "8\" (LP)", "Ex__Main_Length__ft____PE_": 61, "Ex__Main_Size__in____Drisco_": "0", "Ex__Main_Length__ft____Drisco_": 0, "Ex__Main_Size__in_____Aldyl_A_": "0", "Ex__Main_Length__ft____Aldyl_A_": 0, "New_Main__for_System__Integrity": 0, "Total_GSEP_Footage__ft__": 1508, "Total_Non_GSEP_Footage__ft__": 61, "Prop__Total__Length_for__Instal": null, "Prop__Total__Length_for_Abandon": 1569, "F__Incidental_Pipe_Per_Project": null, "Ex__PE_Size__in____to_be_Retest": 0, "Ex__PE_Length__ft___to_be_Retes": 0, "Majority_Existing_Main_Info": "8\" (LP) CI", "Prop__Main_Size__in____PE_": null, "Prop__Main_Pressure": "No Install", "F__Replaced_Services__BS_": 3, "F__Replaced_Services__WS_": 2, "F__Replaced_Services__Drisco_": 2, "F__Replaced_Services___Aldyl_A_": 1, "F__Replaced_Services__Total_": 8, "F__Service__Transfers": 2, "Est_____Days": null, "Est_____Extra__Days_for__Ledge_": null, "F__of_Tie_Ins": null, "F__of_Cut_Offs": null, "F__of_Inside_Services": null, "F__of_Outside_Services": null, "Budgeted_In_2023_for_2024": null, "Main_Cost_1_Including_Const_OH": null, "Inspector": null, "Police": null, "Gravel_Tr_In": null, "Ledge_Removal": null, "T_M": null, "Re_Pressure_Test": null, "Extra_Restoration_Estimate_from": null, "Non_Standard_Work__Bridges__Lan": null, "Cost": null, "Construction__OVHD": null, "Engineering__Design_Cost": null, "Total_Overage": null, "Services_Cost_Including_Constr_": null, "Meters_Installation_Cost_Includ": null, "F_Total_Est__Project_Cost_Inclu": null, "LU_Design_Engineer": null, "Engineering_Consultant": null, "Notes_": "\n", "lat": 41.6870225, "lon": -71.1484714, "Mapped_address": "Rodman St & Warren St, Fall River, MA 02721, USA", "FID": 275}}, {"type": "Feature", "id": 276, "geometry": {"type": "Point", "coordinates": [-71.1484714, 41.6870225]}, "properties": {"Line__": 184, "Year": 2027, "Project_Name": "Rodman St. Main Replacement", "Address": "Warren St. (Rodman St. to Quequechann St.)", "Estimated_Cost": null, "Town": "FALL RIVER", "Reasons": "RISK & CONVERT TO 60#", "UP_or_CP": "UP", "Single_Highest_Risk_Score__on_S": "41", "Existing__Pressure": "60#", "Ex__Main_Size__in____CI___WI_": "0", "Ex__Main_Length__ft____CI___WI_": 0, "Ex__Main_Size__in____BS_": "0", "Ex__Main_Length__ft____BS_": 0, "Ex__Main_Size__in____WS__Unprot": "8\" 60#)", "Ex__Main_Length__ft____WS__Unpr": 1517, "Ex__Main_Size__in____WS__CP_Pro": 0, "Ex__Main_Length__ft____WS__CP_P": 0, "Ex__Main_Size__in____PE_": "0", "Ex__Main_Length__ft____PE_": 0, "Ex__Main_Size__in____Drisco_": "0", "Ex__Main_Length__ft____Drisco_": 0, "Ex__Main_Size__in_____Aldyl_A_": "0", "Ex__Main_Length__ft____Aldyl_A_": 0, "New_Main__for_System__Integrity": 0, "Total_GSEP_Footage__ft__": 1517, "Total_Non_GSEP_Footage__ft__": 0, "Prop__Total__Length_for__Instal": 1517, "Prop__Total__Length_for_Abandon": 1517, "F__Incidental_Pipe_Per_Project": null, "Ex__PE_Size__in____to_be_Retest": 0, "Ex__PE_Length__ft___to_be_Retes": 0, "Majority_Existing_Main_Info": "8\" (60#) WS", "Prop__Main_Size__in____PE_": 8, "Prop__Main_Pressure": "60#", "F__Replaced_Services__BS_": 0, "F__Replaced_Services__WS_": 0, "F__Replaced_Services__Drisco_": 3, "F__Replaced_Services___Aldyl_A_": 0, "F__Replaced_Services__Total_": 3, "F__Service__Transfers": 1, "Est_____Days": 12, "Est_____Extra__Days_for__Ledge_": 3, "F__of_Tie_Ins": null, "F__of_Cut_Offs": null, "F__of_Inside_Services": null, "F__of_Outside_Services": null, "Budgeted_In_2023_for_2024": null, "Main_Cost_1_Including_Const_OH": null, "Inspector": null, "Police": null, "Gravel_Tr_In": null, "Ledge_Removal": null, "T_M": null, "Re_Pressure_Test": null, "Extra_Restoration_Estimate_from": null, "Non_Standard_Work__Bridges__Lan": null, "Cost": null, "Construction__OVHD": null, "Engineering__Design_Cost": null, "Total_Overage": null, "Services_Cost_Including_Constr_": null, "Meters_Installation_Cost_Includ": null, "F_Total_Est__Project_Cost_Inclu": null, "LU_Design_Engineer": null, "Engineering_Consultant": null, "Notes_": "\n", "lat": 41.6870225, "lon": -71.1484714, "Mapped_address": "Rodman St & Warren St, Fall River, MA 02721, USA", "FID": 276}}, {"type": "Feature", "id": 277, "geometry": {"type": "Point", "coordinates": [-71.1449846, 41.6863156]}, "properties": {"Line__": 185, "Year": 2027, "Project_Name": "Rodman St. Main Replacement", "Address": "Utah St. (Warren St. to #55 Utah St.)", "Estimated_Cost": null, "Town": "FALL RIVER", "Reasons": "RISK & CONVERT TO 60#", "UP_or_CP": "UP", "Single_Highest_Risk_Score__on_S": "21", "Existing__Pressure": "Low", "Ex__Main_Size__in____CI___WI_": "0", "Ex__Main_Length__ft____CI___WI_": 0, "Ex__Main_Size__in____BS_": "0", "Ex__Main_Length__ft____BS_": 0, "Ex__Main_Size__in____WS__Unprot": "4\" (LP)", "Ex__Main_Length__ft____WS__Unpr": 33, "Ex__Main_Size__in____WS__CP_Pro": 0, "Ex__Main_Length__ft____WS__CP_P": 0, "Ex__Main_Size__in____PE_": "0", "Ex__Main_Length__ft____PE_": 0, "Ex__Main_Size__in____Drisco_": "4\" (LP)", "Ex__Main_Length__ft____Drisco_": 174, "Ex__Main_Size__in_____Aldyl_A_": "4\" (LP)", "Ex__Main_Length__ft____Aldyl_A_": 106, "New_Main__for_System__Integrity": 0, "Total_GSEP_Footage__ft__": 139, "Total_Non_GSEP_Footage__ft__": 174, "Prop__Total__Length_for__Instal": 313, "Prop__Total__Length_for_Abandon": 313, "F__Incidental_Pipe_Per_Project": null, "Ex__PE_Size__in____to_be_Retest": 0, "Ex__PE_Length__ft___to_be_Retes": 0, "Majority_Existing_Main_Info": "4\" (LP) Drisco", "Prop__Main_Size__in____PE_": 2, "Prop__Main_Pressure": "60#", "F__Replaced_Services__BS_": 0, "F__Replaced_Services__WS_": 0, "F__Replaced_Services__Drisco_": 4, "F__Replaced_Services___Aldyl_A_": 1, "F__Replaced_Services__Total_": 5, "F__Service__Transfers": 1, "Est_____Days": 5, "Est_____Extra__Days_for__Ledge_": 1, "F__of_Tie_Ins": null, "F__of_Cut_Offs": null, "F__of_Inside_Services": null, "F__of_Outside_Services": null, "Budgeted_In_2023_for_2024": null, "Main_Cost_1_Including_Const_OH": null, "Inspector": null, "Police": null, "Gravel_Tr_In": null, "Ledge_Removal": null, "T_M": null, "Re_Pressure_Test": null, "Extra_Restoration_Estimate_from": null, "Non_Standard_Work__Bridges__Lan": null, "Cost": null, "Construction__OVHD": null, "Engineering__Design_Cost": null, "Total_Overage": null, "Services_Cost_Including_Constr_": null, "Meters_Installation_Cost_Includ": null, "F_Total_Est__Project_Cost_Inclu": null, "LU_Design_Engineer": null, "Engineering_Consultant": null, "Notes_": "\n", "lat": 41.6863156, "lon": -71.1449846, "Mapped_address": "Utah St & Warren St, Fall River, MA 02721, USA", "FID": 277}}, {"type": "Feature", "id": 278, "geometry": {"type": "Point", "coordinates": [-71.1441421, 41.6861458]}, "properties": {"Line__": 186, "Year": 2027, "Project_Name": "Rodman St. Main Replacement", "Address": "Westminster St. (Warren St. to Cambridge St.)", "Estimated_Cost": null, "Town": "FALL RIVER", "Reasons": "RISK & CONVERT TO 60#", "UP_or_CP": "UP", "Single_Highest_Risk_Score__on_S": "40", "Existing__Pressure": "Low", "Ex__Main_Size__in____CI___WI_": "4\" (LP)", "Ex__Main_Length__ft____CI___WI_": 36, "Ex__Main_Size__in____BS_": "0", "Ex__Main_Length__ft____BS_": 0, "Ex__Main_Size__in____WS__Unprot": "4\" (LP)", "Ex__Main_Length__ft____WS__Unpr": 413, "Ex__Main_Size__in____WS__CP_Pro": 0, "Ex__Main_Length__ft____WS__CP_P": 0, "Ex__Main_Size__in____PE_": "0", "Ex__Main_Length__ft____PE_": 0, "Ex__Main_Size__in____Drisco_": "0", "Ex__Main_Length__ft____Drisco_": 0, "Ex__Main_Size__in_____Aldyl_A_": "0", "Ex__Main_Length__ft____Aldyl_A_": 0, "New_Main__for_System__Integrity": 0, "Total_GSEP_Footage__ft__": 449, "Total_Non_GSEP_Footage__ft__": 0, "Prop__Total__Length_for__Instal": 449, "Prop__Total__Length_for_Abandon": 449, "F__Incidental_Pipe_Per_Project": null, "Ex__PE_Size__in____to_be_Retest": 0, "Ex__PE_Length__ft___to_be_Retes": 0, "Majority_Existing_Main_Info": "4\" (LP) WS", "Prop__Main_Size__in____PE_": 2, "Prop__Main_Pressure": "60#", "F__Replaced_Services__BS_": 4, "F__Replaced_Services__WS_": 0, "F__Replaced_Services__Drisco_": 2, "F__Replaced_Services___Aldyl_A_": 1, "F__Replaced_Services__Total_": 7, "F__Service__Transfers": 1, "Est_____Days": 7, "Est_____Extra__Days_for__Ledge_": 2, "F__of_Tie_Ins": null, "F__of_Cut_Offs": null, "F__of_Inside_Services": null, "F__of_Outside_Services": null, "Budgeted_In_2023_for_2024": null, "Main_Cost_1_Including_Const_OH": null, "Inspector": null, "Police": null, "Gravel_Tr_In": null, "Ledge_Removal": null, "T_M": null, "Re_Pressure_Test": null, "Extra_Restoration_Estimate_from": null, "Non_Standard_Work__Bridges__Lan": null, "Cost": null, "Construction__OVHD": null, "Engineering__Design_Cost": null, "Total_Overage": null, "Services_Cost_Including_Constr_": null, "Meters_Installation_Cost_Includ": null, "F_Total_Est__Project_Cost_Inclu": null, "LU_Design_Engineer": null, "Engineering_Consultant": null, "Notes_": "\n", "lat": 41.6861458, "lon": -71.1441421, "Mapped_address": "Westminster St & Warren St, Fall River, MA 02721, USA", "FID": 278}}, {"type": "Feature", "id": 279, "geometry": {"type": "Point", "coordinates": [-71.1445147, 41.6849608]}, "properties": {"Line__": 187, "Year": 2027, "Project_Name": "Rodman St. Main Replacement", "Address": "Cambridge St. (Westminster St. to Jefferson St.)", "Estimated_Cost": null, "Town": "FALL RIVER", "Reasons": "RISK & CONVERT TO 60#", "UP_or_CP": "UP", "Single_Highest_Risk_Score__on_S": "27", "Existing__Pressure": "Low", "Ex__Main_Size__in____CI___WI_": "0", "Ex__Main_Length__ft____CI___WI_": 0, "Ex__Main_Size__in____BS_": "0", "Ex__Main_Length__ft____BS_": 0, "Ex__Main_Size__in____WS__Unprot": "4\" (LP)", "Ex__Main_Length__ft____WS__Unpr": 57, "Ex__Main_Size__in____WS__CP_Pro": 0, "Ex__Main_Length__ft____WS__CP_P": 0, "Ex__Main_Size__in____PE_": "0", "Ex__Main_Length__ft____PE_": 0, "Ex__Main_Size__in____Drisco_": "0", "Ex__Main_Length__ft____Drisco_": 0, "Ex__Main_Size__in_____Aldyl_A_": "4\" (LP)", "Ex__Main_Length__ft____Aldyl_A_": 194, "New_Main__for_System__Integrity": 0, "Total_GSEP_Footage__ft__": 251, "Total_Non_GSEP_Footage__ft__": 0, "Prop__Total__Length_for__Instal": 251, "Prop__Total__Length_for_Abandon": 251, "F__Incidental_Pipe_Per_Project": null, "Ex__PE_Size__in____to_be_Retest": 0, "Ex__PE_Length__ft___to_be_Retes": 0, "Majority_Existing_Main_Info": "4\" (LP) Aldyl-A", "Prop__Main_Size__in____PE_": 4, "Prop__Main_Pressure": "60#", "F__Replaced_Services__BS_": 1, "F__Replaced_Services__WS_": 0, "F__Replaced_Services__Drisco_": 1, "F__Replaced_Services___Aldyl_A_": 0, "F__Replaced_Services__Total_": 2, "F__Service__Transfers": 0, "Est_____Days": 3, "Est_____Extra__Days_for__Ledge_": 1, "F__of_Tie_Ins": null, "F__of_Cut_Offs": null, "F__of_Inside_Services": null, "F__of_Outside_Services": null, "Budgeted_In_2023_for_2024": null, "Main_Cost_1_Including_Const_OH": null, "Inspector": null, "Police": null, "Gravel_Tr_In": null, "Ledge_Removal": null, "T_M": null, "Re_Pressure_Test": null, "Extra_Restoration_Estimate_from": null, "Non_Standard_Work__Bridges__Lan": null, "Cost": null, "Construction__OVHD": null, "Engineering__Design_Cost": null, "Total_Overage": null, "Services_Cost_Including_Constr_": null, "Meters_Installation_Cost_Includ": null, "F_Total_Est__Project_Cost_Inclu": null, "LU_Design_Engineer": null, "Engineering_Consultant": null, "Notes_": "\n", "lat": 41.6849608, "lon": -71.1445147, "Mapped_address": "Westminster St & Cambridge St, Fall River, MA 02721, USA", "FID": 279}}, {"type": "Feature", "id": 280, "geometry": {"type": "Point", "coordinates": [-71.1884745, 41.6803993]}, "properties": {"Line__": 189, "Year": 2027, "Project_Name": "Woodman St. Main Replacement", "Address": "Woodman St. (Bay St. to Palm St.)", "Estimated_Cost": null, "Town": "FALL RIVER", "Reasons": "RISK & CONVERT TO 60#", "UP_or_CP": "UP", "Single_Highest_Risk_Score__on_S": "40", "Existing__Pressure": "Low", "Ex__Main_Size__in____CI___WI_": "4\" (LP)", "Ex__Main_Length__ft____CI___WI_": 26, "Ex__Main_Size__in____BS_": "0", "Ex__Main_Length__ft____BS_": 0, "Ex__Main_Size__in____WS__Unprot": "4\" (LP)", "Ex__Main_Length__ft____WS__Unpr": 834, "Ex__Main_Size__in____WS__CP_Pro": 0, "Ex__Main_Length__ft____WS__CP_P": 0, "Ex__Main_Size__in____PE_": "0", "Ex__Main_Length__ft____PE_": 0, "Ex__Main_Size__in____Drisco_": "0", "Ex__Main_Length__ft____Drisco_": 0, "Ex__Main_Size__in_____Aldyl_A_": "0", "Ex__Main_Length__ft____Aldyl_A_": 0, "New_Main__for_System__Integrity": 0, "Total_GSEP_Footage__ft__": 860, "Total_Non_GSEP_Footage__ft__": 0, "Prop__Total__Length_for__Instal": 860, "Prop__Total__Length_for_Abandon": 860, "F__Incidental_Pipe_Per_Project": "13%", "Ex__PE_Size__in____to_be_Retest": 0, "Ex__PE_Length__ft___to_be_Retes": 0, "Majority_Existing_Main_Info": "4\" (LP) WS", "Prop__Main_Size__in____PE_": 2, "Prop__Main_Pressure": "60#", "F__Replaced_Services__BS_": 9, "F__Replaced_Services__WS_": 3, "F__Replaced_Services__Drisco_": 0, "F__Replaced_Services___Aldyl_A_": 0, "F__Replaced_Services__Total_": 12, "F__Service__Transfers": 3, "Est_____Days": 12, "Est_____Extra__Days_for__Ledge_": 3, "F__of_Tie_Ins": null, "F__of_Cut_Offs": null, "F__of_Inside_Services": null, "F__of_Outside_Services": null, "Budgeted_In_2023_for_2024": null, "Main_Cost_1_Including_Const_OH": null, "Inspector": null, "Police": null, "Gravel_Tr_In": null, "Ledge_Removal": null, "T_M": null, "Re_Pressure_Test": null, "Extra_Restoration_Estimate_from": null, "Non_Standard_Work__Bridges__Lan": null, "Cost": null, "Construction__OVHD": null, "Engineering__Design_Cost": null, "Total_Overage": null, "Services_Cost_Including_Constr_": null, "Meters_Installation_Cost_Includ": null, "F_Total_Est__Project_Cost_Inclu": null, "LU_Design_Engineer": null, "Engineering_Consultant": null, "Notes_": "\n", "lat": 41.6803993, "lon": -71.1884745, "Mapped_address": "Bay St & Woodman St, Fall River, MA 02724, USA", "FID": 280}}, {"type": "Feature", "id": 281, "geometry": {"type": "Point", "coordinates": [-71.1891759, 41.680506]}, "properties": {"Line__": 190, "Year": 2027, "Project_Name": "Woodman St. Main Replacement", "Address": "Appleton St. (Woodman St. to End)", "Estimated_Cost": null, "Town": "FALL RIVER", "Reasons": "RISK & CONVERT TO 60#", "UP_or_CP": "UP", "Single_Highest_Risk_Score__on_S": "36", "Existing__Pressure": "Low", "Ex__Main_Size__in____CI___WI_": "0", "Ex__Main_Length__ft____CI___WI_": 0, "Ex__Main_Size__in____BS_": "2\" & 3\" (LP)", "Ex__Main_Length__ft____BS_": 207, "Ex__Main_Size__in____WS__Unprot": "4\" (LP)", "Ex__Main_Length__ft____WS__Unpr": 15, "Ex__Main_Size__in____WS__CP_Pro": 0, "Ex__Main_Length__ft____WS__CP_P": 0, "Ex__Main_Size__in____PE_": "0", "Ex__Main_Length__ft____PE_": 0, "Ex__Main_Size__in____Drisco_": "0", "Ex__Main_Length__ft____Drisco_": 0, "Ex__Main_Size__in_____Aldyl_A_": "0", "Ex__Main_Length__ft____Aldyl_A_": 0, "New_Main__for_System__Integrity": 0, "Total_GSEP_Footage__ft__": 222, "Total_Non_GSEP_Footage__ft__": 0, "Prop__Total__Length_for__Instal": 222, "Prop__Total__Length_for_Abandon": 222, "F__Incidental_Pipe_Per_Project": null, "Ex__PE_Size__in____to_be_Retest": 0, "Ex__PE_Length__ft___to_be_Retes": 0, "Majority_Existing_Main_Info": "2\" (LP) BS", "Prop__Main_Size__in____PE_": 2, "Prop__Main_Pressure": "60#", "F__Replaced_Services__BS_": 3, "F__Replaced_Services__WS_": 0, "F__Replaced_Services__Drisco_": 1, "F__Replaced_Services___Aldyl_A_": 0, "F__Replaced_Services__Total_": 4, "F__Service__Transfers": 2, "Est_____Days": 4, "Est_____Extra__Days_for__Ledge_": 1, "F__of_Tie_Ins": null, "F__of_Cut_Offs": null, "F__of_Inside_Services": null, "F__of_Outside_Services": null, "Budgeted_In_2023_for_2024": null, "Main_Cost_1_Including_Const_OH": null, "Inspector": null, "Police": null, "Gravel_Tr_In": null, "Ledge_Removal": null, "T_M": null, "Re_Pressure_Test": null, "Extra_Restoration_Estimate_from": null, "Non_Standard_Work__Bridges__Lan": null, "Cost": null, "Construction__OVHD": null, "Engineering__Design_Cost": null, "Total_Overage": null, "Services_Cost_Including_Constr_": null, "Meters_Installation_Cost_Includ": null, "F_Total_Est__Project_Cost_Inclu": null, "LU_Design_Engineer": null, "Engineering_Consultant": null, "Notes_": "\n", "lat": 41.680506, "lon": -71.1891759, "Mapped_address": "Appleton St & Woodman St, Fall River, MA 02724, USA", "FID": 281}}, {"type": "Feature", "id": 282, "geometry": {"type": "Point", "coordinates": [-71.1899593, 41.6806413]}, "properties": {"Line__": 191, "Year": 2027, "Project_Name": "Woodman St. Main Replacement", "Address": "Sales St. (Woodman St. to End)", "Estimated_Cost": null, "Town": "FALL RIVER", "Reasons": "RISK & CONVERT TO 60#", "UP_or_CP": "UP", "Single_Highest_Risk_Score__on_S": "31", "Existing__Pressure": "Low", "Ex__Main_Size__in____CI___WI_": "0", "Ex__Main_Length__ft____CI___WI_": 0, "Ex__Main_Size__in____BS_": "2\" & 3\" (LP)", "Ex__Main_Length__ft____BS_": 184, "Ex__Main_Size__in____WS__Unprot": "4\" (LP)", "Ex__Main_Length__ft____WS__Unpr": 15, "Ex__Main_Size__in____WS__CP_Pro": 0, "Ex__Main_Length__ft____WS__CP_P": 0, "Ex__Main_Size__in____PE_": "0", "Ex__Main_Length__ft____PE_": 0, "Ex__Main_Size__in____Drisco_": "0", "Ex__Main_Length__ft____Drisco_": 0, "Ex__Main_Size__in_____Aldyl_A_": "0", "Ex__Main_Length__ft____Aldyl_A_": 0, "New_Main__for_System__Integrity": 0, "Total_GSEP_Footage__ft__": 199, "Total_Non_GSEP_Footage__ft__": 0, "Prop__Total__Length_for__Instal": 199, "Prop__Total__Length_for_Abandon": 199, "F__Incidental_Pipe_Per_Project": null, "Ex__PE_Size__in____to_be_Retest": 0, "Ex__PE_Length__ft___to_be_Retes": 0, "Majority_Existing_Main_Info": "2\" (LP) BS", "Prop__Main_Size__in____PE_": 2, "Prop__Main_Pressure": "60#", "F__Replaced_Services__BS_": 3, "F__Replaced_Services__WS_": 0, "F__Replaced_Services__Drisco_": 1, "F__Replaced_Services___Aldyl_A_": 0, "F__Replaced_Services__Total_": 4, "F__Service__Transfers": 0, "Est_____Days": 3, "Est_____Extra__Days_for__Ledge_": 1, "F__of_Tie_Ins": null, "F__of_Cut_Offs": null, "F__of_Inside_Services": null, "F__of_Outside_Services": null, "Budgeted_In_2023_for_2024": null, "Main_Cost_1_Including_Const_OH": null, "Inspector": null, "Police": null, "Gravel_Tr_In": null, "Ledge_Removal": null, "T_M": null, "Re_Pressure_Test": null, "Extra_Restoration_Estimate_from": null, "Non_Standard_Work__Bridges__Lan": null, "Cost": null, "Construction__OVHD": null, "Engineering__Design_Cost": null, "Total_Overage": null, "Services_Cost_Including_Constr_": null, "Meters_Installation_Cost_Includ": null, "F_Total_Est__Project_Cost_Inclu": null, "LU_Design_Engineer": null, "Engineering_Consultant": null, "Notes_": "\n", "lat": 41.6806413, "lon": -71.1899593, "Mapped_address": "Sales St & Woodman St, Fall River, MA 02724, USA", "FID": 282}}, {"type": "Feature", "id": 283, "geometry": {"type": "Point", "coordinates": [-71.1289498194433, 41.7035084738962]}, "properties": {"Line__": 200, "Year": 2028, "Project_Name": "Bedford St. Main Replacement 2028", "Address": "Sherman St. (Bedford St. to Locust St.)", "Estimated_Cost": null, "Town": "FALL RIVER", "Reasons": "RISK & CONVERT TO 60#", "UP_or_CP": "UP", "Single_Highest_Risk_Score__on_S": "22", "Existing__Pressure": "Low", "Ex__Main_Size__in____CI___WI_": "4\" CI", "Ex__Main_Length__ft____CI___WI_": 523, "Ex__Main_Size__in____BS_": "4\"", "Ex__Main_Length__ft____BS_": 85, "Ex__Main_Size__in____WS__Unprot": "4\"", "Ex__Main_Length__ft____WS__Unpr": 1105, "Ex__Main_Size__in____WS__CP_Pro": 0, "Ex__Main_Length__ft____WS__CP_P": 0, "Ex__Main_Size__in____PE_": "2\"", "Ex__Main_Length__ft____PE_": 260, "Ex__Main_Size__in____Drisco_": "0", "Ex__Main_Length__ft____Drisco_": 0, "Ex__Main_Size__in_____Aldyl_A_": "0", "Ex__Main_Length__ft____Aldyl_A_": 0, "New_Main__for_System__Integrity": 0, "Total_GSEP_Footage__ft__": 1713, "Total_Non_GSEP_Footage__ft__": 260, "Prop__Total__Length_for__Instal": 1973, "Prop__Total__Length_for_Abandon": 1973, "F__Incidental_Pipe_Per_Project": null, "Ex__PE_Size__in____to_be_Retest": 0, "Ex__PE_Length__ft___to_be_Retes": 0, "Majority_Existing_Main_Info": "(LP) WS", "Prop__Main_Size__in____PE_": 2, "Prop__Main_Pressure": "60#", "F__Replaced_Services__BS_": 6, "F__Replaced_Services__WS_": 1, "F__Replaced_Services__Drisco_": 4, "F__Replaced_Services___Aldyl_A_": 3, "F__Replaced_Services__Total_": 14, "F__Service__Transfers": 1, "Est_____Days": 19, "Est_____Extra__Days_for__Ledge_": 5, "F__of_Tie_Ins": null, "F__of_Cut_Offs": null, "F__of_Inside_Services": null, "F__of_Outside_Services": null, "Budgeted_In_2023_for_2024": null, "Main_Cost_1_Including_Const_OH": null, "Inspector": null, "Police": null, "Gravel_Tr_In": null, "Ledge_Removal": null, "T_M": null, "Re_Pressure_Test": null, "Extra_Restoration_Estimate_from": null, "Non_Standard_Work__Bridges__Lan": null, "Cost": null, "Construction__OVHD": null, "Engineering__Design_Cost": null, "Total_Overage": null, "Services_Cost_Including_Constr_": null, "Meters_Installation_Cost_Includ": null, "F_Total_Est__Project_Cost_Inclu": null, "LU_Design_Engineer": null, "Engineering_Consultant": null, "Notes_": "\n", "lat": 41.7035084738962, "lon": -71.1289498194433, "Mapped_address": "Sherman St, Fall River, MA, USA", "FID": 283}}, {"type": "Feature", "id": 284, "geometry": {"type": "Point", "coordinates": [-71.1377056329354, 41.6952985390149]}, "properties": {"Line__": 214, "Year": 2028, "Project_Name": "Haffards St. Main Replacement", "Address": "N. Rocliffe St. (County St. to Doyle St.)", "Estimated_Cost": null, "Town": "FALL RIVER", "Reasons": "RISK & CONVERT TO 60#", "UP_or_CP": "CP", "Single_Highest_Risk_Score__on_S": "No Score", "Existing__Pressure": "LOW", "Ex__Main_Size__in____CI___WI_": "0", "Ex__Main_Length__ft____CI___WI_": 0, "Ex__Main_Size__in____BS_": "0", "Ex__Main_Length__ft____BS_": 0, "Ex__Main_Size__in____WS__Unprot": "0", "Ex__Main_Length__ft____WS__Unpr": 0, "Ex__Main_Size__in____WS__CP_Pro": null, "Ex__Main_Length__ft____WS__CP_P": 1379, "Ex__Main_Size__in____PE_": "4\"", "Ex__Main_Length__ft____PE_": 80, "Ex__Main_Size__in____Drisco_": "0", "Ex__Main_Length__ft____Drisco_": 0, "Ex__Main_Size__in_____Aldyl_A_": "0", "Ex__Main_Length__ft____Aldyl_A_": 0, "New_Main__for_System__Integrity": 80, "Total_GSEP_Footage__ft__": 0, "Total_Non_GSEP_Footage__ft__": 1459, "Prop__Total__Length_for__Instal": 1539, "Prop__Total__Length_for_Abandon": 1459, "F__Incidental_Pipe_Per_Project": null, "Ex__PE_Size__in____to_be_Retest": 0, "Ex__PE_Length__ft___to_be_Retes": 0, "Majority_Existing_Main_Info": "6\" WSPC (LOW)", "Prop__Main_Size__in____PE_": 2, "Prop__Main_Pressure": "60#", "F__Replaced_Services__BS_": 0, "F__Replaced_Services__WS_": 35, "F__Replaced_Services__Drisco_": 0, "F__Replaced_Services___Aldyl_A_": 1, "F__Replaced_Services__Total_": 36, "F__Service__Transfers": 0, "Est_____Days": 27, "Est_____Extra__Days_for__Ledge_": 7, "F__of_Tie_Ins": null, "F__of_Cut_Offs": null, "F__of_Inside_Services": null, "F__of_Outside_Services": null, "Budgeted_In_2023_for_2024": null, "Main_Cost_1_Including_Const_OH": null, "Inspector": null, "Police": null, "Gravel_Tr_In": null, "Ledge_Removal": null, "T_M": null, "Re_Pressure_Test": null, "Extra_Restoration_Estimate_from": null, "Non_Standard_Work__Bridges__Lan": null, "Cost": null, "Construction__OVHD": null, "Engineering__Design_Cost": null, "Total_Overage": null, "Services_Cost_Including_Constr_": null, "Meters_Installation_Cost_Includ": null, "F_Total_Est__Project_Cost_Inclu": null, "LU_Design_Engineer": null, "Engineering_Consultant": null, "Notes_": "\n", "lat": 41.6952985390149, "lon": -71.1377056329354, "Mapped_address": "N. Rocliffe St. at County St., FALL RIVER, MA, USA", "FID": 284}}, {"type": "Feature", "id": 285, "geometry": {"type": "Point", "coordinates": [-71.1534240433061, 41.7115446856821]}, "properties": {"Line__": 220, "Year": 2028, "Project_Name": "French St. Main Replacement", "Address": "French St. (N. Main St. to Highland Ave.)", "Estimated_Cost": null, "Town": "FALL RIVER", "Reasons": "RISK & CONVERT TO 60#", "UP_or_CP": "UP", "Single_Highest_Risk_Score__on_S": "44", "Existing__Pressure": "Low", "Ex__Main_Size__in____CI___WI_": "3\", 4\" & 6\" (LP)", "Ex__Main_Length__ft____CI___WI_": 1674, "Ex__Main_Size__in____BS_": "0", "Ex__Main_Length__ft____BS_": 0, "Ex__Main_Size__in____WS__Unprot": "0", "Ex__Main_Length__ft____WS__Unpr": 0, "Ex__Main_Size__in____WS__CP_Pro": 0, "Ex__Main_Length__ft____WS__CP_P": 0, "Ex__Main_Size__in____PE_": "3\", 4\" & 6\" (LP)", "Ex__Main_Length__ft____PE_": 148, "Ex__Main_Size__in____Drisco_": "0", "Ex__Main_Length__ft____Drisco_": 0, "Ex__Main_Size__in_____Aldyl_A_": "3\" (LP)", "Ex__Main_Length__ft____Aldyl_A_": 9, "New_Main__for_System__Integrity": 0, "Total_GSEP_Footage__ft__": 1683, "Total_Non_GSEP_Footage__ft__": 148, "Prop__Total__Length_for__Instal": 1831, "Prop__Total__Length_for_Abandon": 1831, "F__Incidental_Pipe_Per_Project": null, "Ex__PE_Size__in____to_be_Retest": 0, "Ex__PE_Length__ft___to_be_Retes": 0, "Majority_Existing_Main_Info": "4\" (LP) CI", "Prop__Main_Size__in____PE_": 4, "Prop__Main_Pressure": "60#", "F__Replaced_Services__BS_": 19, "F__Replaced_Services__WS_": 0, "F__Replaced_Services__Drisco_": 4, "F__Replaced_Services___Aldyl_A_": 4, "F__Replaced_Services__Total_": 27, "F__Service__Transfers": 5, "Est_____Days": 26, "Est_____Extra__Days_for__Ledge_": 6, "F__of_Tie_Ins": null, "F__of_Cut_Offs": null, "F__of_Inside_Services": null, "F__of_Outside_Services": null, "Budgeted_In_2023_for_2024": null, "Main_Cost_1_Including_Const_OH": null, "Inspector": null, "Police": null, "Gravel_Tr_In": null, "Ledge_Removal": null, "T_M": null, "Re_Pressure_Test": null, "Extra_Restoration_Estimate_from": null, "Non_Standard_Work__Bridges__Lan": null, "Cost": null, "Construction__OVHD": null, "Engineering__Design_Cost": null, "Total_Overage": null, "Services_Cost_Including_Constr_": null, "Meters_Installation_Cost_Includ": null, "F_Total_Est__Project_Cost_Inclu": null, "LU_Design_Engineer": null, "Engineering_Consultant": null, "Notes_": "\n", "lat": 41.7115446856821, "lon": -71.1534240433061, "Mapped_address": "French St, Fall River, MA 02720, USA", "FID": 285}}, {"type": "Feature", "id": 286, "geometry": {"type": "Point", "coordinates": [-71.3220716329186, 41.9812838062417]}, "properties": {"Line__": 254, "Year": 2028, "Project_Name": "Orne St. Main Replacement", "Address": "Smith St. (Grant St. to Fisher St.)", "Estimated_Cost": null, "Town": "NORTH ATTLEBORO", "Reasons": "RISK & CONVERT TO 72#", "UP_or_CP": "UP", "Single_Highest_Risk_Score__on_S": "51", "Existing__Pressure": "Low", "Ex__Main_Size__in____CI___WI_": "12\" (LP)", "Ex__Main_Length__ft____CI___WI_": 2162, "Ex__Main_Size__in____BS_": "0", "Ex__Main_Length__ft____BS_": 0, "Ex__Main_Size__in____WS__Unprot": "0", "Ex__Main_Length__ft____WS__Unpr": 0, "Ex__Main_Size__in____WS__CP_Pro": 0, "Ex__Main_Length__ft____WS__CP_P": 0, "Ex__Main_Size__in____PE_": "0", "Ex__Main_Length__ft____PE_": 0, "Ex__Main_Size__in____Drisco_": "0", "Ex__Main_Length__ft____Drisco_": 0, "Ex__Main_Size__in_____Aldyl_A_": "0", "Ex__Main_Length__ft____Aldyl_A_": 0, "New_Main__for_System__Integrity": 0, "Total_GSEP_Footage__ft__": 2162, "Total_Non_GSEP_Footage__ft__": 0, "Prop__Total__Length_for__Instal": 2162, "Prop__Total__Length_for_Abandon": 2162, "F__Incidental_Pipe_Per_Project": null, "Ex__PE_Size__in____to_be_Retest": 0, "Ex__PE_Length__ft___to_be_Retes": 0, "Majority_Existing_Main_Info": "12\" (LP) CI", "Prop__Main_Size__in____PE_": 8, "Prop__Main_Pressure": "72#", "F__Replaced_Services__BS_": 0, "F__Replaced_Services__WS_": 0, "F__Replaced_Services__Drisco_": 0, "F__Replaced_Services___Aldyl_A_": 0, "F__Replaced_Services__Total_": 0, "F__Service__Transfers": 20, "Est_____Days": 19, "Est_____Extra__Days_for__Ledge_": 5, "F__of_Tie_Ins": null, "F__of_Cut_Offs": null, "F__of_Inside_Services": null, "F__of_Outside_Services": null, "Budgeted_In_2023_for_2024": null, "Main_Cost_1_Including_Const_OH": null, "Inspector": null, "Police": null, "Gravel_Tr_In": null, "Ledge_Removal": null, "T_M": null, "Re_Pressure_Test": null, "Extra_Restoration_Estimate_from": null, "Non_Standard_Work__Bridges__Lan": null, "Cost": null, "Construction__OVHD": null, "Engineering__Design_Cost": null, "Total_Overage": null, "Services_Cost_Including_Constr_": null, "Meters_Installation_Cost_Includ": null, "F_Total_Est__Project_Cost_Inclu": null, "LU_Design_Engineer": null, "Engineering_Consultant": null, "Notes_": "\n", "lat": 41.9812838062417, "lon": -71.3220716329186, "Mapped_address": "Smith St. at Grant St., NORTH ATTLEBORO, MA, USA", "FID": 286}}, {"type": "Feature", "id": 287, "geometry": {"type": "Point", "coordinates": [-71.1263356870306, 41.6847659476804]}, "properties": {"Line__": 223, "Year": 2028, "Project_Name": "Hirst St. Main Replacement", "Address": "Walker St. (Hirst St. to Eaton St.)", "Estimated_Cost": null, "Town": "FALL RIVER", "Reasons": "RISK & CONVERT TO 60#", "UP_or_CP": "UP", "Single_Highest_Risk_Score__on_S": "40", "Existing__Pressure": "Low", "Ex__Main_Size__in____CI___WI_": "4\" (LP)", "Ex__Main_Length__ft____CI___WI_": 883, "Ex__Main_Size__in____BS_": "0", "Ex__Main_Length__ft____BS_": 0, "Ex__Main_Size__in____WS__Unprot": "0", "Ex__Main_Length__ft____WS__Unpr": 0, "Ex__Main_Size__in____WS__CP_Pro": 0, "Ex__Main_Length__ft____WS__CP_P": 0, "Ex__Main_Size__in____PE_": "0", "Ex__Main_Length__ft____PE_": 0, "Ex__Main_Size__in____Drisco_": "0", "Ex__Main_Length__ft____Drisco_": 0, "Ex__Main_Size__in_____Aldyl_A_": "0", "Ex__Main_Length__ft____Aldyl_A_": 0, "New_Main__for_System__Integrity": 0, "Total_GSEP_Footage__ft__": 883, "Total_Non_GSEP_Footage__ft__": 0, "Prop__Total__Length_for__Instal": 883, "Prop__Total__Length_for_Abandon": 883, "F__Incidental_Pipe_Per_Project": null, "Ex__PE_Size__in____to_be_Retest": 0, "Ex__PE_Length__ft___to_be_Retes": 0, "Majority_Existing_Main_Info": "4\" (LP) CI", "Prop__Main_Size__in____PE_": 4, "Prop__Main_Pressure": "60#", "F__Replaced_Services__BS_": 12, "F__Replaced_Services__WS_": 0, "F__Replaced_Services__Drisco_": 3, "F__Replaced_Services___Aldyl_A_": 3, "F__Replaced_Services__Total_": 18, "F__Service__Transfers": 8, "Est_____Days": 17, "Est_____Extra__Days_for__Ledge_": 4, "F__of_Tie_Ins": null, "F__of_Cut_Offs": null, "F__of_Inside_Services": null, "F__of_Outside_Services": null, "Budgeted_In_2023_for_2024": null, "Main_Cost_1_Including_Const_OH": null, "Inspector": null, "Police": null, "Gravel_Tr_In": null, "Ledge_Removal": null, "T_M": null, "Re_Pressure_Test": null, "Extra_Restoration_Estimate_from": null, "Non_Standard_Work__Bridges__Lan": null, "Cost": null, "Construction__OVHD": null, "Engineering__Design_Cost": null, "Total_Overage": null, "Services_Cost_Including_Constr_": null, "Meters_Installation_Cost_Includ": null, "F_Total_Est__Project_Cost_Inclu": null, "LU_Design_Engineer": null, "Engineering_Consultant": null, "Notes_": "\n", "lat": 41.6847659476804, "lon": -71.1263356870306, "Mapped_address": "Walker St. at Hirst St., FALL RIVER, MA, USA", "FID": 287}}, {"type": "Feature", "id": 288, "geometry": {"type": "Point", "coordinates": [-71.1668243041005, 41.6739755027455]}, "properties": {"Line__": 226, "Year": 2028, "Project_Name": "Laurel St. Main Replacement ", "Address": "Newton St. West (Laurel St. to End)", "Estimated_Cost": null, "Town": "FALL RIVER", "Reasons": "RISK & CONVERT TO 60#", "UP_or_CP": "UP", "Single_Highest_Risk_Score__on_S": "No Score", "Existing__Pressure": "Low", "Ex__Main_Size__in____CI___WI_": "0", "Ex__Main_Length__ft____CI___WI_": 0, "Ex__Main_Size__in____BS_": "0", "Ex__Main_Length__ft____BS_": 0, "Ex__Main_Size__in____WS__Unprot": "0", "Ex__Main_Length__ft____WS__Unpr": 0, "Ex__Main_Size__in____WS__CP_Pro": 0, "Ex__Main_Length__ft____WS__CP_P": 0, "Ex__Main_Size__in____PE_": "4\" (LP)", "Ex__Main_Length__ft____PE_": 4, "Ex__Main_Size__in____Drisco_": "0", "Ex__Main_Length__ft____Drisco_": 0, "Ex__Main_Size__in_____Aldyl_A_": "4\" (LP)", "Ex__Main_Length__ft____Aldyl_A_": 234, "New_Main__for_System__Integrity": 0, "Total_GSEP_Footage__ft__": 234, "Total_Non_GSEP_Footage__ft__": 4, "Prop__Total__Length_for__Instal": 238, "Prop__Total__Length_for_Abandon": 238, "F__Incidental_Pipe_Per_Project": null, "Ex__PE_Size__in____to_be_Retest": 0, "Ex__PE_Length__ft___to_be_Retes": 0, "Majority_Existing_Main_Info": "4\" (LP) Aldyl-A", "Prop__Main_Size__in____PE_": 2, "Prop__Main_Pressure": "60#", "F__Replaced_Services__BS_": 0, "F__Replaced_Services__WS_": 0, "F__Replaced_Services__Drisco_": 2, "F__Replaced_Services___Aldyl_A_": 0, "F__Replaced_Services__Total_": 2, "F__Service__Transfers": 0, "Est_____Days": 3, "Est_____Extra__Days_for__Ledge_": 1, "F__of_Tie_Ins": null, "F__of_Cut_Offs": null, "F__of_Inside_Services": null, "F__of_Outside_Services": null, "Budgeted_In_2023_for_2024": null, "Main_Cost_1_Including_Const_OH": null, "Inspector": null, "Police": null, "Gravel_Tr_In": null, "Ledge_Removal": null, "T_M": null, "Re_Pressure_Test": null, "Extra_Restoration_Estimate_from": null, "Non_Standard_Work__Bridges__Lan": null, "Cost": null, "Construction__OVHD": null, "Engineering__Design_Cost": null, "Total_Overage": null, "Services_Cost_Including_Constr_": null, "Meters_Installation_Cost_Includ": null, "F_Total_Est__Project_Cost_Inclu": null, "LU_Design_Engineer": "Matt Sullivan", "Engineering_Consultant": "Cornerstone", "Notes_": "Risk based project.\n", "lat": 41.6739755027455, "lon": -71.1668243041005, "Mapped_address": "Newton St. West at Laurel St., FALL RIVER, MA, USA", "FID": 288}}, {"type": "Feature", "id": 289, "geometry": {"type": "Point", "coordinates": [-71.3276663463065, 41.9827353460297]}, "properties": {"Line__": 251, "Year": 2028, "Project_Name": "Orne St. Main Replacement", "Address": "Orne Ext. (Orne St. to #6 Orne Ext.)", "Estimated_Cost": null, "Town": "NORTH ATTLEBORO", "Reasons": "RISK & CONVERT TO 72#", "UP_or_CP": "UP", "Single_Highest_Risk_Score__on_S": "34", "Existing__Pressure": "Low", "Ex__Main_Size__in____CI___WI_": "0", "Ex__Main_Length__ft____CI___WI_": 0, "Ex__Main_Size__in____BS_": "2\" (LP)", "Ex__Main_Length__ft____BS_": 140, "Ex__Main_Size__in____WS__Unprot": "0", "Ex__Main_Length__ft____WS__Unpr": 0, "Ex__Main_Size__in____WS__CP_Pro": 0, "Ex__Main_Length__ft____WS__CP_P": 0, "Ex__Main_Size__in____PE_": "0", "Ex__Main_Length__ft____PE_": 0, "Ex__Main_Size__in____Drisco_": "0", "Ex__Main_Length__ft____Drisco_": 0, "Ex__Main_Size__in_____Aldyl_A_": "0", "Ex__Main_Length__ft____Aldyl_A_": 0, "New_Main__for_System__Integrity": 0, "Total_GSEP_Footage__ft__": 140, "Total_Non_GSEP_Footage__ft__": 0, "Prop__Total__Length_for__Instal": 140, "Prop__Total__Length_for_Abandon": 140, "F__Incidental_Pipe_Per_Project": null, "Ex__PE_Size__in____to_be_Retest": 0, "Ex__PE_Length__ft___to_be_Retes": 0, "Majority_Existing_Main_Info": "2\" (LP) BS", "Prop__Main_Size__in____PE_": 2, "Prop__Main_Pressure": "72#", "F__Replaced_Services__BS_": 1, "F__Replaced_Services__WS_": 0, "F__Replaced_Services__Drisco_": 0, "F__Replaced_Services___Aldyl_A_": 0, "F__Replaced_Services__Total_": 1, "F__Service__Transfers": 1, "Est_____Days": 2, "Est_____Extra__Days_for__Ledge_": 0, "F__of_Tie_Ins": null, "F__of_Cut_Offs": null, "F__of_Inside_Services": null, "F__of_Outside_Services": null, "Budgeted_In_2023_for_2024": null, "Main_Cost_1_Including_Const_OH": null, "Inspector": null, "Police": null, "Gravel_Tr_In": null, "Ledge_Removal": null, "T_M": null, "Re_Pressure_Test": null, "Extra_Restoration_Estimate_from": null, "Non_Standard_Work__Bridges__Lan": null, "Cost": null, "Construction__OVHD": null, "Engineering__Design_Cost": null, "Total_Overage": null, "Services_Cost_Including_Constr_": null, "Meters_Installation_Cost_Includ": null, "F_Total_Est__Project_Cost_Inclu": null, "LU_Design_Engineer": null, "Engineering_Consultant": null, "Notes_": "\n", "lat": 41.9827353460297, "lon": -71.3276663463065, "Mapped_address": "Orne Ext. at Orne St., NORTH ATTLEBORO, MA, USA", "FID": 289}}, {"type": "Feature", "id": 290, "geometry": {"type": "Point", "coordinates": [-71.1636208464277, 41.6826548131068]}, "properties": {"Line__": 236, "Year": 2028, "Project_Name": "Miller St. Main Replacement", "Address": "Miller St. (Rhode Island Ave. to Stafford Rd.)", "Estimated_Cost": null, "Town": "FALL RIVER", "Reasons": "RISK & CONVERT TO 60#", "UP_or_CP": "UP", "Single_Highest_Risk_Score__on_S": "44", "Existing__Pressure": "Low", "Ex__Main_Size__in____CI___WI_": "6\" (LP)", "Ex__Main_Length__ft____CI___WI_": 1197, "Ex__Main_Size__in____BS_": "0", "Ex__Main_Length__ft____BS_": 0, "Ex__Main_Size__in____WS__Unprot": "12\" (LP)", "Ex__Main_Length__ft____WS__Unpr": 2502, "Ex__Main_Size__in____WS__CP_Pro": 0, "Ex__Main_Length__ft____WS__CP_P": 0, "Ex__Main_Size__in____PE_": "6\" (LP)", "Ex__Main_Length__ft____PE_": 15, "Ex__Main_Size__in____Drisco_": "0", "Ex__Main_Length__ft____Drisco_": 0, "Ex__Main_Size__in_____Aldyl_A_": "0", "Ex__Main_Length__ft____Aldyl_A_": 0, "New_Main__for_System__Integrity": 0, "Total_GSEP_Footage__ft__": 3699, "Total_Non_GSEP_Footage__ft__": 15, "Prop__Total__Length_for__Instal": 3714, "Prop__Total__Length_for_Abandon": 3714, "F__Incidental_Pipe_Per_Project": null, "Ex__PE_Size__in____to_be_Retest": 0, "Ex__PE_Length__ft___to_be_Retes": 0, "Majority_Existing_Main_Info": "12\" (LP) WS", "Prop__Main_Size__in____PE_": 6, "Prop__Main_Pressure": "60#", "F__Replaced_Services__BS_": 8, "F__Replaced_Services__WS_": 4, "F__Replaced_Services__Drisco_": 5, "F__Replaced_Services___Aldyl_A_": 1, "F__Replaced_Services__Total_": 18, "F__Service__Transfers": 21, "Est_____Days": 37, "Est_____Extra__Days_for__Ledge_": 9, "F__of_Tie_Ins": null, "F__of_Cut_Offs": null, "F__of_Inside_Services": null, "F__of_Outside_Services": null, "Budgeted_In_2023_for_2024": null, "Main_Cost_1_Including_Const_OH": null, "Inspector": null, "Police": null, "Gravel_Tr_In": null, "Ledge_Removal": null, "T_M": null, "Re_Pressure_Test": null, "Extra_Restoration_Estimate_from": null, "Non_Standard_Work__Bridges__Lan": null, "Cost": null, "Construction__OVHD": null, "Engineering__Design_Cost": null, "Total_Overage": null, "Services_Cost_Including_Constr_": null, "Meters_Installation_Cost_Includ": null, "F_Total_Est__Project_Cost_Inclu": null, "LU_Design_Engineer": null, "Engineering_Consultant": null, "Notes_": "\n", "lat": 41.6826548131068, "lon": -71.1636208464277, "Mapped_address": "Miller St. at Rhode Island Ave., FALL RIVER, MA, USA", "FID": 290}}, {"type": "Feature", "id": 291, "geometry": {"type": "Point", "coordinates": [-71.1574722596567, 41.7254381632628]}, "properties": {"Line__": 258, "Year": 2028, "Project_Name": "Wilbur Ave. SOM Main Replacement", "Address": "Riverside Ave. (Slades Ferry Bl. to PE @ #537 Riversdie Ave.)", "Estimated_Cost": null, "Town": "SOMERSET", "Reasons": "RISK", "UP_or_CP": "UP", "Single_Highest_Risk_Score__on_S": "46", "Existing__Pressure": "60#", "Ex__Main_Size__in____CI___WI_": "0", "Ex__Main_Length__ft____CI___WI_": 0, "Ex__Main_Size__in____BS_": "4\" (60#)", "Ex__Main_Length__ft____BS_": 307, "Ex__Main_Size__in____WS__Unprot": "4\" (60#)", "Ex__Main_Length__ft____WS__Unpr": 15, "Ex__Main_Size__in____WS__CP_Pro": 0, "Ex__Main_Length__ft____WS__CP_P": 0, "Ex__Main_Size__in____PE_": "4\" (60#)", "Ex__Main_Length__ft____PE_": 7, "Ex__Main_Size__in____Drisco_": "0", "Ex__Main_Length__ft____Drisco_": 0, "Ex__Main_Size__in_____Aldyl_A_": "0", "Ex__Main_Length__ft____Aldyl_A_": 0, "New_Main__for_System__Integrity": 0, "Total_GSEP_Footage__ft__": 322, "Total_Non_GSEP_Footage__ft__": 7, "Prop__Total__Length_for__Instal": 329, "Prop__Total__Length_for_Abandon": 329, "F__Incidental_Pipe_Per_Project": null, "Ex__PE_Size__in____to_be_Retest": 0, "Ex__PE_Length__ft___to_be_Retes": 0, "Majority_Existing_Main_Info": "4\" (60#) WS", "Prop__Main_Size__in____PE_": 6, "Prop__Main_Pressure": "60#", "F__Replaced_Services__BS_": 0, "F__Replaced_Services__WS_": 1, "F__Replaced_Services__Drisco_": 1, "F__Replaced_Services___Aldyl_A_": 0, "F__Replaced_Services__Total_": 2, "F__Service__Transfers": 0, "Est_____Days": 3, "Est_____Extra__Days_for__Ledge_": 0, "F__of_Tie_Ins": null, "F__of_Cut_Offs": null, "F__of_Inside_Services": null, "F__of_Outside_Services": null, "Budgeted_In_2023_for_2024": null, "Main_Cost_1_Including_Const_OH": null, "Inspector": null, "Police": null, "Gravel_Tr_In": null, "Ledge_Removal": null, "T_M": null, "Re_Pressure_Test": null, "Extra_Restoration_Estimate_from": null, "Non_Standard_Work__Bridges__Lan": null, "Cost": null, "Construction__OVHD": null, "Engineering__Design_Cost": null, "Total_Overage": null, "Services_Cost_Including_Constr_": null, "Meters_Installation_Cost_Includ": null, "F_Total_Est__Project_Cost_Inclu": null, "LU_Design_Engineer": null, "Engineering_Consultant": null, "Notes_": "\n", "lat": 41.7254381632628, "lon": -71.1574722596567, "Mapped_address": "Riverside Ave. at Slades Ferry Bl., SOMERSET, MA, USA", "FID": 291}}, {"type": "Feature", "id": 292, "geometry": {"type": "Point", "coordinates": [-71.1685252278947, 41.7199060560556]}, "properties": {"Line__": 261, "Year": 2028, "Project_Name": "Wilbur Ave. SOM Main Replacement", "Address": "Francis St. (Wilbur Ave to #111R Franics St.)", "Estimated_Cost": null, "Town": "SOMERSET", "Reasons": "RISK", "UP_or_CP": "UP", "Single_Highest_Risk_Score__on_S": "30", "Existing__Pressure": "60#", "Ex__Main_Size__in____CI___WI_": "0", "Ex__Main_Length__ft____CI___WI_": 0, "Ex__Main_Size__in____BS_": "0", "Ex__Main_Length__ft____BS_": 0, "Ex__Main_Size__in____WS__Unprot": "3\" (60#)", "Ex__Main_Length__ft____WS__Unpr": 438, "Ex__Main_Size__in____WS__CP_Pro": 0, "Ex__Main_Length__ft____WS__CP_P": 0, "Ex__Main_Size__in____PE_": "0", "Ex__Main_Length__ft____PE_": 0, "Ex__Main_Size__in____Drisco_": "0", "Ex__Main_Length__ft____Drisco_": 0, "Ex__Main_Size__in_____Aldyl_A_": "0", "Ex__Main_Length__ft____Aldyl_A_": 0, "New_Main__for_System__Integrity": 65, "Total_GSEP_Footage__ft__": 438, "Total_Non_GSEP_Footage__ft__": 0, "Prop__Total__Length_for__Instal": 503, "Prop__Total__Length_for_Abandon": 438, "F__Incidental_Pipe_Per_Project": null, "Ex__PE_Size__in____to_be_Retest": 0, "Ex__PE_Length__ft___to_be_Retes": 0, "Majority_Existing_Main_Info": "3\" (60#) WS", "Prop__Main_Size__in____PE_": 4, "Prop__Main_Pressure": "60#", "F__Replaced_Services__BS_": 1, "F__Replaced_Services__WS_": 2, "F__Replaced_Services__Drisco_": 1, "F__Replaced_Services___Aldyl_A_": 1, "F__Replaced_Services__Total_": 5, "F__Service__Transfers": 3, "Est_____Days": 6, "Est_____Extra__Days_for__Ledge_": 0, "F__of_Tie_Ins": null, "F__of_Cut_Offs": null, "F__of_Inside_Services": null, "F__of_Outside_Services": null, "Budgeted_In_2023_for_2024": null, "Main_Cost_1_Including_Const_OH": null, "Inspector": null, "Police": null, "Gravel_Tr_In": null, "Ledge_Removal": null, "T_M": null, "Re_Pressure_Test": null, "Extra_Restoration_Estimate_from": null, "Non_Standard_Work__Bridges__Lan": null, "Cost": null, "Construction__OVHD": null, "Engineering__Design_Cost": null, "Total_Overage": null, "Services_Cost_Including_Constr_": null, "Meters_Installation_Cost_Includ": null, "F_Total_Est__Project_Cost_Inclu": null, "LU_Design_Engineer": null, "Engineering_Consultant": null, "Notes_": "\n", "lat": 41.7199060560556, "lon": -71.1685252278947, "Mapped_address": "Francis St. at Wilbur Ave, SOMERSET, MA, USA", "FID": 292}}]}