{"type": "FeatureCollection", "features": [{"type": "Feature", "id": 1, "geometry": {"type": "Point", "coordinates": [-71.7783037934496, 42.5603628349399]}, "properties": {"Line__": 93, "Year": "2026", "Street": "Longedge Ave", "Project__": null, "Project_Name": null, "Town": "Fitchburg", "From_": "Abbott Ave", "To_": "EOM", "Duration_Crew_Days": null, "Proposed_Abandon_Footage": 747, "Abandonment_Size": 4, "Abandonment_Material": "CI", "Installed_Pipe_Size": "2", "Install_Footage": "746", "Installed_Material": "HDPE", "Uprate_Footage": null, "MAOP_Increase": "99PSIG", "Current_MAOP_of_System": "14\"WC", "New_MAOP_of_System": "99PSIG", "Essential_Non_Essential": "Not Evaluated", "No_of_Services": 19, "Total_Meter_Count": 19, "RISK_MODEL_SCORE": 11.5, "Project_Driver__Paving__Encroac": null, "Project_Comments_Justification": null, "Total_Cost_": "\n", "lat": 42.5603628349399, "lon": -71.7783037934496, "Mapped_address": "Abbott Ave & Longedge Ave, Fitchburg, MA, USA", "FID": 1}}, {"type": "Feature", "id": 2, "geometry": {"type": "Point", "coordinates": [-71.7791879858388, 42.56179545274]}, "properties": {"Line__": 91, "Year": "2026", "Street": "Abbott Ave", "Project__": 2, "Project_Name": "Abbott Ave Area", "Town": "Fitchburg", "From_": "Water St", "To_": "EOM", "Duration_Crew_Days": 130, "Proposed_Abandon_Footage": 1700, "Abandonment_Size": 4, "Abandonment_Material": "CI", "Installed_Pipe_Size": "2", "Install_Footage": "1900", "Installed_Material": "HDPE", "Uprate_Footage": null, "MAOP_Increase": "99PSIG", "Current_MAOP_of_System": "14\"WC", "New_MAOP_of_System": "99PSIG", "Essential_Non_Essential": "Not Evaluated", "No_of_Services": 13, "Total_Meter_Count": 16, "RISK_MODEL_SCORE": 28.8, "Project_Driver__Paving__Encroac": "Project driver is risk score and potential municipal paving", "Project_Comments_Justification": "Project driver is risk score and potential municipal paving", "Total_Cost_": " $ 2,447,055.00 \n", "lat": 42.56179545274, "lon": -71.7791879858388, "Mapped_address": "Abbott Ave & Water St, Fitchburg, MA, USA", "FID": 2}}, {"type": "Feature", "id": 3, "geometry": {"type": "Point", "coordinates": [-71.9860332352339, 42.5795594834586]}, "properties": {"Line__": 75, "Year": "2026", "Street": "Pearl St", "Project__": null, "Project_Name": null, "Town": "Gardner", "From_": "Central St", "To_": "Blanchard St", "Duration_Crew_Days": null, "Proposed_Abandon_Footage": 504, "Abandonment_Size": 4, "Abandonment_Material": "WI", "Installed_Pipe_Size": "N/A", "Install_Footage": "N/A", "Installed_Material": "N/A", "Uprate_Footage": null, "MAOP_Increase": "99PSIG", "Current_MAOP_of_System": "14\"WC", "New_MAOP_of_System": "99PSIG", "Essential_Non_Essential": "Essential", "No_of_Services": 0, "Total_Meter_Count": 0, "RISK_MODEL_SCORE": 0, "Project_Driver__Paving__Encroac": null, "Project_Comments_Justification": null, "Total_Cost_": "\n", "lat": 42.5795594834586, "lon": -71.9860332352339, "Mapped_address": "Pearl St & Central St, Gardner, MA, USA", "FID": 3}}, {"type": "Feature", "id": 4, "geometry": {"type": "Point", "coordinates": [-71.8005015463747, 42.578998973902]}, "properties": {"Line__": 103, "Year": "2026", "Street": "Milk St", "Project__": null, "Project_Name": null, "Town": "Fitchburg", "From_": "Winthrop St", "To_": "Charles St", "Duration_Crew_Days": null, "Proposed_Abandon_Footage": 430, "Abandonment_Size": 4, "Abandonment_Material": "CI", "Installed_Pipe_Size": "2", "Install_Footage": "430", "Installed_Material": "HDPE", "Uprate_Footage": null, "MAOP_Increase": "99PSIG", "Current_MAOP_of_System": "14\"WC", "New_MAOP_of_System": "99PSIG", "Essential_Non_Essential": "Not Evaluated", "No_of_Services": null, "Total_Meter_Count": null, "RISK_MODEL_SCORE": null, "Project_Driver__Paving__Encroac": null, "Project_Comments_Justification": null, "Total_Cost_": "\n", "lat": 42.578998973902, "lon": -71.8005015463747, "Mapped_address": "Milk St & Winthrop St, Fitchburg, MA, USA", "FID": 4}}, {"type": "Feature", "id": 5, "geometry": {"type": "Point", "coordinates": [-71.9804359958755, 42.5577415547353]}, "properties": {"Line__": 142, "Year": "2026", "Street": "E Broadway", "Project__": null, "Project_Name": null, "Town": "Gardner", "From_": "S Main St", "To_": "High St", "Duration_Crew_Days": null, "Proposed_Abandon_Footage": 294, "Abandonment_Size": 6, "Abandonment_Material": "BS", "Installed_Pipe_Size": "2", "Install_Footage": "246", "Installed_Material": "HDPE", "Uprate_Footage": 353, "MAOP_Increase": "99PSIG", "Current_MAOP_of_System": "14\"WC", "New_MAOP_of_System": "99PSIG", "Essential_Non_Essential": "Not Evaluated", "No_of_Services": 13, "Total_Meter_Count": 21, "RISK_MODEL_SCORE": 16.8, "Project_Driver__Paving__Encroac": null, "Project_Comments_Justification": null, "Total_Cost_": "\n", "lat": 42.5577415547353, "lon": -71.9804359958755, "Mapped_address": "E Broadway & S Main St, Gardner, MA, USA", "FID": 5}}, {"type": "Feature", "id": 6, "geometry": {"type": "Point", "coordinates": [-71.7920957, 42.5772076]}, "properties": {"Line__": 79, "Year": "2026", "Street": "Granite St", "Project__": 1, "Project_Name": "Granite St Area", "Town": "Fitchburg", "From_": "WaterSt", "To_": "Salem St", "Duration_Crew_Days": 170, "Proposed_Abandon_Footage": 412, "Abandonment_Size": 4, "Abandonment_Material": "CI", "Installed_Pipe_Size": "2", "Install_Footage": "412", "Installed_Material": "HDPE", "Uprate_Footage": null, "MAOP_Increase": "99PSIG", "Current_MAOP_of_System": "14\"WC", "New_MAOP_of_System": "99PSIG", "Essential_Non_Essential": "Not Evaluated", "No_of_Services": 7, "Total_Meter_Count": 20, "RISK_MODEL_SCORE": 7.74, "Project_Driver__Paving__Encroac": "Project driver is risk score and municipal paving projects", "Project_Comments_Justification": "Project driver is risk score and municipal paving projects", "Total_Cost_": " $ 3,531,543.00 \n", "lat": 42.5772076, "lon": -71.7920957, "Mapped_address": "Water St & Granite St, Fitchburg, MA 01420, USA", "FID": 6}}, {"type": "Feature", "id": 7, "geometry": {"type": "Point", "coordinates": [-71.7937453, 42.5769241]}, "properties": {"Line__": 80, "Year": "2026", "Street": "Salem St", "Project__": null, "Project_Name": null, "Town": "Fitchburg", "From_": "Granite St", "To_": "Canton St", "Duration_Crew_Days": null, "Proposed_Abandon_Footage": 1346, "Abandonment_Size": 4, "Abandonment_Material": "CI", "Installed_Pipe_Size": "2", "Install_Footage": "1346", "Installed_Material": "HDPE", "Uprate_Footage": null, "MAOP_Increase": "99PSIG", "Current_MAOP_of_System": "14\"WC", "New_MAOP_of_System": "99PSIG", "Essential_Non_Essential": "Not Evaluated", "No_of_Services": 17, "Total_Meter_Count": 31, "RISK_MODEL_SCORE": 19.57, "Project_Driver__Paving__Encroac": null, "Project_Comments_Justification": null, "Total_Cost_": "\n", "lat": 42.5769241, "lon": -71.7937453, "Mapped_address": "Salem St & Granite St, Fitchburg, MA 01420, USA", "FID": 7}}, {"type": "Feature", "id": 8, "geometry": {"type": "Point", "coordinates": [-71.7914312, 42.5730902]}, "properties": {"Line__": 81, "Year": "2026", "Street": "Heywood St", "Project__": null, "Project_Name": null, "Town": "Fitchburg", "From_": "Salem St", "To_": "33 Heywood St", "Duration_Crew_Days": null, "Proposed_Abandon_Footage": 108, "Abandonment_Size": 4, "Abandonment_Material": "CI", "Installed_Pipe_Size": "2", "Install_Footage": "107", "Installed_Material": "HDPE", "Uprate_Footage": 625, "MAOP_Increase": "99PSIG", "Current_MAOP_of_System": "14\"WC", "New_MAOP_of_System": "99PSIG", "Essential_Non_Essential": "Not Evaluated", "No_of_Services": 11, "Total_Meter_Count": 14, "RISK_MODEL_SCORE": 7.74, "Project_Driver__Paving__Encroac": null, "Project_Comments_Justification": null, "Total_Cost_": "\n", "lat": 42.5730902, "lon": -71.7914312, "Mapped_address": "Heywood St & Salem St, Fitchburg, MA 01420, USA", "FID": 8}}, {"type": "Feature", "id": 9, "geometry": {"type": "Point", "coordinates": [-71.7921285, 42.5726591]}, "properties": {"Line__": 82, "Year": "2026", "Street": "Belmont St", "Project__": null, "Project_Name": null, "Town": "Fitchburg", "From_": "Heywood St", "To_": "#64 Belmont St", "Duration_Crew_Days": null, "Proposed_Abandon_Footage": null, "Abandonment_Size": null, "Abandonment_Material": "N/A", "Installed_Pipe_Size": "N/A", "Install_Footage": "N/A", "Installed_Material": null, "Uprate_Footage": 655, "MAOP_Increase": "99PSIG", "Current_MAOP_of_System": "14\"WC", "New_MAOP_of_System": "99PSIG", "Essential_Non_Essential": "Not Evaluated", "No_of_Services": 15, "Total_Meter_Count": 19, "RISK_MODEL_SCORE": 0, "Project_Driver__Paving__Encroac": null, "Project_Comments_Justification": null, "Total_Cost_": "\n", "lat": 42.5726591, "lon": -71.7921285, "Mapped_address": "Belmont St & Heywood St, Fitchburg, MA 01420, USA", "FID": 9}}, {"type": "Feature", "id": 10, "geometry": {"type": "Point", "coordinates": [-71.7916153, 42.5765147]}, "properties": {"Line__": 83, "Year": "2026", "Street": "Spruce St", "Project__": null, "Project_Name": null, "Town": "Fitchburg", "From_": "Water St", "To_": "Salem St", "Duration_Crew_Days": null, "Proposed_Abandon_Footage": 358, "Abandonment_Size": 4, "Abandonment_Material": "CI", "Installed_Pipe_Size": "2", "Install_Footage": "358", "Installed_Material": "HDPE", "Uprate_Footage": 590, "MAOP_Increase": "99PSIG", "Current_MAOP_of_System": "14\"WC", "New_MAOP_of_System": "99PSIG", "Essential_Non_Essential": "Not Evaluated", "No_of_Services": 17, "Total_Meter_Count": 34, "RISK_MODEL_SCORE": 33.62, "Project_Driver__Paving__Encroac": null, "Project_Comments_Justification": null, "Total_Cost_": "\n", "lat": 42.5765147, "lon": -71.7916153, "Mapped_address": "Water St & Spruce St, Fitchburg, MA 01420, USA", "FID": 10}}, {"type": "Feature", "id": 11, "geometry": {"type": "Point", "coordinates": [-71.7942766, 42.5760191]}, "properties": {"Line__": 84, "Year": "2026", "Street": "Providence St", "Project__": null, "Project_Name": null, "Town": "Fitchburg", "From_": "Spruce St", "To_": "EOM", "Duration_Crew_Days": null, "Proposed_Abandon_Footage": null, "Abandonment_Size": null, "Abandonment_Material": "N/A", "Installed_Pipe_Size": "N/A", "Install_Footage": null, "Installed_Material": null, "Uprate_Footage": 140, "MAOP_Increase": "99PSIG", "Current_MAOP_of_System": "14\"WC", "New_MAOP_of_System": "99PSIG", "Essential_Non_Essential": "Not Evaluated", "No_of_Services": 3, "Total_Meter_Count": 5, "RISK_MODEL_SCORE": 0, "Project_Driver__Paving__Encroac": null, "Project_Comments_Justification": null, "Total_Cost_": "\n", "lat": 42.5760191, "lon": -71.7942766, "Mapped_address": "Spruce St & Providence St, Fitchburg, MA 01420, USA", "FID": 11}}, {"type": "Feature", "id": 12, "geometry": {"type": "Point", "coordinates": [-71.792392, 42.576252]}, "properties": {"Line__": 85, "Year": "2026", "Street": "Hale St", "Project__": null, "Project_Name": null, "Town": "Fitchburg", "From_": "Spruce St", "To_": "Lynn St", "Duration_Crew_Days": null, "Proposed_Abandon_Footage": 430, "Abandonment_Size": 4, "Abandonment_Material": "CI", "Installed_Pipe_Size": "2", "Install_Footage": "430", "Installed_Material": "HDPE", "Uprate_Footage": null, "MAOP_Increase": "99PSIG", "Current_MAOP_of_System": "14\"WC", "New_MAOP_of_System": "99PSIG", "Essential_Non_Essential": "Not Evaluated", "No_of_Services": 9, "Total_Meter_Count": 20, "RISK_MODEL_SCORE": 7.74, "Project_Driver__Paving__Encroac": null, "Project_Comments_Justification": null, "Total_Cost_": "\n", "lat": 42.576252, "lon": -71.792392, "Mapped_address": "Hale St & Spruce St, Fitchburg, MA 01420, USA", "FID": 12}}, {"type": "Feature", "id": 13, "geometry": {"type": "Point", "coordinates": [-71.7917657, 42.5752933]}, "properties": {"Line__": 86, "Year": "2026", "Street": "Lynn St", "Project__": null, "Project_Name": null, "Town": "Fitchburg", "From_": "Hale St", "To_": "EOM", "Duration_Crew_Days": null, "Proposed_Abandon_Footage": 156, "Abandonment_Size": 4, "Abandonment_Material": "CI", "Installed_Pipe_Size": "2", "Install_Footage": "156", "Installed_Material": "HDPE", "Uprate_Footage": null, "MAOP_Increase": "99PSIG", "Current_MAOP_of_System": "14\"WC", "New_MAOP_of_System": "99PSIG", "Essential_Non_Essential": "Not Evaluated", "No_of_Services": 3, "Total_Meter_Count": 6, "RISK_MODEL_SCORE": 7.74, "Project_Driver__Paving__Encroac": null, "Project_Comments_Justification": null, "Total_Cost_": "\n", "lat": 42.5752933, "lon": -71.7917657, "Mapped_address": "Hale St & Lynn St, Fitchburg, MA 01420, USA", "FID": 13}}, {"type": "Feature", "id": 14, "geometry": {"type": "Point", "coordinates": [-71.7940858, 42.5743106]}, "properties": {"Line__": 87, "Year": "2026", "Street": "Cliff St", "Project__": null, "Project_Name": null, "Town": "Fitchburg", "From_": "Beekman St", "To_": "EOM", "Duration_Crew_Days": null, "Proposed_Abandon_Footage": 463, "Abandonment_Size": 4, "Abandonment_Material": "CI", "Installed_Pipe_Size": "2", "Install_Footage": "463", "Installed_Material": "HDPE", "Uprate_Footage": null, "MAOP_Increase": "99PSIG", "Current_MAOP_of_System": "14\"WC", "New_MAOP_of_System": "99PSIG", "Essential_Non_Essential": "Not Evaluated", "No_of_Services": 10, "Total_Meter_Count": 22, "RISK_MODEL_SCORE": 7.74, "Project_Driver__Paving__Encroac": null, "Project_Comments_Justification": null, "Total_Cost_": "\n", "lat": 42.5743106, "lon": -71.7940858, "Mapped_address": "Beekman St & Cliff St, Fitchburg, MA 01420, USA", "FID": 14}}, {"type": "Feature", "id": 15, "geometry": {"type": "Point", "coordinates": [-71.7924431, 42.5748156]}, "properties": {"Line__": 88, "Year": "2026", "Street": "Beekman St", "Project__": null, "Project_Name": null, "Town": "Fitchburg", "From_": "Salem St", "To_": "Cliff St", "Duration_Crew_Days": null, "Proposed_Abandon_Footage": 497, "Abandonment_Size": 4, "Abandonment_Material": "CI", "Installed_Pipe_Size": "2", "Install_Footage": "497", "Installed_Material": "HDPE", "Uprate_Footage": null, "MAOP_Increase": "99PSIG", "Current_MAOP_of_System": "14\"WC", "New_MAOP_of_System": "99PSIG", "Essential_Non_Essential": "Not Evaluated", "No_of_Services": 8, "Total_Meter_Count": 16, "RISK_MODEL_SCORE": 7.74, "Project_Driver__Paving__Encroac": null, "Project_Comments_Justification": null, "Total_Cost_": "\n", "lat": 42.5748156, "lon": -71.7924431, "Mapped_address": "Beekman St & Salem St, Fitchburg, MA 01420, USA", "FID": 15}}, {"type": "Feature", "id": 16, "geometry": {"type": "Point", "coordinates": [-71.7914312, 42.5730902]}, "properties": {"Line__": 89, "Year": "2026", "Street": "Canton St", "Project__": null, "Project_Name": null, "Town": "Fitchburg", "From_": "Salem St", "To_": "Romano Ave", "Duration_Crew_Days": null, "Proposed_Abandon_Footage": 2441, "Abandonment_Size": 4, "Abandonment_Material": "CI", "Installed_Pipe_Size": "2", "Install_Footage": "2441", "Installed_Material": "HDPE", "Uprate_Footage": 2744, "MAOP_Increase": "99PSIG", "Current_MAOP_of_System": "14\"WC", "New_MAOP_of_System": "99PSIG", "Essential_Non_Essential": "Not Evaluated", "No_of_Services": 56, "Total_Meter_Count": 70, "RISK_MODEL_SCORE": 13.25, "Project_Driver__Paving__Encroac": null, "Project_Comments_Justification": null, "Total_Cost_": "\n", "lat": 42.5730902, "lon": -71.7914312, "Mapped_address": "Canton St & Salem St, Fitchburg, MA 01420, USA", "FID": 16}}, {"type": "Feature", "id": 17, "geometry": {"type": "Point", "coordinates": [-71.7856615, 42.5637679]}, "properties": {"Line__": 90, "Year": "2026", "Street": "Valley St", "Project__": null, "Project_Name": null, "Town": "Fitchburg", "From_": "Canton St", "To_": "EOM", "Duration_Crew_Days": null, "Proposed_Abandon_Footage": 501, "Abandonment_Size": 4, "Abandonment_Material": "CI", "Installed_Pipe_Size": "2", "Install_Footage": "501", "Installed_Material": "HDPE", "Uprate_Footage": null, "MAOP_Increase": "99PSIG", "Current_MAOP_of_System": "14\"WC", "New_MAOP_of_System": "99PSIG", "Essential_Non_Essential": "Not Evaluated", "No_of_Services": 7, "Total_Meter_Count": 7, "RISK_MODEL_SCORE": 7.74, "Project_Driver__Paving__Encroac": null, "Project_Comments_Justification": null, "Total_Cost_": "\n", "lat": 42.5637679, "lon": -71.7856615, "Mapped_address": "Valley St & Canton St, Fitchburg, MA 01420, USA", "FID": 17}}, {"type": "Feature", "id": 18, "geometry": {"type": "Point", "coordinates": [-71.7775073, 42.5594901]}, "properties": {"Line__": 92, "Year": "2026", "Street": "Carey St", "Project__": null, "Project_Name": null, "Town": "Fitchburg", "From_": "Abbott Ave", "To_": "EOM", "Duration_Crew_Days": null, "Proposed_Abandon_Footage": 386, "Abandonment_Size": 4, "Abandonment_Material": "CI", "Installed_Pipe_Size": "2", "Install_Footage": "385", "Installed_Material": "HDPE", "Uprate_Footage": null, "MAOP_Increase": "99PSIG", "Current_MAOP_of_System": "14\"WC", "New_MAOP_of_System": "99PSIG", "Essential_Non_Essential": "Not Evaluated", "No_of_Services": 2, "Total_Meter_Count": 2, "RISK_MODEL_SCORE": 11.4, "Project_Driver__Paving__Encroac": null, "Project_Comments_Justification": null, "Total_Cost_": "\n", "lat": 42.5594901, "lon": -71.7775073, "Mapped_address": "Abbott Ave & Carey St, Fitchburg, MA 01420, USA", "FID": 18}}, {"type": "Feature", "id": 19, "geometry": {"type": "Point", "coordinates": [-71.7795848, 42.5596991]}, "properties": {"Line__": 94, "Year": "2026", "Street": "Patton St", "Project__": null, "Project_Name": null, "Town": "Fitchburg", "From_": "Longedge Ave", "To_": "EOM", "Duration_Crew_Days": null, "Proposed_Abandon_Footage": 960, "Abandonment_Size": 4, "Abandonment_Material": "CI", "Installed_Pipe_Size": "2", "Install_Footage": "1105", "Installed_Material": "HDPE", "Uprate_Footage": null, "MAOP_Increase": "99PSIG", "Current_MAOP_of_System": "14\"WC", "New_MAOP_of_System": "99PSIG", "Essential_Non_Essential": "Not Evaluated", "No_of_Services": 11, "Total_Meter_Count": 12, "RISK_MODEL_SCORE": 15.3, "Project_Driver__Paving__Encroac": null, "Project_Comments_Justification": null, "Total_Cost_": "\n", "lat": 42.5596991, "lon": -71.7795848, "Mapped_address": "Patton St & Longedge Ave, Fitchburg, MA 01420, USA", "FID": 19}}, {"type": "Feature", "id": 20, "geometry": {"type": "Point", "coordinates": [-71.7795848, 42.5596991]}, "properties": {"Line__": 95, "Year": "2026", "Street": "Patton St", "Project__": null, "Project_Name": null, "Town": "Fitchburg", "From_": "Longedge Ave", "To_": "EOM", "Duration_Crew_Days": null, "Proposed_Abandon_Footage": 136, "Abandonment_Size": 1.5, "Abandonment_Material": "BS", "Installed_Pipe_Size": "NA", "Install_Footage": "NA", "Installed_Material": "NA", "Uprate_Footage": null, "MAOP_Increase": "99PSIG", "Current_MAOP_of_System": "14\"WC", "New_MAOP_of_System": "99PSIG", "Essential_Non_Essential": "Not Evaluated", "No_of_Services": null, "Total_Meter_Count": null, "RISK_MODEL_SCORE": null, "Project_Driver__Paving__Encroac": null, "Project_Comments_Justification": null, "Total_Cost_": "\n", "lat": 42.5596991, "lon": -71.7795848, "Mapped_address": "Patton St & Longedge Ave, Fitchburg, MA 01420, USA", "FID": 20}}, {"type": "Feature", "id": 21, "geometry": {"type": "Point", "coordinates": [-71.7827875, 42.5626846]}, "properties": {"Line__": 96, "Year": "2026", "Street": "Wanoosnoc Rd", "Project__": null, "Project_Name": null, "Town": "Fitchburg", "From_": "Canton St", "To_": "Meadowbrook ", "Duration_Crew_Days": null, "Proposed_Abandon_Footage": 826, "Abandonment_Size": 8, "Abandonment_Material": "UPS", "Installed_Pipe_Size": "NA", "Install_Footage": "NA", "Installed_Material": "NA", "Uprate_Footage": null, "MAOP_Increase": "NA", "Current_MAOP_of_System": "NA", "New_MAOP_of_System": "NA", "Essential_Non_Essential": "Not Evaluated", "No_of_Services": 5, "Total_Meter_Count": 7, "RISK_MODEL_SCORE": 9, "Project_Driver__Paving__Encroac": null, "Project_Comments_Justification": null, "Total_Cost_": "\n", "lat": 42.5626846, "lon": -71.7827875, "Mapped_address": "Wanoosnoc Rd & Canton St, Fitchburg, MA 01420, USA", "FID": 21}}, {"type": "Feature", "id": 22, "geometry": {"type": "Point", "coordinates": [-71.7842875, 42.5604198]}, "properties": {"Line__": 97, "Year": "2026", "Street": "Connors St", "Project__": null, "Project_Name": null, "Town": "Fitchburg", "From_": "Wanoosnoc Rd", "To_": "Abbott Ave", "Duration_Crew_Days": null, "Proposed_Abandon_Footage": 1429, "Abandonment_Size": 4, "Abandonment_Material": "CI", "Installed_Pipe_Size": "2", "Install_Footage": "1429", "Installed_Material": "HDPE", "Uprate_Footage": 485, "MAOP_Increase": "99PSIG", "Current_MAOP_of_System": "14\"WC", "New_MAOP_of_System": "99PSIG", "Essential_Non_Essential": "Not Evaluated", "No_of_Services": 38, "Total_Meter_Count": 43, "RISK_MODEL_SCORE": 18.3, "Project_Driver__Paving__Encroac": null, "Project_Comments_Justification": null, "Total_Cost_": "\n", "lat": 42.5604198, "lon": -71.7842875, "Mapped_address": "Wanoosnoc Rd & Connors St, Fitchburg, MA 01420, USA", "FID": 22}}, {"type": "Feature", "id": 23, "geometry": {"type": "Point", "coordinates": [-71.7842875, 42.5604198]}, "properties": {"Line__": 98, "Year": "2026", "Street": "Connors St", "Project__": null, "Project_Name": null, "Town": "Fitchburg", "From_": "Wanoosnoc Rd", "To_": "Abbott Ave", "Duration_Crew_Days": null, "Proposed_Abandon_Footage": 272, "Abandonment_Size": 4, "Abandonment_Material": "UPS", "Installed_Pipe_Size": "2", "Install_Footage": "34", "Installed_Material": "HDPE", "Uprate_Footage": null, "MAOP_Increase": "99PSIG", "Current_MAOP_of_System": "14\"WC", "New_MAOP_of_System": "99PSIG", "Essential_Non_Essential": "Not Evaluated", "No_of_Services": null, "Total_Meter_Count": null, "RISK_MODEL_SCORE": 7.7, "Project_Driver__Paving__Encroac": null, "Project_Comments_Justification": null, "Total_Cost_": "\n", "lat": 42.5604198, "lon": -71.7842875, "Mapped_address": "Wanoosnoc Rd & Connors St, Fitchburg, MA 01420, USA", "FID": 23}}, {"type": "Feature", "id": 24, "geometry": {"type": "Point", "coordinates": [-71.7980952, 42.5808176]}, "properties": {"Line__": 99, "Year": "2026", "Street": "Laurel St", "Project__": 3, "Project_Name": "Laurel St Area", "Town": "Fitchburg", "From_": "South St", "To_": "Charles St", "Duration_Crew_Days": 164, "Proposed_Abandon_Footage": 781, "Abandonment_Size": 4, "Abandonment_Material": "UPS", "Installed_Pipe_Size": "2", "Install_Footage": "1858", "Installed_Material": "HDPE", "Uprate_Footage": 0, "MAOP_Increase": "99PSIG", "Current_MAOP_of_System": "14\"WC", "New_MAOP_of_System": "99PSIG", "Essential_Non_Essential": "Not Evaluated", "No_of_Services": 26, "Total_Meter_Count": 64, "RISK_MODEL_SCORE": 7.74, "Project_Driver__Paving__Encroac": "Project driver is risk score and potential municipal paving", "Project_Comments_Justification": "Project driver is risk score and potential municipal paving", "Total_Cost_": " $ 3,023,173.00 \n", "lat": 42.5808176, "lon": -71.7980952, "Mapped_address": "South St & Laurel St, Fitchburg, MA 01420, USA", "FID": 24}}, {"type": "Feature", "id": 25, "geometry": {"type": "Point", "coordinates": [-71.7980952, 42.5808176]}, "properties": {"Line__": 100, "Year": "2026", "Street": "Laurel St", "Project__": null, "Project_Name": null, "Town": "Fitchburg", "From_": "South St", "To_": "Charles St", "Duration_Crew_Days": null, "Proposed_Abandon_Footage": 1084, "Abandonment_Size": 4, "Abandonment_Material": "CI", "Installed_Pipe_Size": "NA", "Install_Footage": "NA", "Installed_Material": "NA", "Uprate_Footage": null, "MAOP_Increase": "99PSIG", "Current_MAOP_of_System": "14\"WC", "New_MAOP_of_System": "99PSIG", "Essential_Non_Essential": "Not Evaluated", "No_of_Services": null, "Total_Meter_Count": null, "RISK_MODEL_SCORE": 26.93, "Project_Driver__Paving__Encroac": null, "Project_Comments_Justification": null, "Total_Cost_": "\n", "lat": 42.5808176, "lon": -71.7980952, "Mapped_address": "South St & Laurel St, Fitchburg, MA 01420, USA", "FID": 25}}, {"type": "Feature", "id": 26, "geometry": {"type": "Point", "coordinates": [-71.7982851, 42.5798161]}, "properties": {"Line__": 101, "Year": "2026", "Street": "Cross St", "Project__": null, "Project_Name": null, "Town": "Fitchburg", "From_": "South St", "To_": "Laurel St", "Duration_Crew_Days": null, "Proposed_Abandon_Footage": 23, "Abandonment_Size": 4, "Abandonment_Material": "UPS", "Installed_Pipe_Size": "4", "Install_Footage": "23", "Installed_Material": "HDPE", "Uprate_Footage": 368, "MAOP_Increase": "99PSIG", "Current_MAOP_of_System": "14\"WC", "New_MAOP_of_System": "99PSIG", "Essential_Non_Essential": "Not Evaluated", "No_of_Services": 13, "Total_Meter_Count": 20, "RISK_MODEL_SCORE": 7.74, "Project_Driver__Paving__Encroac": null, "Project_Comments_Justification": null, "Total_Cost_": "\n", "lat": 42.5798161, "lon": -71.7982851, "Mapped_address": "Cross St & South St, Fitchburg, MA 01420, USA", "FID": 26}}, {"type": "Feature", "id": 27, "geometry": {"type": "Point", "coordinates": [-71.7994821, 42.5802595]}, "properties": {"Line__": 102, "Year": "2026", "Street": "Milk St", "Project__": null, "Project_Name": null, "Town": "Fitchburg", "From_": "Cross St", "To_": "Payson St", "Duration_Crew_Days": null, "Proposed_Abandon_Footage": 109, "Abandonment_Size": 4, "Abandonment_Material": "CI", "Installed_Pipe_Size": "2", "Install_Footage": "190", "Installed_Material": "HDPE", "Uprate_Footage": null, "MAOP_Increase": "99PSIG", "Current_MAOP_of_System": "14\"WC", "New_MAOP_of_System": "99PSIG", "Essential_Non_Essential": "Not Evaluated", "No_of_Services": 15, "Total_Meter_Count": 28, "RISK_MODEL_SCORE": 25.16, "Project_Driver__Paving__Encroac": null, "Project_Comments_Justification": null, "Total_Cost_": "\n", "lat": 42.5802595, "lon": -71.7994821, "Mapped_address": "Cross St & Milk St, Fitchburg, MA 01420, USA", "FID": 27}}, {"type": "Feature", "id": 28, "geometry": {"type": "Point", "coordinates": [-71.799883, 42.579701]}, "properties": {"Line__": 104, "Year": "2026", "Street": "Milk St", "Project__": null, "Project_Name": null, "Town": "Fitchburg", "From_": "Payson St", "To_": "Winthrop St", "Duration_Crew_Days": null, "Proposed_Abandon_Footage": 195, "Abandonment_Size": 4, "Abandonment_Material": "CI", "Installed_Pipe_Size": "2", "Install_Footage": "NA", "Installed_Material": "HDPE", "Uprate_Footage": 194, "MAOP_Increase": "99PSIG", "Current_MAOP_of_System": "14\"WC", "New_MAOP_of_System": "99PSIG", "Essential_Non_Essential": "Not Evaluated", "No_of_Services": null, "Total_Meter_Count": null, "RISK_MODEL_SCORE": null, "Project_Driver__Paving__Encroac": null, "Project_Comments_Justification": null, "Total_Cost_": "\n", "lat": 42.579701, "lon": -71.799883, "Mapped_address": "Milk St & Payson St, Fitchburg, MA 01420, USA", "FID": 28}}, {"type": "Feature", "id": 29, "geometry": {"type": "Point", "coordinates": [-71.8006966, 42.580024]}, "properties": {"Line__": 105, "Year": "2026", "Street": "Payson St", "Project__": null, "Project_Name": null, "Town": "Fitchburg", "From_": "Laurel St", "To_": "#138", "Duration_Crew_Days": null, "Proposed_Abandon_Footage": 11, "Abandonment_Size": 4, "Abandonment_Material": "CI", "Installed_Pipe_Size": "2", "Install_Footage": "11", "Installed_Material": "HDPE", "Uprate_Footage": 672, "MAOP_Increase": "99PSIG", "Current_MAOP_of_System": "14\"WC", "New_MAOP_of_System": "99PSIG", "Essential_Non_Essential": "Not Evaluated", "No_of_Services": 12, "Total_Meter_Count": 17, "RISK_MODEL_SCORE": 7.74, "Project_Driver__Paving__Encroac": null, "Project_Comments_Justification": null, "Total_Cost_": "\n", "lat": 42.580024, "lon": -71.8006966, "Mapped_address": "Laurel St & Payson St, Fitchburg, MA 01420, USA", "FID": 29}}, {"type": "Feature", "id": 30, "geometry": {"type": "Point", "coordinates": [-71.7981044, 42.579038]}, "properties": {"Line__": 106, "Year": "2026", "Street": "Payson St", "Project__": null, "Project_Name": null, "Town": "Fitchburg", "From_": "Payson St", "To_": "#9 Payson St", "Duration_Crew_Days": null, "Proposed_Abandon_Footage": null, "Abandonment_Size": null, "Abandonment_Material": "N/A", "Installed_Pipe_Size": "2", "Install_Footage": "NA", "Installed_Material": "HDPE", "Uprate_Footage": 183, "MAOP_Increase": "99PSIG", "Current_MAOP_of_System": "14\"WC", "New_MAOP_of_System": "99PSIG", "Essential_Non_Essential": "Not Evaluated", "No_of_Services": null, "Total_Meter_Count": null, "RISK_MODEL_SCORE": 0, "Project_Driver__Paving__Encroac": null, "Project_Comments_Justification": null, "Total_Cost_": "\n", "lat": 42.579038, "lon": -71.7981044, "Mapped_address": "Payson St, Fitchburg, MA 01420, USA", "FID": 30}}, {"type": "Feature", "id": 31, "geometry": {"type": "Point", "coordinates": [-71.8020011, 42.5793317]}, "properties": {"Line__": 107, "Year": "2026", "Street": "Brigham St", "Project__": null, "Project_Name": null, "Town": "Fitchburg", "From_": "Winthrop St", "To_": "Charles St", "Duration_Crew_Days": null, "Proposed_Abandon_Footage": 454, "Abandonment_Size": 4, "Abandonment_Material": "HDPE", "Installed_Pipe_Size": "2", "Install_Footage": "454", "Installed_Material": "HDPE", "Uprate_Footage": 0, "MAOP_Increase": "99PSIG", "Current_MAOP_of_System": "14\"WC", "New_MAOP_of_System": "99PSIG", "Essential_Non_Essential": "Not Evaluated", "No_of_Services": 11, "Total_Meter_Count": 12, "RISK_MODEL_SCORE": 0, "Project_Driver__Paving__Encroac": null, "Project_Comments_Justification": null, "Total_Cost_": "\n", "lat": 42.5793317, "lon": -71.8020011, "Mapped_address": "Brigham St & Winthrop St, Fitchburg, MA 01420, USA", "FID": 31}}, {"type": "Feature", "id": 32, "geometry": {"type": "Point", "coordinates": [-71.801471, 42.579149]}, "properties": {"Line__": 108, "Year": "2026", "Street": "Forest St", "Project__": null, "Project_Name": null, "Town": "Fitchburg", "From_": "Winthrop St", "To_": "Charles St", "Duration_Crew_Days": null, "Proposed_Abandon_Footage": null, "Abandonment_Size": null, "Abandonment_Material": "N/A", "Installed_Pipe_Size": "4", "Install_Footage": "0", "Installed_Material": "HDPE", "Uprate_Footage": 424, "MAOP_Increase": "99PSIG", "Current_MAOP_of_System": "14\"WC", "New_MAOP_of_System": "99PSIG", "Essential_Non_Essential": "Not Evaluated", "No_of_Services": 11, "Total_Meter_Count": 16, "RISK_MODEL_SCORE": 12.3, "Project_Driver__Paving__Encroac": null, "Project_Comments_Justification": null, "Total_Cost_": "\n", "lat": 42.579149, "lon": -71.801471, "Mapped_address": "Forest St & Winthrop St, Fitchburg, MA 01420, USA", "FID": 32}}, {"type": "Feature", "id": 33, "geometry": {"type": "Point", "coordinates": [-71.8022894, 42.5794196]}, "properties": {"Line__": 109, "Year": "2026", "Street": "Winthrop St", "Project__": null, "Project_Name": null, "Town": "Fitchburg", "From_": "Laurel St", "To_": "Milk St", "Duration_Crew_Days": null, "Proposed_Abandon_Footage": null, "Abandonment_Size": null, "Abandonment_Material": "N/A", "Installed_Pipe_Size": "4", "Install_Footage": "NA", "Installed_Material": "HDPE", "Uprate_Footage": 419, "MAOP_Increase": "99PSIG", "Current_MAOP_of_System": "14\"WC", "New_MAOP_of_System": "99PSIG", "Essential_Non_Essential": "Not Evaluated", "No_of_Services": 8, "Total_Meter_Count": 12, "RISK_MODEL_SCORE": 0, "Project_Driver__Paving__Encroac": null, "Project_Comments_Justification": null, "Total_Cost_": "\n", "lat": 42.5794196, "lon": -71.8022894, "Mapped_address": "Laurel St & Winthrop St, Fitchburg, MA 01420, USA", "FID": 33}}, {"type": "Feature", "id": 34, "geometry": {"type": "Point", "coordinates": [-71.800523, 42.578841]}, "properties": {"Line__": 110, "Year": "2026", "Street": "Winthrop Ct", "Project__": null, "Project_Name": null, "Town": "Fitchburg", "From_": "Milk St", "To_": "EOM", "Duration_Crew_Days": null, "Proposed_Abandon_Footage": 225, "Abandonment_Size": 4, "Abandonment_Material": "CI", "Installed_Pipe_Size": "2", "Install_Footage": "225", "Installed_Material": "HDPE", "Uprate_Footage": 0, "MAOP_Increase": "99PSIG", "Current_MAOP_of_System": "14\"WC", "New_MAOP_of_System": "99PSIG", "Essential_Non_Essential": "Not Evaluated", "No_of_Services": 1, "Total_Meter_Count": 3, "RISK_MODEL_SCORE": 7.74, "Project_Driver__Paving__Encroac": null, "Project_Comments_Justification": null, "Total_Cost_": "\n", "lat": 42.578841, "lon": -71.800523, "Mapped_address": "Winthrop Ct & Milk St, Fitchburg, MA 01420, USA", "FID": 34}}, {"type": "Feature", "id": 35, "geometry": {"type": "Point", "coordinates": [-71.7987566, 42.578186]}, "properties": {"Line__": 111, "Year": "2026", "Street": "Allston Place", "Project__": null, "Project_Name": null, "Town": "Fitchburg", "From_": "South St", "To_": "Milk St", "Duration_Crew_Days": null, "Proposed_Abandon_Footage": 529, "Abandonment_Size": 4, "Abandonment_Material": "CI", "Installed_Pipe_Size": "2", "Install_Footage": "574", "Installed_Material": "HDPE", "Uprate_Footage": 0, "MAOP_Increase": "99PSIG", "Current_MAOP_of_System": "14\"WC", "New_MAOP_of_System": "99PSIG", "Essential_Non_Essential": "Not Evaluated", "No_of_Services": 9, "Total_Meter_Count": 11, "RISK_MODEL_SCORE": 7.74, "Project_Driver__Paving__Encroac": null, "Project_Comments_Justification": null, "Total_Cost_": "\n", "lat": 42.578186, "lon": -71.7987566, "Mapped_address": "South St & Alston Pl, Fitchburg, MA 01420, USA", "FID": 35}}, {"type": "Feature", "id": 36, "geometry": {"type": "Point", "coordinates": [-71.7988942, 42.577519]}, "properties": {"Line__": 112, "Year": "2026", "Street": "Charles St", "Project__": null, "Project_Name": null, "Town": "Fitchburg", "From_": "South St", "To_": "Rollstone St", "Duration_Crew_Days": null, "Proposed_Abandon_Footage": 253, "Abandonment_Size": 4, "Abandonment_Material": "BS", "Installed_Pipe_Size": "NA", "Install_Footage": "NA", "Installed_Material": "NA", "Uprate_Footage": null, "MAOP_Increase": "99PSIG", "Current_MAOP_of_System": "14\"WC", "New_MAOP_of_System": "99PSIG", "Essential_Non_Essential": "Not Evaluated", "No_of_Services": 39, "Total_Meter_Count": 65, "RISK_MODEL_SCORE": 7.74, "Project_Driver__Paving__Encroac": null, "Project_Comments_Justification": null, "Total_Cost_": "\n", "lat": 42.577519, "lon": -71.7988942, "Mapped_address": "South St & Charles St, Fitchburg, MA 01420, USA", "FID": 36}}, {"type": "Feature", "id": 37, "geometry": {"type": "Point", "coordinates": [-71.7988942, 42.577519]}, "properties": {"Line__": 113, "Year": "2026", "Street": "Charles St", "Project__": null, "Project_Name": null, "Town": "Fitchburg", "From_": "South St", "To_": "Rollstone St", "Duration_Crew_Days": null, "Proposed_Abandon_Footage": 1725, "Abandonment_Size": 4, "Abandonment_Material": "CI", "Installed_Pipe_Size": "2", "Install_Footage": "2035", "Installed_Material": "HDPE", "Uprate_Footage": 0, "MAOP_Increase": "99PSIG", "Current_MAOP_of_System": "14\"WC", "New_MAOP_of_System": "99PSIG", "Essential_Non_Essential": "Not Evaluated", "No_of_Services": null, "Total_Meter_Count": null, "RISK_MODEL_SCORE": 46.51, "Project_Driver__Paving__Encroac": null, "Project_Comments_Justification": null, "Total_Cost_": "\n", "lat": 42.577519, "lon": -71.7988942, "Mapped_address": "South St & Charles St, Fitchburg, MA 01420, USA", "FID": 37}}, {"type": "Feature", "id": 38, "geometry": {"type": "Point", "coordinates": [-71.800414, 42.577567]}, "properties": {"Line__": 114, "Year": "2026", "Street": "Linden St", "Project__": null, "Project_Name": null, "Town": "Fitchburg", "From_": "Charles St", "To_": "EOM", "Duration_Crew_Days": null, "Proposed_Abandon_Footage": null, "Abandonment_Size": null, "Abandonment_Material": "N/A", "Installed_Pipe_Size": "4", "Install_Footage": null, "Installed_Material": null, "Uprate_Footage": 537, "MAOP_Increase": "99PSIG", "Current_MAOP_of_System": "14\"WC", "New_MAOP_of_System": "99PSIG", "Essential_Non_Essential": "Not Evaluated", "No_of_Services": 12, "Total_Meter_Count": 21, "RISK_MODEL_SCORE": 0, "Project_Driver__Paving__Encroac": null, "Project_Comments_Justification": null, "Total_Cost_": "\n", "lat": 42.577567, "lon": -71.800414, "Mapped_address": "Linden St & Charles St, Fitchburg, MA 01420, USA", "FID": 38}}, {"type": "Feature", "id": 39, "geometry": {"type": "Point", "coordinates": [-71.802427, 42.578025]}, "properties": {"Line__": 115, "Year": "2026", "Street": "Forest St", "Project__": 4, "Project_Name": "Forest St Area", "Town": "Fitchburg", "From_": "Charles St", "To_": "Pine St", "Duration_Crew_Days": 77, "Proposed_Abandon_Footage": 885, "Abandonment_Size": 4, "Abandonment_Material": "CI", "Installed_Pipe_Size": "2", "Install_Footage": "885", "Installed_Material": "HDPE", "Uprate_Footage": null, "MAOP_Increase": "99PSIG", "Current_MAOP_of_System": "14\"WC", "New_MAOP_of_System": "99PSIG", "Essential_Non_Essential": "Not Evaluated", "No_of_Services": 22, "Total_Meter_Count": 32, "RISK_MODEL_SCORE": 12.3, "Project_Driver__Paving__Encroac": "Project driver is potential paving as well as subbordinate neghborhood to convert LP to HP", "Project_Comments_Justification": "Project driver is potential paving as well as subbordinate neghborhood to convert LP to HP", "Total_Cost_": " $ 1,489,152.00 \n", "lat": 42.578025, "lon": -71.802427, "Mapped_address": "Forest St & Charles St, Fitchburg, MA 01420, USA", "FID": 39}}, {"type": "Feature", "id": 40, "geometry": {"type": "Point", "coordinates": [-71.802918, 42.5774564]}, "properties": {"Line__": 116, "Year": "2026", "Street": "William St", "Project__": null, "Project_Name": null, "Town": "Fitchburg", "From_": "Forest St", "To_": "Walton St", "Duration_Crew_Days": null, "Proposed_Abandon_Footage": 345, "Abandonment_Size": 4, "Abandonment_Material": "CI", "Installed_Pipe_Size": "2", "Install_Footage": "345", "Installed_Material": "HDPE", "Uprate_Footage": null, "MAOP_Increase": "99PSIG", "Current_MAOP_of_System": "14\"WC", "New_MAOP_of_System": "99PSIG", "Essential_Non_Essential": "Not Evaluated", "No_of_Services": 13, "Total_Meter_Count": 14, "RISK_MODEL_SCORE": 13.27, "Project_Driver__Paving__Encroac": null, "Project_Comments_Justification": null, "Total_Cost_": "\n", "lat": 42.5774564, "lon": -71.802918, "Mapped_address": "Forest St & William St, Fitchburg, MA 01420, USA", "FID": 40}}, {"type": "Feature", "id": 41, "geometry": {"type": "Point", "coordinates": [-71.8036566, 42.5777318]}, "properties": {"Line__": 117, "Year": "2026", "Street": "Douglas Ave", "Project__": null, "Project_Name": null, "Town": "Fitchburg", "From_": "William St", "To_": "EOM", "Duration_Crew_Days": null, "Proposed_Abandon_Footage": 168, "Abandonment_Size": 4, "Abandonment_Material": "UPS", "Installed_Pipe_Size": "2", "Install_Footage": "168", "Installed_Material": "HDPE", "Uprate_Footage": null, "MAOP_Increase": "99PSIG", "Current_MAOP_of_System": "14\"WC", "New_MAOP_of_System": "99PSIG", "Essential_Non_Essential": "Not Evaluated", "No_of_Services": 1, "Total_Meter_Count": 1, "RISK_MODEL_SCORE": 7.74, "Project_Driver__Paving__Encroac": null, "Project_Comments_Justification": null, "Total_Cost_": "\n", "lat": 42.5777318, "lon": -71.8036566, "Mapped_address": "Douglas Ave & William St, Fitchburg, MA 01420, USA", "FID": 41}}, {"type": "Feature", "id": 42, "geometry": {"type": "Point", "coordinates": [-71.804208, 42.578715]}, "properties": {"Line__": 118, "Year": "2026", "Street": "Walton St", "Project__": null, "Project_Name": null, "Town": "Fitchburg", "From_": "Charles St", "To_": "Pine St", "Duration_Crew_Days": null, "Proposed_Abandon_Footage": 1326, "Abandonment_Size": 4, "Abandonment_Material": "CI", "Installed_Pipe_Size": "2", "Install_Footage": "1326", "Installed_Material": "HDPE", "Uprate_Footage": null, "MAOP_Increase": "99PSIG", "Current_MAOP_of_System": "14\"WC", "New_MAOP_of_System": "99PSIG", "Essential_Non_Essential": "Not Evaluated", "No_of_Services": 19, "Total_Meter_Count": 24, "RISK_MODEL_SCORE": 17.11, "Project_Driver__Paving__Encroac": null, "Project_Comments_Justification": null, "Total_Cost_": "\n", "lat": 42.578715, "lon": -71.804208, "Mapped_address": "Walton St & Charles St, Fitchburg, MA 01420, USA", "FID": 42}}, {"type": "Feature", "id": 43, "geometry": {"type": "Point", "coordinates": [-71.8034769, 42.5768152]}, "properties": {"Line__": 119, "Year": "2026", "Street": "Maple St", "Project__": null, "Project_Name": null, "Town": "Fitchburg", "From_": "Forest St", "To_": "Milk St", "Duration_Crew_Days": null, "Proposed_Abandon_Footage": null, "Abandonment_Size": null, "Abandonment_Material": "N/A", "Installed_Pipe_Size": "4", "Install_Footage": "NA", "Installed_Material": "HDPE", "Uprate_Footage": 350, "MAOP_Increase": "99PSIG", "Current_MAOP_of_System": "14\"WC", "New_MAOP_of_System": "99PSIG", "Essential_Non_Essential": "Not Evaluated", "No_of_Services": 7, "Total_Meter_Count": 11, "RISK_MODEL_SCORE": 0, "Project_Driver__Paving__Encroac": null, "Project_Comments_Justification": null, "Total_Cost_": "\n", "lat": 42.5768152, "lon": -71.8034769, "Mapped_address": "Maple St & Forest St, Fitchburg, MA 01420, USA", "FID": 43}}, {"type": "Feature", "id": 44, "geometry": {"type": "Point", "coordinates": [-71.8022947, 42.5763407]}, "properties": {"Line__": 120, "Year": "2026", "Street": "Otis St", "Project__": null, "Project_Name": null, "Town": "Fitchburg", "From_": "Milk St", "To_": "EOM", "Duration_Crew_Days": null, "Proposed_Abandon_Footage": 225, "Abandonment_Size": 2, "Abandonment_Material": "BS", "Installed_Pipe_Size": "2", "Install_Footage": "225", "Installed_Material": "HDPE", "Uprate_Footage": null, "MAOP_Increase": "99PSIG", "Current_MAOP_of_System": "14\"WC", "New_MAOP_of_System": "99PSIG", "Essential_Non_Essential": "Not Evaluated", "No_of_Services": 4, "Total_Meter_Count": 4, "RISK_MODEL_SCORE": 6.77, "Project_Driver__Paving__Encroac": null, "Project_Comments_Justification": null, "Total_Cost_": "\n", "lat": 42.5763407, "lon": -71.8022947, "Mapped_address": "Milk St & Otis St, Fitchburg, MA 01420, USA", "FID": 44}}, {"type": "Feature", "id": 45, "geometry": {"type": "Point", "coordinates": [-71.8018457, 42.5770021]}, "properties": {"Line__": 121, "Year": "2026", "Street": "Ash St", "Project__": null, "Project_Name": null, "Town": "Fitchburg", "From_": "Milk St", "To_": "EOM", "Duration_Crew_Days": null, "Proposed_Abandon_Footage": null, "Abandonment_Size": null, "Abandonment_Material": "N/A", "Installed_Pipe_Size": "2", "Install_Footage": "NA", "Installed_Material": "HDPE", "Uprate_Footage": 234, "MAOP_Increase": "99PSIG", "Current_MAOP_of_System": "14\"WC", "New_MAOP_of_System": "99PSIG", "Essential_Non_Essential": "Not Evaluated", "No_of_Services": 4, "Total_Meter_Count": 5, "RISK_MODEL_SCORE": 0, "Project_Driver__Paving__Encroac": null, "Project_Comments_Justification": null, "Total_Cost_": "\n", "lat": 42.5770021, "lon": -71.8018457, "Mapped_address": "Milk St & Ash St, Fitchburg, MA 01420, USA", "FID": 45}}, {"type": "Feature", "id": 46, "geometry": {"type": "Point", "coordinates": [-71.801397, 42.577613]}, "properties": {"Line__": 122, "Year": "2026", "Street": "Milk St", "Project__": null, "Project_Name": null, "Town": "Fitchburg", "From_": "Charles St", "To_": "Pine St", "Duration_Crew_Days": null, "Proposed_Abandon_Footage": null, "Abandonment_Size": null, "Abandonment_Material": "N/A", "Installed_Pipe_Size": "4", "Install_Footage": "NA", "Installed_Material": "HDPE", "Uprate_Footage": 973, "MAOP_Increase": "99PSIG", "Current_MAOP_of_System": "14\"WC", "New_MAOP_of_System": "99PSIG", "Essential_Non_Essential": "Not Evaluated", "No_of_Services": 17, "Total_Meter_Count": 25, "RISK_MODEL_SCORE": 0, "Project_Driver__Paving__Encroac": null, "Project_Comments_Justification": null, "Total_Cost_": "\n", "lat": 42.577613, "lon": -71.801397, "Mapped_address": "Milk St & Charles St, Fitchburg, MA 01420, USA", "FID": 46}}, {"type": "Feature", "id": 47, "geometry": {"type": "Point", "coordinates": [-71.9954544, 42.5807192]}, "properties": {"Line__": 123, "Year": "2026", "Street": "Abbott St", "Project__": 5, "Project_Name": "Abbott St Area - Gardner", "Town": "Gardner", "From_": "Crystal Lake Dr", "To_": "EOM", "Duration_Crew_Days": 83, "Proposed_Abandon_Footage": 724, "Abandonment_Size": 3, "Abandonment_Material": "CI", "Installed_Pipe_Size": "2", "Install_Footage": "724", "Installed_Material": "HDPE", "Uprate_Footage": null, "MAOP_Increase": "99PSIG", "Current_MAOP_of_System": "14\"WC", "New_MAOP_of_System": "99PSIG", "Essential_Non_Essential": "Not Evaluated", "No_of_Services": 6, "Total_Meter_Count": 9, "RISK_MODEL_SCORE": 7.31, "Project_Driver__Paving__Encroac": "Project driver is municipal paving as well as subordinate neighborhood to convert from LP to HP", "Project_Comments_Justification": "Project driver is municipal paving as well as subordinate neighborhood to convert from LP to HP", "Total_Cost_": " $ 1,534,997.00 \n", "lat": 42.5807192, "lon": -71.9954544, "Mapped_address": "Abbott St & Crystal Lake Dr, Gardner, MA 01440, USA", "FID": 47}}, {"type": "Feature", "id": 48, "geometry": {"type": "Point", "coordinates": [-71.996022, 42.580368]}, "properties": {"Line__": 124, "Year": "2026", "Street": "Crystal Lake Dr", "Project__": null, "Project_Name": null, "Town": "Gardner", "From_": "Park St", "To_": "Abbott St", "Duration_Crew_Days": null, "Proposed_Abandon_Footage": 180, "Abandonment_Size": 3, "Abandonment_Material": "CI", "Installed_Pipe_Size": "2", "Install_Footage": "180", "Installed_Material": "HDPE", "Uprate_Footage": null, "MAOP_Increase": "99PSIG", "Current_MAOP_of_System": "14\"WC", "New_MAOP_of_System": "99PSIG", "Essential_Non_Essential": "Not Evaluated", "No_of_Services": 0, "Total_Meter_Count": 0, "RISK_MODEL_SCORE": 14.98, "Project_Driver__Paving__Encroac": null, "Project_Comments_Justification": null, "Total_Cost_": "\n", "lat": 42.580368, "lon": -71.996022, "Mapped_address": "Park St & Crystal Lake Dr, Gardner, MA 01440, USA", "FID": 48}}, {"type": "Feature", "id": 49, "geometry": {"type": "Point", "coordinates": [-71.9977, 42.5813566]}, "properties": {"Line__": 125, "Year": "2026", "Street": "Winslow St", "Project__": null, "Project_Name": null, "Town": "Gardner", "From_": "Bancroft St", "To_": "EOM", "Duration_Crew_Days": null, "Proposed_Abandon_Footage": 62, "Abandonment_Size": 4, "Abandonment_Material": "BS", "Installed_Pipe_Size": "2", "Install_Footage": "62", "Installed_Material": "HDPE", "Uprate_Footage": null, "MAOP_Increase": "99PSIG", "Current_MAOP_of_System": "14\"WC", "New_MAOP_of_System": "99PSIG", "Essential_Non_Essential": "Not Evaluated", "No_of_Services": 2, "Total_Meter_Count": 2, "RISK_MODEL_SCORE": 7.74, "Project_Driver__Paving__Encroac": null, "Project_Comments_Justification": null, "Total_Cost_": "\n", "lat": 42.5813566, "lon": -71.9977, "Mapped_address": "Winslow St & Bancroft St, Gardner, MA 01440, USA", "FID": 49}}, {"type": "Feature", "id": 50, "geometry": {"type": "Point", "coordinates": [-71.9977, 42.5813566]}, "properties": {"Line__": 126, "Year": "2026", "Street": "Winslow St", "Project__": null, "Project_Name": null, "Town": "Gardner", "From_": "Bancroft St", "To_": "EOM", "Duration_Crew_Days": null, "Proposed_Abandon_Footage": 592, "Abandonment_Size": 4, "Abandonment_Material": "CI", "Installed_Pipe_Size": "2", "Install_Footage": "592", "Installed_Material": "HDPE", "Uprate_Footage": null, "MAOP_Increase": "99PSIG", "Current_MAOP_of_System": "14\"WC", "New_MAOP_of_System": "99PSIG", "Essential_Non_Essential": "Not Evaluated", "No_of_Services": null, "Total_Meter_Count": null, "RISK_MODEL_SCORE": 7.74, "Project_Driver__Paving__Encroac": null, "Project_Comments_Justification": null, "Total_Cost_": "\n", "lat": 42.5813566, "lon": -71.9977, "Mapped_address": "Winslow St & Bancroft St, Gardner, MA 01440, USA", "FID": 50}}, {"type": "Feature", "id": 51, "geometry": {"type": "Point", "coordinates": [-71.9986582, 42.581063]}, "properties": {"Line__": 127, "Year": "2026", "Street": "Jonathan St", "Project__": null, "Project_Name": null, "Town": "Gardner", "From_": "Bancroft St", "To_": "EOM", "Duration_Crew_Days": null, "Proposed_Abandon_Footage": 492, "Abandonment_Size": 4, "Abandonment_Material": "CI", "Installed_Pipe_Size": "2", "Install_Footage": "492", "Installed_Material": "HDPE", "Uprate_Footage": null, "MAOP_Increase": "99PSIG", "Current_MAOP_of_System": "14\"WC", "New_MAOP_of_System": "99PSIG", "Essential_Non_Essential": "Not Evaluated", "No_of_Services": 6, "Total_Meter_Count": 6, "RISK_MODEL_SCORE": 7.74, "Project_Driver__Paving__Encroac": null, "Project_Comments_Justification": null, "Total_Cost_": "\n", "lat": 42.581063, "lon": -71.9986582, "Mapped_address": "Jonathan St & Bancroft St, Gardner, MA 01440, USA", "FID": 51}}, {"type": "Feature", "id": 52, "geometry": {"type": "Point", "coordinates": [-71.9942379, 42.5769]}, "properties": {"Line__": 128, "Year": "2026", "Street": "Lake St", "Project__": null, "Project_Name": null, "Town": "Gardner", "From_": "Central St", "To_": "Richmond St", "Duration_Crew_Days": null, "Proposed_Abandon_Footage": 188, "Abandonment_Size": 2, "Abandonment_Material": "BS", "Installed_Pipe_Size": "4", "Install_Footage": "NA", "Installed_Material": "HDPE", "Uprate_Footage": 335, "MAOP_Increase": "99PSIG", "Current_MAOP_of_System": "14\"WC", "New_MAOP_of_System": "99PSIG", "Essential_Non_Essential": "Not Evaluated", "No_of_Services": 12, "Total_Meter_Count": 16, "RISK_MODEL_SCORE": 13.54, "Project_Driver__Paving__Encroac": null, "Project_Comments_Justification": null, "Total_Cost_": "\n", "lat": 42.5769, "lon": -71.9942379, "Mapped_address": "Central St & Lake St, Gardner, MA 01440, USA", "FID": 52}}, {"type": "Feature", "id": 53, "geometry": {"type": "Point", "coordinates": [-71.9968536, 42.5777885]}, "properties": {"Line__": 129, "Year": "2026", "Street": "Richmond St", "Project__": null, "Project_Name": null, "Town": "Gardner", "From_": "Graham St", "To_": "Vernon St", "Duration_Crew_Days": null, "Proposed_Abandon_Footage": null, "Abandonment_Size": null, "Abandonment_Material": "N/A", "Installed_Pipe_Size": "4", "Install_Footage": "NA", "Installed_Material": "HDPE", "Uprate_Footage": 369, "MAOP_Increase": "99PSIG", "Current_MAOP_of_System": "14\"WC", "New_MAOP_of_System": "99PSIG", "Essential_Non_Essential": "Not Evaluated", "No_of_Services": 5, "Total_Meter_Count": 9, "RISK_MODEL_SCORE": 0, "Project_Driver__Paving__Encroac": null, "Project_Comments_Justification": null, "Total_Cost_": "\n", "lat": 42.5777885, "lon": -71.9968536, "Mapped_address": "Richmond St & Graham St, Gardner, MA 01440, USA", "FID": 53}}, {"type": "Feature", "id": 54, "geometry": {"type": "Point", "coordinates": [-71.9962282, 42.5776528]}, "properties": {"Line__": 130, "Year": "2026", "Street": "Osgood St", "Project__": null, "Project_Name": null, "Town": "Gardner", "From_": "Richmond St", "To_": "Park St", "Duration_Crew_Days": null, "Proposed_Abandon_Footage": null, "Abandonment_Size": null, "Abandonment_Material": "N/A", "Installed_Pipe_Size": "4", "Install_Footage": "NA", "Installed_Material": "HDPE", "Uprate_Footage": 900, "MAOP_Increase": "99PSIG", "Current_MAOP_of_System": "14\"WC", "New_MAOP_of_System": "99PSIG", "Essential_Non_Essential": "Not Evaluated", "No_of_Services": 6, "Total_Meter_Count": 8, "RISK_MODEL_SCORE": 0, "Project_Driver__Paving__Encroac": null, "Project_Comments_Justification": null, "Total_Cost_": "\n", "lat": 42.5776528, "lon": -71.9962282, "Mapped_address": "Richmond St & Osgood St, Gardner, MA 01440, USA", "FID": 54}}, {"type": "Feature", "id": 55, "geometry": {"type": "Point", "coordinates": [-71.995482, 42.577497]}, "properties": {"Line__": 131, "Year": "2026", "Street": "Vernon St", "Project__": null, "Project_Name": null, "Town": "Gardner", "From_": "Richmond St", "To_": "Park St", "Duration_Crew_Days": null, "Proposed_Abandon_Footage": null, "Abandonment_Size": null, "Abandonment_Material": "N/A", "Installed_Pipe_Size": "4", "Install_Footage": "NA", "Installed_Material": "HDPE", "Uprate_Footage": 740, "MAOP_Increase": "99PSIG", "Current_MAOP_of_System": "14\"WC", "New_MAOP_of_System": "99PSIG", "Essential_Non_Essential": "Not Evaluated", "No_of_Services": 13, "Total_Meter_Count": 38, "RISK_MODEL_SCORE": 0, "Project_Driver__Paving__Encroac": null, "Project_Comments_Justification": null, "Total_Cost_": "\n", "lat": 42.577497, "lon": -71.995482, "Mapped_address": "Richmond St & Vernon St, Gardner, MA 01440, USA", "FID": 55}}, {"type": "Feature", "id": 56, "geometry": {"type": "Point", "coordinates": [-71.996022, 42.580368]}, "properties": {"Line__": 132, "Year": "2026", "Street": "Graham St", "Project__": null, "Project_Name": null, "Town": "Gardner", "From_": "Park St", "To_": "120 Graham St", "Duration_Crew_Days": null, "Proposed_Abandon_Footage": null, "Abandonment_Size": null, "Abandonment_Material": "N/A", "Installed_Pipe_Size": "4", "Install_Footage": "NA", "Installed_Material": "HDPE", "Uprate_Footage": 754, "MAOP_Increase": "99PSIG", "Current_MAOP_of_System": "14\"WC", "New_MAOP_of_System": "99PSIG", "Essential_Non_Essential": "Not Evaluated", "No_of_Services": 5, "Total_Meter_Count": 6, "RISK_MODEL_SCORE": 0, "Project_Driver__Paving__Encroac": null, "Project_Comments_Justification": null, "Total_Cost_": "\n", "lat": 42.580368, "lon": -71.996022, "Mapped_address": "Graham St & Park St, Gardner, MA 01440, USA", "FID": 56}}, {"type": "Feature", "id": 57, "geometry": {"type": "Point", "coordinates": [-71.9938453, 42.5791284]}, "properties": {"Line__": 133, "Year": "2026", "Street": "Park St", "Project__": null, "Project_Name": null, "Town": "Gardner", "From_": "Lake St", "To_": "Allen St", "Duration_Crew_Days": null, "Proposed_Abandon_Footage": null, "Abandonment_Size": null, "Abandonment_Material": "N/A", "Installed_Pipe_Size": "4", "Install_Footage": "NA", "Installed_Material": "HDPE", "Uprate_Footage": 1815, "MAOP_Increase": "99PSIG", "Current_MAOP_of_System": "14\"WC", "New_MAOP_of_System": "99PSIG", "Essential_Non_Essential": "Not Evaluated", "No_of_Services": 11, "Total_Meter_Count": 30, "RISK_MODEL_SCORE": 0, "Project_Driver__Paving__Encroac": null, "Project_Comments_Justification": null, "Total_Cost_": "\n", "lat": 42.5791284, "lon": -71.9938453, "Mapped_address": "Lake St & Park St, Gardner, MA 01440, USA", "FID": 57}}, {"type": "Feature", "id": 58, "geometry": {"type": "Point", "coordinates": [-71.9910439, 42.5728465]}, "properties": {"Line__": 134, "Year": "2026", "Street": "Favor St", "Project__": null, "Project_Name": null, "Town": "Gardner", "From_": "Washington St", "To_": "Peabody St", "Duration_Crew_Days": null, "Proposed_Abandon_Footage": 16, "Abandonment_Size": 2, "Abandonment_Material": "BS", "Installed_Pipe_Size": "NA", "Install_Footage": "NA", "Installed_Material": "NA", "Uprate_Footage": null, "MAOP_Increase": "99PSIG", "Current_MAOP_of_System": "14\"WC", "New_MAOP_of_System": "99PSIG", "Essential_Non_Essential": "Not Evaluated", "No_of_Services": 0, "Total_Meter_Count": 0, "RISK_MODEL_SCORE": 6.77, "Project_Driver__Paving__Encroac": null, "Project_Comments_Justification": null, "Total_Cost_": "\n", "lat": 42.5728465, "lon": -71.9910439, "Mapped_address": "Favor St & Washington St, Gardner, MA 01440, USA", "FID": 58}}, {"type": "Feature", "id": 59, "geometry": {"type": "Point", "coordinates": [-71.9904205, 42.5710218]}, "properties": {"Line__": 135, "Year": "2026", "Street": "Jay St", "Project__": null, "Project_Name": null, "Town": "Gardner", "From_": "Washington St", "To_": "Peabody St", "Duration_Crew_Days": null, "Proposed_Abandon_Footage": 191, "Abandonment_Size": 3, "Abandonment_Material": "BS", "Installed_Pipe_Size": "2", "Install_Footage": "330", "Installed_Material": "HDPE", "Uprate_Footage": null, "MAOP_Increase": "99PSIG", "Current_MAOP_of_System": "14\"WC", "New_MAOP_of_System": "99PSIG", "Essential_Non_Essential": "Not Evaluated", "No_of_Services": 0, "Total_Meter_Count": 0, "RISK_MODEL_SCORE": 7.31, "Project_Driver__Paving__Encroac": null, "Project_Comments_Justification": null, "Total_Cost_": "\n", "lat": 42.5710218, "lon": -71.9904205, "Mapped_address": "Jay St & Washington St, Gardner, MA 01440, USA", "FID": 59}}, {"type": "Feature", "id": 60, "geometry": {"type": "Point", "coordinates": [-71.9904205, 42.5710218]}, "properties": {"Line__": 136, "Year": "2026", "Street": "Jay St", "Project__": null, "Project_Name": null, "Town": "Gardner", "From_": "Washington St", "To_": "Peabody St", "Duration_Crew_Days": null, "Proposed_Abandon_Footage": 77, "Abandonment_Size": 4, "Abandonment_Material": "UPS", "Installed_Pipe_Size": "NA", "Install_Footage": "NA", "Installed_Material": "NA", "Uprate_Footage": null, "MAOP_Increase": "99PSIG", "Current_MAOP_of_System": "14\"WC", "New_MAOP_of_System": "99PSIG", "Essential_Non_Essential": "Not Evaluated", "No_of_Services": null, "Total_Meter_Count": null, "RISK_MODEL_SCORE": 7.74, "Project_Driver__Paving__Encroac": null, "Project_Comments_Justification": null, "Total_Cost_": "\n", "lat": 42.5710218, "lon": -71.9904205, "Mapped_address": "Jay St & Washington St, Gardner, MA 01440, USA", "FID": 60}}, {"type": "Feature", "id": 61, "geometry": {"type": "Point", "coordinates": [-71.9900582, 42.573007]}, "properties": {"Line__": 137, "Year": "2026", "Street": "Peabody St", "Project__": null, "Project_Name": null, "Town": "Gardner", "From_": "Favor St", "To_": "EOM", "Duration_Crew_Days": null, "Proposed_Abandon_Footage": 15, "Abandonment_Size": 2, "Abandonment_Material": "BS", "Installed_Pipe_Size": null, "Install_Footage": null, "Installed_Material": null, "Uprate_Footage": null, "MAOP_Increase": "99PSIG", "Current_MAOP_of_System": "14\"WC", "New_MAOP_of_System": "99PSIG", "Essential_Non_Essential": "Not Evaluated", "No_of_Services": 0, "Total_Meter_Count": 0, "RISK_MODEL_SCORE": 6.77, "Project_Driver__Paving__Encroac": null, "Project_Comments_Justification": null, "Total_Cost_": "\n", "lat": 42.573007, "lon": -71.9900582, "Mapped_address": "Favor St & Peabody St, Gardner, MA 01440, USA", "FID": 61}}, {"type": "Feature", "id": 62, "geometry": {"type": "Point", "coordinates": [-71.9994464, 42.5734541]}, "properties": {"Line__": 138, "Year": "2026", "Street": "Regan St", "Project__": null, "Project_Name": null, "Town": "Gardner", "From_": "Reg Station", "To_": null, "Duration_Crew_Days": null, "Proposed_Abandon_Footage": 69, "Abandonment_Size": 6, "Abandonment_Material": "UPS", "Installed_Pipe_Size": null, "Install_Footage": null, "Installed_Material": null, "Uprate_Footage": null, "MAOP_Increase": "99PSIG", "Current_MAOP_of_System": "14\"WC", "New_MAOP_of_System": "99PSIG", "Essential_Non_Essential": "Not Evaluated", "No_of_Services": 0, "Total_Meter_Count": 0, "RISK_MODEL_SCORE": 8.41, "Project_Driver__Paving__Encroac": null, "Project_Comments_Justification": null, "Total_Cost_": "\n", "lat": 42.5734541, "lon": -71.9994464, "Mapped_address": "Regan St, Gardner, MA 01440, USA", "FID": 62}}, {"type": "Feature", "id": 63, "geometry": {"type": "Point", "coordinates": [-72.0024062, 42.5778846]}, "properties": {"Line__": 139, "Year": "2026", "Street": "Sand St", "Project__": null, "Project_Name": null, "Town": "Gardner", "From_": "West St", "To_": "EOM", "Duration_Crew_Days": null, "Proposed_Abandon_Footage": 130, "Abandonment_Size": 4, "Abandonment_Material": "UPS", "Installed_Pipe_Size": "4", "Install_Footage": "130", "Installed_Material": "HDPE", "Uprate_Footage": null, "MAOP_Increase": "99PSIG", "Current_MAOP_of_System": "14\"WC", "New_MAOP_of_System": "99PSIG", "Essential_Non_Essential": "Not Evaluated", "No_of_Services": 2, "Total_Meter_Count": 5, "RISK_MODEL_SCORE": 7.74, "Project_Driver__Paving__Encroac": null, "Project_Comments_Justification": null, "Total_Cost_": "\n", "lat": 42.5778846, "lon": -72.0024062, "Mapped_address": "Sand St & West St, Gardner, MA 01440, USA", "FID": 63}}, {"type": "Feature", "id": 64, "geometry": {"type": "Point", "coordinates": [-71.9804252, 42.55756]}, "properties": {"Line__": 140, "Year": "2026", "Street": "W Broadway", "Project__": 6, "Project_Name": "South Gardner", "Town": "Gardner", "From_": "Union St", "To_": "Travers St", "Duration_Crew_Days": 50, "Proposed_Abandon_Footage": 1032, "Abandonment_Size": 4, "Abandonment_Material": "BS", "Installed_Pipe_Size": "4", "Install_Footage": "1032", "Installed_Material": "HDPE", "Uprate_Footage": null, "MAOP_Increase": "99PSIG", "Current_MAOP_of_System": "14\"WC", "New_MAOP_of_System": "99PSIG", "Essential_Non_Essential": "Not Evaluated", "No_of_Services": 9, "Total_Meter_Count": 11, "RISK_MODEL_SCORE": 15.5, "Project_Driver__Paving__Encroac": "Project driver is municipal paving on S Main St as well as W broadway", "Project_Comments_Justification": "Project driver is municipal paving on S Main St as well as W broadway", "Total_Cost_": " $ 965,542.00 \n", "lat": 42.55756, "lon": -71.9804252, "Mapped_address": "W Broadway & Union St, Gardner, MA 01440, USA", "FID": 64}}, {"type": "Feature", "id": 65, "geometry": {"type": "Point", "coordinates": [-71.9827502, 42.5586556]}, "properties": {"Line__": 141, "Year": "2026", "Street": "Kraft St", "Project__": null, "Project_Name": null, "Town": "Gardner", "From_": "W Broadway", "To_": "EOM", "Duration_Crew_Days": null, "Proposed_Abandon_Footage": 381, "Abandonment_Size": 4, "Abandonment_Material": "BS", "Installed_Pipe_Size": "N/A", "Install_Footage": "N/A", "Installed_Material": "N/A", "Uprate_Footage": null, "MAOP_Increase": "99PSIG", "Current_MAOP_of_System": "14\"WC", "New_MAOP_of_System": "99PSIG", "Essential_Non_Essential": "Not Evaluated", "No_of_Services": 3, "Total_Meter_Count": 3, "RISK_MODEL_SCORE": 15.5, "Project_Driver__Paving__Encroac": null, "Project_Comments_Justification": null, "Total_Cost_": "\n", "lat": 42.5586556, "lon": -71.9827502, "Mapped_address": "W Broadway & Kraft St, Gardner, MA 01440, USA", "FID": 65}}, {"type": "Feature", "id": 66, "geometry": {"type": "Point", "coordinates": [-71.9804252, 42.55756]}, "properties": {"Line__": 143, "Year": "2026", "Street": "S Main St", "Project__": null, "Project_Name": null, "Town": "Gardner", "From_": "W Broadway ", "To_": "Kraft St", "Duration_Crew_Days": null, "Proposed_Abandon_Footage": 1040, "Abandonment_Size": 6, "Abandonment_Material": "BS", "Installed_Pipe_Size": "4", "Install_Footage": "950", "Installed_Material": "HDPE", "Uprate_Footage": null, "MAOP_Increase": "99PSIG", "Current_MAOP_of_System": "14\"WC", "New_MAOP_of_System": "99PSIG", "Essential_Non_Essential": "Not Evaluated", "No_of_Services": 10, "Total_Meter_Count": 18, "RISK_MODEL_SCORE": 16.8, "Project_Driver__Paving__Encroac": null, "Project_Comments_Justification": null, "Total_Cost_": "\n", "lat": 42.55756, "lon": -71.9804252, "Mapped_address": "W Broadway & S Main St, Gardner, MA 01440, USA", "FID": 66}}, {"type": "Feature", "id": 67, "geometry": {"type": "Point", "coordinates": [-71.9814201, 42.5592068]}, "properties": {"Line__": 144, "Year": "2026", "Street": "Pearson Blvd", "Project__": null, "Project_Name": null, "Town": "Gardner", "From_": "S Main St ", "To_": "Olney St", "Duration_Crew_Days": null, "Proposed_Abandon_Footage": null, "Abandonment_Size": null, "Abandonment_Material": null, "Installed_Pipe_Size": "4", "Install_Footage": "existing", "Installed_Material": "HDPE", "Uprate_Footage": 1491, "MAOP_Increase": "99PSIG", "Current_MAOP_of_System": "14\"WC", "New_MAOP_of_System": "99PSIG", "Essential_Non_Essential": "Not Evaluated", "No_of_Services": 7, "Total_Meter_Count": 8, "RISK_MODEL_SCORE": 7.7, "Project_Driver__Paving__Encroac": null, "Project_Comments_Justification": null, "Total_Cost_": "\n", "lat": 42.5592068, "lon": -71.9814201, "Mapped_address": "Pearson Blvd & S Main St, Gardner, MA 01440, USA", "FID": 67}}, {"type": "Feature", "id": 68, "geometry": {"type": "Point", "coordinates": [-71.9799509, 42.5627806]}, "properties": {"Line__": 145, "Year": "2026", "Street": "Pearson Blvd", "Project__": null, "Project_Name": null, "Town": "Gardner", "From_": "Rotary", "To_": "Reg St", "Duration_Crew_Days": null, "Proposed_Abandon_Footage": 337, "Abandonment_Size": 4, "Abandonment_Material": "BS", "Installed_Pipe_Size": "2", "Install_Footage": "1111", "Installed_Material": "HDPE", "Uprate_Footage": null, "MAOP_Increase": "99PSIG", "Current_MAOP_of_System": "14\"WC", "New_MAOP_of_System": "99PSIG", "Essential_Non_Essential": "Not Evaluated", "No_of_Services": null, "Total_Meter_Count": null, "RISK_MODEL_SCORE": null, "Project_Driver__Paving__Encroac": null, "Project_Comments_Justification": null, "Total_Cost_": "\n", "lat": 42.5627806, "lon": -71.9799509, "Mapped_address": "Pearson Blvd, Gardner, MA 01440, USA", "FID": 68}}, {"type": "Feature", "id": 69, "geometry": {"type": "Point", "coordinates": [-71.9804252, 42.55756]}, "properties": {"Line__": 146, "Year": "2026", "Street": "Union St", "Project__": null, "Project_Name": null, "Town": "Gardner", "From_": "W Broadway", "To_": "EOM", "Duration_Crew_Days": null, "Proposed_Abandon_Footage": null, "Abandonment_Size": null, "Abandonment_Material": "-", "Installed_Pipe_Size": "4", "Install_Footage": "existing", "Installed_Material": "HDPE", "Uprate_Footage": 1077, "MAOP_Increase": "99PSIG", "Current_MAOP_of_System": "14\"WC", "New_MAOP_of_System": "99PSIG", "Essential_Non_Essential": "Not Evaluated", "No_of_Services": 9, "Total_Meter_Count": 16, "RISK_MODEL_SCORE": 0, "Project_Driver__Paving__Encroac": null, "Project_Comments_Justification": null, "Total_Cost_": "\n", "lat": 42.55756, "lon": -71.9804252, "Mapped_address": "W Broadway & Union St, Gardner, MA 01440, USA", "FID": 69}}, {"type": "Feature", "id": 70, "geometry": {"type": "Point", "coordinates": [-71.9821043, 42.556448]}, "properties": {"Line__": 147, "Year": "2026", "Street": "Nutting St", "Project__": null, "Project_Name": null, "Town": "Gardner", "From_": "Union St", "To_": "EOM", "Duration_Crew_Days": null, "Proposed_Abandon_Footage": null, "Abandonment_Size": null, "Abandonment_Material": "-", "Installed_Pipe_Size": "4", "Install_Footage": "existing", "Installed_Material": "HDPE", "Uprate_Footage": 355, "MAOP_Increase": "99PSIG", "Current_MAOP_of_System": "14\"WC", "New_MAOP_of_System": "99PSIG", "Essential_Non_Essential": "Not Evaluated", "No_of_Services": 1, "Total_Meter_Count": 1, "RISK_MODEL_SCORE": 0, "Project_Driver__Paving__Encroac": null, "Project_Comments_Justification": null, "Total_Cost_": "\n", "lat": 42.556448, "lon": -71.9821043, "Mapped_address": "Union St & Nutting St, Gardner, MA 01440, USA", "FID": 70}}, {"type": "Feature", "id": 71, "geometry": {"type": "Point", "coordinates": [-71.8201167973012, 42.579791946495]}, "properties": {"Line__": 166, "Year": "2027", "Street": "Clarendon St", "Project__": null, "Project_Name": null, "Town": "Fitchburg", "From_": "Fairmount St", "To_": "Daniels St", "Duration_Crew_Days": null, "Proposed_Abandon_Footage": 803, "Abandonment_Size": 4, "Abandonment_Material": "CI", "Installed_Pipe_Size": "2", "Install_Footage": "803", "Installed_Material": "HDPE", "Uprate_Footage": null, "MAOP_Increase": "99PSIG", "Current_MAOP_of_System": "14\"WC", "New_MAOP_of_System": "99PSIG", "Essential_Non_Essential": "Not Evaluated", "No_of_Services": 20, "Total_Meter_Count": 48, "RISK_MODEL_SCORE": 21.02, "Project_Driver__Paving__Encroac": null, "Project_Comments_Justification": null, "Total_Cost_": "\n", "lat": 42.579791946495, "lon": -71.8201167973012, "Mapped_address": "Fairmount St & Clarendon St, Fitchburg, MA 01420, USA", "FID": 71}}, {"type": "Feature", "id": 72, "geometry": {"type": "Point", "coordinates": [-71.8142644617195, 42.5757818409592]}, "properties": {"Line__": 169, "Year": "2027", "Street": "King Place", "Project__": null, "Project_Name": null, "Town": "Fitchburg", "From_": "Pratt St", "To_": "King St", "Duration_Crew_Days": null, "Proposed_Abandon_Footage": 262, "Abandonment_Size": 1.25, "Abandonment_Material": "BS", "Installed_Pipe_Size": "2", "Install_Footage": "262", "Installed_Material": "HDPE", "Uprate_Footage": null, "MAOP_Increase": "99PSIG", "Current_MAOP_of_System": "14\"WC", "New_MAOP_of_System": "99PSIG", "Essential_Non_Essential": "Not Evaluated", "No_of_Services": 2, "Total_Meter_Count": 4, "RISK_MODEL_SCORE": 6.22, "Project_Driver__Paving__Encroac": null, "Project_Comments_Justification": null, "Total_Cost_": "\n", "lat": 42.5757818409592, "lon": -71.8142644617195, "Mapped_address": "King Place & Pratt St, Fitchburg, MA, USA", "FID": 72}}, {"type": "Feature", "id": 73, "geometry": {"type": "Point", "coordinates": [-71.8142644617195, 42.5757818409592]}, "properties": {"Line__": 171, "Year": "2027", "Street": "Pratt St", "Project__": null, "Project_Name": null, "Town": "Fitchburg", "From_": "King Place", "To_": "King St", "Duration_Crew_Days": null, "Proposed_Abandon_Footage": 217, "Abandonment_Size": 4, "Abandonment_Material": "CI", "Installed_Pipe_Size": "2", "Install_Footage": "217", "Installed_Material": "HDPE", "Uprate_Footage": null, "MAOP_Increase": "99PSIG", "Current_MAOP_of_System": "14\"WC", "New_MAOP_of_System": "99PSIG", "Essential_Non_Essential": "Not Evaluated", "No_of_Services": null, "Total_Meter_Count": null, "RISK_MODEL_SCORE": 20.61, "Project_Driver__Paving__Encroac": null, "Project_Comments_Justification": null, "Total_Cost_": "\n", "lat": 42.5757818409592, "lon": -71.8142644617195, "Mapped_address": "Pratt St & King Place, Fitchburg, MA, USA", "FID": 73}}, {"type": "Feature", "id": 74, "geometry": {"type": "Point", "coordinates": [-71.802190193742, 42.5733933695094]}, "properties": {"Line__": 189, "Year": "2027", "Street": "Ledgemore St", "Project__": null, "Project_Name": null, "Town": "Fitchburg", "From_": "Walton St", "To_": "EOM", "Duration_Crew_Days": null, "Proposed_Abandon_Footage": 116, "Abandonment_Size": 4, "Abandonment_Material": "CI", "Installed_Pipe_Size": "2", "Install_Footage": "116", "Installed_Material": "HDPE", "Uprate_Footage": null, "MAOP_Increase": "99PSIG", "Current_MAOP_of_System": "14\"WC", "New_MAOP_of_System": "99PSIG", "Essential_Non_Essential": "Not Evaluated", "No_of_Services": 2, "Total_Meter_Count": 2, "RISK_MODEL_SCORE": 7.74, "Project_Driver__Paving__Encroac": null, "Project_Comments_Justification": null, "Total_Cost_": "\n", "lat": 42.5733933695094, "lon": -71.802190193742, "Mapped_address": "Ledgemore St & Warren St, Fitchburg, MA 01420, USA", "FID": 74}}, {"type": "Feature", "id": 75, "geometry": {"type": "Point", "coordinates": [-71.8039505040477, 42.5689597050191]}, "properties": {"Line__": 205, "Year": "2027", "Street": "Forest Park", "Project__": null, "Project_Name": null, "Town": "Fitchburg", "From_": "Forest Hill", "To_": "EOM", "Duration_Crew_Days": null, "Proposed_Abandon_Footage": null, "Abandonment_Size": null, "Abandonment_Material": "NA", "Installed_Pipe_Size": "4", "Install_Footage": "0", "Installed_Material": "HDPE", "Uprate_Footage": 727, "MAOP_Increase": "99PSIG", "Current_MAOP_of_System": "14\"WC", "New_MAOP_of_System": "99PSIG", "Essential_Non_Essential": "Not Evaluated", "No_of_Services": 9, "Total_Meter_Count": 9, "RISK_MODEL_SCORE": 0, "Project_Driver__Paving__Encroac": null, "Project_Comments_Justification": null, "Total_Cost_": "\n", "lat": 42.5689597050191, "lon": -71.8039505040477, "Mapped_address": "Forest Park & Forest Hill, Fitchburg, MA, USA", "FID": 75}}, {"type": "Feature", "id": 76, "geometry": {"type": "Point", "coordinates": [-71.815431, 42.5841637]}, "properties": {"Line__": 148, "Year": "2027", "Street": "Kimball St", "Project__": 1, "Project_Name": "Kimball St", "Town": "Fitchburg", "From_": "Beech St", "To_": "Rollstone St", "Duration_Crew_Days": 106, "Proposed_Abandon_Footage": 2514, "Abandonment_Size": 4, "Abandonment_Material": "CI", "Installed_Pipe_Size": "4", "Install_Footage": "2485", "Installed_Material": "HDPE", "Uprate_Footage": null, "MAOP_Increase": "99PSIG", "Current_MAOP_of_System": "14\"WC", "New_MAOP_of_System": "99PSIG", "Essential_Non_Essential": "Not Evaluated", "No_of_Services": 26, "Total_Meter_Count": 69, "RISK_MODEL_SCORE": 18.2, "Project_Driver__Paving__Encroac": "Project driver is municipal sewer/drain separation work which is scheduled shortly after we complete our gas main replacement", "Project_Comments_Justification": "Project driver is municipal sewer/drain separation work which is scheduled shortly after we complete our gas main replacement", "Total_Cost_": " $ 2,269,085.00 \n", "lat": 42.5841637, "lon": -71.815431, "Mapped_address": "Beech St & Kimball St, Fitchburg, MA 01420, USA", "FID": 76}}, {"type": "Feature", "id": 77, "geometry": {"type": "Point", "coordinates": [-71.8080174, 42.582912]}, "properties": {"Line__": 149, "Year": "2027", "Street": "Leighton St", "Project__": null, "Project_Name": null, "Town": "Fitchburg", "From_": "Foster St", "To_": "Beech St", "Duration_Crew_Days": null, "Proposed_Abandon_Footage": 2173, "Abandonment_Size": 4, "Abandonment_Material": "CI", "Installed_Pipe_Size": "2", "Install_Footage": "2173", "Installed_Material": "HDPE", "Uprate_Footage": null, "MAOP_Increase": "99PSIG", "Current_MAOP_of_System": "14\"WC", "New_MAOP_of_System": "99PSIG", "Essential_Non_Essential": "Not Evaluated", "No_of_Services": 22, "Total_Meter_Count": 49, "RISK_MODEL_SCORE": 0, "Project_Driver__Paving__Encroac": null, "Project_Comments_Justification": null, "Total_Cost_": "\n", "lat": 42.582912, "lon": -71.8080174, "Mapped_address": "Foster St & Leighton St, Fitchburg, MA 01420, USA", "FID": 77}}, {"type": "Feature", "id": 78, "geometry": {"type": "Point", "coordinates": [-71.8077869, 42.5832818]}, "properties": {"Line__": 150, "Year": "2027", "Street": "Foster St", "Project__": null, "Project_Name": null, "Town": "Fitchburg", "From_": "Kimball St", "To_": "EOM", "Duration_Crew_Days": null, "Proposed_Abandon_Footage": 331, "Abandonment_Size": 2, "Abandonment_Material": "CI", "Installed_Pipe_Size": "2", "Install_Footage": "331", "Installed_Material": "HDPE", "Uprate_Footage": null, "MAOP_Increase": "99PSIG", "Current_MAOP_of_System": "14\"WC", "New_MAOP_of_System": "99PSIG", "Essential_Non_Essential": "Not Evaluated", "No_of_Services": 2, "Total_Meter_Count": 5, "RISK_MODEL_SCORE": 7.74, "Project_Driver__Paving__Encroac": null, "Project_Comments_Justification": null, "Total_Cost_": "\n", "lat": 42.5832818, "lon": -71.8077869, "Mapped_address": "Foster St & Kimball St, Fitchburg, MA 01420, USA", "FID": 78}}, {"type": "Feature", "id": 79, "geometry": {"type": "Point", "coordinates": [-71.8065268, 42.5828162]}, "properties": {"Line__": 151, "Year": "2027", "Street": "Franklin St", "Project__": null, "Project_Name": null, "Town": "Fitchburg", "From_": "Kimball St", "To_": "EOM", "Duration_Crew_Days": null, "Proposed_Abandon_Footage": 817, "Abandonment_Size": 4, "Abandonment_Material": "CI", "Installed_Pipe_Size": "2", "Install_Footage": "817", "Installed_Material": "HDPE", "Uprate_Footage": null, "MAOP_Increase": "99PSIG", "Current_MAOP_of_System": "14\"WC", "New_MAOP_of_System": "99PSIG", "Essential_Non_Essential": "Not Evaluated", "No_of_Services": 7, "Total_Meter_Count": 13, "RISK_MODEL_SCORE": 17.5, "Project_Driver__Paving__Encroac": null, "Project_Comments_Justification": null, "Total_Cost_": "\n", "lat": 42.5828162, "lon": -71.8065268, "Mapped_address": "Franklin St & Kimball St, Fitchburg, MA 01420, USA", "FID": 79}}, {"type": "Feature", "id": 80, "geometry": {"type": "Point", "coordinates": [-71.8167278, 42.5815166]}, "properties": {"Line__": 152, "Year": "2027", "Street": "Federal St", "Project__": 2, "Project_Name": "Federal St Area", "Town": "Fitchburg", "From_": "Allen Pl", "To_": "Rockland St", "Duration_Crew_Days": 130, "Proposed_Abandon_Footage": 242, "Abandonment_Size": 4, "Abandonment_Material": "CI", "Installed_Pipe_Size": "2", "Install_Footage": "242", "Installed_Material": "HDPE", "Uprate_Footage": null, "MAOP_Increase": "99PSIG", "Current_MAOP_of_System": "14\"WC", "New_MAOP_of_System": "99PSIG", "Essential_Non_Essential": "Not Evaluated", "No_of_Services": 2, "Total_Meter_Count": 6, "RISK_MODEL_SCORE": 7.74, "Project_Driver__Paving__Encroac": "Project driver is risk score and potential municipal paving", "Project_Comments_Justification": "Project driver is risk score and potential municipal paving", "Total_Cost_": " $ 2,646,289.00 \n", "lat": 42.5815166, "lon": -71.8167278, "Mapped_address": "Federal St & Allen Pl, Fitchburg, MA 01420, USA", "FID": 80}}, {"type": "Feature", "id": 81, "geometry": {"type": "Point", "coordinates": [-71.8167278, 42.5815166]}, "properties": {"Line__": 153, "Year": "2027", "Street": "Allen Pl", "Project__": null, "Project_Name": null, "Town": "Fitchburg", "From_": "Federal St", "To_": "Daniels St", "Duration_Crew_Days": null, "Proposed_Abandon_Footage": 632, "Abandonment_Size": 4, "Abandonment_Material": "CI", "Installed_Pipe_Size": "2", "Install_Footage": "632", "Installed_Material": "HDPE", "Uprate_Footage": null, "MAOP_Increase": "99PSIG", "Current_MAOP_of_System": "14\"WC", "New_MAOP_of_System": "99PSIG", "Essential_Non_Essential": "Not Evaluated", "No_of_Services": 4, "Total_Meter_Count": 18, "RISK_MODEL_SCORE": 7.74, "Project_Driver__Paving__Encroac": null, "Project_Comments_Justification": null, "Total_Cost_": "\n", "lat": 42.5815166, "lon": -71.8167278, "Mapped_address": "Federal St & Allen Pl, Fitchburg, MA 01420, USA", "FID": 81}}, {"type": "Feature", "id": 82, "geometry": {"type": "Point", "coordinates": [-71.816029, 42.5811536]}, "properties": {"Line__": 154, "Year": "2027", "Street": "Rockland St", "Project__": null, "Project_Name": null, "Town": "Fitchburg", "From_": "Federal St", "To_": "Huron St", "Duration_Crew_Days": null, "Proposed_Abandon_Footage": 421, "Abandonment_Size": 4, "Abandonment_Material": "CI", "Installed_Pipe_Size": "2", "Install_Footage": "421", "Installed_Material": "HDPE", "Uprate_Footage": null, "MAOP_Increase": "99PSIG", "Current_MAOP_of_System": "14\"WC", "New_MAOP_of_System": "99PSIG", "Essential_Non_Essential": "Not Evaluated", "No_of_Services": 7, "Total_Meter_Count": 13, "RISK_MODEL_SCORE": 16.29, "Project_Driver__Paving__Encroac": null, "Project_Comments_Justification": null, "Total_Cost_": "\n", "lat": 42.5811536, "lon": -71.816029, "Mapped_address": "Rockland St & Federal St, Fitchburg, MA 01420, USA", "FID": 82}}, {"type": "Feature", "id": 83, "geometry": {"type": "Point", "coordinates": [-71.8153052, 42.5794199]}, "properties": {"Line__": 155, "Year": "2027", "Street": "Huron St", "Project__": null, "Project_Name": null, "Town": "Fitchburg", "From_": "Beech St", "To_": "Allen Pl", "Duration_Crew_Days": null, "Proposed_Abandon_Footage": 741, "Abandonment_Size": 4, "Abandonment_Material": "CI", "Installed_Pipe_Size": "2", "Install_Footage": "741", "Installed_Material": "HDPE", "Uprate_Footage": null, "MAOP_Increase": "99PSIG", "Current_MAOP_of_System": "14\"WC", "New_MAOP_of_System": "99PSIG", "Essential_Non_Essential": "Not Evaluated", "No_of_Services": 5, "Total_Meter_Count": 9, "RISK_MODEL_SCORE": 14.57, "Project_Driver__Paving__Encroac": null, "Project_Comments_Justification": null, "Total_Cost_": "\n", "lat": 42.5794199, "lon": -71.8153052, "Mapped_address": "Beech St & Huron St, Fitchburg, MA 01420, USA", "FID": 83}}, {"type": "Feature", "id": 84, "geometry": {"type": "Point", "coordinates": [-71.8164949, 42.5800312]}, "properties": {"Line__": 156, "Year": "2027", "Street": "Dumais S", "Project__": null, "Project_Name": null, "Town": "Fitchburg", "From_": "Huron St", "To_": "EOM", "Duration_Crew_Days": null, "Proposed_Abandon_Footage": 13, "Abandonment_Size": 4, "Abandonment_Material": "CI", "Installed_Pipe_Size": "2", "Install_Footage": "25", "Installed_Material": "HDPE", "Uprate_Footage": null, "MAOP_Increase": "99PSIG", "Current_MAOP_of_System": "14\"WC", "New_MAOP_of_System": "99PSIG", "Essential_Non_Essential": "Not Evaluated", "No_of_Services": 0, "Total_Meter_Count": 0, "RISK_MODEL_SCORE": 7.74, "Project_Driver__Paving__Encroac": null, "Project_Comments_Justification": null, "Total_Cost_": "\n", "lat": 42.5800312, "lon": -71.8164949, "Mapped_address": "Huron St, Fitchburg, MA 01420, USA", "FID": 84}}, {"type": "Feature", "id": 85, "geometry": {"type": "Point", "coordinates": [-71.8183561, 42.5805151]}, "properties": {"Line__": 157, "Year": "2027", "Street": "Daniels St", "Project__": null, "Project_Name": null, "Town": "Fitchburg", "From_": "Cleghorn St", "To_": "Plymouth St", "Duration_Crew_Days": null, "Proposed_Abandon_Footage": null, "Abandonment_Size": null, "Abandonment_Material": "NA", "Installed_Pipe_Size": "4", "Install_Footage": "0", "Installed_Material": "HDPE", "Uprate_Footage": 486, "MAOP_Increase": "99PSIG", "Current_MAOP_of_System": "14\"WC", "New_MAOP_of_System": "99PSIG", "Essential_Non_Essential": "Not Evaluated", "No_of_Services": 18, "Total_Meter_Count": 46, "RISK_MODEL_SCORE": 0, "Project_Driver__Paving__Encroac": null, "Project_Comments_Justification": null, "Total_Cost_": "\n", "lat": 42.5805151, "lon": -71.8183561, "Mapped_address": "Daniels St & Cleghorn St, Fitchburg, MA 01420, USA", "FID": 85}}, {"type": "Feature", "id": 86, "geometry": {"type": "Point", "coordinates": [-71.8175288, 42.5793529]}, "properties": {"Line__": 158, "Year": "2027", "Street": "Daniels St", "Project__": null, "Project_Name": null, "Town": "Fitchburg", "From_": "Plymouth St", "To_": "210 Daniels St", "Duration_Crew_Days": null, "Proposed_Abandon_Footage": 876, "Abandonment_Size": 4, "Abandonment_Material": "CI", "Installed_Pipe_Size": "2", "Install_Footage": "411", "Installed_Material": "HDPE", "Uprate_Footage": 0, "MAOP_Increase": "99PSIG", "Current_MAOP_of_System": "14\"WC", "New_MAOP_of_System": "99PSIG", "Essential_Non_Essential": "Not Evaluated", "No_of_Services": null, "Total_Meter_Count": null, "RISK_MODEL_SCORE": 38.66, "Project_Driver__Paving__Encroac": null, "Project_Comments_Justification": null, "Total_Cost_": "\n", "lat": 42.5793529, "lon": -71.8175288, "Mapped_address": "Daniels St & Plymouth St, Fitchburg, MA 01420, USA", "FID": 86}}, {"type": "Feature", "id": 87, "geometry": {"type": "Point", "coordinates": [-71.8181372, 42.5799812]}, "properties": {"Line__": 159, "Year": "2027", "Street": "Fairmount St", "Project__": null, "Project_Name": null, "Town": "Fitchburg", "From_": "Daniels St", "To_": "Oak Hill Rd", "Duration_Crew_Days": null, "Proposed_Abandon_Footage": 493, "Abandonment_Size": 6, "Abandonment_Material": "CI", "Installed_Pipe_Size": "2", "Install_Footage": "795", "Installed_Material": "HDPE", "Uprate_Footage": 0, "MAOP_Increase": "99PSIG", "Current_MAOP_of_System": "14\"WC", "New_MAOP_of_System": "99PSIG", "Essential_Non_Essential": "Not Evaluated", "No_of_Services": 6, "Total_Meter_Count": 24, "RISK_MODEL_SCORE": 11.69, "Project_Driver__Paving__Encroac": null, "Project_Comments_Justification": null, "Total_Cost_": "\n", "lat": 42.5799812, "lon": -71.8181372, "Mapped_address": "Daniels St & Fairmount St, Fitchburg, MA 01420, USA", "FID": 87}}, {"type": "Feature", "id": 88, "geometry": {"type": "Point", "coordinates": [-71.8181372, 42.5799812]}, "properties": {"Line__": 160, "Year": "2027", "Street": "Fairmount St", "Project__": null, "Project_Name": null, "Town": "Fitchburg", "From_": "Daniels St", "To_": "Oak Hill Rd", "Duration_Crew_Days": null, "Proposed_Abandon_Footage": 302, "Abandonment_Size": 4, "Abandonment_Material": "CI", "Installed_Pipe_Size": "NA", "Install_Footage": "NA", "Installed_Material": "NA", "Uprate_Footage": null, "MAOP_Increase": "99PSIG", "Current_MAOP_of_System": "14\"WC", "New_MAOP_of_System": "99PSIG", "Essential_Non_Essential": "Not Evaluated", "No_of_Services": null, "Total_Meter_Count": null, "RISK_MODEL_SCORE": 7.74, "Project_Driver__Paving__Encroac": null, "Project_Comments_Justification": null, "Total_Cost_": "\n", "lat": 42.5799812, "lon": -71.8181372, "Mapped_address": "Daniels St & Fairmount St, Fitchburg, MA 01420, USA", "FID": 88}}, {"type": "Feature", "id": 89, "geometry": {"type": "Point", "coordinates": [-71.8266214, 42.5785108]}, "properties": {"Line__": 161, "Year": "2027", "Street": "Fairmont Pl", "Project__": null, "Project_Name": null, "Town": "Fitchburg", "From_": "Fairmount St", "To_": "Daniels St", "Duration_Crew_Days": null, "Proposed_Abandon_Footage": null, "Abandonment_Size": null, "Abandonment_Material": "NA", "Installed_Pipe_Size": "4", "Install_Footage": "NA", "Installed_Material": "HDPE", "Uprate_Footage": 338, "MAOP_Increase": "99PSIG", "Current_MAOP_of_System": "14\"WC", "New_MAOP_of_System": "99PSIG", "Essential_Non_Essential": "Not Evaluated", "No_of_Services": 0, "Total_Meter_Count": 0, "RISK_MODEL_SCORE": 0, "Project_Driver__Paving__Encroac": null, "Project_Comments_Justification": null, "Total_Cost_": "\n", "lat": 42.5785108, "lon": -71.8266214, "Mapped_address": "Fairmount St, Fitchburg, MA 01420, USA", "FID": 89}}, {"type": "Feature", "id": 90, "geometry": {"type": "Point", "coordinates": [-71.8219559, 42.5788236]}, "properties": {"Line__": 162, "Year": "2027", "Street": "Plymouth St", "Project__": null, "Project_Name": null, "Town": "Fitchburg", "From_": "Madison St", "To_": "Daniels St", "Duration_Crew_Days": null, "Proposed_Abandon_Footage": 916, "Abandonment_Size": 4, "Abandonment_Material": "CI", "Installed_Pipe_Size": "2", "Install_Footage": "1327", "Installed_Material": "HDPE", "Uprate_Footage": 0, "MAOP_Increase": "99PSIG", "Current_MAOP_of_System": "14\"WC", "New_MAOP_of_System": "99PSIG", "Essential_Non_Essential": "Not Evaluated", "No_of_Services": 17, "Total_Meter_Count": 37, "RISK_MODEL_SCORE": 12.79, "Project_Driver__Paving__Encroac": null, "Project_Comments_Justification": null, "Total_Cost_": "\n", "lat": 42.5788236, "lon": -71.8219559, "Mapped_address": "Madison St & Plymouth St, Fitchburg, MA 01420, USA", "FID": 90}}, {"type": "Feature", "id": 91, "geometry": {"type": "Point", "coordinates": [-71.8219559, 42.5788236]}, "properties": {"Line__": 163, "Year": "2027", "Street": "Plymouth St", "Project__": null, "Project_Name": null, "Town": "Fitchburg", "From_": "Madison St", "To_": "Daniels St", "Duration_Crew_Days": null, "Proposed_Abandon_Footage": 32, "Abandonment_Size": 2, "Abandonment_Material": "BS", "Installed_Pipe_Size": "NA", "Install_Footage": "NA", "Installed_Material": "NA", "Uprate_Footage": null, "MAOP_Increase": "99PSIG", "Current_MAOP_of_System": "14\"WC", "New_MAOP_of_System": "99PSIG", "Essential_Non_Essential": "Not Evaluated", "No_of_Services": null, "Total_Meter_Count": null, "RISK_MODEL_SCORE": 6.77, "Project_Driver__Paving__Encroac": null, "Project_Comments_Justification": null, "Total_Cost_": "\n", "lat": 42.5788236, "lon": -71.8219559, "Mapped_address": "Madison St & Plymouth St, Fitchburg, MA 01420, USA", "FID": 91}}, {"type": "Feature", "id": 92, "geometry": {"type": "Point", "coordinates": [-71.8210636, 42.5789285]}, "properties": {"Line__": 164, "Year": "2027", "Street": "Orchard St", "Project__": null, "Project_Name": null, "Town": "Fitchburg", "From_": "Plymouth St", "To_": "Columbus St", "Duration_Crew_Days": null, "Proposed_Abandon_Footage": 299, "Abandonment_Size": 4, "Abandonment_Material": "CI", "Installed_Pipe_Size": "2", "Install_Footage": "NA", "Installed_Material": "HDPE", "Uprate_Footage": 155, "MAOP_Increase": "99PSIG", "Current_MAOP_of_System": "14\"WC", "New_MAOP_of_System": "99PSIG", "Essential_Non_Essential": "Not Evaluated", "No_of_Services": 5, "Total_Meter_Count": 10, "RISK_MODEL_SCORE": 31.89, "Project_Driver__Paving__Encroac": null, "Project_Comments_Justification": null, "Total_Cost_": "\n", "lat": 42.5789285, "lon": -71.8210636, "Mapped_address": "Plymouth St & Orchard St, Fitchburg, MA 01420, USA", "FID": 92}}, {"type": "Feature", "id": 93, "geometry": {"type": "Point", "coordinates": [-71.8205262, 42.5789879]}, "properties": {"Line__": 165, "Year": "2027", "Street": "Blais Ct", "Project__": null, "Project_Name": null, "Town": "Fitchburg", "From_": "Plymouth St", "To_": "Columbus St", "Duration_Crew_Days": null, "Proposed_Abandon_Footage": 290, "Abandonment_Size": 4, "Abandonment_Material": "CI", "Installed_Pipe_Size": "2", "Install_Footage": "290", "Installed_Material": "HDPE", "Uprate_Footage": null, "MAOP_Increase": "99PSIG", "Current_MAOP_of_System": "14\"WC", "New_MAOP_of_System": "99PSIG", "Essential_Non_Essential": "Not Evaluated", "No_of_Services": 1, "Total_Meter_Count": 1, "RISK_MODEL_SCORE": 7.74, "Project_Driver__Paving__Encroac": null, "Project_Comments_Justification": null, "Total_Cost_": "\n", "lat": 42.5789879, "lon": -71.8205262, "Mapped_address": "Blais Ct & Plymouth St, Fitchburg, MA 01420, USA", "FID": 93}}, {"type": "Feature", "id": 94, "geometry": {"type": "Point", "coordinates": [-71.8191914, 42.5754686]}, "properties": {"Line__": 167, "Year": "2027", "Street": "Pratt Rd", "Project__": 3, "Project_Name": "Pratt Rd Area", "Town": "Fitchburg", "From_": "Clarendon St", "To_": "Silver St", "Duration_Crew_Days": 140, "Proposed_Abandon_Footage": 1659, "Abandonment_Size": 4, "Abandonment_Material": "CI", "Installed_Pipe_Size": "2", "Install_Footage": "1659", "Installed_Material": "HDPE", "Uprate_Footage": null, "MAOP_Increase": "99PSIG", "Current_MAOP_of_System": "14\"WC", "New_MAOP_of_System": "99PSIG", "Essential_Non_Essential": "Not Evaluated", "No_of_Services": 22, "Total_Meter_Count": 47, "RISK_MODEL_SCORE": 29.65, "Project_Driver__Paving__Encroac": "Project driver is potential municipal paving as well as subordinate streets to convert from LP to HP", "Project_Comments_Justification": "Project driver is potential municipal paving as well as subordinate streets to convert from LP to HP", "Total_Cost_": " $ 2,560,748.00 \n", "lat": 42.5754686, "lon": -71.8191914, "Mapped_address": "Clarendon St & Pratt Rd, Fitchburg, MA 01420, USA", "FID": 94}}, {"type": "Feature", "id": 95, "geometry": {"type": "Point", "coordinates": [-71.8142298, 42.5750499]}, "properties": {"Line__": 168, "Year": "2027", "Street": "King St", "Project__": null, "Project_Name": null, "Town": "Fitchburg", "From_": "Pratt Rd", "To_": "Pratt St", "Duration_Crew_Days": null, "Proposed_Abandon_Footage": 459, "Abandonment_Size": 4, "Abandonment_Material": "CI", "Installed_Pipe_Size": "2", "Install_Footage": "459", "Installed_Material": "HDPE", "Uprate_Footage": null, "MAOP_Increase": "99PSIG", "Current_MAOP_of_System": "14\"WC", "New_MAOP_of_System": "99PSIG", "Essential_Non_Essential": "Not Evaluated", "No_of_Services": 2, "Total_Meter_Count": 2, "RISK_MODEL_SCORE": 7.74, "Project_Driver__Paving__Encroac": null, "Project_Comments_Justification": null, "Total_Cost_": "\n", "lat": 42.5750499, "lon": -71.8142298, "Mapped_address": "Pratt Rd & King St, Fitchburg, MA 01420, USA", "FID": 95}}, {"type": "Feature", "id": 96, "geometry": {"type": "Point", "coordinates": [-71.8169955, 42.5763862]}, "properties": {"Line__": 170, "Year": "2027", "Street": "Pratt St", "Project__": null, "Project_Name": null, "Town": "Fitchburg", "From_": "Beech St", "To_": "Pratt St Ext", "Duration_Crew_Days": null, "Proposed_Abandon_Footage": 514, "Abandonment_Size": 6, "Abandonment_Material": "CI", "Installed_Pipe_Size": "2", "Install_Footage": "514", "Installed_Material": "HDPE", "Uprate_Footage": null, "MAOP_Increase": "99PSIG", "Current_MAOP_of_System": "14\"WC", "New_MAOP_of_System": "99PSIG", "Essential_Non_Essential": "Not Evaluated", "No_of_Services": 30, "Total_Meter_Count": 56, "RISK_MODEL_SCORE": 15.97, "Project_Driver__Paving__Encroac": null, "Project_Comments_Justification": null, "Total_Cost_": "\n", "lat": 42.5763862, "lon": -71.8169955, "Mapped_address": "Pratt St & Beech St, Fitchburg, MA 01420, USA", "FID": 96}}, {"type": "Feature", "id": 97, "geometry": {"type": "Point", "coordinates": [-71.8169955, 42.5763862]}, "properties": {"Line__": 172, "Year": "2027", "Street": "Pratt St", "Project__": null, "Project_Name": null, "Town": "Fitchburg", "From_": "Beech St", "To_": "Daniel St", "Duration_Crew_Days": null, "Proposed_Abandon_Footage": 504, "Abandonment_Size": 4, "Abandonment_Material": "CI", "Installed_Pipe_Size": "2", "Install_Footage": "504", "Installed_Material": "HDPE", "Uprate_Footage": null, "MAOP_Increase": "99PSIG", "Current_MAOP_of_System": "14\"WC", "New_MAOP_of_System": "99PSIG", "Essential_Non_Essential": "Not Evaluated", "No_of_Services": null, "Total_Meter_Count": null, "RISK_MODEL_SCORE": 16.29, "Project_Driver__Paving__Encroac": null, "Project_Comments_Justification": null, "Total_Cost_": "\n", "lat": 42.5763862, "lon": -71.8169955, "Mapped_address": "Pratt St & Beech St, Fitchburg, MA 01420, USA", "FID": 97}}, {"type": "Feature", "id": 98, "geometry": {"type": "Point", "coordinates": [-71.8133531, 42.5762601]}, "properties": {"Line__": 173, "Year": "2027", "Street": "Pratt St", "Project__": null, "Project_Name": null, "Town": "Fitchburg", "From_": "Frankfort St", "To_": "Harugari St", "Duration_Crew_Days": null, "Proposed_Abandon_Footage": null, "Abandonment_Size": null, "Abandonment_Material": "-", "Installed_Pipe_Size": "-", "Install_Footage": "-", "Installed_Material": "-", "Uprate_Footage": 450, "MAOP_Increase": "99PSIG", "Current_MAOP_of_System": "14\"WC", "New_MAOP_of_System": "99PSIG", "Essential_Non_Essential": "Not Evaluated", "No_of_Services": null, "Total_Meter_Count": null, "RISK_MODEL_SCORE": 0, "Project_Driver__Paving__Encroac": null, "Project_Comments_Justification": null, "Total_Cost_": "\n", "lat": 42.5762601, "lon": -71.8133531, "Mapped_address": "Pratt St & Frankfort St, Fitchburg, MA 01420, USA", "FID": 98}}, {"type": "Feature", "id": 99, "geometry": {"type": "Point", "coordinates": [-71.8169955, 42.5763862]}, "properties": {"Line__": 174, "Year": "2027", "Street": "Beech St", "Project__": null, "Project_Name": null, "Town": "Fitchburg", "From_": "Pratt St", "To_": "Pratt Rd", "Duration_Crew_Days": null, "Proposed_Abandon_Footage": 478, "Abandonment_Size": 4, "Abandonment_Material": "CI", "Installed_Pipe_Size": "2", "Install_Footage": "478", "Installed_Material": "HDPE", "Uprate_Footage": null, "MAOP_Increase": "99PSIG", "Current_MAOP_of_System": "14\"WC", "New_MAOP_of_System": "99PSIG", "Essential_Non_Essential": "Not Evaluated", "No_of_Services": 6, "Total_Meter_Count": 13, "RISK_MODEL_SCORE": 15.48, "Project_Driver__Paving__Encroac": null, "Project_Comments_Justification": null, "Total_Cost_": "\n", "lat": 42.5763862, "lon": -71.8169955, "Mapped_address": "Pratt St & Beech St, Fitchburg, MA 01420, USA", "FID": 99}}, {"type": "Feature", "id": 100, "geometry": {"type": "Point", "coordinates": [-71.818846, 42.5791901]}, "properties": {"Line__": 175, "Year": "2027", "Street": "Woodland St", "Project__": null, "Project_Name": null, "Town": "Fitchburg", "From_": "Plymouth St", "To_": "pratt Rd", "Duration_Crew_Days": null, "Proposed_Abandon_Footage": 942, "Abandonment_Size": 4, "Abandonment_Material": "CI", "Installed_Pipe_Size": "2", "Install_Footage": "942", "Installed_Material": "HDPE", "Uprate_Footage": null, "MAOP_Increase": "99PSIG", "Current_MAOP_of_System": "14\"WC", "New_MAOP_of_System": "99PSIG", "Essential_Non_Essential": "Not Evaluated", "No_of_Services": 12, "Total_Meter_Count": 26, "RISK_MODEL_SCORE": 16.71, "Project_Driver__Paving__Encroac": null, "Project_Comments_Justification": null, "Total_Cost_": "\n", "lat": 42.5791901, "lon": -71.818846, "Mapped_address": "Woodland St & Plymouth St, Fitchburg, MA 01420, USA", "FID": 100}}, {"type": "Feature", "id": 101, "geometry": {"type": "Point", "coordinates": [-71.818846, 42.5791901]}, "properties": {"Line__": 176, "Year": "2027", "Street": "Woodland St", "Project__": null, "Project_Name": null, "Town": "Fitchburg", "From_": "Plymouth St", "To_": "Pratt Rd", "Duration_Crew_Days": null, "Proposed_Abandon_Footage": 226, "Abandonment_Size": 4, "Abandonment_Material": "UPS", "Installed_Pipe_Size": "2", "Install_Footage": "226", "Installed_Material": "HDPE", "Uprate_Footage": null, "MAOP_Increase": "99PSIG", "Current_MAOP_of_System": "14\" WC", "New_MAOP_of_System": "99PSIG", "Essential_Non_Essential": "Not Evaluated", "No_of_Services": null, "Total_Meter_Count": null, "RISK_MODEL_SCORE": 7.74, "Project_Driver__Paving__Encroac": null, "Project_Comments_Justification": null, "Total_Cost_": "\n", "lat": 42.5791901, "lon": -71.818846, "Mapped_address": "Woodland St & Plymouth St, Fitchburg, MA 01420, USA", "FID": 101}}, {"type": "Feature", "id": 102, "geometry": {"type": "Point", "coordinates": [-71.8184868, 42.5758148]}, "properties": {"Line__": 177, "Year": "2027", "Street": "Home St", "Project__": null, "Project_Name": null, "Town": "Fitchburg", "From_": "Woodland St", "To_": "EOM", "Duration_Crew_Days": null, "Proposed_Abandon_Footage": 158, "Abandonment_Size": 4, "Abandonment_Material": "UPS", "Installed_Pipe_Size": "2", "Install_Footage": "158", "Installed_Material": "HDPE", "Uprate_Footage": null, "MAOP_Increase": "99PSIG", "Current_MAOP_of_System": "14\"WC", "New_MAOP_of_System": "99PSIG", "Essential_Non_Essential": "Not Evaluated", "No_of_Services": 1, "Total_Meter_Count": 2, "RISK_MODEL_SCORE": 7.74, "Project_Driver__Paving__Encroac": null, "Project_Comments_Justification": null, "Total_Cost_": "\n", "lat": 42.5758148, "lon": -71.8184868, "Mapped_address": "Woodland St & Home St, Fitchburg, MA 01420, USA", "FID": 102}}, {"type": "Feature", "id": 103, "geometry": {"type": "Point", "coordinates": [-71.8135647, 42.5750186]}, "properties": {"Line__": 178, "Year": "2027", "Street": "Causeway St", "Project__": null, "Project_Name": null, "Town": "Fitchburg", "From_": "Pratt Rd", "To_": "EOM", "Duration_Crew_Days": null, "Proposed_Abandon_Footage": 525, "Abandonment_Size": 4, "Abandonment_Material": "CI", "Installed_Pipe_Size": "2", "Install_Footage": "525", "Installed_Material": "HDPE", "Uprate_Footage": null, "MAOP_Increase": "99PSIG", "Current_MAOP_of_System": "14\"WC", "New_MAOP_of_System": "99PSIG", "Essential_Non_Essential": "Not Evaluated", "No_of_Services": 11, "Total_Meter_Count": 13, "RISK_MODEL_SCORE": 7.74, "Project_Driver__Paving__Encroac": null, "Project_Comments_Justification": null, "Total_Cost_": "\n", "lat": 42.5750186, "lon": -71.8135647, "Mapped_address": "Pratt Rd & Causeway St, Fitchburg, MA 01420, USA", "FID": 103}}, {"type": "Feature", "id": 104, "geometry": {"type": "Point", "coordinates": [-71.8133133, 42.5750087]}, "properties": {"Line__": 179, "Year": "2027", "Street": "Frankfort St", "Project__": null, "Project_Name": null, "Town": "Fitchburg", "From_": "Pratt Rd", "To_": "Harugari St", "Duration_Crew_Days": null, "Proposed_Abandon_Footage": 476, "Abandonment_Size": 4, "Abandonment_Material": "CI", "Installed_Pipe_Size": "2", "Install_Footage": "525", "Installed_Material": "HDPE", "Uprate_Footage": null, "MAOP_Increase": "99PSIG", "Current_MAOP_of_System": "14\"WC", "New_MAOP_of_System": "99PSIG", "Essential_Non_Essential": "Not Evaluated", "No_of_Services": 11, "Total_Meter_Count": 12, "RISK_MODEL_SCORE": 14.11, "Project_Driver__Paving__Encroac": null, "Project_Comments_Justification": null, "Total_Cost_": "\n", "lat": 42.5750087, "lon": -71.8133133, "Mapped_address": "Frankfort St & Pratt Rd, Fitchburg, MA 01420, USA", "FID": 104}}, {"type": "Feature", "id": 105, "geometry": {"type": "Point", "coordinates": [-71.811623, 42.5763484]}, "properties": {"Line__": 180, "Year": "2027", "Street": "Harugari St", "Project__": null, "Project_Name": null, "Town": "Fitchburg", "From_": "Pratt St", "To_": "EOM", "Duration_Crew_Days": null, "Proposed_Abandon_Footage": null, "Abandonment_Size": null, "Abandonment_Material": "-", "Installed_Pipe_Size": "-", "Install_Footage": "-", "Installed_Material": "-", "Uprate_Footage": 357, "MAOP_Increase": "99PSIG", "Current_MAOP_of_System": "14\"WC", "New_MAOP_of_System": "99PSIG", "Essential_Non_Essential": "Not Evaluated", "No_of_Services": 5, "Total_Meter_Count": 7, "RISK_MODEL_SCORE": 0, "Project_Driver__Paving__Encroac": null, "Project_Comments_Justification": null, "Total_Cost_": "\n", "lat": 42.5763484, "lon": -71.811623, "Mapped_address": "Pratt St & Harugari St, Fitchburg, MA 01420, USA", "FID": 105}}, {"type": "Feature", "id": 106, "geometry": {"type": "Point", "coordinates": [-71.8054134, 42.5752936]}, "properties": {"Line__": 181, "Year": "2027", "Street": "Walton St", "Project__": 4, "Project_Name": "Walton St Area", "Town": "Fitchburg", "From_": "Pine St", "To_": "#350 Walton St", "Duration_Crew_Days": 275, "Proposed_Abandon_Footage": 1781, "Abandonment_Size": 4, "Abandonment_Material": "CI", "Installed_Pipe_Size": "2", "Install_Footage": "1781", "Installed_Material": "HDPE", "Uprate_Footage": 0, "MAOP_Increase": "99PSIG", "Current_MAOP_of_System": "14\"WC", "New_MAOP_of_System": "99PSIG", "Essential_Non_Essential": "Not Evaluated", "No_of_Services": 38, "Total_Meter_Count": 46, "RISK_MODEL_SCORE": 16.55, "Project_Driver__Paving__Encroac": "Project driver is potential municipal paving as well as subordinate streets to convert from LP to HP", "Project_Comments_Justification": "Project driver is potential municipal paving as well as subordinate streets to convert from LP to HP", "Total_Cost_": " $ 5,120,872.00 \n", "lat": 42.5752936, "lon": -71.8054134, "Mapped_address": "Walton St & Pine St, Fitchburg, MA 01420, USA", "FID": 106}}, {"type": "Feature", "id": 107, "geometry": {"type": "Point", "coordinates": [-71.8054134, 42.5752936]}, "properties": {"Line__": 182, "Year": "2027", "Street": "Walton St", "Project__": null, "Project_Name": null, "Town": "Fitchburg", "From_": "Pine St", "To_": "#350 Walton St", "Duration_Crew_Days": null, "Proposed_Abandon_Footage": 356, "Abandonment_Size": 4, "Abandonment_Material": "BS", "Installed_Pipe_Size": "2", "Install_Footage": "356", "Installed_Material": "HDPE", "Uprate_Footage": 0, "MAOP_Increase": "99PSIG", "Current_MAOP_of_System": "14\"WC", "New_MAOP_of_System": "99PSIG", "Essential_Non_Essential": "Not Evaluated", "No_of_Services": null, "Total_Meter_Count": null, "RISK_MODEL_SCORE": 7.74, "Project_Driver__Paving__Encroac": null, "Project_Comments_Justification": null, "Total_Cost_": "\n", "lat": 42.5752936, "lon": -71.8054134, "Mapped_address": "Walton St & Pine St, Fitchburg, MA 01420, USA", "FID": 107}}, {"type": "Feature", "id": 108, "geometry": {"type": "Point", "coordinates": [-71.8054134, 42.5752936]}, "properties": {"Line__": 183, "Year": "2027", "Street": "Walton St", "Project__": null, "Project_Name": null, "Town": "Fitchburg", "From_": "Pine St", "To_": "#350 Walton St", "Duration_Crew_Days": null, "Proposed_Abandon_Footage": 93, "Abandonment_Size": 6, "Abandonment_Material": "BS", "Installed_Pipe_Size": "NA", "Install_Footage": "NA", "Installed_Material": "NA", "Uprate_Footage": 0, "MAOP_Increase": "99PSIG", "Current_MAOP_of_System": "14\"WC", "New_MAOP_of_System": "99PSIG", "Essential_Non_Essential": "Not Evaluated", "No_of_Services": null, "Total_Meter_Count": null, "RISK_MODEL_SCORE": 8.41, "Project_Driver__Paving__Encroac": null, "Project_Comments_Justification": null, "Total_Cost_": "\n", "lat": 42.5752936, "lon": -71.8054134, "Mapped_address": "Walton St & Pine St, Fitchburg, MA 01420, USA", "FID": 108}}, {"type": "Feature", "id": 109, "geometry": {"type": "Point", "coordinates": [-71.8044443, 42.5752987]}, "properties": {"Line__": 184, "Year": "2027", "Street": "Winch St", "Project__": null, "Project_Name": null, "Town": "Fitchburg", "From_": "Pine St", "To_": "EOM", "Duration_Crew_Days": null, "Proposed_Abandon_Footage": null, "Abandonment_Size": null, "Abandonment_Material": "NA", "Installed_Pipe_Size": "2", "Install_Footage": "NA", "Installed_Material": "HDPE", "Uprate_Footage": 450, "MAOP_Increase": "99PSIG", "Current_MAOP_of_System": "14\"WC", "New_MAOP_of_System": "99PSIG", "Essential_Non_Essential": "Not Evaluated", "No_of_Services": 10, "Total_Meter_Count": 10, "RISK_MODEL_SCORE": 0, "Project_Driver__Paving__Encroac": null, "Project_Comments_Justification": null, "Total_Cost_": "\n", "lat": 42.5752987, "lon": -71.8044443, "Mapped_address": "Winch St & Pine St, Fitchburg, MA 01420, USA", "FID": 109}}, {"type": "Feature", "id": 110, "geometry": {"type": "Point", "coordinates": [-71.8030709, 42.5752932]}, "properties": {"Line__": 185, "Year": "2027", "Street": "Milk St", "Project__": null, "Project_Name": null, "Town": "Fitchburg", "From_": "Pine St", "To_": "Ellis St", "Duration_Crew_Days": null, "Proposed_Abandon_Footage": 1355, "Abandonment_Size": 4, "Abandonment_Material": "CI", "Installed_Pipe_Size": "2", "Install_Footage": "1355", "Installed_Material": "HDPE", "Uprate_Footage": 0, "MAOP_Increase": "99PSIG", "Current_MAOP_of_System": "14\"WC", "New_MAOP_of_System": "99PSIG", "Essential_Non_Essential": "Not Evaluated", "No_of_Services": 52, "Total_Meter_Count": 63, "RISK_MODEL_SCORE": 18.67, "Project_Driver__Paving__Encroac": null, "Project_Comments_Justification": null, "Total_Cost_": "\n", "lat": 42.5752932, "lon": -71.8030709, "Mapped_address": "Milk St & Pine St, Fitchburg, MA 01420, USA", "FID": 110}}, {"type": "Feature", "id": 111, "geometry": {"type": "Point", "coordinates": [-71.8031098, 42.5714173]}, "properties": {"Line__": 186, "Year": "2027", "Street": "Milk St", "Project__": null, "Project_Name": null, "Town": "Fitchburg", "From_": "Ellis St", "To_": "Electric Ave", "Duration_Crew_Days": null, "Proposed_Abandon_Footage": null, "Abandonment_Size": null, "Abandonment_Material": "NA", "Installed_Pipe_Size": "8", "Install_Footage": "0", "Installed_Material": "HDPE", "Uprate_Footage": 1393, "MAOP_Increase": "99PSIG", "Current_MAOP_of_System": "14\"WC", "New_MAOP_of_System": "99PSIG", "Essential_Non_Essential": "Not Evaluated", "No_of_Services": null, "Total_Meter_Count": null, "RISK_MODEL_SCORE": 0, "Project_Driver__Paving__Encroac": null, "Project_Comments_Justification": null, "Total_Cost_": "\n", "lat": 42.5714173, "lon": -71.8031098, "Mapped_address": "Ellis St & Milk St, Fitchburg, MA 01420, USA", "FID": 111}}, {"type": "Feature", "id": 112, "geometry": {"type": "Point", "coordinates": [-71.8066839, 42.5753112]}, "properties": {"Line__": 187, "Year": "2027", "Street": "Pine St", "Project__": null, "Project_Name": null, "Town": "Fitchburg", "From_": "Rollstone St", "To_": "Burnap St", "Duration_Crew_Days": null, "Proposed_Abandon_Footage": 1067, "Abandonment_Size": 4, "Abandonment_Material": "CI", "Installed_Pipe_Size": "2", "Install_Footage": "1067", "Installed_Material": "HDPE", "Uprate_Footage": 443, "MAOP_Increase": "99PSIG", "Current_MAOP_of_System": "14\"WC", "New_MAOP_of_System": "99PSIG", "Essential_Non_Essential": "Not Evaluated", "No_of_Services": 34, "Total_Meter_Count": 52, "RISK_MODEL_SCORE": 19.11, "Project_Driver__Paving__Encroac": null, "Project_Comments_Justification": null, "Total_Cost_": "\n", "lat": 42.5753112, "lon": -71.8066839, "Mapped_address": "Rollstone St & Pine St, Fitchburg, MA 01420, USA", "FID": 112}}, {"type": "Feature", "id": 113, "geometry": {"type": "Point", "coordinates": [-71.8023338, 42.5752944]}, "properties": {"Line__": 188, "Year": "2027", "Street": "Warren St", "Project__": null, "Project_Name": null, "Town": "Fitchburg", "From_": "Pine St", "To_": "Ellis St", "Duration_Crew_Days": null, "Proposed_Abandon_Footage": 1442, "Abandonment_Size": 4, "Abandonment_Material": "CI", "Installed_Pipe_Size": "2", "Install_Footage": "1442", "Installed_Material": "HDPE", "Uprate_Footage": 0, "MAOP_Increase": "99PSIG", "Current_MAOP_of_System": "14\"WC", "New_MAOP_of_System": "99PSIG", "Essential_Non_Essential": "Not Evaluated", "No_of_Services": 30, "Total_Meter_Count": 34, "RISK_MODEL_SCORE": 13.09, "Project_Driver__Paving__Encroac": null, "Project_Comments_Justification": null, "Total_Cost_": "\n", "lat": 42.5752944, "lon": -71.8023338, "Mapped_address": "Warren St & Pine St, Fitchburg, MA 01420, USA", "FID": 113}}, {"type": "Feature", "id": 114, "geometry": {"type": "Point", "coordinates": [-71.8058705, 42.571398]}, "properties": {"Line__": 190, "Year": "2027", "Street": "Ellis St", "Project__": null, "Project_Name": null, "Town": "Fitchburg", "From_": "Walton St", "To_": "Milk St", "Duration_Crew_Days": null, "Proposed_Abandon_Footage": 748, "Abandonment_Size": 6, "Abandonment_Material": "BS", "Installed_Pipe_Size": "NA", "Install_Footage": "NA", "Installed_Material": "NA", "Uprate_Footage": null, "MAOP_Increase": "99PSIG", "Current_MAOP_of_System": "14\"WC", "New_MAOP_of_System": "99PSIG", "Essential_Non_Essential": "Not Evaluated", "No_of_Services": 18, "Total_Meter_Count": 19, "RISK_MODEL_SCORE": 8.41, "Project_Driver__Paving__Encroac": null, "Project_Comments_Justification": null, "Total_Cost_": "\n", "lat": 42.571398, "lon": -71.8058705, "Mapped_address": "Walton St & Ellis St, Fitchburg, MA 01420, USA", "FID": 114}}, {"type": "Feature", "id": 115, "geometry": {"type": "Point", "coordinates": [-71.8058705, 42.571398]}, "properties": {"Line__": 191, "Year": "2027", "Street": "Ellis St", "Project__": null, "Project_Name": null, "Town": "Fitchburg", "From_": "Walton St", "To_": "20 Ellis St", "Duration_Crew_Days": null, "Proposed_Abandon_Footage": 1973, "Abandonment_Size": 4, "Abandonment_Material": "CI", "Installed_Pipe_Size": "NA", "Install_Footage": "NA", "Installed_Material": "NA", "Uprate_Footage": null, "MAOP_Increase": "99PSIG", "Current_MAOP_of_System": "14\"WC", "New_MAOP_of_System": "99PSIG", "Essential_Non_Essential": "Not Evaluated", "No_of_Services": null, "Total_Meter_Count": null, "RISK_MODEL_SCORE": 12.32, "Project_Driver__Paving__Encroac": null, "Project_Comments_Justification": null, "Total_Cost_": "\n", "lat": 42.571398, "lon": -71.8058705, "Mapped_address": "Walton St & Ellis St, Fitchburg, MA 01420, USA", "FID": 115}}, {"type": "Feature", "id": 116, "geometry": {"type": "Point", "coordinates": [-71.7993975, 42.5715742]}, "properties": {"Line__": 192, "Year": "2027", "Street": "Kingsbury St", "Project__": null, "Project_Name": null, "Town": "Fitchburg", "From_": "Ellis St", "To_": "Drury Lane", "Duration_Crew_Days": null, "Proposed_Abandon_Footage": 224, "Abandonment_Size": 4, "Abandonment_Material": "CI", "Installed_Pipe_Size": "2", "Install_Footage": "224", "Installed_Material": "HDPE", "Uprate_Footage": 0, "MAOP_Increase": "99PSIG", "Current_MAOP_of_System": "14\"WC", "New_MAOP_of_System": "99PSIG", "Essential_Non_Essential": "Not Evaluated", "No_of_Services": 1, "Total_Meter_Count": 1, "RISK_MODEL_SCORE": 8.84, "Project_Driver__Paving__Encroac": null, "Project_Comments_Justification": null, "Total_Cost_": "\n", "lat": 42.5715742, "lon": -71.7993975, "Mapped_address": "Kingsbury St & Ellis St, Fitchburg, MA 01420, USA", "FID": 116}}, {"type": "Feature", "id": 117, "geometry": {"type": "Point", "coordinates": [-71.8067194, 42.5703859]}, "properties": {"Line__": 193, "Year": "2027", "Street": "Seneca St", "Project__": null, "Project_Name": null, "Town": "Fitchburg", "From_": "Walton St", "To_": "Mt Elam Rd", "Duration_Crew_Days": null, "Proposed_Abandon_Footage": 321, "Abandonment_Size": 4, "Abandonment_Material": "CI", "Installed_Pipe_Size": "2", "Install_Footage": "321", "Installed_Material": "HDPE", "Uprate_Footage": 0, "MAOP_Increase": "99PSIG", "Current_MAOP_of_System": "14\"WC", "New_MAOP_of_System": "99PSIG", "Essential_Non_Essential": "Not Evaluated", "No_of_Services": 12, "Total_Meter_Count": 12, "RISK_MODEL_SCORE": 37.3, "Project_Driver__Paving__Encroac": null, "Project_Comments_Justification": null, "Total_Cost_": "\n", "lat": 42.5703859, "lon": -71.8067194, "Mapped_address": "Walton St & Seneca St, Fitchburg, MA 01420, USA", "FID": 117}}, {"type": "Feature", "id": 118, "geometry": {"type": "Point", "coordinates": [-71.8067194, 42.5703859]}, "properties": {"Line__": 194, "Year": "2027", "Street": "Seneca St", "Project__": null, "Project_Name": null, "Town": "Fitchburg", "From_": "Walton st", "To_": "Milk St", "Duration_Crew_Days": null, "Proposed_Abandon_Footage": 1017, "Abandonment_Size": 4, "Abandonment_Material": "CI", "Installed_Pipe_Size": "2", "Install_Footage": "1017", "Installed_Material": "HDPE", "Uprate_Footage": 0, "MAOP_Increase": "99PSIG", "Current_MAOP_of_System": "14\"WC", "New_MAOP_of_System": "99PSIG", "Essential_Non_Essential": "Not Evaluated", "No_of_Services": null, "Total_Meter_Count": null, "RISK_MODEL_SCORE": 10.4, "Project_Driver__Paving__Encroac": null, "Project_Comments_Justification": null, "Total_Cost_": "\n", "lat": 42.5703859, "lon": -71.8067194, "Mapped_address": "Walton St & Seneca St, Fitchburg, MA 01420, USA", "FID": 118}}, {"type": "Feature", "id": 119, "geometry": {"type": "Point", "coordinates": [-71.8075543, 42.5733307]}, "properties": {"Line__": 195, "Year": "2027", "Street": "Bourque Ter", "Project__": null, "Project_Name": null, "Town": "Fitchburg", "From_": "Rollstone St", "To_": "Clifton St", "Duration_Crew_Days": null, "Proposed_Abandon_Footage": 109, "Abandonment_Size": 6, "Abandonment_Material": "UPS", "Installed_Pipe_Size": "8", "Install_Footage": "NA", "Installed_Material": "HDPE", "Uprate_Footage": 668, "MAOP_Increase": "99PSIG", "Current_MAOP_of_System": "14\"WC", "New_MAOP_of_System": "99PSIG", "Essential_Non_Essential": "Not Evaluated", "No_of_Services": 6, "Total_Meter_Count": 9, "RISK_MODEL_SCORE": 8.4, "Project_Driver__Paving__Encroac": null, "Project_Comments_Justification": null, "Total_Cost_": "\n", "lat": 42.5733307, "lon": -71.8075543, "Mapped_address": "Rollstone St & Bourque Terrace, Fitchburg, MA 01420, USA", "FID": 119}}, {"type": "Feature", "id": 120, "geometry": {"type": "Point", "coordinates": [-71.8084547, 42.5721831]}, "properties": {"Line__": 196, "Year": "2027", "Street": "Clifton St", "Project__": null, "Project_Name": null, "Town": "Fitchburg", "From_": "Rollstone St", "To_": "Walton St", "Duration_Crew_Days": null, "Proposed_Abandon_Footage": 232, "Abandonment_Size": 6, "Abandonment_Material": "BS", "Installed_Pipe_Size": "NA", "Install_Footage": "NA", "Installed_Material": "NA", "Uprate_Footage": null, "MAOP_Increase": "99PSIG", "Current_MAOP_of_System": "14\"WC", "New_MAOP_of_System": "99PSIG", "Essential_Non_Essential": "Not Evaluated", "No_of_Services": 6, "Total_Meter_Count": 6, "RISK_MODEL_SCORE": 8.4, "Project_Driver__Paving__Encroac": null, "Project_Comments_Justification": null, "Total_Cost_": "\n", "lat": 42.5721831, "lon": -71.8084547, "Mapped_address": "Rollstone St & Clifton St, Fitchburg, MA 01420, USA", "FID": 120}}, {"type": "Feature", "id": 121, "geometry": {"type": "Point", "coordinates": [-71.8084547, 42.5721831]}, "properties": {"Line__": 197, "Year": "2027", "Street": "Clifton St", "Project__": null, "Project_Name": null, "Town": "Fitchburg", "From_": "Rollstone St", "To_": "Walton St", "Duration_Crew_Days": null, "Proposed_Abandon_Footage": 238, "Abandonment_Size": 8, "Abandonment_Material": "CI", "Installed_Pipe_Size": "NA", "Install_Footage": "NA", "Installed_Material": "NA", "Uprate_Footage": null, "MAOP_Increase": "99PSIG", "Current_MAOP_of_System": "14\"WC", "New_MAOP_of_System": "99PSIG", "Essential_Non_Essential": "Not Evaluated", "No_of_Services": null, "Total_Meter_Count": null, "RISK_MODEL_SCORE": 15.6, "Project_Driver__Paving__Encroac": null, "Project_Comments_Justification": null, "Total_Cost_": "\n", "lat": 42.5721831, "lon": -71.8084547, "Mapped_address": "Rollstone St & Clifton St, Fitchburg, MA 01420, USA", "FID": 121}}, {"type": "Feature", "id": 122, "geometry": {"type": "Point", "coordinates": [-71.8084547, 42.5721831]}, "properties": {"Line__": 198, "Year": "2027", "Street": "Clifton St", "Project__": null, "Project_Name": null, "Town": "Fitchburg", "From_": "Rollstone St", "To_": "Walton St", "Duration_Crew_Days": null, "Proposed_Abandon_Footage": 240, "Abandonment_Size": 6, "Abandonment_Material": "CI", "Installed_Pipe_Size": "NA", "Install_Footage": "NA", "Installed_Material": "NA", "Uprate_Footage": null, "MAOP_Increase": "99PSIG", "Current_MAOP_of_System": "14\"WC", "New_MAOP_of_System": "99PSIG", "Essential_Non_Essential": "Not Evaluated", "No_of_Services": null, "Total_Meter_Count": null, "RISK_MODEL_SCORE": 8.4, "Project_Driver__Paving__Encroac": null, "Project_Comments_Justification": null, "Total_Cost_": "\n", "lat": 42.5721831, "lon": -71.8084547, "Mapped_address": "Rollstone St & Clifton St, Fitchburg, MA 01420, USA", "FID": 122}}, {"type": "Feature", "id": 123, "geometry": {"type": "Point", "coordinates": [-71.8084547, 42.5721831]}, "properties": {"Line__": 199, "Year": "2027", "Street": "Clifton St", "Project__": null, "Project_Name": null, "Town": "Fitchburg", "From_": "Rollstone St", "To_": "Walton St", "Duration_Crew_Days": null, "Proposed_Abandon_Footage": 241, "Abandonment_Size": 4, "Abandonment_Material": "CI", "Installed_Pipe_Size": "NA", "Install_Footage": "NA", "Installed_Material": "NA", "Uprate_Footage": null, "MAOP_Increase": "99PSIG", "Current_MAOP_of_System": "14\"WC", "New_MAOP_of_System": "99PSIG", "Essential_Non_Essential": "Not Evaluated", "No_of_Services": null, "Total_Meter_Count": null, "RISK_MODEL_SCORE": 14.2, "Project_Driver__Paving__Encroac": null, "Project_Comments_Justification": null, "Total_Cost_": "\n", "lat": 42.5721831, "lon": -71.8084547, "Mapped_address": "Rollstone St & Clifton St, Fitchburg, MA 01420, USA", "FID": 123}}, {"type": "Feature", "id": 124, "geometry": {"type": "Point", "coordinates": [-71.8068778, 42.5714799]}, "properties": {"Line__": 200, "Year": "2027", "Street": "Bagley Ave", "Project__": null, "Project_Name": null, "Town": "Fitchburg", "From_": "Clifton St", "To_": "EOM", "Duration_Crew_Days": null, "Proposed_Abandon_Footage": 192, "Abandonment_Size": 4, "Abandonment_Material": "CI", "Installed_Pipe_Size": "2", "Install_Footage": "12", "Installed_Material": "HDPE", "Uprate_Footage": 0, "MAOP_Increase": "99PSIG", "Current_MAOP_of_System": "14\"WC", "New_MAOP_of_System": "99PSIG", "Essential_Non_Essential": "Not Evaluated", "No_of_Services": 2, "Total_Meter_Count": 2, "RISK_MODEL_SCORE": 19.47, "Project_Driver__Paving__Encroac": null, "Project_Comments_Justification": null, "Total_Cost_": "\n", "lat": 42.5714799, "lon": -71.8068778, "Mapped_address": "Bagley Ave & Clifton St, Fitchburg, MA 01420, USA", "FID": 124}}, {"type": "Feature", "id": 125, "geometry": {"type": "Point", "coordinates": [-71.8030127, 42.5686863]}, "properties": {"Line__": 201, "Year": "2027", "Street": "Janet St", "Project__": null, "Project_Name": null, "Town": "Fitchburg", "From_": "Milk St", "To_": "Forest Hill", "Duration_Crew_Days": null, "Proposed_Abandon_Footage": 244, "Abandonment_Size": 4, "Abandonment_Material": "CI", "Installed_Pipe_Size": "2", "Install_Footage": "244", "Installed_Material": "HDPE", "Uprate_Footage": 0, "MAOP_Increase": "99PSIG", "Current_MAOP_of_System": "14\"WC", "New_MAOP_of_System": "99PSIG", "Essential_Non_Essential": "Not Evaluated", "No_of_Services": 0, "Total_Meter_Count": 0, "RISK_MODEL_SCORE": 14.32, "Project_Driver__Paving__Encroac": null, "Project_Comments_Justification": null, "Total_Cost_": "\n", "lat": 42.5686863, "lon": -71.8030127, "Mapped_address": "Milk St & Janet St, Fitchburg, MA 01420, USA", "FID": 125}}, {"type": "Feature", "id": 126, "geometry": {"type": "Point", "coordinates": [-71.8039505, 42.5687701]}, "properties": {"Line__": 202, "Year": "2027", "Street": "Forest Hill Rd", "Project__": null, "Project_Name": null, "Town": "Fitchburg", "From_": "Forest park ", "To_": "Jeffrey Keating", "Duration_Crew_Days": null, "Proposed_Abandon_Footage": 198, "Abandonment_Size": 4, "Abandonment_Material": "CI", "Installed_Pipe_Size": "2", "Install_Footage": "198", "Installed_Material": "HDPE", "Uprate_Footage": 0, "MAOP_Increase": "99PSIG", "Current_MAOP_of_System": "14\"WC", "New_MAOP_of_System": "99PSIG", "Essential_Non_Essential": "Not Evaluated", "No_of_Services": 3, "Total_Meter_Count": 3, "RISK_MODEL_SCORE": 7.74, "Project_Driver__Paving__Encroac": null, "Project_Comments_Justification": null, "Total_Cost_": "\n", "lat": 42.5687701, "lon": -71.8039505, "Mapped_address": "Forest Hill Rd & Forest Park, Fitchburg, MA 01420, USA", "FID": 126}}, {"type": "Feature", "id": 127, "geometry": {"type": "Point", "coordinates": [-71.8039151, 42.5680313]}, "properties": {"Line__": 203, "Year": "2027", "Street": "Jeffrey keating Rd", "Project__": null, "Project_Name": null, "Town": "Fitchburg", "From_": "Forest Hill", "To_": "EOM", "Duration_Crew_Days": null, "Proposed_Abandon_Footage": 735, "Abandonment_Size": 4, "Abandonment_Material": "UPS", "Installed_Pipe_Size": "2", "Install_Footage": "735", "Installed_Material": "HDPE", "Uprate_Footage": 0, "MAOP_Increase": "99PSIG", "Current_MAOP_of_System": "14\"WC", "New_MAOP_of_System": "99PSIG", "Essential_Non_Essential": "Not Evaluated", "No_of_Services": 8, "Total_Meter_Count": 8, "RISK_MODEL_SCORE": 7.74, "Project_Driver__Paving__Encroac": null, "Project_Comments_Justification": null, "Total_Cost_": "\n", "lat": 42.5680313, "lon": -71.8039151, "Mapped_address": "Forest Hill Rd & Jeffrey Keating Rd, Fitchburg, MA 01420, USA", "FID": 127}}, {"type": "Feature", "id": 128, "geometry": {"type": "Point", "coordinates": [-71.8059159, 42.5685207]}, "properties": {"Line__": 204, "Year": "2027", "Street": "Paulson ter", "Project__": null, "Project_Name": null, "Town": "Fitchburg", "From_": "Forest park ", "To_": "EOM", "Duration_Crew_Days": null, "Proposed_Abandon_Footage": null, "Abandonment_Size": null, "Abandonment_Material": "NA", "Installed_Pipe_Size": "4", "Install_Footage": "0", "Installed_Material": "HDPE", "Uprate_Footage": 309, "MAOP_Increase": "99PSIG", "Current_MAOP_of_System": "14\"WC", "New_MAOP_of_System": "99PSIG", "Essential_Non_Essential": "Not Evaluated", "No_of_Services": 1, "Total_Meter_Count": 1, "RISK_MODEL_SCORE": 0, "Project_Driver__Paving__Encroac": null, "Project_Comments_Justification": null, "Total_Cost_": "\n", "lat": 42.5685207, "lon": -71.8059159, "Mapped_address": "Paulson Terrace & Forest Park, Fitchburg, MA 01420, USA", "FID": 128}}, {"type": "Feature", "id": 129, "geometry": {"type": "Point", "coordinates": [-71.8230429, 42.5671558]}, "properties": {"Line__": 229, "Year": "2028", "Street": "Hope St", "Project__": null, "Project_Name": null, "Town": "Fitchburg", "From_": "119 Hope St", "To_": "Theresa St", "Duration_Crew_Days": null, "Proposed_Abandon_Footage": null, "Abandonment_Size": null, "Abandonment_Material": "N/A", "Installed_Pipe_Size": "2", "Install_Footage": "160", "Installed_Material": "HDPE", "Uprate_Footage": null, "MAOP_Increase": "99PSIG", "Current_MAOP_of_System": "14\"WC", "New_MAOP_of_System": "99PSIG", "Essential_Non_Essential": "Not Evaluated", "No_of_Services": 0, "Total_Meter_Count": 0, "RISK_MODEL_SCORE": 0, "Project_Driver__Paving__Encroac": null, "Project_Comments_Justification": null, "Total_Cost_": "\n", "lat": 42.5671558, "lon": -71.8230429, "Mapped_address": "119 Hope St, Fitchburg, MA 01420, USA", "FID": 129}}, {"type": "Feature", "id": 130, "geometry": {"type": "Point", "coordinates": [-71.8211112, 42.5686054]}, "properties": {"Line__": 206, "Year": "2028", "Street": "Shea St", "Project__": 1, "Project_Name": "Shea St Area", "Town": "Fitchburg", "From_": "Franklin Rd", "To_": "Pepper Rd", "Duration_Crew_Days": 222, "Proposed_Abandon_Footage": 685, "Abandonment_Size": 4, "Abandonment_Material": "CI", "Installed_Pipe_Size": "N/A", "Install_Footage": "N/A", "Installed_Material": "N/A", "Uprate_Footage": null, "MAOP_Increase": "99PSIG", "Current_MAOP_of_System": "14\"WC", "New_MAOP_of_System": "99PSIG", "Essential_Non_Essential": "Not Evaluated", "No_of_Services": 43, "Total_Meter_Count": 44, "RISK_MODEL_SCORE": 7.7, "Project_Driver__Paving__Encroac": "Project driver is paving for Shea St and associated streets are subordinate to convert from LP to HP", "Project_Comments_Justification": "Project driver is paving for Shea St and associated streets are subordinate to convert from LP to HP", "Total_Cost_": " $ 3,505,101.00 \n", "lat": 42.5686054, "lon": -71.8211112, "Mapped_address": "Franklin Rd & Shea St, Fitchburg, MA 01420, USA", "FID": 130}}, {"type": "Feature", "id": 131, "geometry": {"type": "Point", "coordinates": [-71.8211112, 42.5686054]}, "properties": {"Line__": 207, "Year": "2028", "Street": "Shea St", "Project__": null, "Project_Name": null, "Town": "Fitchburg", "From_": "Franklin Rd", "To_": "Pepper Rd", "Duration_Crew_Days": null, "Proposed_Abandon_Footage": 958, "Abandonment_Size": 4, "Abandonment_Material": "UPS", "Installed_Pipe_Size": "N/A", "Install_Footage": "N/A", "Installed_Material": "N/A", "Uprate_Footage": null, "MAOP_Increase": "99PSIG", "Current_MAOP_of_System": "14\"WC", "New_MAOP_of_System": "99PSIG", "Essential_Non_Essential": "Not Evaluated", "No_of_Services": null, "Total_Meter_Count": null, "RISK_MODEL_SCORE": 7.7, "Project_Driver__Paving__Encroac": null, "Project_Comments_Justification": null, "Total_Cost_": "\n", "lat": 42.5686054, "lon": -71.8211112, "Mapped_address": "Franklin Rd & Shea St, Fitchburg, MA 01420, USA", "FID": 131}}, {"type": "Feature", "id": 132, "geometry": {"type": "Point", "coordinates": [-71.8211112, 42.5686054]}, "properties": {"Line__": 208, "Year": "2028", "Street": "Shea St", "Project__": null, "Project_Name": null, "Town": "Fitchburg", "From_": "Franklin Rd", "To_": "Pepper Rd", "Duration_Crew_Days": null, "Proposed_Abandon_Footage": 698, "Abandonment_Size": 6, "Abandonment_Material": "BS", "Installed_Pipe_Size": "4", "Install_Footage": "2828", "Installed_Material": "HDPE", "Uprate_Footage": 1580, "MAOP_Increase": "99PSIG", "Current_MAOP_of_System": "14\"WC", "New_MAOP_of_System": "99PSIG", "Essential_Non_Essential": "Not Evaluated", "No_of_Services": null, "Total_Meter_Count": null, "RISK_MODEL_SCORE": 8.4, "Project_Driver__Paving__Encroac": null, "Project_Comments_Justification": null, "Total_Cost_": "\n", "lat": 42.5686054, "lon": -71.8211112, "Mapped_address": "Franklin Rd & Shea St, Fitchburg, MA 01420, USA", "FID": 132}}, {"type": "Feature", "id": 133, "geometry": {"type": "Point", "coordinates": [-71.8211112, 42.5686054]}, "properties": {"Line__": 209, "Year": "2028", "Street": "Shea St", "Project__": null, "Project_Name": null, "Town": "Fitchburg", "From_": "Franklin Rd", "To_": "Pepper Rd", "Duration_Crew_Days": null, "Proposed_Abandon_Footage": 704, "Abandonment_Size": 6, "Abandonment_Material": "UPS", "Installed_Pipe_Size": "N/A", "Install_Footage": "N/A", "Installed_Material": "N/A", "Uprate_Footage": null, "MAOP_Increase": "99PSIG", "Current_MAOP_of_System": "14\"WC", "New_MAOP_of_System": "99PSIG", "Essential_Non_Essential": "Not Evaluated", "No_of_Services": null, "Total_Meter_Count": null, "RISK_MODEL_SCORE": 7.7, "Project_Driver__Paving__Encroac": null, "Project_Comments_Justification": null, "Total_Cost_": "\n", "lat": 42.5686054, "lon": -71.8211112, "Mapped_address": "Franklin Rd & Shea St, Fitchburg, MA 01420, USA", "FID": 133}}, {"type": "Feature", "id": 134, "geometry": {"type": "Point", "coordinates": [-71.8211112, 42.5686054]}, "properties": {"Line__": 210, "Year": "2028", "Street": "Shea St", "Project__": null, "Project_Name": null, "Town": "Fitchburg", "From_": "Franklin Rd", "To_": "Pepper Rd", "Duration_Crew_Days": null, "Proposed_Abandon_Footage": 825, "Abandonment_Size": 6, "Abandonment_Material": "CI", "Installed_Pipe_Size": "N/A", "Install_Footage": "N/A", "Installed_Material": "N/A", "Uprate_Footage": null, "MAOP_Increase": "99PSIG", "Current_MAOP_of_System": "14\"WC", "New_MAOP_of_System": "99PSIG", "Essential_Non_Essential": "Not Evaluated", "No_of_Services": null, "Total_Meter_Count": null, "RISK_MODEL_SCORE": 8.4, "Project_Driver__Paving__Encroac": null, "Project_Comments_Justification": null, "Total_Cost_": "\n", "lat": 42.5686054, "lon": -71.8211112, "Mapped_address": "Franklin Rd & Shea St, Fitchburg, MA 01420, USA", "FID": 134}}, {"type": "Feature", "id": 135, "geometry": {"type": "Point", "coordinates": [-71.8262536, 42.5540374]}, "properties": {"Line__": 211, "Year": "2028", "Street": "Pepper Rd", "Project__": null, "Project_Name": null, "Town": "Fitchburg", "From_": "Shea St", "To_": "Reg Station", "Duration_Crew_Days": null, "Proposed_Abandon_Footage": 571, "Abandonment_Size": 4, "Abandonment_Material": "UPS", "Installed_Pipe_Size": "N/A", "Install_Footage": "N/A", "Installed_Material": "N/A", "Uprate_Footage": null, "MAOP_Increase": "99PSIG", "Current_MAOP_of_System": "14\"WC", "New_MAOP_of_System": "99PSIG", "Essential_Non_Essential": "Not Evaluated", "No_of_Services": 0, "Total_Meter_Count": 0, "RISK_MODEL_SCORE": 7.7, "Project_Driver__Paving__Encroac": null, "Project_Comments_Justification": null, "Total_Cost_": "\n", "lat": 42.5540374, "lon": -71.8262536, "Mapped_address": "Shea St & Pepper Rd, Fitchburg, MA 01420, USA", "FID": 135}}, {"type": "Feature", "id": 136, "geometry": {"type": "Point", "coordinates": [-71.8238673, 42.5599332]}, "properties": {"Line__": 212, "Year": "2028", "Street": "Lionel Ave", "Project__": null, "Project_Name": null, "Town": "Fitchburg", "From_": "Shea St", "To_": "EOM", "Duration_Crew_Days": null, "Proposed_Abandon_Footage": 679, "Abandonment_Size": 4, "Abandonment_Material": "CI", "Installed_Pipe_Size": "2", "Install_Footage": "679", "Installed_Material": "HDPE", "Uprate_Footage": null, "MAOP_Increase": "99PSIG", "Current_MAOP_of_System": "14\"WC", "New_MAOP_of_System": "99PSIG", "Essential_Non_Essential": "Not Evaluated", "No_of_Services": 10, "Total_Meter_Count": 10, "RISK_MODEL_SCORE": 34.2, "Project_Driver__Paving__Encroac": null, "Project_Comments_Justification": null, "Total_Cost_": "\n", "lat": 42.5599332, "lon": -71.8238673, "Mapped_address": "Lionel Ave & Shea St, Fitchburg, MA 01420, USA", "FID": 136}}, {"type": "Feature", "id": 137, "geometry": {"type": "Point", "coordinates": [-71.822673, 42.5596735]}, "properties": {"Line__": 213, "Year": "2028", "Street": "Raymond Ct", "Project__": null, "Project_Name": null, "Town": "Fitchburg", "From_": "Lionel Ave", "To_": "EOM", "Duration_Crew_Days": null, "Proposed_Abandon_Footage": 418, "Abandonment_Size": 4, "Abandonment_Material": "CI", "Installed_Pipe_Size": "2", "Install_Footage": "418", "Installed_Material": "HDPE", "Uprate_Footage": null, "MAOP_Increase": "99PSIG", "Current_MAOP_of_System": "14\"WC", "New_MAOP_of_System": "99PSIG", "Essential_Non_Essential": "Not Evaluated", "No_of_Services": 4, "Total_Meter_Count": 4, "RISK_MODEL_SCORE": 7.7, "Project_Driver__Paving__Encroac": null, "Project_Comments_Justification": null, "Total_Cost_": "\n", "lat": 42.5596735, "lon": -71.822673, "Mapped_address": "Lionel Ave & Raymond Ct, Fitchburg, MA 01420, USA", "FID": 137}}, {"type": "Feature", "id": 138, "geometry": {"type": "Point", "coordinates": [-71.824128, 42.5592722]}, "properties": {"Line__": 214, "Year": "2028", "Street": "Lee Ave", "Project__": null, "Project_Name": null, "Town": "Fitchburg", "From_": "Shea St", "To_": "Cathy St", "Duration_Crew_Days": null, "Proposed_Abandon_Footage": null, "Abandonment_Size": null, "Abandonment_Material": "-", "Installed_Pipe_Size": "-", "Install_Footage": "-", "Installed_Material": "HDPE", "Uprate_Footage": 832, "MAOP_Increase": "99PSIG", "Current_MAOP_of_System": "14\"WC", "New_MAOP_of_System": "99PSIG", "Essential_Non_Essential": "Not Evaluated", "No_of_Services": 13, "Total_Meter_Count": 13, "RISK_MODEL_SCORE": 0, "Project_Driver__Paving__Encroac": null, "Project_Comments_Justification": null, "Total_Cost_": "\n", "lat": 42.5592722, "lon": -71.824128, "Mapped_address": "Lee Ave & Shea St, Fitchburg, MA 01420, USA", "FID": 138}}, {"type": "Feature", "id": 139, "geometry": {"type": "Point", "coordinates": [-71.8217168, 42.5649466]}, "properties": {"Line__": 215, "Year": "2028", "Street": "Bernard Dr", "Project__": null, "Project_Name": null, "Town": "Fitchburg", "From_": "Shea St", "To_": "EOM", "Duration_Crew_Days": null, "Proposed_Abandon_Footage": 282, "Abandonment_Size": 4, "Abandonment_Material": "UPS", "Installed_Pipe_Size": "2", "Install_Footage": "282", "Installed_Material": "HDPE", "Uprate_Footage": null, "MAOP_Increase": "99PSIG", "Current_MAOP_of_System": "14\"WC", "New_MAOP_of_System": "99PSIG", "Essential_Non_Essential": "Not Evaluated", "No_of_Services": 4, "Total_Meter_Count": 4, "RISK_MODEL_SCORE": 7.7, "Project_Driver__Paving__Encroac": null, "Project_Comments_Justification": null, "Total_Cost_": "\n", "lat": 42.5649466, "lon": -71.8217168, "Mapped_address": "Bernard Dr & Shea St, Fitchburg, MA 01420, USA", "FID": 139}}, {"type": "Feature", "id": 140, "geometry": {"type": "Point", "coordinates": [-71.8244413, 42.558485]}, "properties": {"Line__": 216, "Year": "2028", "Street": "Alice Ave", "Project__": null, "Project_Name": null, "Town": "Fitchburg", "From_": "Shea St", "To_": "EOM", "Duration_Crew_Days": null, "Proposed_Abandon_Footage": 921, "Abandonment_Size": 4, "Abandonment_Material": "UPS", "Installed_Pipe_Size": "2", "Install_Footage": "921", "Installed_Material": "HDPE", "Uprate_Footage": null, "MAOP_Increase": "99pSIG", "Current_MAOP_of_System": "14\"WC", "New_MAOP_of_System": "99PSIG", "Essential_Non_Essential": "Not Evaluated", "No_of_Services": 16, "Total_Meter_Count": 16, "RISK_MODEL_SCORE": 7.7, "Project_Driver__Paving__Encroac": null, "Project_Comments_Justification": null, "Total_Cost_": "\n", "lat": 42.558485, "lon": -71.8244413, "Mapped_address": "Alice Ave & Shea St, Fitchburg, MA 01420, USA", "FID": 140}}, {"type": "Feature", "id": 141, "geometry": {"type": "Point", "coordinates": [-71.8246539, 42.5579636]}, "properties": {"Line__": 217, "Year": "2028", "Street": "Jane Ave", "Project__": null, "Project_Name": null, "Town": "Fitchburg", "From_": "Shea St", "To_": "EOM", "Duration_Crew_Days": null, "Proposed_Abandon_Footage": 977, "Abandonment_Size": 4, "Abandonment_Material": "UPS", "Installed_Pipe_Size": "2", "Install_Footage": "977", "Installed_Material": "HDPE", "Uprate_Footage": null, "MAOP_Increase": "99PSIG", "Current_MAOP_of_System": "14\"WC", "New_MAOP_of_System": "99PSIG", "Essential_Non_Essential": "Not Evaluated", "No_of_Services": 16, "Total_Meter_Count": 16, "RISK_MODEL_SCORE": 7.7, "Project_Driver__Paving__Encroac": null, "Project_Comments_Justification": null, "Total_Cost_": "\n", "lat": 42.5579636, "lon": -71.8246539, "Mapped_address": "Jane Ave & Shea St, Fitchburg, MA 01420, USA", "FID": 141}}, {"type": "Feature", "id": 142, "geometry": {"type": "Point", "coordinates": [-71.8249218, 42.5572998]}, "properties": {"Line__": 218, "Year": "2028", "Street": "Gloria Ave", "Project__": null, "Project_Name": null, "Town": "Fitchburg", "From_": "Shea St", "To_": "EOM", "Duration_Crew_Days": null, "Proposed_Abandon_Footage": 1032, "Abandonment_Size": 4, "Abandonment_Material": "UPS", "Installed_Pipe_Size": "2", "Install_Footage": "1032", "Installed_Material": "HDPE", "Uprate_Footage": null, "MAOP_Increase": "99PSIG", "Current_MAOP_of_System": "14\"WC", "New_MAOP_of_System": "99PSIG", "Essential_Non_Essential": "Not Evaluated", "No_of_Services": 15, "Total_Meter_Count": 15, "RISK_MODEL_SCORE": 7.7, "Project_Driver__Paving__Encroac": null, "Project_Comments_Justification": null, "Total_Cost_": "\n", "lat": 42.5572998, "lon": -71.8249218, "Mapped_address": "Shea St & Gloria Ave, Fitchburg, MA 01420, USA", "FID": 142}}, {"type": "Feature", "id": 143, "geometry": {"type": "Point", "coordinates": [-71.8233409, 42.5612869]}, "properties": {"Line__": 219, "Year": "2028", "Street": "Cathy St", "Project__": null, "Project_Name": null, "Town": "Fitchburg", "From_": "Shea St", "To_": "EOM", "Duration_Crew_Days": null, "Proposed_Abandon_Footage": 422, "Abandonment_Size": 4, "Abandonment_Material": "CI", "Installed_Pipe_Size": null, "Install_Footage": null, "Installed_Material": null, "Uprate_Footage": null, "MAOP_Increase": null, "Current_MAOP_of_System": null, "New_MAOP_of_System": null, "Essential_Non_Essential": "Not Evaluated", "No_of_Services": 27, "Total_Meter_Count": 27, "RISK_MODEL_SCORE": 7.7, "Project_Driver__Paving__Encroac": null, "Project_Comments_Justification": null, "Total_Cost_": "\n", "lat": 42.5612869, "lon": -71.8233409, "Mapped_address": "Shea St & Cathy St, Fitchburg, MA 01420, USA", "FID": 143}}, {"type": "Feature", "id": 144, "geometry": {"type": "Point", "coordinates": [-71.8233409, 42.5612869]}, "properties": {"Line__": 220, "Year": "2028", "Street": "Cathy St", "Project__": null, "Project_Name": null, "Town": "Fitchburg", "From_": "Shea St", "To_": "EOM", "Duration_Crew_Days": null, "Proposed_Abandon_Footage": 1372, "Abandonment_Size": 4, "Abandonment_Material": "UPS", "Installed_Pipe_Size": "2", "Install_Footage": "1794", "Installed_Material": "HDPE", "Uprate_Footage": null, "MAOP_Increase": "99PSIG", "Current_MAOP_of_System": "14\"WC", "New_MAOP_of_System": "99PSIG", "Essential_Non_Essential": "Not Evaluated", "No_of_Services": null, "Total_Meter_Count": null, "RISK_MODEL_SCORE": 7.7, "Project_Driver__Paving__Encroac": null, "Project_Comments_Justification": null, "Total_Cost_": "\n", "lat": 42.5612869, "lon": -71.8233409, "Mapped_address": "Shea St & Cathy St, Fitchburg, MA 01420, USA", "FID": 144}}, {"type": "Feature", "id": 145, "geometry": {"type": "Point", "coordinates": [-71.8238347, 42.5563426]}, "properties": {"Line__": 221, "Year": "2028", "Street": "Autmun Dr", "Project__": null, "Project_Name": null, "Town": "Fitchburg", "From_": "Cathy St", "To_": "Shea St", "Duration_Crew_Days": null, "Proposed_Abandon_Footage": 795, "Abandonment_Size": 4, "Abandonment_Material": "UPS", "Installed_Pipe_Size": "2", "Install_Footage": "858", "Installed_Material": "HDPE", "Uprate_Footage": null, "MAOP_Increase": "99PSIG", "Current_MAOP_of_System": "14\"WC", "New_MAOP_of_System": "99PSIG", "Essential_Non_Essential": "Not Evaluated", "No_of_Services": 12, "Total_Meter_Count": 13, "RISK_MODEL_SCORE": 7.7, "Project_Driver__Paving__Encroac": null, "Project_Comments_Justification": null, "Total_Cost_": "\n", "lat": 42.5563426, "lon": -71.8238347, "Mapped_address": "Autumn Dr & Cathy St, Fitchburg, MA 01420, USA", "FID": 145}}, {"type": "Feature", "id": 146, "geometry": {"type": "Point", "coordinates": [-71.8227472, 42.5626234]}, "properties": {"Line__": 222, "Year": "2028", "Street": "Linda St", "Project__": null, "Project_Name": null, "Town": "Fitchburg", "From_": "Shea St", "To_": "EOM", "Duration_Crew_Days": null, "Proposed_Abandon_Footage": 275, "Abandonment_Size": 4, "Abandonment_Material": "BS", "Installed_Pipe_Size": "2", "Install_Footage": "275", "Installed_Material": "HDPE", "Uprate_Footage": 487, "MAOP_Increase": "99PSIG", "Current_MAOP_of_System": "14\"WC", "New_MAOP_of_System": "99PSIG", "Essential_Non_Essential": "Not Evaluated", "No_of_Services": 8, "Total_Meter_Count": 8, "RISK_MODEL_SCORE": 7.7, "Project_Driver__Paving__Encroac": null, "Project_Comments_Justification": null, "Total_Cost_": "\n", "lat": 42.5626234, "lon": -71.8227472, "Mapped_address": "Shea St & Linda St, Fitchburg, MA 01420, USA", "FID": 146}}, {"type": "Feature", "id": 147, "geometry": {"type": "Point", "coordinates": [-71.8234673, 42.5688207]}, "properties": {"Line__": 223, "Year": "2028", "Street": "Theresa St", "Project__": 2, "Project_Name": "Theresa St Area", "Town": "Fitchburg", "From_": "Franklin Rd", "To_": "EOM", "Duration_Crew_Days": 65, "Proposed_Abandon_Footage": 651, "Abandonment_Size": 6, "Abandonment_Material": "BS", "Installed_Pipe_Size": "2", "Install_Footage": "2394", "Installed_Material": "HDPE", "Uprate_Footage": null, "MAOP_Increase": "99PSIG", "Current_MAOP_of_System": "14\"WC", "New_MAOP_of_System": "99PSIG", "Essential_Non_Essential": "Not Evaluated", "No_of_Services": 22, "Total_Meter_Count": 23, "RISK_MODEL_SCORE": 8.4, "Project_Driver__Paving__Encroac": "Project driver is municipal paving and subordinate streets converting from LP to HP", "Project_Comments_Justification": "Project driver is municipal paving and subordinate streets converting from LP to HP", "Total_Cost_": " $ 1,100,561.00 \n", "lat": 42.5688207, "lon": -71.8234673, "Mapped_address": "Franklin Rd & Theresa St, Fitchburg, MA 01420, USA", "FID": 147}}, {"type": "Feature", "id": 148, "geometry": {"type": "Point", "coordinates": [-71.8234673, 42.5688207]}, "properties": {"Line__": 224, "Year": "2028", "Street": "Theresa St", "Project__": null, "Project_Name": null, "Town": "Fitchburg", "From_": "Franklin Rd", "To_": "EOM", "Duration_Crew_Days": null, "Proposed_Abandon_Footage": 1052, "Abandonment_Size": 6, "Abandonment_Material": "UPS", "Installed_Pipe_Size": "N/A", "Install_Footage": "N/A", "Installed_Material": "N/A", "Uprate_Footage": null, "MAOP_Increase": "99PSIG", "Current_MAOP_of_System": "14\"WC", "New_MAOP_of_System": "99PSIG", "Essential_Non_Essential": "Not Evaluated", "No_of_Services": null, "Total_Meter_Count": null, "RISK_MODEL_SCORE": 8.4, "Project_Driver__Paving__Encroac": null, "Project_Comments_Justification": null, "Total_Cost_": "\n", "lat": 42.5688207, "lon": -71.8234673, "Mapped_address": "Franklin Rd & Theresa St, Fitchburg, MA 01420, USA", "FID": 148}}, {"type": "Feature", "id": 149, "geometry": {"type": "Point", "coordinates": [-71.8234673, 42.5688207]}, "properties": {"Line__": 225, "Year": "2028", "Street": "Theresa St", "Project__": null, "Project_Name": null, "Town": "Fitchburg", "From_": "Franklin Rd", "To_": "EOM", "Duration_Crew_Days": null, "Proposed_Abandon_Footage": 692, "Abandonment_Size": 4, "Abandonment_Material": "BS", "Installed_Pipe_Size": "N/A", "Install_Footage": "N/A", "Installed_Material": "N/A", "Uprate_Footage": null, "MAOP_Increase": "99PSIG", "Current_MAOP_of_System": "14\"WC", "New_MAOP_of_System": "99PSIG", "Essential_Non_Essential": "Not Evaluated", "No_of_Services": null, "Total_Meter_Count": null, "RISK_MODEL_SCORE": 20.8, "Project_Driver__Paving__Encroac": null, "Project_Comments_Justification": null, "Total_Cost_": "\n", "lat": 42.5688207, "lon": -71.8234673, "Mapped_address": "Franklin Rd & Theresa St, Fitchburg, MA 01420, USA", "FID": 149}}, {"type": "Feature", "id": 150, "geometry": {"type": "Point", "coordinates": [-71.8240926, 42.5639959]}, "properties": {"Line__": 226, "Year": "2028", "Street": "Miles St", "Project__": null, "Project_Name": null, "Town": "Fitchburg", "From_": "Theresa St", "To_": "EOM", "Duration_Crew_Days": null, "Proposed_Abandon_Footage": 486, "Abandonment_Size": 4, "Abandonment_Material": "UPS", "Installed_Pipe_Size": "2", "Install_Footage": "486", "Installed_Material": "HDPE", "Uprate_Footage": null, "MAOP_Increase": "99PSIG", "Current_MAOP_of_System": "14\"WC", "New_MAOP_of_System": "99PSIG", "Essential_Non_Essential": "Not Evaluated", "No_of_Services": 2, "Total_Meter_Count": 2, "RISK_MODEL_SCORE": 7.7, "Project_Driver__Paving__Encroac": null, "Project_Comments_Justification": null, "Total_Cost_": "\n", "lat": 42.5639959, "lon": -71.8240926, "Mapped_address": "Theresa St & Miles St, Fitchburg, MA 01420, USA", "FID": 150}}, {"type": "Feature", "id": 151, "geometry": {"type": "Point", "coordinates": [-71.8238655, 42.5657677]}, "properties": {"Line__": 227, "Year": "2028", "Street": "Darlene Dr", "Project__": null, "Project_Name": null, "Town": "Fitchburg", "From_": "Theresa St", "To_": "EOM", "Duration_Crew_Days": null, "Proposed_Abandon_Footage": 369, "Abandonment_Size": 4, "Abandonment_Material": "BS", "Installed_Pipe_Size": "2", "Install_Footage": "369", "Installed_Material": "HDPE", "Uprate_Footage": null, "MAOP_Increase": "99PSIG", "Current_MAOP_of_System": "14\"WC", "New_MAOP_of_System": "99PSIG", "Essential_Non_Essential": "Not Evaluated", "No_of_Services": 5, "Total_Meter_Count": 5, "RISK_MODEL_SCORE": 7.7, "Project_Driver__Paving__Encroac": null, "Project_Comments_Justification": null, "Total_Cost_": "\n", "lat": 42.5657677, "lon": -71.8238655, "Mapped_address": "Darlene Dr & Theresa St, Fitchburg, MA 01420, USA", "FID": 151}}, {"type": "Feature", "id": 152, "geometry": {"type": "Point", "coordinates": [-71.8238044, 42.5667453]}, "properties": {"Line__": 228, "Year": "2028", "Street": "Ronald St", "Project__": null, "Project_Name": null, "Town": "Fitchburg", "From_": "Theresa St", "To_": "Shea St", "Duration_Crew_Days": null, "Proposed_Abandon_Footage": 627, "Abandonment_Size": 4, "Abandonment_Material": "CI", "Installed_Pipe_Size": "2", "Install_Footage": "627", "Installed_Material": "HDPE", "Uprate_Footage": null, "MAOP_Increase": "99PSIG", "Current_MAOP_of_System": "14\"WC", "New_MAOP_of_System": "99PSIG", "Essential_Non_Essential": "Not Evaluated", "No_of_Services": 6, "Total_Meter_Count": 6, "RISK_MODEL_SCORE": 21.6, "Project_Driver__Paving__Encroac": null, "Project_Comments_Justification": null, "Total_Cost_": "\n", "lat": 42.5667453, "lon": -71.8238044, "Mapped_address": "Ronald St & Theresa St, Fitchburg, MA 01420, USA", "FID": 152}}, {"type": "Feature", "id": 153, "geometry": {"type": "Point", "coordinates": [-71.820723, 42.5637569]}, "properties": {"Line__": 230, "Year": "2028", "Street": "Bel Air Dr", "Project__": 3, "Project_Name": "Bel-Air Dr Area", "Town": "Fitchburg", "From_": "Hollywood St", "To_": "Arch Place", "Duration_Crew_Days": 111, "Proposed_Abandon_Footage": 1550, "Abandonment_Size": 4, "Abandonment_Material": "CI", "Installed_Pipe_Size": "2", "Install_Footage": "1880", "Installed_Material": "HDPE", "Uprate_Footage": null, "MAOP_Increase": "99PSIG", "Current_MAOP_of_System": "14\"WC", "New_MAOP_of_System": "99PSIG", "Essential_Non_Essential": "Not Evaluated", "No_of_Services": 9, "Total_Meter_Count": 9, "RISK_MODEL_SCORE": 38.7, "Project_Driver__Paving__Encroac": "Project driver is due to municipal paving and risk scores.  Also, subordinate streets to convert from LP  to HP", "Project_Comments_Justification": "Project driver is due to municipal paving and risk scores.  Also, subordinate streets to convert from LP  to HP", "Total_Cost_": " $ 2,304,283.00 \n", "lat": 42.5637569, "lon": -71.820723, "Mapped_address": "Bel Air Dr & Hollywood St, Fitchburg, MA 01420, USA", "FID": 153}}, {"type": "Feature", "id": 154, "geometry": {"type": "Point", "coordinates": [-71.820203, 42.5598631]}, "properties": {"Line__": 231, "Year": "2028", "Street": "Arch Place", "Project__": null, "Project_Name": null, "Town": "Fitchburg", "From_": "Bel Air Drive", "To_": "EOM", "Duration_Crew_Days": null, "Proposed_Abandon_Footage": 297, "Abandonment_Size": 4, "Abandonment_Material": "UPS", "Installed_Pipe_Size": "2", "Install_Footage": "297", "Installed_Material": "HDPE", "Uprate_Footage": null, "MAOP_Increase": "99PSIG", "Current_MAOP_of_System": "14\"WC", "New_MAOP_of_System": "99PSIG", "Essential_Non_Essential": "Not Evaluated", "No_of_Services": 1, "Total_Meter_Count": 1, "RISK_MODEL_SCORE": 7.7, "Project_Driver__Paving__Encroac": null, "Project_Comments_Justification": null, "Total_Cost_": "\n", "lat": 42.5598631, "lon": -71.820203, "Mapped_address": "Arch Pl & Bel Air Dr, Fitchburg, MA 01420, USA", "FID": 154}}, {"type": "Feature", "id": 155, "geometry": {"type": "Point", "coordinates": [-71.8220331, 42.5640139]}, "properties": {"Line__": 232, "Year": "2028", "Street": "Hollywood St", "Project__": null, "Project_Name": null, "Town": "Fitchburg", "From_": "Shea St", "To_": "Gardner St", "Duration_Crew_Days": null, "Proposed_Abandon_Footage": 1381, "Abandonment_Size": 4, "Abandonment_Material": "UPS", "Installed_Pipe_Size": "4", "Install_Footage": "2766", "Installed_Material": "HDPE", "Uprate_Footage": null, "MAOP_Increase": "99PSIG", "Current_MAOP_of_System": "14\"WC", "New_MAOP_of_System": "99PSIG", "Essential_Non_Essential": "Not Evaluated", "No_of_Services": 29, "Total_Meter_Count": 29, "RISK_MODEL_SCORE": 7.7, "Project_Driver__Paving__Encroac": null, "Project_Comments_Justification": null, "Total_Cost_": "\n", "lat": 42.5640139, "lon": -71.8220331, "Mapped_address": "Shea St & Hollywood St, Fitchburg, MA 01420, USA", "FID": 155}}, {"type": "Feature", "id": 156, "geometry": {"type": "Point", "coordinates": [-71.8220331, 42.5640139]}, "properties": {"Line__": 233, "Year": "2028", "Street": "Hollywood St", "Project__": null, "Project_Name": null, "Town": "Fitchburg", "From_": "Shea St", "To_": "Gardner St", "Duration_Crew_Days": null, "Proposed_Abandon_Footage": 626, "Abandonment_Size": 4, "Abandonment_Material": "CI", "Installed_Pipe_Size": "N/A", "Install_Footage": "N/A", "Installed_Material": "N/A", "Uprate_Footage": null, "MAOP_Increase": "99PSIG", "Current_MAOP_of_System": "14\"WC", "New_MAOP_of_System": "99PSIG", "Essential_Non_Essential": "Not Evaluated", "No_of_Services": null, "Total_Meter_Count": null, "RISK_MODEL_SCORE": 29.9, "Project_Driver__Paving__Encroac": null, "Project_Comments_Justification": null, "Total_Cost_": "\n", "lat": 42.5640139, "lon": -71.8220331, "Mapped_address": "Shea St & Hollywood St, Fitchburg, MA 01420, USA", "FID": 156}}, {"type": "Feature", "id": 157, "geometry": {"type": "Point", "coordinates": [-71.8220331, 42.5640139]}, "properties": {"Line__": 234, "Year": "2028", "Street": "Hollywood St", "Project__": null, "Project_Name": null, "Town": "Fitchburg", "From_": "Shea St", "To_": "Gardner St", "Duration_Crew_Days": null, "Proposed_Abandon_Footage": 632, "Abandonment_Size": 6, "Abandonment_Material": "BS", "Installed_Pipe_Size": "N/A", "Install_Footage": "N/A", "Installed_Material": "N/A", "Uprate_Footage": null, "MAOP_Increase": "99PSIG", "Current_MAOP_of_System": "14\"WC", "New_MAOP_of_System": "99PSIG", "Essential_Non_Essential": "Not Evaluated", "No_of_Services": null, "Total_Meter_Count": null, "RISK_MODEL_SCORE": 8.4, "Project_Driver__Paving__Encroac": null, "Project_Comments_Justification": null, "Total_Cost_": "\n", "lat": 42.5640139, "lon": -71.8220331, "Mapped_address": "Shea St & Hollywood St, Fitchburg, MA 01420, USA", "FID": 157}}, {"type": "Feature", "id": 158, "geometry": {"type": "Point", "coordinates": [-71.8220331, 42.5640139]}, "properties": {"Line__": 235, "Year": "2028", "Street": "Hollywood St", "Project__": null, "Project_Name": null, "Town": "Fitchburg", "From_": "Shea St", "To_": "Gardner St", "Duration_Crew_Days": null, "Proposed_Abandon_Footage": 41, "Abandonment_Size": 6, "Abandonment_Material": "PL", "Installed_Pipe_Size": "N/A", "Install_Footage": "N/A", "Installed_Material": "N/A", "Uprate_Footage": null, "MAOP_Increase": "99PSIG", "Current_MAOP_of_System": "14\"WC", "New_MAOP_of_System": "99PSIG", "Essential_Non_Essential": "Not Evaluated", "No_of_Services": null, "Total_Meter_Count": null, "RISK_MODEL_SCORE": 0, "Project_Driver__Paving__Encroac": null, "Project_Comments_Justification": null, "Total_Cost_": "\n", "lat": 42.5640139, "lon": -71.8220331, "Mapped_address": "Shea St & Hollywood St, Fitchburg, MA 01420, USA", "FID": 158}}, {"type": "Feature", "id": 159, "geometry": {"type": "Point", "coordinates": [-71.8220331, 42.5640139]}, "properties": {"Line__": 236, "Year": "2028", "Street": "Hollywood St", "Project__": null, "Project_Name": null, "Town": "Fitchburg", "From_": "Shea St", "To_": "Gardner St", "Duration_Crew_Days": null, "Proposed_Abandon_Footage": 86, "Abandonment_Size": 6, "Abandonment_Material": "CI", "Installed_Pipe_Size": "N/A", "Install_Footage": "N/A", "Installed_Material": "N/A", "Uprate_Footage": null, "MAOP_Increase": "99PSIG", "Current_MAOP_of_System": "14\"WC", "New_MAOP_of_System": "99PSIG", "Essential_Non_Essential": "Not Evaluated", "No_of_Services": null, "Total_Meter_Count": null, "RISK_MODEL_SCORE": 8.4, "Project_Driver__Paving__Encroac": null, "Project_Comments_Justification": null, "Total_Cost_": "\n", "lat": 42.5640139, "lon": -71.8220331, "Mapped_address": "Shea St & Hollywood St, Fitchburg, MA 01420, USA", "FID": 159}}, {"type": "Feature", "id": 160, "geometry": {"type": "Point", "coordinates": [-71.8208568, 42.5631128]}, "properties": {"Line__": 237, "Year": "2028", "Street": "Chabot Dr", "Project__": null, "Project_Name": null, "Town": "Fitchburg", "From_": "Bel Air", "To_": "EOM", "Duration_Crew_Days": null, "Proposed_Abandon_Footage": 20, "Abandonment_Size": 4, "Abandonment_Material": "CI", "Installed_Pipe_Size": "NA", "Install_Footage": "NA", "Installed_Material": "NA", "Uprate_Footage": null, "MAOP_Increase": "99PSIG", "Current_MAOP_of_System": "14\"WC", "New_MAOP_of_System": "99PSIG", "Essential_Non_Essential": "Not Evaluated", "No_of_Services": 3, "Total_Meter_Count": 3, "RISK_MODEL_SCORE": 7.7, "Project_Driver__Paving__Encroac": null, "Project_Comments_Justification": null, "Total_Cost_": "\n", "lat": 42.5631128, "lon": -71.8208568, "Mapped_address": "Chabot Dr & Bel Air Dr, Fitchburg, MA 01420, USA", "FID": 160}}, {"type": "Feature", "id": 161, "geometry": {"type": "Point", "coordinates": [-71.8180607, 42.5631594]}, "properties": {"Line__": 238, "Year": "2028", "Street": "Parker St", "Project__": null, "Project_Name": null, "Town": "Fitchburg", "From_": "Hollywood St", "To_": "Gardner St", "Duration_Crew_Days": null, "Proposed_Abandon_Footage": 390, "Abandonment_Size": 4, "Abandonment_Material": "UPS", "Installed_Pipe_Size": "2", "Install_Footage": "1480", "Installed_Material": "HDPE", "Uprate_Footage": null, "MAOP_Increase": "99PSIG", "Current_MAOP_of_System": "14\"WC", "New_MAOP_of_System": "99PSIG", "Essential_Non_Essential": "Not Evaluated", "No_of_Services": 9, "Total_Meter_Count": 9, "RISK_MODEL_SCORE": 7.7, "Project_Driver__Paving__Encroac": null, "Project_Comments_Justification": null, "Total_Cost_": "\n", "lat": 42.5631594, "lon": -71.8180607, "Mapped_address": "Parker St & Hollywood St, Fitchburg, MA 01420, USA", "FID": 161}}, {"type": "Feature", "id": 162, "geometry": {"type": "Point", "coordinates": [-71.8180607, 42.5631594]}, "properties": {"Line__": 239, "Year": "2028", "Street": "Parker St", "Project__": null, "Project_Name": null, "Town": "Fitchburg", "From_": "Hollywood St", "To_": "Gardner St", "Duration_Crew_Days": null, "Proposed_Abandon_Footage": 789, "Abandonment_Size": 4, "Abandonment_Material": "Ductile Iron", "Installed_Pipe_Size": "N/A", "Install_Footage": "N/A", "Installed_Material": "N/A", "Uprate_Footage": null, "MAOP_Increase": "99PSIG", "Current_MAOP_of_System": "14\"WC", "New_MAOP_of_System": "99PSIG", "Essential_Non_Essential": "Not Evaluated", "No_of_Services": null, "Total_Meter_Count": null, "RISK_MODEL_SCORE": 7.7, "Project_Driver__Paving__Encroac": null, "Project_Comments_Justification": null, "Total_Cost_": "\n", "lat": 42.5631594, "lon": -71.8180607, "Mapped_address": "Parker St & Hollywood St, Fitchburg, MA 01420, USA", "FID": 162}}, {"type": "Feature", "id": 163, "geometry": {"type": "Point", "coordinates": [-71.8189475, 42.5634788]}, "properties": {"Line__": 240, "Year": "2028", "Street": "Miami St", "Project__": null, "Project_Name": null, "Town": "Fitchburg", "From_": "Hollywood St", "To_": "Bel Air", "Duration_Crew_Days": null, "Proposed_Abandon_Footage": 1098, "Abandonment_Size": 4, "Abandonment_Material": "UPS", "Installed_Pipe_Size": "2", "Install_Footage": "1098", "Installed_Material": "HDPE", "Uprate_Footage": null, "MAOP_Increase": "99PSIG", "Current_MAOP_of_System": "14\"WC", "New_MAOP_of_System": "99PSIG", "Essential_Non_Essential": "Not Evaluated", "No_of_Services": 8, "Total_Meter_Count": 8, "RISK_MODEL_SCORE": 7.7, "Project_Driver__Paving__Encroac": null, "Project_Comments_Justification": null, "Total_Cost_": "\n", "lat": 42.5634788, "lon": -71.8189475, "Mapped_address": "Miami St & Hollywood St, Fitchburg, MA 01420, USA", "FID": 163}}, {"type": "Feature", "id": 164, "geometry": {"type": "Point", "coordinates": [-71.8179667, 42.5590239]}, "properties": {"Line__": 241, "Year": "2028", "Street": "Gardner St", "Project__": null, "Project_Name": null, "Town": "Fitchburg", "From_": "Hollywood St", "To_": "Shea St", "Duration_Crew_Days": null, "Proposed_Abandon_Footage": 623, "Abandonment_Size": 4, "Abandonment_Material": "UPS", "Installed_Pipe_Size": "2", "Install_Footage": "623", "Installed_Material": "HDPE", "Uprate_Footage": null, "MAOP_Increase": "99PSIG", "Current_MAOP_of_System": "14\"WC", "New_MAOP_of_System": "99PSIG", "Essential_Non_Essential": "Not Evaluated", "No_of_Services": 6, "Total_Meter_Count": 6, "RISK_MODEL_SCORE": 7.7, "Project_Driver__Paving__Encroac": null, "Project_Comments_Justification": null, "Total_Cost_": "\n", "lat": 42.5590239, "lon": -71.8179667, "Mapped_address": "Hollywood St & Gardner St, Fitchburg, MA 01420, USA", "FID": 164}}, {"type": "Feature", "id": 165, "geometry": {"type": "Point", "coordinates": [-71.81999, 42.5605191]}, "properties": {"Line__": 242, "Year": "2028", "Street": "Thurston Pl", "Project__": null, "Project_Name": null, "Town": "Fitchburg", "From_": "Bel Air", "To_": "Miami", "Duration_Crew_Days": null, "Proposed_Abandon_Footage": 135, "Abandonment_Size": 4, "Abandonment_Material": "UPS", "Installed_Pipe_Size": "2", "Install_Footage": "135", "Installed_Material": "HDPE", "Uprate_Footage": null, "MAOP_Increase": "99PSIG", "Current_MAOP_of_System": "14\"WC", "New_MAOP_of_System": "99PSIG", "Essential_Non_Essential": "Not Evaluated", "No_of_Services": 2, "Total_Meter_Count": 2, "RISK_MODEL_SCORE": 7.7, "Project_Driver__Paving__Encroac": null, "Project_Comments_Justification": null, "Total_Cost_": "\n", "lat": 42.5605191, "lon": -71.81999, "Mapped_address": "Thurston Pl & Bel Air Dr, Fitchburg, MA 01420, USA", "FID": 165}}, {"type": "Feature", "id": 166, "geometry": {"type": "Point", "coordinates": [-71.8226745, 42.5777346]}, "properties": {"Line__": 243, "Year": "2028", "Street": "Columbus St", "Project__": 4, "Project_Name": "Madison St Area", "Town": "Fitchburg", "From_": "Oak Hill Rd", "To_": "Daniels St", "Duration_Crew_Days": 244, "Proposed_Abandon_Footage": 141, "Abandonment_Size": 4, "Abandonment_Material": "CI", "Installed_Pipe_Size": "NA", "Install_Footage": "NA", "Installed_Material": "NA", "Uprate_Footage": null, "MAOP_Increase": "99PSIG", "Current_MAOP_of_System": "14\"WC", "New_MAOP_of_System": "99PSIG", "Essential_Non_Essential": "Not Evaluated", "No_of_Services": 9, "Total_Meter_Count": 28, "RISK_MODEL_SCORE": 7.74, "Project_Driver__Paving__Encroac": "Project driver is pontential municipal paving as well as subordinate streets to convert from LP to HP", "Project_Comments_Justification": "Project driver is pontential municipal paving as well as subordinate streets to convert from LP to HP", "Total_Cost_": " $ 4,421,045.00 \n", "lat": 42.5777346, "lon": -71.8226745, "Mapped_address": "Columbus St & Oak Hill Rd, Fitchburg, MA 01420, USA", "FID": 166}}, {"type": "Feature", "id": 167, "geometry": {"type": "Point", "coordinates": [-71.8226745, 42.5777346]}, "properties": {"Line__": 244, "Year": "2028", "Street": "Columbus St", "Project__": null, "Project_Name": null, "Town": "Fitchburg", "From_": "Oak Hill Rd", "To_": "Daniels St", "Duration_Crew_Days": null, "Proposed_Abandon_Footage": 1044, "Abandonment_Size": 8, "Abandonment_Material": "HDPE", "Installed_Pipe_Size": "NA", "Install_Footage": "NA", "Installed_Material": "NA", "Uprate_Footage": null, "MAOP_Increase": "99PSIG", "Current_MAOP_of_System": "14\"WC", "New_MAOP_of_System": "99PSIG", "Essential_Non_Essential": "Not Evaluated", "No_of_Services": null, "Total_Meter_Count": null, "RISK_MODEL_SCORE": 0, "Project_Driver__Paving__Encroac": null, "Project_Comments_Justification": null, "Total_Cost_": "\n", "lat": 42.5777346, "lon": -71.8226745, "Mapped_address": "Columbus St & Oak Hill Rd, Fitchburg, MA 01420, USA", "FID": 167}}, {"type": "Feature", "id": 168, "geometry": {"type": "Point", "coordinates": [-71.8270243, 42.5652098]}, "properties": {"Line__": 245, "Year": "2028", "Street": "Saint Josephs Ave", "Project__": null, "Project_Name": null, "Town": "Fitchburg", "From_": "Oak Hill Rd", "To_": "Pratt Rd", "Duration_Crew_Days": null, "Proposed_Abandon_Footage": 1054, "Abandonment_Size": 4, "Abandonment_Material": "CI", "Installed_Pipe_Size": "1054", "Install_Footage": "2", "Installed_Material": "HDPE", "Uprate_Footage": null, "MAOP_Increase": "99PSIG", "Current_MAOP_of_System": "14\"WC", "New_MAOP_of_System": "99PSIG", "Essential_Non_Essential": "Not Evaluated", "No_of_Services": 14, "Total_Meter_Count": 29, "RISK_MODEL_SCORE": 35.66, "Project_Driver__Paving__Encroac": null, "Project_Comments_Justification": null, "Total_Cost_": "\n", "lat": 42.5652098, "lon": -71.8270243, "Mapped_address": "Oak Hill Rd, Fitchburg, MA 01420, USA", "FID": 168}}, {"type": "Feature", "id": 169, "geometry": {"type": "Point", "coordinates": [-71.8214282, 42.5763858]}, "properties": {"Line__": 246, "Year": "2028", "Street": "Madison St", "Project__": null, "Project_Name": null, "Town": "Fitchburg", "From_": "Daniels St", "To_": "Saint Andrew St", "Duration_Crew_Days": null, "Proposed_Abandon_Footage": 1287, "Abandonment_Size": 4, "Abandonment_Material": "CI", "Installed_Pipe_Size": "3109", "Install_Footage": "2", "Installed_Material": "HDPE", "Uprate_Footage": null, "MAOP_Increase": "99PSIG", "Current_MAOP_of_System": "14\"WC", "New_MAOP_of_System": "99PSIG", "Essential_Non_Essential": "Not Evaluated", "No_of_Services": 53, "Total_Meter_Count": 97, "RISK_MODEL_SCORE": 21.35, "Project_Driver__Paving__Encroac": null, "Project_Comments_Justification": null, "Total_Cost_": "\n", "lat": 42.5763858, "lon": -71.8214282, "Mapped_address": "Daniels St & Madison St, Fitchburg, MA 01420, USA", "FID": 169}}, {"type": "Feature", "id": 170, "geometry": {"type": "Point", "coordinates": [-71.8214403, 42.573365]}, "properties": {"Line__": 247, "Year": "2028", "Street": "Madison St", "Project__": null, "Project_Name": null, "Town": "Fitchburg", "From_": "Saint Andrew St", "To_": "Franklin Rd", "Duration_Crew_Days": null, "Proposed_Abandon_Footage": 1809, "Abandonment_Size": 4, "Abandonment_Material": "CI", "Installed_Pipe_Size": "NA", "Install_Footage": "NA", "Installed_Material": "NA", "Uprate_Footage": null, "MAOP_Increase": "99PSIG", "Current_MAOP_of_System": "14\"WC", "New_MAOP_of_System": "99PSIG", "Essential_Non_Essential": "Not Evaluated", "No_of_Services": null, "Total_Meter_Count": null, "RISK_MODEL_SCORE": 16, "Project_Driver__Paving__Encroac": null, "Project_Comments_Justification": null, "Total_Cost_": "\n", "lat": 42.573365, "lon": -71.8214403, "Mapped_address": "St Andrew St, Fitchburg, MA 01420, USA", "FID": 170}}, {"type": "Feature", "id": 171, "geometry": {"type": "Point", "coordinates": [-71.8207557, 42.5764634]}, "properties": {"Line__": 248, "Year": "2028", "Street": "Edward St", "Project__": null, "Project_Name": null, "Town": "Fitchburg", "From_": "Daniels St", "To_": "Saint Andrew St", "Duration_Crew_Days": null, "Proposed_Abandon_Footage": 246, "Abandonment_Size": 8, "Abandonment_Material": "CI", "Installed_Pipe_Size": "1080", "Install_Footage": "2", "Installed_Material": "HDPE", "Uprate_Footage": null, "MAOP_Increase": "99PSIG", "Current_MAOP_of_System": "14\"WC", "New_MAOP_of_System": "99PSIG", "Essential_Non_Essential": "Not Evaluated", "No_of_Services": 13, "Total_Meter_Count": 30, "RISK_MODEL_SCORE": 8.95, "Project_Driver__Paving__Encroac": null, "Project_Comments_Justification": null, "Total_Cost_": "\n", "lat": 42.5764634, "lon": -71.8207557, "Mapped_address": "Daniels St & Edward St, Fitchburg, MA 01420, USA", "FID": 171}}, {"type": "Feature", "id": 172, "geometry": {"type": "Point", "coordinates": [-71.8207557, 42.5764634]}, "properties": {"Line__": 249, "Year": "2028", "Street": "Edward St", "Project__": null, "Project_Name": null, "Town": "Fitchburg", "From_": "Daniels St", "To_": "Saint Andrew St", "Duration_Crew_Days": null, "Proposed_Abandon_Footage": 858, "Abandonment_Size": 4, "Abandonment_Material": "CI", "Installed_Pipe_Size": "NA", "Install_Footage": "NA", "Installed_Material": "NA", "Uprate_Footage": null, "MAOP_Increase": "99PSIG", "Current_MAOP_of_System": "14\"WC", "New_MAOP_of_System": "99PSIG", "Essential_Non_Essential": "Not Evaluated", "No_of_Services": null, "Total_Meter_Count": null, "RISK_MODEL_SCORE": 8.95, "Project_Driver__Paving__Encroac": null, "Project_Comments_Justification": null, "Total_Cost_": "\n", "lat": 42.5764634, "lon": -71.8207557, "Mapped_address": "Daniels St & Edward St, Fitchburg, MA 01420, USA", "FID": 172}}, {"type": "Feature", "id": 173, "geometry": {"type": "Point", "coordinates": [-71.8201054, 42.5765463]}, "properties": {"Line__": 250, "Year": "2028", "Street": "Chester St", "Project__": null, "Project_Name": null, "Town": "Fitchburg", "From_": "Daniels St", "To_": "Saint Andrew St", "Duration_Crew_Days": null, "Proposed_Abandon_Footage": 1104, "Abandonment_Size": 4, "Abandonment_Material": "CI", "Installed_Pipe_Size": "2270", "Install_Footage": "2", "Installed_Material": "HDPE", "Uprate_Footage": null, "MAOP_Increase": "99PSIG", "Current_MAOP_of_System": "14\"WC", "New_MAOP_of_System": "99PSIG", "Essential_Non_Essential": "Not Evaluated", "No_of_Services": 25, "Total_Meter_Count": 47, "RISK_MODEL_SCORE": 14.19, "Project_Driver__Paving__Encroac": null, "Project_Comments_Justification": null, "Total_Cost_": "\n", "lat": 42.5765463, "lon": -71.8201054, "Mapped_address": "Daniels St & Chester St, Fitchburg, MA 01420, USA", "FID": 173}}, {"type": "Feature", "id": 174, "geometry": {"type": "Point", "coordinates": [-71.8194495, 42.573615]}, "properties": {"Line__": 251, "Year": "2028", "Street": "Chester St", "Project__": null, "Project_Name": null, "Town": "Fitchburg", "From_": "Saint Andrew St", "To_": "Delisle St", "Duration_Crew_Days": null, "Proposed_Abandon_Footage": 628, "Abandonment_Size": 4, "Abandonment_Material": "CI", "Installed_Pipe_Size": "NA", "Install_Footage": "NA", "Installed_Material": "NA", "Uprate_Footage": null, "MAOP_Increase": "99PSIG", "Current_MAOP_of_System": "14\"WC", "New_MAOP_of_System": "99PSIG", "Essential_Non_Essential": "Not Evaluated", "No_of_Services": null, "Total_Meter_Count": null, "RISK_MODEL_SCORE": 12.56, "Project_Driver__Paving__Encroac": null, "Project_Comments_Justification": null, "Total_Cost_": "\n", "lat": 42.573615, "lon": -71.8194495, "Mapped_address": "Chester St & St Andrew St, Fitchburg, MA 01420, USA", "FID": 174}}, {"type": "Feature", "id": 175, "geometry": {"type": "Point", "coordinates": [-71.820411, 42.5779999]}, "properties": {"Line__": 252, "Year": "2028", "Street": "Chester St", "Project__": null, "Project_Name": null, "Town": "Fitchburg", "From_": "Columbus St", "To_": "Daniels St", "Duration_Crew_Days": null, "Proposed_Abandon_Footage": 508, "Abandonment_Size": 4, "Abandonment_Material": "CI", "Installed_Pipe_Size": "NA", "Install_Footage": "NA", "Installed_Material": "NA", "Uprate_Footage": null, "MAOP_Increase": "99PSIG", "Current_MAOP_of_System": "14\"WC", "New_MAOP_of_System": "99PSIG", "Essential_Non_Essential": "Not Evaluated", "No_of_Services": null, "Total_Meter_Count": null, "RISK_MODEL_SCORE": 12.56, "Project_Driver__Paving__Encroac": null, "Project_Comments_Justification": null, "Total_Cost_": "\n", "lat": 42.5779999, "lon": -71.820411, "Mapped_address": "Chester St & Columbus St, Fitchburg, MA 01420, USA", "FID": 175}}, {"type": "Feature", "id": 176, "geometry": {"type": "Point", "coordinates": [-71.8205196, 42.5753419]}, "properties": {"Line__": 253, "Year": "2028", "Street": "Pratt Rd", "Project__": null, "Project_Name": null, "Town": "Fitchburg", "From_": "Edward St", "To_": "Chester St", "Duration_Crew_Days": null, "Proposed_Abandon_Footage": 193, "Abandonment_Size": 4, "Abandonment_Material": "CI", "Installed_Pipe_Size": "2", "Install_Footage": "193", "Installed_Material": "HDPE", "Uprate_Footage": null, "MAOP_Increase": "99PSIG", "Current_MAOP_of_System": "14\"WC", "New_MAOP_of_System": "99PSIG", "Essential_Non_Essential": "Not Evaluated", "No_of_Services": 4, "Total_Meter_Count": 12, "RISK_MODEL_SCORE": 12.97, "Project_Driver__Paving__Encroac": null, "Project_Comments_Justification": null, "Total_Cost_": "\n", "lat": 42.5753419, "lon": -71.8205196, "Mapped_address": "Pratt Rd & Edward St, Fitchburg, MA 01420, USA", "FID": 176}}, {"type": "Feature", "id": 177, "geometry": {"type": "Point", "coordinates": [-71.8229944, 42.5762183]}, "properties": {"Line__": 255, "Year": "2028", "Street": "Daniels St", "Project__": null, "Project_Name": null, "Town": "Fitchburg", "From_": "Oak Hill Rd", "To_": "Pratt St", "Duration_Crew_Days": null, "Proposed_Abandon_Footage": 890, "Abandonment_Size": 4, "Abandonment_Material": "CI", "Installed_Pipe_Size": "2", "Install_Footage": "1161", "Installed_Material": "HDPE", "Uprate_Footage": null, "MAOP_Increase": "99PSIG", "Current_MAOP_of_System": "14\"WC", "New_MAOP_of_System": "99PSIG", "Essential_Non_Essential": "Not Evaluated", "No_of_Services": 2, "Total_Meter_Count": 9, "RISK_MODEL_SCORE": 38.66, "Project_Driver__Paving__Encroac": null, "Project_Comments_Justification": null, "Total_Cost_": "\n", "lat": 42.5762183, "lon": -71.8229944, "Mapped_address": "Daniels St & Oak Hill Rd, Fitchburg, MA 01420, USA", "FID": 177}}, {"type": "Feature", "id": 178, "geometry": {"type": "Point", "coordinates": [-71.819065, 42.576653]}, "properties": {"Line__": 256, "Year": "2028", "Street": "Clarendon St", "Project__": null, "Project_Name": null, "Town": "Fitchburg", "From_": "Daniels St", "To_": "Cemetary", "Duration_Crew_Days": null, "Proposed_Abandon_Footage": null, "Abandonment_Size": null, "Abandonment_Material": "NA", "Installed_Pipe_Size": "NA", "Install_Footage": "NA", "Installed_Material": "HDPE", "Uprate_Footage": 3771, "MAOP_Increase": "99PSIG", "Current_MAOP_of_System": "14\"WC", "New_MAOP_of_System": "99PSIG", "Essential_Non_Essential": "Not Evaluated", "No_of_Services": 60, "Total_Meter_Count": 107, "RISK_MODEL_SCORE": 0, "Project_Driver__Paving__Encroac": null, "Project_Comments_Justification": null, "Total_Cost_": "\n", "lat": 42.576653, "lon": -71.819065, "Mapped_address": "Daniels St & Clarendon St, Fitchburg, MA 01420, USA", "FID": 178}}, {"type": "Feature", "id": 179, "geometry": {"type": "Point", "coordinates": [-71.8154606, 42.5751174]}, "properties": {"Line__": 257, "Year": "2028", "Street": "Saint Josephs Ave", "Project__": 5, "Project_Name": "Saint Josephs Ave", "Town": "Fitchburg", "From_": "Pratt Rd", "To_": "Saint Andrew St", "Duration_Crew_Days": 76, "Proposed_Abandon_Footage": 532, "Abandonment_Size": 6, "Abandonment_Material": "CI", "Installed_Pipe_Size": "2", "Install_Footage": "532", "Installed_Material": "HDPE", "Uprate_Footage": null, "MAOP_Increase": "99PSIG", "Current_MAOP_of_System": "14\"WC", "New_MAOP_of_System": "99PSIG", "Essential_Non_Essential": "Not Evaluated", "No_of_Services": 33, "Total_Meter_Count": 49, "RISK_MODEL_SCORE": 8.4, "Project_Driver__Paving__Encroac": "Project driver is pontential municipal paving project", "Project_Comments_Justification": "Project driver is pontential municipal paving project", "Total_Cost_": " $ 1,098,368.00 \n", "lat": 42.5751174, "lon": -71.8154606, "Mapped_address": "Pratt Rd, Fitchburg, MA 01420, USA", "FID": 179}}, {"type": "Feature", "id": 180, "geometry": {"type": "Point", "coordinates": [-71.8214403, 42.573365]}, "properties": {"Line__": 258, "Year": "2028", "Street": "Saint Josephs Ave", "Project__": null, "Project_Name": null, "Town": "Fitchburg", "From_": "Saint Andrew St", "To_": "Franklin Rd", "Duration_Crew_Days": null, "Proposed_Abandon_Footage": 1790, "Abandonment_Size": 4, "Abandonment_Material": "CI", "Installed_Pipe_Size": "2", "Install_Footage": "1790", "Installed_Material": "HDPE", "Uprate_Footage": null, "MAOP_Increase": "99PSIG", "Current_MAOP_of_System": "14\"WC", "New_MAOP_of_System": "99PSIG", "Essential_Non_Essential": "Not Evaluated", "No_of_Services": null, "Total_Meter_Count": null, "RISK_MODEL_SCORE": 25.2, "Project_Driver__Paving__Encroac": null, "Project_Comments_Justification": null, "Total_Cost_": "\n", "lat": 42.573365, "lon": -71.8214403, "Mapped_address": "St Andrew St, Fitchburg, MA 01420, USA", "FID": 180}}, {"type": "Feature", "id": 181, "geometry": {"type": "Point", "coordinates": [-71.8222386, 42.5733098]}, "properties": {"Line__": 259, "Year": "2028", "Street": "Shea St", "Project__": null, "Project_Name": null, "Town": "Fitchburg", "From_": "Saint Andrew St", "To_": "64 Shea St", "Duration_Crew_Days": null, "Proposed_Abandon_Footage": 458, "Abandonment_Size": 4, "Abandonment_Material": "CI", "Installed_Pipe_Size": "2", "Install_Footage": "458", "Installed_Material": "HDPE", "Uprate_Footage": null, "MAOP_Increase": "99PSIG", "Current_MAOP_of_System": "14\"WC", "New_MAOP_of_System": "99PSIG", "Essential_Non_Essential": "Not Evaluated", "No_of_Services": 5, "Total_Meter_Count": 5, "RISK_MODEL_SCORE": 26, "Project_Driver__Paving__Encroac": null, "Project_Comments_Justification": null, "Total_Cost_": "\n", "lat": 42.5733098, "lon": -71.8222386, "Mapped_address": "St Andrew St & Shea St, Fitchburg, MA 01420, USA", "FID": 181}}, {"type": "Feature", "id": 182, "geometry": {"type": "Point", "coordinates": [-71.820381, 42.5717179]}, "properties": {"Line__": 260, "Year": "2028", "Street": "Delisle St", "Project__": null, "Project_Name": null, "Town": "Fitchburg", "From_": "Madison St", "To_": "#139 Delisle", "Duration_Crew_Days": null, "Proposed_Abandon_Footage": 360, "Abandonment_Size": 4, "Abandonment_Material": "CI", "Installed_Pipe_Size": "2", "Install_Footage": "360", "Installed_Material": "HDPE", "Uprate_Footage": null, "MAOP_Increase": "99PSIG", "Current_MAOP_of_System": "14\"WC", "New_MAOP_of_System": "99PSIG", "Essential_Non_Essential": "Not Evaluated", "No_of_Services": 1, "Total_Meter_Count": 1, "RISK_MODEL_SCORE": 7.7, "Project_Driver__Paving__Encroac": null, "Project_Comments_Justification": null, "Total_Cost_": "\n", "lat": 42.5717179, "lon": -71.820381, "Mapped_address": "Madison St & Delisle St, Fitchburg, MA 01420, USA", "FID": 182}}, {"type": "Feature", "id": 183, "geometry": {"type": "Point", "coordinates": [-71.8222386, 42.5733098]}, "properties": {"Line__": 261, "Year": "2028", "Street": "Saint Andrew St", "Project__": null, "Project_Name": null, "Town": "Fitchburg", "From_": "Shea St", "To_": "Madison St", "Duration_Crew_Days": null, "Proposed_Abandon_Footage": 632, "Abandonment_Size": 4, "Abandonment_Material": "CI", "Installed_Pipe_Size": "N/A", "Install_Footage": "N/A", "Installed_Material": "N/A", "Uprate_Footage": null, "MAOP_Increase": "99PSIG", "Current_MAOP_of_System": "14\"WC", "New_MAOP_of_System": "99PSIG", "Essential_Non_Essential": "Not Evaluated", "No_of_Services": 3, "Total_Meter_Count": 3, "RISK_MODEL_SCORE": 12.9, "Project_Driver__Paving__Encroac": null, "Project_Comments_Justification": null, "Total_Cost_": "\n", "lat": 42.5733098, "lon": -71.8222386, "Mapped_address": "St Andrew St & Shea St, Fitchburg, MA 01420, USA", "FID": 183}}, {"type": "Feature", "id": 184, "geometry": {"type": "Point", "coordinates": [-71.8222386, 42.5733098]}, "properties": {"Line__": 262, "Year": "2028", "Street": "Saint Andrew St", "Project__": null, "Project_Name": null, "Town": "Fitchburg", "From_": "Shea St", "To_": "Clarendon St", "Duration_Crew_Days": null, "Proposed_Abandon_Footage": 304, "Abandonment_Size": 8, "Abandonment_Material": "CI", "Installed_Pipe_Size": "N/A", "Install_Footage": "N/A", "Installed_Material": "N/A", "Uprate_Footage": null, "MAOP_Increase": "99PSIG", "Current_MAOP_of_System": "14\"WC", "New_MAOP_of_System": "99PSIG", "Essential_Non_Essential": "Not Evaluated", "No_of_Services": null, "Total_Meter_Count": null, "RISK_MODEL_SCORE": 9, "Project_Driver__Paving__Encroac": null, "Project_Comments_Justification": null, "Total_Cost_": "\n", "lat": 42.5733098, "lon": -71.8222386, "Mapped_address": "St Andrew St & Shea St, Fitchburg, MA 01420, USA", "FID": 184}}, {"type": "Feature", "id": 185, "geometry": {"type": "Point", "coordinates": [-71.8226496, 42.5767651]}, "properties": {"Line__": 299, "Year": "2029", "Street": "Oak Hill Rd", "Project__": null, "Project_Name": null, "Town": "Fitchburg", "From_": "173 Oak Hill Rd", "To_": "Daniels St", "Duration_Crew_Days": null, "Proposed_Abandon_Footage": 165, "Abandonment_Size": 4, "Abandonment_Material": "CI", "Installed_Pipe_Size": "N/A", "Install_Footage": "N/A", "Installed_Material": "N/A", "Uprate_Footage": 0, "MAOP_Increase": "99PSIG", "Current_MAOP_of_System": "14\"WC", "New_MAOP_of_System": "99PSIG", "Essential_Non_Essential": "Not Evaluated", "No_of_Services": null, "Total_Meter_Count": null, "RISK_MODEL_SCORE": 15.48, "Project_Driver__Paving__Encroac": null, "Project_Comments_Justification": null, "Total_Cost_": "\n", "lat": 42.5767651, "lon": -71.8226496, "Mapped_address": "173 Oak Hill Rd, Fitchburg, MA 01420, USA", "FID": 185}}, {"type": "Feature", "id": 186, "geometry": {"type": "Point", "coordinates": [-71.8252543671424, 42.5790029121565]}, "properties": {"Line__": 307, "Year": "2029", "Street": "Gates St", "Project__": null, "Project_Name": null, "Town": "Fitchburg", "From_": "Fairmount St", "To_": "Plymouth St", "Duration_Crew_Days": null, "Proposed_Abandon_Footage": 400, "Abandonment_Size": 4, "Abandonment_Material": "CI", "Installed_Pipe_Size": "2", "Install_Footage": "400", "Installed_Material": "HDPE", "Uprate_Footage": null, "MAOP_Increase": "99PSIG", "Current_MAOP_of_System": "14\"WC", "New_MAOP_of_System": "99PSIG", "Essential_Non_Essential": "Not Evaluated", "No_of_Services": 1, "Total_Meter_Count": 1, "RISK_MODEL_SCORE": 7.74, "Project_Driver__Paving__Encroac": null, "Project_Comments_Justification": null, "Total_Cost_": null, "lat": 42.5790029121565, "lon": -71.8252543671424, "Mapped_address": "Gates St & Fairmount St, Fitchburg, MA, USA", "FID": 186}}, {"type": "Feature", "id": 187, "geometry": {"type": "Point", "coordinates": [-71.7919862, 42.5786077]}, "properties": {"Line__": 272, "Year": "2029", "Street": "Middle St", "Project__": null, "Project_Name": null, "Town": "Fitchburg", "From_": "First St", "To_": "Fifth St", "Duration_Crew_Days": null, "Proposed_Abandon_Footage": 1183, "Abandonment_Size": 10, "Abandonment_Material": "CI", "Installed_Pipe_Size": "2", "Install_Footage": "686", "Installed_Material": "HDPE", "Uprate_Footage": null, "MAOP_Increase": "99PSIG", "Current_MAOP_of_System": "14\"WC", "New_MAOP_of_System": "99PSIG", "Essential_Non_Essential": "Not Evaluated", "No_of_Services": 13, "Total_Meter_Count": 16, "RISK_MODEL_SCORE": 13, "Project_Driver__Paving__Encroac": null, "Project_Comments_Justification": null, "Total_Cost_": "\n", "lat": 42.5786077, "lon": -71.7919862, "Mapped_address": "1st St & Middle St, Fitchburg, MA 01420, USA", "FID": 187}}, {"type": "Feature", "id": 188, "geometry": {"type": "Point", "coordinates": [-71.8211112, 42.5686054]}, "properties": {"Line__": 254, "Year": "2029", "Street": "Franklin Rd", "Project__": null, "Project_Name": null, "Town": "Fitchburg", "From_": "Shea St", "To_": "Depot St", "Duration_Crew_Days": null, "Proposed_Abandon_Footage": null, "Abandonment_Size": null, "Abandonment_Material": "N/A", "Installed_Pipe_Size": "N/A", "Install_Footage": "N/A", "Installed_Material": "N/A", "Uprate_Footage": 2988, "MAOP_Increase": "99PSIG", "Current_MAOP_of_System": "14\"WC", "New_MAOP_of_System": "99PSIG", "Essential_Non_Essential": "Not Evaluated", "No_of_Services": 45, "Total_Meter_Count": 57, "RISK_MODEL_SCORE": 0, "Project_Driver__Paving__Encroac": null, "Project_Comments_Justification": null, "Total_Cost_": "\n", "lat": 42.5686054, "lon": -71.8211112, "Mapped_address": "Franklin Rd & Shea St, Fitchburg, MA 01420, USA", "FID": 188}}, {"type": "Feature", "id": 189, "geometry": {"type": "Point", "coordinates": [-71.7877065, 42.5809504]}, "properties": {"Line__": 263, "Year": "2029", "Street": "Oak St", "Project__": 1, "Project_Name": "Oak St and Railroad St Area", "Town": "Fitchburg", "From_": "Winter St", "To_": "Holt St", "Duration_Crew_Days": 194, "Proposed_Abandon_Footage": 433, "Abandonment_Size": 4, "Abandonment_Material": "CI", "Installed_Pipe_Size": "2", "Install_Footage": "433", "Installed_Material": "HDPE", "Uprate_Footage": null, "MAOP_Increase": "99PSIG", "Current_MAOP_of_System": "14\"WC", "New_MAOP_of_System": "99PSIG", "Essential_Non_Essential": "Not Evaluated", "No_of_Services": 6, "Total_Meter_Count": 7, "RISK_MODEL_SCORE": 7.3, "Project_Driver__Paving__Encroac": "Project driver is potentialmunicipal paving ", "Project_Comments_Justification": "Project driver is potentialmunicipal paving ", "Total_Cost_": " $ 3,727,077.00 \n", "lat": 42.5809504, "lon": -71.7877065, "Mapped_address": "Winter St & Oak St, Fitchburg, MA 01420, USA", "FID": 189}}, {"type": "Feature", "id": 190, "geometry": {"type": "Point", "coordinates": [-71.7898745, 42.5812728]}, "properties": {"Line__": 264, "Year": "2029", "Street": "Holt St", "Project__": null, "Project_Name": null, "Town": "Fitchburg", "From_": "Summer St", "To_": "Brigham Park", "Duration_Crew_Days": null, "Proposed_Abandon_Footage": null, "Abandonment_Size": null, "Abandonment_Material": "N/A", "Installed_Pipe_Size": "N/A", "Install_Footage": "N/A", "Installed_Material": "N/A", "Uprate_Footage": 778, "MAOP_Increase": "99PSIG", "Current_MAOP_of_System": "14\"WC", "New_MAOP_of_System": "99PSIG", "Essential_Non_Essential": "Not Evaluated", "No_of_Services": 12, "Total_Meter_Count": 33, "RISK_MODEL_SCORE": 0, "Project_Driver__Paving__Encroac": null, "Project_Comments_Justification": null, "Total_Cost_": "\n", "lat": 42.5812728, "lon": -71.7898745, "Mapped_address": "Summer St & Holt St, Fitchburg, MA 01420, USA", "FID": 190}}, {"type": "Feature", "id": 191, "geometry": {"type": "Point", "coordinates": [-71.7879555, 42.5824503]}, "properties": {"Line__": 265, "Year": "2029", "Street": "Brigham Park", "Project__": null, "Project_Name": null, "Town": "Fitchburg", "From_": "Holt St", "To_": "EOM", "Duration_Crew_Days": null, "Proposed_Abandon_Footage": null, "Abandonment_Size": null, "Abandonment_Material": "N/A", "Installed_Pipe_Size": "N/A", "Install_Footage": "N/A", "Installed_Material": "N/A", "Uprate_Footage": 576, "MAOP_Increase": "99PSIG", "Current_MAOP_of_System": "14\"WC", "New_MAOP_of_System": "99PSIG", "Essential_Non_Essential": "Not Evaluated", "No_of_Services": 16, "Total_Meter_Count": 30, "RISK_MODEL_SCORE": 0, "Project_Driver__Paving__Encroac": null, "Project_Comments_Justification": null, "Total_Cost_": "\n", "lat": 42.5824503, "lon": -71.7879555, "Mapped_address": "Brigham Park & Holt St, Fitchburg, MA 01420, USA", "FID": 191}}, {"type": "Feature", "id": 192, "geometry": {"type": "Point", "coordinates": [-71.7902055, 42.5774496]}, "properties": {"Line__": 266, "Year": "2029", "Street": "Railroad St", "Project__": null, "Project_Name": null, "Town": "Fitchburg", "From_": "2nd St", "To_": "4th St", "Duration_Crew_Days": null, "Proposed_Abandon_Footage": 860, "Abandonment_Size": 8, "Abandonment_Material": "CI", "Installed_Pipe_Size": "2", "Install_Footage": "53", "Installed_Material": "HDPE", "Uprate_Footage": null, "MAOP_Increase": "99PSIG", "Current_MAOP_of_System": "14\"WC", "New_MAOP_of_System": "99PSIG", "Essential_Non_Essential": "Not Evaluated", "No_of_Services": 1, "Total_Meter_Count": 1, "RISK_MODEL_SCORE": 9, "Project_Driver__Paving__Encroac": null, "Project_Comments_Justification": null, "Total_Cost_": "\n", "lat": 42.5774496, "lon": -71.7902055, "Mapped_address": "Railroad St, Fitchburg, MA 01420, USA", "FID": 192}}, {"type": "Feature", "id": 193, "geometry": {"type": "Point", "coordinates": [-71.7902055, 42.5774496]}, "properties": {"Line__": 267, "Year": "2029", "Street": "Railroad St", "Project__": null, "Project_Name": null, "Town": "Fitchburg", "From_": "2nd St", "To_": "4th St", "Duration_Crew_Days": null, "Proposed_Abandon_Footage": 183, "Abandonment_Size": 4, "Abandonment_Material": "CI", "Installed_Pipe_Size": "2", "Install_Footage": "62", "Installed_Material": "HDPE", "Uprate_Footage": null, "MAOP_Increase": "99PSIG", "Current_MAOP_of_System": "14\"WC", "New_MAOP_of_System": "99PSIG", "Essential_Non_Essential": "Not Evaluated", "No_of_Services": null, "Total_Meter_Count": null, "RISK_MODEL_SCORE": 8.9, "Project_Driver__Paving__Encroac": null, "Project_Comments_Justification": null, "Total_Cost_": "\n", "lat": 42.5774496, "lon": -71.7902055, "Mapped_address": "Railroad St, Fitchburg, MA 01420, USA", "FID": 193}}, {"type": "Feature", "id": 194, "geometry": {"type": "Point", "coordinates": [-71.7908391, 42.5769307]}, "properties": {"Line__": 268, "Year": "2029", "Street": "2nd St", "Project__": null, "Project_Name": null, "Town": "Fitchburg", "From_": "Middle St", "To_": "Water St", "Duration_Crew_Days": null, "Proposed_Abandon_Footage": 108, "Abandonment_Size": 3, "Abandonment_Material": "CI", "Installed_Pipe_Size": "N/A", "Install_Footage": "N/A", "Installed_Material": "N/A", "Uprate_Footage": 388, "MAOP_Increase": "99PSIG", "Current_MAOP_of_System": "14\"WC", "New_MAOP_of_System": "99PSIG", "Essential_Non_Essential": "Not Evaluated", "No_of_Services": 3, "Total_Meter_Count": 12, "RISK_MODEL_SCORE": 14.6, "Project_Driver__Paving__Encroac": null, "Project_Comments_Justification": null, "Total_Cost_": "\n", "lat": 42.5769307, "lon": -71.7908391, "Mapped_address": "Middle St, Fitchburg, MA 01420, USA", "FID": 194}}, {"type": "Feature", "id": 195, "geometry": {"type": "Point", "coordinates": [-71.7908391, 42.5769307]}, "properties": {"Line__": 269, "Year": "2029", "Street": "3rd St", "Project__": null, "Project_Name": null, "Town": "Fitchburg", "From_": "Middle St", "To_": "Water St", "Duration_Crew_Days": null, "Proposed_Abandon_Footage": 233, "Abandonment_Size": 2, "Abandonment_Material": "BS", "Installed_Pipe_Size": "2", "Install_Footage": "240", "Installed_Material": "HDPE", "Uprate_Footage": null, "MAOP_Increase": "99PSIG", "Current_MAOP_of_System": "14\"WC", "New_MAOP_of_System": "99PSIG", "Essential_Non_Essential": "Not Evaluated", "No_of_Services": 3, "Total_Meter_Count": 3, "RISK_MODEL_SCORE": 6.8, "Project_Driver__Paving__Encroac": null, "Project_Comments_Justification": null, "Total_Cost_": "\n", "lat": 42.5769307, "lon": -71.7908391, "Mapped_address": "3rd St & Middle St, Fitchburg, MA 01420, USA", "FID": 195}}, {"type": "Feature", "id": 196, "geometry": {"type": "Point", "coordinates": [-71.7902055, 42.5774496]}, "properties": {"Line__": 270, "Year": "2029", "Street": "4th St", "Project__": null, "Project_Name": null, "Town": "Fitchburg", "From_": "Railroad St", "To_": "Middle St", "Duration_Crew_Days": null, "Proposed_Abandon_Footage": 181, "Abandonment_Size": 8, "Abandonment_Material": "CI", "Installed_Pipe_Size": "2", "Install_Footage": "181", "Installed_Material": "HDPE", "Uprate_Footage": null, "MAOP_Increase": "99PSIG", "Current_MAOP_of_System": "14\"WC", "New_MAOP_of_System": "99PSIG", "Essential_Non_Essential": "Not Evaluated", "No_of_Services": 0, "Total_Meter_Count": 0, "RISK_MODEL_SCORE": 9, "Project_Driver__Paving__Encroac": null, "Project_Comments_Justification": null, "Total_Cost_": "\n", "lat": 42.5774496, "lon": -71.7902055, "Mapped_address": "Railroad St, Fitchburg, MA 01420, USA", "FID": 196}}, {"type": "Feature", "id": 197, "geometry": {"type": "Point", "coordinates": [-71.7912381, 42.5767875]}, "properties": {"Line__": 271, "Year": "2029", "Street": "Water St Ln", "Project__": null, "Project_Name": null, "Town": "Fitchburg", "From_": "2nd St", "To_": "EOM", "Duration_Crew_Days": null, "Proposed_Abandon_Footage": 540, "Abandonment_Size": 4, "Abandonment_Material": "CI", "Installed_Pipe_Size": "2", "Install_Footage": "540", "Installed_Material": "HDPE", "Uprate_Footage": null, "MAOP_Increase": "99PSIG", "Current_MAOP_of_System": "14\"WC", "New_MAOP_of_System": "99PSIG", "Essential_Non_Essential": "Not Evaluated", "No_of_Services": 4, "Total_Meter_Count": 7, "RISK_MODEL_SCORE": 7.7, "Project_Driver__Paving__Encroac": null, "Project_Comments_Justification": null, "Total_Cost_": "\n", "lat": 42.5767875, "lon": -71.7912381, "Mapped_address": "Water St Ln, Fitchburg, MA 01420, USA", "FID": 197}}, {"type": "Feature", "id": 198, "geometry": {"type": "Point", "coordinates": [-71.7855761, 42.5816655]}, "properties": {"Line__": 273, "Year": "2029", "Street": "Lawrence St", "Project__": null, "Project_Name": null, "Town": "Fitchburg", "From_": "Winter St", "To_": "Lunenburg St", "Duration_Crew_Days": null, "Proposed_Abandon_Footage": 290, "Abandonment_Size": 4, "Abandonment_Material": "UPS", "Installed_Pipe_Size": "2", "Install_Footage": "290", "Installed_Material": "HDPE", "Uprate_Footage": 438, "MAOP_Increase": "99PSIG", "Current_MAOP_of_System": "14\"WC", "New_MAOP_of_System": "99PSIG", "Essential_Non_Essential": "Not Evaluated", "No_of_Services": 13, "Total_Meter_Count": 21, "RISK_MODEL_SCORE": 7.7, "Project_Driver__Paving__Encroac": null, "Project_Comments_Justification": null, "Total_Cost_": "\n", "lat": 42.5816655, "lon": -71.7855761, "Mapped_address": "Winter St & Lawrence St, Fitchburg, MA 01420, USA", "FID": 198}}, {"type": "Feature", "id": 199, "geometry": {"type": "Point", "coordinates": [-71.7858592, 42.5825906]}, "properties": {"Line__": 274, "Year": "2029", "Street": "Prescott St", "Project__": null, "Project_Name": null, "Town": "Fitchburg", "From_": "Lawrence St", "To_": "Boutelle St", "Duration_Crew_Days": null, "Proposed_Abandon_Footage": 261, "Abandonment_Size": 4, "Abandonment_Material": "UPS", "Installed_Pipe_Size": "2", "Install_Footage": "261", "Installed_Material": "HDPE", "Uprate_Footage": null, "MAOP_Increase": "99PSIG", "Current_MAOP_of_System": "14\"WC", "New_MAOP_of_System": "99PSIG", "Essential_Non_Essential": "Not Evaluated", "No_of_Services": 7, "Total_Meter_Count": 11, "RISK_MODEL_SCORE": 7.7, "Project_Driver__Paving__Encroac": null, "Project_Comments_Justification": null, "Total_Cost_": "\n", "lat": 42.5825906, "lon": -71.7858592, "Mapped_address": "Lawrence St & Prescott St, Fitchburg, MA 01420, USA", "FID": 199}}, {"type": "Feature", "id": 200, "geometry": {"type": "Point", "coordinates": [-71.7870795, 42.5835359]}, "properties": {"Line__": 275, "Year": "2029", "Street": "Wilmot St", "Project__": null, "Project_Name": null, "Town": "Fitchburg", "From_": "Lunenburg St", "To_": "Prescott St", "Duration_Crew_Days": null, "Proposed_Abandon_Footage": null, "Abandonment_Size": null, "Abandonment_Material": "NA", "Installed_Pipe_Size": "4", "Install_Footage": "0", "Installed_Material": "HDPE", "Uprate_Footage": 390, "MAOP_Increase": "99PSIG", "Current_MAOP_of_System": "14\"WC", "New_MAOP_of_System": "99PSIG", "Essential_Non_Essential": "Not Evaluated", "No_of_Services": 4, "Total_Meter_Count": 5, "RISK_MODEL_SCORE": 0, "Project_Driver__Paving__Encroac": null, "Project_Comments_Justification": null, "Total_Cost_": "\n", "lat": 42.5835359, "lon": -71.7870795, "Mapped_address": "Lunenburg St & Wilmot St, Fitchburg, MA 01420, USA", "FID": 200}}, {"type": "Feature", "id": 201, "geometry": {"type": "Point", "coordinates": [-71.7866859, 42.5787911]}, "properties": {"Line__": 276, "Year": "2029", "Street": "Bluff Ave", "Project__": null, "Project_Name": null, "Town": "Fitchburg", "From_": "Summer St", "To_": "Atlantic Ave", "Duration_Crew_Days": null, "Proposed_Abandon_Footage": 353, "Abandonment_Size": 3, "Abandonment_Material": "CI", "Installed_Pipe_Size": "2", "Install_Footage": "253", "Installed_Material": "HDPE", "Uprate_Footage": 0, "MAOP_Increase": "99PSIG", "Current_MAOP_of_System": "14\"WC", "New_MAOP_of_System": "99PSIG", "Essential_Non_Essential": "Not Evaluated", "No_of_Services": 4, "Total_Meter_Count": 4, "RISK_MODEL_SCORE": 7.3, "Project_Driver__Paving__Encroac": null, "Project_Comments_Justification": null, "Total_Cost_": "\n", "lat": 42.5787911, "lon": -71.7866859, "Mapped_address": "Summer St & Bluff Ave, Fitchburg, MA 01420, USA", "FID": 201}}, {"type": "Feature", "id": 202, "geometry": {"type": "Point", "coordinates": [-71.7860645, 42.5807737]}, "properties": {"Line__": 277, "Year": "2029", "Street": "Atlantic Ave", "Project__": null, "Project_Name": null, "Town": "Fitchburg", "From_": "Beacon St", "To_": "Goodrich St", "Duration_Crew_Days": null, "Proposed_Abandon_Footage": null, "Abandonment_Size": null, "Abandonment_Material": "NA", "Installed_Pipe_Size": "4", "Install_Footage": "NA", "Installed_Material": "HDPE", "Uprate_Footage": 1118, "MAOP_Increase": "99PSIG", "Current_MAOP_of_System": "14\"WC", "New_MAOP_of_System": "99PSIG", "Essential_Non_Essential": "Not Evaluated", "No_of_Services": 17, "Total_Meter_Count": 24, "RISK_MODEL_SCORE": 0, "Project_Driver__Paving__Encroac": null, "Project_Comments_Justification": null, "Total_Cost_": "\n", "lat": 42.5807737, "lon": -71.7860645, "Mapped_address": "Atlantic Ave & Beacon St, Fitchburg, MA 01420, USA", "FID": 202}}, {"type": "Feature", "id": 203, "geometry": {"type": "Point", "coordinates": [-71.7856399, 42.5774644]}, "properties": {"Line__": 278, "Year": "2029", "Street": "Goodrich St", "Project__": null, "Project_Name": null, "Town": "Fitchburg", "From_": "Summer St", "To_": "Boutelle St", "Duration_Crew_Days": null, "Proposed_Abandon_Footage": null, "Abandonment_Size": null, "Abandonment_Material": null, "Installed_Pipe_Size": "8", "Install_Footage": "NA", "Installed_Material": "HDPE", "Uprate_Footage": 846, "MAOP_Increase": "99PSIG", "Current_MAOP_of_System": "14\"WC", "New_MAOP_of_System": "99PSIG", "Essential_Non_Essential": "Not Evaluated", "No_of_Services": 4, "Total_Meter_Count": 6, "RISK_MODEL_SCORE": 0, "Project_Driver__Paving__Encroac": null, "Project_Comments_Justification": null, "Total_Cost_": "\n", "lat": 42.5774644, "lon": -71.7856399, "Mapped_address": "Summer St & Goodrich St, Fitchburg, MA 01420, USA", "FID": 203}}, {"type": "Feature", "id": 204, "geometry": {"type": "Point", "coordinates": [-71.7848436, 42.5818524]}, "properties": {"Line__": 279, "Year": "2029", "Street": "Harrison Ave", "Project__": null, "Project_Name": null, "Town": "Fitchburg", "From_": "Winter St", "To_": "Maverick St", "Duration_Crew_Days": null, "Proposed_Abandon_Footage": 1916, "Abandonment_Size": 4, "Abandonment_Material": "HDPE", "Installed_Pipe_Size": "2", "Install_Footage": "1955", "Installed_Material": "HDPE", "Uprate_Footage": null, "MAOP_Increase": "99PSIG", "Current_MAOP_of_System": "14\"WC", "New_MAOP_of_System": "99PSIG", "Essential_Non_Essential": "Not Evaluated", "No_of_Services": 30, "Total_Meter_Count": 38, "RISK_MODEL_SCORE": 0, "Project_Driver__Paving__Encroac": null, "Project_Comments_Justification": null, "Total_Cost_": "\n", "lat": 42.5818524, "lon": -71.7848436, "Mapped_address": "Winter St & Harrison Ave, Fitchburg, MA 01420, USA", "FID": 204}}, {"type": "Feature", "id": 205, "geometry": {"type": "Point", "coordinates": [-71.7835495, 42.5777462]}, "properties": {"Line__": 280, "Year": "2029", "Street": "Brandon Ave", "Project__": null, "Project_Name": null, "Town": "Fitchburg", "From_": "Harrison Ave", "To_": "Boutelle St", "Duration_Crew_Days": null, "Proposed_Abandon_Footage": null, "Abandonment_Size": null, "Abandonment_Material": "NA", "Installed_Pipe_Size": "4", "Install_Footage": "NA", "Installed_Material": "HDPE", "Uprate_Footage": 158, "MAOP_Increase": "99PSIG", "Current_MAOP_of_System": "14\"WC", "New_MAOP_of_System": "99PSIG", "Essential_Non_Essential": "Not Evaluated", "No_of_Services": 3, "Total_Meter_Count": 4, "RISK_MODEL_SCORE": 0, "Project_Driver__Paving__Encroac": null, "Project_Comments_Justification": null, "Total_Cost_": "\n", "lat": 42.5777462, "lon": -71.7835495, "Mapped_address": "Brandon Ave & Harrison Ave, Fitchburg, MA 01420, USA", "FID": 205}}, {"type": "Feature", "id": 206, "geometry": {"type": "Point", "coordinates": [-71.7845807, 42.5769867]}, "properties": {"Line__": 281, "Year": "2029", "Street": "Harvard St", "Project__": null, "Project_Name": null, "Town": "Fitchburg", "From_": "Harvard St", "To_": "EOM", "Duration_Crew_Days": null, "Proposed_Abandon_Footage": 652, "Abandonment_Size": 4, "Abandonment_Material": "CI", "Installed_Pipe_Size": "N/A", "Install_Footage": "N/A", "Installed_Material": "N/A", "Uprate_Footage": null, "MAOP_Increase": "99PSIG", "Current_MAOP_of_System": "14\"WC", "New_MAOP_of_System": "99PSIG", "Essential_Non_Essential": "Not Evaluated", "No_of_Services": 10, "Total_Meter_Count": 21, "RISK_MODEL_SCORE": 15.4, "Project_Driver__Paving__Encroac": null, "Project_Comments_Justification": null, "Total_Cost_": "\n", "lat": 42.5769867, "lon": -71.7845807, "Mapped_address": "Harvard St, Fitchburg, MA 01420, USA", "FID": 206}}, {"type": "Feature", "id": 207, "geometry": {"type": "Point", "coordinates": [-71.7850863, 42.5767338]}, "properties": {"Line__": 282, "Year": "2029", "Street": "Harvard St", "Project__": null, "Project_Name": null, "Town": "Fitchburg", "From_": "Summer St", "To_": "Fifth St", "Duration_Crew_Days": null, "Proposed_Abandon_Footage": 598, "Abandonment_Size": 8, "Abandonment_Material": "CI", "Installed_Pipe_Size": "N/A", "Install_Footage": "N/A", "Installed_Material": "N/A", "Uprate_Footage": null, "MAOP_Increase": "99PSIG", "Current_MAOP_of_System": "14\"WC", "New_MAOP_of_System": "99PSIG", "Essential_Non_Essential": "Not Evaluated", "No_of_Services": null, "Total_Meter_Count": null, "RISK_MODEL_SCORE": 9, "Project_Driver__Paving__Encroac": null, "Project_Comments_Justification": null, "Total_Cost_": "\n", "lat": 42.5767338, "lon": -71.7850863, "Mapped_address": "Summer St & Harvard St, Fitchburg, MA 01420, USA", "FID": 207}}, {"type": "Feature", "id": 208, "geometry": {"type": "Point", "coordinates": [-71.7861156, 42.5762145]}, "properties": {"Line__": 283, "Year": "2029", "Street": "Boylston St", "Project__": null, "Project_Name": null, "Town": "Fitchburg", "From_": "Harvard St", "To_": "EOM", "Duration_Crew_Days": null, "Proposed_Abandon_Footage": 431, "Abandonment_Size": 4, "Abandonment_Material": "CI", "Installed_Pipe_Size": "2", "Install_Footage": "431", "Installed_Material": "HDPE", "Uprate_Footage": null, "MAOP_Increase": "99PSIG", "Current_MAOP_of_System": "14\"WC", "New_MAOP_of_System": "99PSIG", "Essential_Non_Essential": "Not Evaluated", "No_of_Services": 7, "Total_Meter_Count": 10, "RISK_MODEL_SCORE": 12.8, "Project_Driver__Paving__Encroac": null, "Project_Comments_Justification": null, "Total_Cost_": "\n", "lat": 42.5762145, "lon": -71.7861156, "Mapped_address": "Boylston St & Harvard St, Fitchburg, MA 01420, USA", "FID": 208}}, {"type": "Feature", "id": 209, "geometry": {"type": "Point", "coordinates": [-71.8262309, 42.5697477]}, "properties": {"Line__": 284, "Year": "2029", "Street": "Bernadette St", "Project__": 2, "Project_Name": "Oak Hill Rd Area", "Town": "Fitchburg", "From_": "Oak Hill Rd", "To_": "EOM", "Duration_Crew_Days": 164, "Proposed_Abandon_Footage": 354, "Abandonment_Size": 6, "Abandonment_Material": "BS", "Installed_Pipe_Size": "2", "Install_Footage": "354", "Installed_Material": "HDPE", "Uprate_Footage": 0, "MAOP_Increase": "99PSIG", "Current_MAOP_of_System": "14\"WC", "New_MAOP_of_System": "99PSIG", "Essential_Non_Essential": "Not Evaluated", "No_of_Services": 4, "Total_Meter_Count": 4, "RISK_MODEL_SCORE": 8.84, "Project_Driver__Paving__Encroac": "Project driver is potential municipal paving", "Project_Comments_Justification": "Project driver is potential municipal paving", "Total_Cost_": " $ 2,789,201.00 \n", "lat": 42.5697477, "lon": -71.8262309, "Mapped_address": "Bernadette St & Oak Hill Rd, Fitchburg, MA 01420, USA", "FID": 209}}, {"type": "Feature", "id": 210, "geometry": {"type": "Point", "coordinates": [-71.8259187, 42.5716036]}, "properties": {"Line__": 285, "Year": "2029", "Street": "Ohio Ave", "Project__": null, "Project_Name": null, "Town": "Fitchburg", "From_": "Oak Hill Rd", "To_": "Reingold Ave", "Duration_Crew_Days": null, "Proposed_Abandon_Footage": 870, "Abandonment_Size": 4, "Abandonment_Material": "CI", "Installed_Pipe_Size": "2", "Install_Footage": "870", "Installed_Material": "HDPE", "Uprate_Footage": 0, "MAOP_Increase": "99PSIG", "Current_MAOP_of_System": "14\"WC", "New_MAOP_of_System": "99PSIG", "Essential_Non_Essential": "Not Evaluated", "No_of_Services": 6, "Total_Meter_Count": 6, "RISK_MODEL_SCORE": 19.41, "Project_Driver__Paving__Encroac": null, "Project_Comments_Justification": null, "Total_Cost_": "\n", "lat": 42.5716036, "lon": -71.8259187, "Mapped_address": "Ohio Ave & Oak Hill Rd, Fitchburg, MA 01420, USA", "FID": 210}}, {"type": "Feature", "id": 211, "geometry": {"type": "Point", "coordinates": [-71.8292366, 42.5713331]}, "properties": {"Line__": 286, "Year": "2029", "Street": "Reingold Ave", "Project__": null, "Project_Name": null, "Town": "Fitchburg", "From_": "California Ave", "To_": "Ohio Ave", "Duration_Crew_Days": null, "Proposed_Abandon_Footage": 150, "Abandonment_Size": 6, "Abandonment_Material": "CI", "Installed_Pipe_Size": "N/A", "Install_Footage": "N/A", "Installed_Material": "N/A", "Uprate_Footage": 0, "MAOP_Increase": "99PSIG", "Current_MAOP_of_System": "14\"WC", "New_MAOP_of_System": "99PSIG", "Essential_Non_Essential": "Not Evaluated", "No_of_Services": 10, "Total_Meter_Count": 10, "RISK_MODEL_SCORE": 8.41, "Project_Driver__Paving__Encroac": null, "Project_Comments_Justification": null, "Total_Cost_": "\n", "lat": 42.5713331, "lon": -71.8292366, "Mapped_address": "Reingold Ave & California Ave, Fitchburg, MA 01420, USA", "FID": 211}}, {"type": "Feature", "id": 212, "geometry": {"type": "Point", "coordinates": [-71.8288928, 42.5748314]}, "properties": {"Line__": 287, "Year": "2029", "Street": "Reingold Ave", "Project__": null, "Project_Name": null, "Town": "Fitchburg", "From_": "Pershing St", "To_": "England Ave", "Duration_Crew_Days": null, "Proposed_Abandon_Footage": 414, "Abandonment_Size": 6, "Abandonment_Material": "CI", "Installed_Pipe_Size": "N/A", "Install_Footage": "N/A", "Installed_Material": "N/A", "Uprate_Footage": 0, "MAOP_Increase": "99PSIG", "Current_MAOP_of_System": "14\"WC", "New_MAOP_of_System": "99PSIG", "Essential_Non_Essential": "Not Evaluated", "No_of_Services": null, "Total_Meter_Count": null, "RISK_MODEL_SCORE": 8.41, "Project_Driver__Paving__Encroac": null, "Project_Comments_Justification": null, "Total_Cost_": "\n", "lat": 42.5748314, "lon": -71.8288928, "Mapped_address": "Reingold Ave & Pershing St, Fitchburg, MA 01420, USA", "FID": 212}}, {"type": "Feature", "id": 213, "geometry": {"type": "Point", "coordinates": [-71.8270243, 42.5652098]}, "properties": {"Line__": 288, "Year": "2029", "Street": "Maryland Ave", "Project__": null, "Project_Name": null, "Town": "Fitchburg", "From_": "Oak Hill Rd", "To_": "EOM", "Duration_Crew_Days": null, "Proposed_Abandon_Footage": 704, "Abandonment_Size": 4, "Abandonment_Material": "CI", "Installed_Pipe_Size": "2", "Install_Footage": "704", "Installed_Material": "HDPE", "Uprate_Footage": 0, "MAOP_Increase": "99PSIG", "Current_MAOP_of_System": "14\"WC", "New_MAOP_of_System": "99PSIG", "Essential_Non_Essential": "Not Evaluated", "No_of_Services": 8, "Total_Meter_Count": 10, "RISK_MODEL_SCORE": 12.48, "Project_Driver__Paving__Encroac": null, "Project_Comments_Justification": null, "Total_Cost_": "\n", "lat": 42.5652098, "lon": -71.8270243, "Mapped_address": "Oak Hill Rd, Fitchburg, MA 01420, USA", "FID": 213}}, {"type": "Feature", "id": 214, "geometry": {"type": "Point", "coordinates": [-71.8256308, 42.5733256]}, "properties": {"Line__": 289, "Year": "2029", "Street": "England Ave", "Project__": null, "Project_Name": null, "Town": "Fitchburg", "From_": "Oak Hill Rd", "To_": "Reingold Ave", "Duration_Crew_Days": null, "Proposed_Abandon_Footage": 429, "Abandonment_Size": 4, "Abandonment_Material": "CI", "Installed_Pipe_Size": "2", "Install_Footage": "884", "Installed_Material": "HDPE", "Uprate_Footage": 0, "MAOP_Increase": "99PSIG", "Current_MAOP_of_System": "14\"WC", "New_MAOP_of_System": "99PSIG", "Essential_Non_Essential": "Not Evaluated", "No_of_Services": 9, "Total_Meter_Count": 13, "RISK_MODEL_SCORE": 7.74, "Project_Driver__Paving__Encroac": null, "Project_Comments_Justification": null, "Total_Cost_": "\n", "lat": 42.5733256, "lon": -71.8256308, "Mapped_address": "England Ave & Oak Hill Rd, Fitchburg, MA 01420, USA", "FID": 214}}, {"type": "Feature", "id": 215, "geometry": {"type": "Point", "coordinates": [-71.8255287, 42.5739281]}, "properties": {"Line__": 290, "Year": "2029", "Street": "Elmwood Ave", "Project__": null, "Project_Name": null, "Town": "Fitchburg", "From_": "Oak Hill Rd", "To_": "EOM", "Duration_Crew_Days": null, "Proposed_Abandon_Footage": 588, "Abandonment_Size": 4, "Abandonment_Material": "CI", "Installed_Pipe_Size": "2", "Install_Footage": "921", "Installed_Material": "HDPE", "Uprate_Footage": 0, "MAOP_Increase": "99PSIG", "Current_MAOP_of_System": "14\"WC", "New_MAOP_of_System": "99PSIG", "Essential_Non_Essential": "Not Evaluated", "No_of_Services": 7, "Total_Meter_Count": 12, "RISK_MODEL_SCORE": 10.73, "Project_Driver__Paving__Encroac": null, "Project_Comments_Justification": null, "Total_Cost_": "\n", "lat": 42.5739281, "lon": -71.8255287, "Mapped_address": "Elmwood Ave & Oak Hill Rd, Fitchburg, MA 01420, USA", "FID": 215}}, {"type": "Feature", "id": 216, "geometry": {"type": "Point", "coordinates": [-71.8270243, 42.5652098]}, "properties": {"Line__": 291, "Year": "2029", "Street": "Pershing St", "Project__": null, "Project_Name": null, "Town": "Fitchburg", "From_": "Oak Hill Rd", "To_": "Reingold Ave", "Duration_Crew_Days": null, "Proposed_Abandon_Footage": 929, "Abandonment_Size": 4, "Abandonment_Material": "CI", "Installed_Pipe_Size": "2", "Install_Footage": "929", "Installed_Material": "HDPE", "Uprate_Footage": 0, "MAOP_Increase": "99PSIG", "Current_MAOP_of_System": "14\"WC", "New_MAOP_of_System": "99PSIG", "Essential_Non_Essential": "Not Evaluated", "No_of_Services": 11, "Total_Meter_Count": 15, "RISK_MODEL_SCORE": 24.82, "Project_Driver__Paving__Encroac": null, "Project_Comments_Justification": null, "Total_Cost_": "\n", "lat": 42.5652098, "lon": -71.8270243, "Mapped_address": "Oak Hill Rd, Fitchburg, MA 01420, USA", "FID": 216}}, {"type": "Feature", "id": 217, "geometry": {"type": "Point", "coordinates": [-71.8231557, 42.5757725]}, "properties": {"Line__": 292, "Year": "2029", "Street": "Newtonville Ave", "Project__": null, "Project_Name": null, "Town": "Fitchburg", "From_": "Oak Hill Rd", "To_": "Reingold Ave", "Duration_Crew_Days": null, "Proposed_Abandon_Footage": 1510, "Abandonment_Size": 4, "Abandonment_Material": "CI", "Installed_Pipe_Size": "2", "Install_Footage": "1510", "Installed_Material": "HDPE", "Uprate_Footage": 0, "MAOP_Increase": "99PSIG", "Current_MAOP_of_System": "14\"WC", "New_MAOP_of_System": "99PSIG", "Essential_Non_Essential": "Not Evaluated", "No_of_Services": 22, "Total_Meter_Count": 26, "RISK_MODEL_SCORE": 23.45, "Project_Driver__Paving__Encroac": null, "Project_Comments_Justification": null, "Total_Cost_": "\n", "lat": 42.5757725, "lon": -71.8231557, "Mapped_address": "Newtonville Ave & Oak Hill Rd, Fitchburg, MA 01420, USA", "FID": 217}}, {"type": "Feature", "id": 218, "geometry": {"type": "Point", "coordinates": [-71.824145, 42.5752098]}, "properties": {"Line__": 293, "Year": "2029", "Street": "Clearview Ave", "Project__": null, "Project_Name": null, "Town": "Fitchburg", "From_": "Foch Ave", "To_": "Reingold Ave", "Duration_Crew_Days": null, "Proposed_Abandon_Footage": 1200, "Abandonment_Size": 4, "Abandonment_Material": "CI", "Installed_Pipe_Size": "2", "Install_Footage": "1200", "Installed_Material": "HDPE", "Uprate_Footage": 0, "MAOP_Increase": "99PSIG", "Current_MAOP_of_System": "14\"WC", "New_MAOP_of_System": "99PSIG", "Essential_Non_Essential": "Not Evaluated", "No_of_Services": 16, "Total_Meter_Count": 18, "RISK_MODEL_SCORE": 19.78, "Project_Driver__Paving__Encroac": null, "Project_Comments_Justification": null, "Total_Cost_": "\n", "lat": 42.5752098, "lon": -71.824145, "Mapped_address": "Clearview Ave & Foch Ave, Fitchburg, MA 01420, USA", "FID": 218}}, {"type": "Feature", "id": 219, "geometry": {"type": "Point", "coordinates": [-71.8240498, 42.5758041]}, "properties": {"Line__": 294, "Year": "2029", "Street": "Foch Ave", "Project__": null, "Project_Name": null, "Town": "Fitchburg", "From_": "Newtonville Ave", "To_": "Clearview Ave", "Duration_Crew_Days": null, "Proposed_Abandon_Footage": 267, "Abandonment_Size": 4, "Abandonment_Material": "CI", "Installed_Pipe_Size": "2", "Install_Footage": "267", "Installed_Material": "HDPE", "Uprate_Footage": 0, "MAOP_Increase": "99PSIG", "Current_MAOP_of_System": "14\"WC", "New_MAOP_of_System": "99PSIG", "Essential_Non_Essential": "Not Evaluated", "No_of_Services": 3, "Total_Meter_Count": 3, "RISK_MODEL_SCORE": 7.74, "Project_Driver__Paving__Encroac": null, "Project_Comments_Justification": null, "Total_Cost_": "\n", "lat": 42.5758041, "lon": -71.8240498, "Mapped_address": "Newtonville Ave & Foch Ave, Fitchburg, MA 01420, USA", "FID": 219}}, {"type": "Feature", "id": 220, "geometry": {"type": "Point", "coordinates": [-71.8258257, 42.5721459]}, "properties": {"Line__": 295, "Year": "2029", "Street": "Oak Hill Rd", "Project__": null, "Project_Name": null, "Town": "Fitchburg", "From_": "Maryland Ave", "To_": "Franklin Rd", "Duration_Crew_Days": null, "Proposed_Abandon_Footage": 877, "Abandonment_Size": 8, "Abandonment_Material": "CI", "Installed_Pipe_Size": "N/A", "Install_Footage": "N/A", "Installed_Material": "N/A", "Uprate_Footage": 0, "MAOP_Increase": "99PSIG", "Current_MAOP_of_System": "14\"WC", "New_MAOP_of_System": "99PSIG", "Essential_Non_Essential": "Not Evaluated", "No_of_Services": 22, "Total_Meter_Count": 35, "RISK_MODEL_SCORE": 8.95, "Project_Driver__Paving__Encroac": null, "Project_Comments_Justification": null, "Total_Cost_": "\n", "lat": 42.5721459, "lon": -71.8258257, "Mapped_address": "Maryland Ave & Oak Hill Rd, Fitchburg, MA 01420, USA", "FID": 220}}, {"type": "Feature", "id": 221, "geometry": {"type": "Point", "coordinates": [-71.8258257, 42.5721459]}, "properties": {"Line__": 296, "Year": "2029", "Street": "Oak Hill Rd", "Project__": null, "Project_Name": null, "Town": "Fitchburg", "From_": "Maryland Ave", "To_": "Franklin Rd", "Duration_Crew_Days": null, "Proposed_Abandon_Footage": 216, "Abandonment_Size": 6, "Abandonment_Material": "CI", "Installed_Pipe_Size": "N/A", "Install_Footage": "N/A", "Installed_Material": "N/A", "Uprate_Footage": 0, "MAOP_Increase": "99PSIG", "Current_MAOP_of_System": "14\"WC", "New_MAOP_of_System": "99PSIG", "Essential_Non_Essential": "Not Evaluated", "No_of_Services": null, "Total_Meter_Count": null, "RISK_MODEL_SCORE": 8.41, "Project_Driver__Paving__Encroac": null, "Project_Comments_Justification": null, "Total_Cost_": "\n", "lat": 42.5721459, "lon": -71.8258257, "Mapped_address": "Maryland Ave & Oak Hill Rd, Fitchburg, MA 01420, USA", "FID": 221}}, {"type": "Feature", "id": 222, "geometry": {"type": "Point", "coordinates": [-71.8235812, 42.5745845]}, "properties": {"Line__": 297, "Year": "2029", "Street": "Oak Hill Rd", "Project__": null, "Project_Name": null, "Town": "Fitchburg", "From_": "Pratt Rd", "To_": "England Ave", "Duration_Crew_Days": null, "Proposed_Abandon_Footage": 463, "Abandonment_Size": 4, "Abandonment_Material": "CI", "Installed_Pipe_Size": "N/A", "Install_Footage": "N/A", "Installed_Material": "N/A", "Uprate_Footage": 0, "MAOP_Increase": "99PSIG", "Current_MAOP_of_System": "14\"WC", "New_MAOP_of_System": "99PSIG", "Essential_Non_Essential": "Not Evaluated", "No_of_Services": null, "Total_Meter_Count": null, "RISK_MODEL_SCORE": 15.48, "Project_Driver__Paving__Encroac": null, "Project_Comments_Justification": null, "Total_Cost_": "\n", "lat": 42.5745845, "lon": -71.8235812, "Mapped_address": "Pratt Rd & Oak Hill Rd, Fitchburg, MA 01420, USA", "FID": 222}}, {"type": "Feature", "id": 223, "geometry": {"type": "Point", "coordinates": [-71.8226745, 42.5777346]}, "properties": {"Line__": 298, "Year": "2029", "Street": "Oak Hill Rd", "Project__": null, "Project_Name": null, "Town": "Fitchburg", "From_": "Columbus St", "To_": "#173 Oak Hill Rd", "Duration_Crew_Days": null, "Proposed_Abandon_Footage": 379, "Abandonment_Size": 4, "Abandonment_Material": "BS", "Installed_Pipe_Size": "N/A", "Install_Footage": "N/A", "Installed_Material": "N/A", "Uprate_Footage": 0, "MAOP_Increase": "99PSIG", "Current_MAOP_of_System": "14\"WC", "New_MAOP_of_System": "99PSIG", "Essential_Non_Essential": "Not Evaluated", "No_of_Services": null, "Total_Meter_Count": null, "RISK_MODEL_SCORE": 11.47, "Project_Driver__Paving__Encroac": null, "Project_Comments_Justification": null, "Total_Cost_": "\n", "lat": 42.5777346, "lon": -71.8226745, "Mapped_address": "Columbus St & Oak Hill Rd, Fitchburg, MA 01420, USA", "FID": 223}}, {"type": "Feature", "id": 224, "geometry": {"type": "Point", "coordinates": [-71.8229944, 42.5762183]}, "properties": {"Line__": 300, "Year": "2029", "Street": "Oak Hill Rd", "Project__": null, "Project_Name": null, "Town": "Fitchburg", "From_": "Daniels St", "To_": "Pershing St", "Duration_Crew_Days": null, "Proposed_Abandon_Footage": 238, "Abandonment_Size": 6, "Abandonment_Material": "PL", "Installed_Pipe_Size": "N/A", "Install_Footage": "N/A", "Installed_Material": "N/A", "Uprate_Footage": null, "MAOP_Increase": "99PSIG", "Current_MAOP_of_System": "14\"WC", "New_MAOP_of_System": "99PSIG", "Essential_Non_Essential": "Not Evaluated", "No_of_Services": null, "Total_Meter_Count": null, "RISK_MODEL_SCORE": 0, "Project_Driver__Paving__Encroac": null, "Project_Comments_Justification": null, "Total_Cost_": "\n", "lat": 42.5762183, "lon": -71.8229944, "Mapped_address": "Daniels St & Oak Hill Rd, Fitchburg, MA 01420, USA", "FID": 224}}, {"type": "Feature", "id": 225, "geometry": {"type": "Point", "coordinates": [-71.8229944, 42.5762183]}, "properties": {"Line__": 301, "Year": "2029", "Street": "Oak Hill Rd", "Project__": null, "Project_Name": null, "Town": "Fitchburg", "From_": "Daniels St", "To_": "Pershing St", "Duration_Crew_Days": null, "Proposed_Abandon_Footage": 1544, "Abandonment_Size": 8, "Abandonment_Material": "PL", "Installed_Pipe_Size": "N/A", "Install_Footage": "N/A", "Installed_Material": "N/A", "Uprate_Footage": 0, "MAOP_Increase": "99PSIG", "Current_MAOP_of_System": "14\"WC", "New_MAOP_of_System": "99PSIG", "Essential_Non_Essential": "Not Evaluated", "No_of_Services": null, "Total_Meter_Count": null, "RISK_MODEL_SCORE": 0, "Project_Driver__Paving__Encroac": null, "Project_Comments_Justification": null, "Total_Cost_": "\n", "lat": 42.5762183, "lon": -71.8229944, "Mapped_address": "Daniels St & Oak Hill Rd, Fitchburg, MA 01420, USA", "FID": 225}}, {"type": "Feature", "id": 226, "geometry": {"type": "Point", "coordinates": [-71.828746, 42.577228]}, "properties": {"Line__": 302, "Year": "2029", "Street": "Reingold Ave", "Project__": 3, "Project_Name": "Newtonville Ave Area", "Town": "Fitchburg", "From_": "Fairmount St", "To_": "#234 Reingold", "Duration_Crew_Days": 64, "Proposed_Abandon_Footage": 556, "Abandonment_Size": 4, "Abandonment_Material": "CI", "Installed_Pipe_Size": "2", "Install_Footage": "556", "Installed_Material": "HDPE", "Uprate_Footage": 0, "MAOP_Increase": "99PSIG", "Current_MAOP_of_System": "14\"WC", "New_MAOP_of_System": "99PSIG", "Essential_Non_Essential": "Not Evaluated", "No_of_Services": 3, "Total_Meter_Count": 3, "RISK_MODEL_SCORE": 8.41, "Project_Driver__Paving__Encroac": "Project driver is potential municipal paving", "Project_Comments_Justification": "Project driver is potential municipal paving", "Total_Cost_": " $ 1,233,214.00 \n", "lat": 42.577228, "lon": -71.828746, "Mapped_address": "Reingold Ave & Fairmount St, Fitchburg, MA 01420, USA", "FID": 226}}, {"type": "Feature", "id": 227, "geometry": {"type": "Point", "coordinates": [-71.8287194, 42.5759834]}, "properties": {"Line__": 303, "Year": "2029", "Street": "Newtonville Ave", "Project__": null, "Project_Name": null, "Town": "Fitchburg", "From_": "Reingold Ave", "To_": "#177 Newtonville", "Duration_Crew_Days": null, "Proposed_Abandon_Footage": 218, "Abandonment_Size": 4, "Abandonment_Material": "CI", "Installed_Pipe_Size": "2", "Install_Footage": "218", "Installed_Material": "HDPE", "Uprate_Footage": 0, "MAOP_Increase": "99PSIG", "Current_MAOP_of_System": "14\"WC", "New_MAOP_of_System": "99PSIG", "Essential_Non_Essential": "Not Evaluated", "No_of_Services": 2, "Total_Meter_Count": 3, "RISK_MODEL_SCORE": 23.45, "Project_Driver__Paving__Encroac": null, "Project_Comments_Justification": null, "Total_Cost_": "\n", "lat": 42.5759834, "lon": -71.8287194, "Mapped_address": "Reingold Ave & Newtonville Ave, Fitchburg, MA 01420, USA", "FID": 227}}, {"type": "Feature", "id": 228, "geometry": {"type": "Point", "coordinates": [-71.822198, 42.5794592]}, "properties": {"Line__": 304, "Year": "2029", "Street": "Fairmount St", "Project__": null, "Project_Name": null, "Town": "Fitchburg", "From_": "Oak Hill Rd", "To_": "Leroy St", "Duration_Crew_Days": null, "Proposed_Abandon_Footage": 200, "Abandonment_Size": 4, "Abandonment_Material": "CI", "Installed_Pipe_Size": "2", "Install_Footage": "200", "Installed_Material": "HDPE", "Uprate_Footage": 2557, "MAOP_Increase": "99PSIG", "Current_MAOP_of_System": "14\"WC", "New_MAOP_of_System": "99PSIG", "Essential_Non_Essential": "Not Evaluated", "No_of_Services": 24, "Total_Meter_Count": 46, "RISK_MODEL_SCORE": 16.94, "Project_Driver__Paving__Encroac": null, "Project_Comments_Justification": null, "Total_Cost_": "\n", "lat": 42.5794592, "lon": -71.822198, "Mapped_address": "Fairmount St & Oak Hill Rd, Fitchburg, MA 01420, USA", "FID": 228}}, {"type": "Feature", "id": 229, "geometry": {"type": "Point", "coordinates": [-71.8272383, 42.5783035]}, "properties": {"Line__": 305, "Year": "2029", "Street": "Plymouth St", "Project__": null, "Project_Name": null, "Town": "Fitchburg", "From_": "Fairmount St", "To_": "#263 Plymouth St", "Duration_Crew_Days": null, "Proposed_Abandon_Footage": 1092, "Abandonment_Size": 4, "Abandonment_Material": "CI", "Installed_Pipe_Size": "2", "Install_Footage": "1512", "Installed_Material": "HDPE", "Uprate_Footage": null, "MAOP_Increase": "99PSIG", "Current_MAOP_of_System": "14\"WC", "New_MAOP_of_System": "99PSIG", "Essential_Non_Essential": "Not Evaluated", "No_of_Services": 23, "Total_Meter_Count": 46, "RISK_MODEL_SCORE": 7.74, "Project_Driver__Paving__Encroac": null, "Project_Comments_Justification": null, "Total_Cost_": "\n", "lat": 42.5783035, "lon": -71.8272383, "Mapped_address": "Plymouth St & Fairmount St, Fitchburg, MA 01420, USA", "FID": 229}}, {"type": "Feature", "id": 230, "geometry": {"type": "Point", "coordinates": [-71.8223919, 42.5787701]}, "properties": {"Line__": 306, "Year": "2029", "Street": "Plymouth St", "Project__": null, "Project_Name": null, "Town": "Fitchburg", "From_": "Oak Hill Rd ", "To_": "Gates St", "Duration_Crew_Days": null, "Proposed_Abandon_Footage": 639, "Abandonment_Size": 4, "Abandonment_Material": "CI", "Installed_Pipe_Size": "above", "Install_Footage": "above", "Installed_Material": "above", "Uprate_Footage": null, "MAOP_Increase": "99PSIG", "Current_MAOP_of_System": "14\"WC", "New_MAOP_of_System": "99PSIG", "Essential_Non_Essential": "Not Evaluated", "No_of_Services": null, "Total_Meter_Count": null, "RISK_MODEL_SCORE": 7.74, "Project_Driver__Paving__Encroac": null, "Project_Comments_Justification": null, "Total_Cost_": "\n", "lat": 42.5787701, "lon": -71.8223919, "Mapped_address": "Plymouth St & Oak Hill Rd, Fitchburg, MA 01420, USA", "FID": 230}}]}